"src_type","src","dest_type","dest","direction","type"
"ENTREZID","10000","ENTREZID","2475","directed","Process(activation)"
"ENTREZID","10000","ENTREZID","2475","directed","Process(indirect effect)"
"ENTREZID","112398","ENTREZID","3091","directed","Process(activation)"
"ENTREZID","112399","ENTREZID","3091","directed","Process(activation)"
"ENTREZID","1387","ENTREZID","1026","directed","Process(expression)"
"ENTREZID","1387","ENTREZID","1027","directed","Process(expression)"
"ENTREZID","1387","ENTREZID","160287","directed","Process(expression)"
"ENTREZID","1387","ENTREZID","1906","directed","Process(expression)"
"ENTREZID","1387","ENTREZID","1950","directed","Process(expression)"
"ENTREZID","1387","ENTREZID","2023","directed","Process(expression)"
"ENTREZID","1387","ENTREZID","2026","directed","Process(expression)"
"ENTREZID","1387","ENTREZID","2027","directed","Process(expression)"
"ENTREZID","1387","ENTREZID","2033","undirected","Binding"
"ENTREZID","1387","ENTREZID","2056","directed","Process(expression)"
"ENTREZID","1387","ENTREZID","226","directed","Process(expression)"
"ENTREZID","1387","ENTREZID","229","directed","Process(expression)"
"ENTREZID","1387","ENTREZID","230","directed","Process(expression)"
"ENTREZID","1387","ENTREZID","2321","directed","Process(expression)"
"ENTREZID","1387","ENTREZID","2597","directed","Process(expression)"
"ENTREZID","1387","ENTREZID","284","directed","Process(expression)"
"ENTREZID","1387","ENTREZID","285","directed","Process(expression)"
"ENTREZID","1387","ENTREZID","3091","undirected","Binding"
"ENTREZID","1387","ENTREZID","3098","directed","Process(expression)"
"ENTREZID","1387","ENTREZID","3099","directed","Process(expression)"
"ENTREZID","1387","ENTREZID","3101","directed","Process(expression)"
"ENTREZID","1387","ENTREZID","3162","directed","Process(expression)"
"ENTREZID","1387","ENTREZID","387712","directed","Process(expression)"
"ENTREZID","1387","ENTREZID","3939","directed","Process(expression)"
"ENTREZID","1387","ENTREZID","3945","directed","Process(expression)"
"ENTREZID","1387","ENTREZID","3948","directed","Process(expression)"
"ENTREZID","1387","ENTREZID","405","undirected","Binding"
"ENTREZID","1387","ENTREZID","4055","directed","Process(expression)"
"ENTREZID","1387","ENTREZID","4843","directed","Process(expression)"
"ENTREZID","1387","ENTREZID","4846","directed","Process(expression)"
"ENTREZID","1387","ENTREZID","4878","directed","Process(expression)"
"ENTREZID","1387","ENTREZID","5054","directed","Process(expression)"
"ENTREZID","1387","ENTREZID","51378","directed","Process(expression)"
"ENTREZID","1387","ENTREZID","5163","directed","Process(expression)"
"ENTREZID","1387","ENTREZID","5209","directed","Process(expression)"
"ENTREZID","1387","ENTREZID","5211","directed","Process(expression)"
"ENTREZID","1387","ENTREZID","5213","directed","Process(expression)"
"ENTREZID","1387","ENTREZID","5214","directed","Process(expression)"
"ENTREZID","1387","ENTREZID","5230","directed","Process(expression)"
"ENTREZID","1387","ENTREZID","5232","directed","Process(expression)"
"ENTREZID","1387","ENTREZID","596","directed","Process(expression)"
"ENTREZID","1387","ENTREZID","6513","directed","Process(expression)"
"ENTREZID","1387","ENTREZID","7010","directed","Process(expression)"
"ENTREZID","1387","ENTREZID","7018","directed","Process(expression)"
"ENTREZID","1387","ENTREZID","7037","directed","Process(expression)"
"ENTREZID","1387","ENTREZID","7076","directed","Process(expression)"
"ENTREZID","1387","ENTREZID","7422","directed","Process(expression)"
"ENTREZID","1387","ENTREZID","80201","directed","Process(expression)"
"ENTREZID","1387","ENTREZID","92483","directed","Process(expression)"
"ENTREZID","1950","ENTREZID","1956","directed","Process(activation)"
"ENTREZID","1950","ENTREZID","2064","directed","Process(activation)"
"ENTREZID","1950","ENTREZID","3480","directed","Process(activation)"
"ENTREZID","1950","ENTREZID","3643","directed","Process(activation)"
"ENTREZID","1956","ENTREZID","5290","directed","Process(activation)"
"ENTREZID","1956","ENTREZID","5290","directed","Process(indirect effect)"
"ENTREZID","1956","ENTREZID","5291","directed","Process(activation)"
"ENTREZID","1956","ENTREZID","5291","directed","Process(indirect effect)"
"ENTREZID","1956","ENTREZID","5293","directed","Process(activation)"
"ENTREZID","1956","ENTREZID","5293","directed","Process(indirect effect)"
"ENTREZID","1956","ENTREZID","5295","directed","Process(activation)"
"ENTREZID","1956","ENTREZID","5295","directed","Process(indirect effect)"
"ENTREZID","1956","ENTREZID","5296","directed","Process(activation)"
"ENTREZID","1956","ENTREZID","5296","directed","Process(indirect effect)"
"ENTREZID","1956","ENTREZID","5604","directed","Process(activation)"
"ENTREZID","1956","ENTREZID","5604","directed","Process(indirect effect)"
"ENTREZID","1956","ENTREZID","5605","directed","Process(activation)"
"ENTREZID","1956","ENTREZID","5605","directed","Process(indirect effect)"
"ENTREZID","1956","ENTREZID","8503","directed","Process(activation)"
"ENTREZID","1956","ENTREZID","8503","directed","Process(indirect effect)"
"ENTREZID","1978","ENTREZID","1977","directed","Process(inhibition)"
"ENTREZID","1978","ENTREZID","253314","directed","Process(inhibition)"
"ENTREZID","1978","ENTREZID","9470","directed","Process(inhibition)"
"ENTREZID","2033","ENTREZID","1026","directed","Process(expression)"
"ENTREZID","2033","ENTREZID","1027","directed","Process(expression)"
"ENTREZID","2033","ENTREZID","160287","directed","Process(expression)"
"ENTREZID","2033","ENTREZID","1906","directed","Process(expression)"
"ENTREZID","2033","ENTREZID","1950","directed","Process(expression)"
"ENTREZID","2033","ENTREZID","2023","directed","Process(expression)"
"ENTREZID","2033","ENTREZID","2026","directed","Process(expression)"
"ENTREZID","2033","ENTREZID","2027","directed","Process(expression)"
"ENTREZID","2033","ENTREZID","2056","directed","Process(expression)"
"ENTREZID","2033","ENTREZID","226","directed","Process(expression)"
"ENTREZID","2033","ENTREZID","229","directed","Process(expression)"
"ENTREZID","2033","ENTREZID","230","directed","Process(expression)"
"ENTREZID","2033","ENTREZID","2321","directed","Process(expression)"
"ENTREZID","2033","ENTREZID","2597","directed","Process(expression)"
"ENTREZID","2033","ENTREZID","284","directed","Process(expression)"
"ENTREZID","2033","ENTREZID","285","directed","Process(expression)"
"ENTREZID","2033","ENTREZID","3091","undirected","Binding"
"ENTREZID","2033","ENTREZID","3098","directed","Process(expression)"
"ENTREZID","2033","ENTREZID","3099","directed","Process(expression)"
"ENTREZID","2033","ENTREZID","3101","directed","Process(expression)"
"ENTREZID","2033","ENTREZID","3162","directed","Process(expression)"
"ENTREZID","2033","ENTREZID","387712","directed","Process(expression)"
"ENTREZID","2033","ENTREZID","3939","directed","Process(expression)"
"ENTREZID","2033","ENTREZID","3945","directed","Process(expression)"
"ENTREZID","2033","ENTREZID","3948","directed","Process(expression)"
"ENTREZID","2033","ENTREZID","405","undirected","Binding"
"ENTREZID","2033","ENTREZID","4055","directed","Process(expression)"
"ENTREZID","2033","ENTREZID","4843","directed","Process(expression)"
"ENTREZID","2033","ENTREZID","4846","directed","Process(expression)"
"ENTREZID","2033","ENTREZID","4878","directed","Process(expression)"
"ENTREZID","2033","ENTREZID","5054","directed","Process(expression)"
"ENTREZID","2033","ENTREZID","51378","directed","Process(expression)"
"ENTREZID","2033","ENTREZID","5163","directed","Process(expression)"
"ENTREZID","2033","ENTREZID","5209","directed","Process(expression)"
"ENTREZID","2033","ENTREZID","5211","directed","Process(expression)"
"ENTREZID","2033","ENTREZID","5213","directed","Process(expression)"
"ENTREZID","2033","ENTREZID","5214","directed","Process(expression)"
"ENTREZID","2033","ENTREZID","5230","directed","Process(expression)"
"ENTREZID","2033","ENTREZID","5232","directed","Process(expression)"
"ENTREZID","2033","ENTREZID","596","directed","Process(expression)"
"ENTREZID","2033","ENTREZID","6513","directed","Process(expression)"
"ENTREZID","2033","ENTREZID","7010","directed","Process(expression)"
"ENTREZID","2033","ENTREZID","7018","directed","Process(expression)"
"ENTREZID","2033","ENTREZID","7037","directed","Process(expression)"
"ENTREZID","2033","ENTREZID","7076","directed","Process(expression)"
"ENTREZID","2033","ENTREZID","7422","directed","Process(expression)"
"ENTREZID","2033","ENTREZID","80201","directed","Process(expression)"
"ENTREZID","2033","ENTREZID","92483","directed","Process(expression)"
"ENTREZID","2064","ENTREZID","5290","directed","Process(activation)"
"ENTREZID","2064","ENTREZID","5290","directed","Process(indirect effect)"
"ENTREZID","2064","ENTREZID","5291","directed","Process(activation)"
"ENTREZID","2064","ENTREZID","5291","directed","Process(indirect effect)"
"ENTREZID","2064","ENTREZID","5293","directed","Process(activation)"
"ENTREZID","2064","ENTREZID","5293","directed","Process(indirect effect)"
"ENTREZID","2064","ENTREZID","5295","directed","Process(activation)"
"ENTREZID","2064","ENTREZID","5295","directed","Process(indirect effect)"
"ENTREZID","2064","ENTREZID","5296","directed","Process(activation)"
"ENTREZID","2064","ENTREZID","5296","directed","Process(indirect effect)"
"ENTREZID","2064","ENTREZID","5604","directed","Process(activation)"
"ENTREZID","2064","ENTREZID","5604","directed","Process(indirect effect)"
"ENTREZID","2064","ENTREZID","5605","directed","Process(activation)"
"ENTREZID","2064","ENTREZID","5605","directed","Process(indirect effect)"
"ENTREZID","2064","ENTREZID","8503","directed","Process(activation)"
"ENTREZID","2064","ENTREZID","8503","directed","Process(indirect effect)"
"ENTREZID","207","ENTREZID","2475","directed","Process(activation)"
"ENTREZID","207","ENTREZID","2475","directed","Process(indirect effect)"
"ENTREZID","208","ENTREZID","2475","directed","Process(activation)"
"ENTREZID","208","ENTREZID","2475","directed","Process(indirect effect)"
"ENTREZID","2475","ENTREZID","1978","directed","Process(inhibition)"
"ENTREZID","2475","ENTREZID","6198","directed","Process(activation)"
"ENTREZID","2475","ENTREZID","6199","directed","Process(activation)"
"ENTREZID","2872","ENTREZID","1977","directed","Process(activation)"
"ENTREZID","2872","ENTREZID","253314","directed","Process(activation)"
"ENTREZID","2872","ENTREZID","9470","directed","Process(activation)"
"ENTREZID","3091","ENTREZID","1026","directed","Process(expression)"
"ENTREZID","3091","ENTREZID","1027","directed","Process(expression)"
"ENTREZID","3091","ENTREZID","160287","directed","Process(expression)"
"ENTREZID","3091","ENTREZID","1906","directed","Process(expression)"
"ENTREZID","3091","ENTREZID","1950","directed","Process(expression)"
"ENTREZID","3091","ENTREZID","2023","directed","Process(expression)"
"ENTREZID","3091","ENTREZID","2026","directed","Process(expression)"
"ENTREZID","3091","ENTREZID","2027","directed","Process(expression)"
"ENTREZID","3091","ENTREZID","2056","directed","Process(expression)"
"ENTREZID","3091","ENTREZID","226","directed","Process(expression)"
"ENTREZID","3091","ENTREZID","229","directed","Process(expression)"
"ENTREZID","3091","ENTREZID","230","directed","Process(expression)"
"ENTREZID","3091","ENTREZID","2321","directed","Process(expression)"
"ENTREZID","3091","ENTREZID","2597","directed","Process(expression)"
"ENTREZID","3091","ENTREZID","284","directed","Process(expression)"
"ENTREZID","3091","ENTREZID","285","directed","Process(expression)"
"ENTREZID","3091","ENTREZID","3098","directed","Process(expression)"
"ENTREZID","3091","ENTREZID","3099","directed","Process(expression)"
"ENTREZID","3091","ENTREZID","3101","directed","Process(expression)"
"ENTREZID","3091","ENTREZID","3162","directed","Process(expression)"
"ENTREZID","3091","ENTREZID","387712","directed","Process(expression)"
"ENTREZID","3091","ENTREZID","3939","directed","Process(expression)"
"ENTREZID","3091","ENTREZID","3945","directed","Process(expression)"
"ENTREZID","3091","ENTREZID","3948","directed","Process(expression)"
"ENTREZID","3091","ENTREZID","405","undirected","Binding"
"ENTREZID","3091","ENTREZID","4055","directed","Process(expression)"
"ENTREZID","3091","ENTREZID","4843","directed","Process(expression)"
"ENTREZID","3091","ENTREZID","4846","directed","Process(expression)"
"ENTREZID","3091","ENTREZID","4878","directed","Process(expression)"
"ENTREZID","3091","ENTREZID","5054","directed","Process(expression)"
"ENTREZID","3091","ENTREZID","51378","directed","Process(expression)"
"ENTREZID","3091","ENTREZID","5163","directed","Process(expression)"
"ENTREZID","3091","ENTREZID","5209","directed","Process(expression)"
"ENTREZID","3091","ENTREZID","5211","directed","Process(expression)"
"ENTREZID","3091","ENTREZID","5213","directed","Process(expression)"
"ENTREZID","3091","ENTREZID","5214","directed","Process(expression)"
"ENTREZID","3091","ENTREZID","5230","directed","Process(expression)"
"ENTREZID","3091","ENTREZID","5232","directed","Process(expression)"
"ENTREZID","3091","ENTREZID","596","directed","Process(expression)"
"ENTREZID","3091","ENTREZID","6513","directed","Process(expression)"
"ENTREZID","3091","ENTREZID","7010","directed","Process(expression)"
"ENTREZID","3091","ENTREZID","7018","directed","Process(expression)"
"ENTREZID","3091","ENTREZID","7037","directed","Process(expression)"
"ENTREZID","3091","ENTREZID","7076","directed","Process(expression)"
"ENTREZID","3091","ENTREZID","7422","directed","Process(expression)"
"ENTREZID","3091","ENTREZID","80201","directed","Process(expression)"
"ENTREZID","3091","ENTREZID","92483","directed","Process(expression)"
"ENTREZID","3458","ENTREZID","3459","directed","Process(activation)"
"ENTREZID","3458","ENTREZID","3460","directed","Process(activation)"
"ENTREZID","3459","ENTREZID","4790","directed","Process(activation)"
"ENTREZID","3459","ENTREZID","4790","directed","Process(indirect effect)"
"ENTREZID","3459","ENTREZID","5970","directed","Process(activation)"
"ENTREZID","3459","ENTREZID","5970","directed","Process(indirect effect)"
"ENTREZID","3460","ENTREZID","4790","directed","Process(activation)"
"ENTREZID","3460","ENTREZID","4790","directed","Process(indirect effect)"
"ENTREZID","3460","ENTREZID","5970","directed","Process(activation)"
"ENTREZID","3460","ENTREZID","5970","directed","Process(indirect effect)"
"ENTREZID","3479","ENTREZID","1956","directed","Process(activation)"
"ENTREZID","3479","ENTREZID","2064","directed","Process(activation)"
"ENTREZID","3479","ENTREZID","3480","directed","Process(activation)"
"ENTREZID","3479","ENTREZID","3643","directed","Process(activation)"
"ENTREZID","3480","ENTREZID","5290","directed","Process(activation)"
"ENTREZID","3480","ENTREZID","5290","directed","Process(indirect effect)"
"ENTREZID","3480","ENTREZID","5291","directed","Process(activation)"
"ENTREZID","3480","ENTREZID","5291","directed","Process(indirect effect)"
"ENTREZID","3480","ENTREZID","5293","directed","Process(activation)"
"ENTREZID","3480","ENTREZID","5293","directed","Process(indirect effect)"
"ENTREZID","3480","ENTREZID","5295","directed","Process(activation)"
"ENTREZID","3480","ENTREZID","5295","directed","Process(indirect effect)"
"ENTREZID","3480","ENTREZID","5296","directed","Process(activation)"
"ENTREZID","3480","ENTREZID","5296","directed","Process(indirect effect)"
"ENTREZID","3480","ENTREZID","5604","directed","Process(activation)"
"ENTREZID","3480","ENTREZID","5604","directed","Process(indirect effect)"
"ENTREZID","3480","ENTREZID","5605","directed","Process(activation)"
"ENTREZID","3480","ENTREZID","5605","directed","Process(indirect effect)"
"ENTREZID","3480","ENTREZID","8503","directed","Process(activation)"
"ENTREZID","3480","ENTREZID","8503","directed","Process(indirect effect)"
"ENTREZID","3569","ENTREZID","3570","directed","Process(activation)"
"ENTREZID","3570","ENTREZID","6774","directed","Process(activation)"
"ENTREZID","3570","ENTREZID","6774","directed","Process(indirect effect)"
"ENTREZID","3630","ENTREZID","1956","directed","Process(activation)"
"ENTREZID","3630","ENTREZID","2064","directed","Process(activation)"
"ENTREZID","3630","ENTREZID","3480","directed","Process(activation)"
"ENTREZID","3630","ENTREZID","3643","directed","Process(activation)"
"ENTREZID","3643","ENTREZID","5290","directed","Process(activation)"
"ENTREZID","3643","ENTREZID","5290","directed","Process(indirect effect)"
"ENTREZID","3643","ENTREZID","5291","directed","Process(activation)"
"ENTREZID","3643","ENTREZID","5291","directed","Process(indirect effect)"
"ENTREZID","3643","ENTREZID","5293","directed","Process(activation)"
"ENTREZID","3643","ENTREZID","5293","directed","Process(indirect effect)"
"ENTREZID","3643","ENTREZID","5295","directed","Process(activation)"
"ENTREZID","3643","ENTREZID","5295","directed","Process(indirect effect)"
"ENTREZID","3643","ENTREZID","5296","directed","Process(activation)"
"ENTREZID","3643","ENTREZID","5296","directed","Process(indirect effect)"
"ENTREZID","3643","ENTREZID","5604","directed","Process(activation)"
"ENTREZID","3643","ENTREZID","5604","directed","Process(indirect effect)"
"ENTREZID","3643","ENTREZID","5605","directed","Process(activation)"
"ENTREZID","3643","ENTREZID","5605","directed","Process(indirect effect)"
"ENTREZID","3643","ENTREZID","8503","directed","Process(activation)"
"ENTREZID","3643","ENTREZID","8503","directed","Process(indirect effect)"
"ENTREZID","405","ENTREZID","1026","directed","Process(expression)"
"ENTREZID","405","ENTREZID","1027","directed","Process(expression)"
"ENTREZID","405","ENTREZID","160287","directed","Process(expression)"
"ENTREZID","405","ENTREZID","1906","directed","Process(expression)"
"ENTREZID","405","ENTREZID","1950","directed","Process(expression)"
"ENTREZID","405","ENTREZID","2023","directed","Process(expression)"
"ENTREZID","405","ENTREZID","2026","directed","Process(expression)"
"ENTREZID","405","ENTREZID","2027","directed","Process(expression)"
"ENTREZID","405","ENTREZID","2056","directed","Process(expression)"
"ENTREZID","405","ENTREZID","226","directed","Process(expression)"
"ENTREZID","405","ENTREZID","229","directed","Process(expression)"
"ENTREZID","405","ENTREZID","230","directed","Process(expression)"
"ENTREZID","405","ENTREZID","2321","directed","Process(expression)"
"ENTREZID","405","ENTREZID","2597","directed","Process(expression)"
"ENTREZID","405","ENTREZID","284","directed","Process(expression)"
"ENTREZID","405","ENTREZID","285","directed","Process(expression)"
"ENTREZID","405","ENTREZID","3098","directed","Process(expression)"
"ENTREZID","405","ENTREZID","3099","directed","Process(expression)"
"ENTREZID","405","ENTREZID","3101","directed","Process(expression)"
"ENTREZID","405","ENTREZID","3162","directed","Process(expression)"
"ENTREZID","405","ENTREZID","387712","directed","Process(expression)"
"ENTREZID","405","ENTREZID","3939","directed","Process(expression)"
"ENTREZID","405","ENTREZID","3945","directed","Process(expression)"
"ENTREZID","405","ENTREZID","3948","directed","Process(expression)"
"ENTREZID","405","ENTREZID","4055","directed","Process(expression)"
"ENTREZID","405","ENTREZID","4843","directed","Process(expression)"
"ENTREZID","405","ENTREZID","4846","directed","Process(expression)"
"ENTREZID","405","ENTREZID","4878","directed","Process(expression)"
"ENTREZID","405","ENTREZID","5054","directed","Process(expression)"
"ENTREZID","405","ENTREZID","51378","directed","Process(expression)"
"ENTREZID","405","ENTREZID","5163","directed","Process(expression)"
"ENTREZID","405","ENTREZID","5209","directed","Process(expression)"
"ENTREZID","405","ENTREZID","5211","directed","Process(expression)"
"ENTREZID","405","ENTREZID","5213","directed","Process(expression)"
"ENTREZID","405","ENTREZID","5214","directed","Process(expression)"
"ENTREZID","405","ENTREZID","5230","directed","Process(expression)"
"ENTREZID","405","ENTREZID","5232","directed","Process(expression)"
"ENTREZID","405","ENTREZID","596","directed","Process(expression)"
"ENTREZID","405","ENTREZID","6513","directed","Process(expression)"
"ENTREZID","405","ENTREZID","7010","directed","Process(expression)"
"ENTREZID","405","ENTREZID","7018","directed","Process(expression)"
"ENTREZID","405","ENTREZID","7037","directed","Process(expression)"
"ENTREZID","405","ENTREZID","7076","directed","Process(expression)"
"ENTREZID","405","ENTREZID","7422","directed","Process(expression)"
"ENTREZID","405","ENTREZID","80201","directed","Process(expression)"
"ENTREZID","405","ENTREZID","92483","directed","Process(expression)"
"ENTREZID","4790","ENTREZID","3091","directed","Process(expression)"
"ENTREZID","5163","ENTREZID","5160","directed","Process(inhibition)"
"ENTREZID","5163","ENTREZID","5160","directed","Process(phosphorylation)"
"ENTREZID","5163","ENTREZID","5161","directed","Process(inhibition)"
"ENTREZID","5163","ENTREZID","5161","directed","Process(phosphorylation)"
"ENTREZID","5163","ENTREZID","5162","directed","Process(inhibition)"
"ENTREZID","5163","ENTREZID","5162","directed","Process(phosphorylation)"
"ENTREZID","5290","ENTREZID","10000","directed","Process(activation)"
"ENTREZID","5290","ENTREZID","207","directed","Process(activation)"
"ENTREZID","5290","ENTREZID","208","directed","Process(activation)"
"ENTREZID","5291","ENTREZID","10000","directed","Process(activation)"
"ENTREZID","5291","ENTREZID","207","directed","Process(activation)"
"ENTREZID","5291","ENTREZID","208","directed","Process(activation)"
"ENTREZID","5293","ENTREZID","10000","directed","Process(activation)"
"ENTREZID","5293","ENTREZID","207","directed","Process(activation)"
"ENTREZID","5293","ENTREZID","208","directed","Process(activation)"
"ENTREZID","5295","ENTREZID","10000","directed","Process(activation)"
"ENTREZID","5295","ENTREZID","207","directed","Process(activation)"
"ENTREZID","5295","ENTREZID","208","directed","Process(activation)"
"ENTREZID","5296","ENTREZID","10000","directed","Process(activation)"
"ENTREZID","5296","ENTREZID","207","directed","Process(activation)"
"ENTREZID","5296","ENTREZID","208","directed","Process(activation)"
"ENTREZID","54583","ENTREZID","3091","directed","Process(activation)"
"ENTREZID","5578","ENTREZID","112398","directed","Process(inhibition)"
"ENTREZID","5578","ENTREZID","112399","directed","Process(inhibition)"
"ENTREZID","5578","ENTREZID","2475","directed","Process(activation)"
"ENTREZID","5578","ENTREZID","54583","directed","Process(inhibition)"
"ENTREZID","5579","ENTREZID","112398","directed","Process(inhibition)"
"ENTREZID","5579","ENTREZID","112399","directed","Process(inhibition)"
"ENTREZID","5579","ENTREZID","2475","directed","Process(activation)"
"ENTREZID","5579","ENTREZID","54583","directed","Process(inhibition)"
"ENTREZID","5582","ENTREZID","112398","directed","Process(inhibition)"
"ENTREZID","5582","ENTREZID","112399","directed","Process(inhibition)"
"ENTREZID","5582","ENTREZID","2475","directed","Process(activation)"
"ENTREZID","5582","ENTREZID","54583","directed","Process(inhibition)"
"ENTREZID","5594","ENTREZID","1978","directed","Process(inhibition)"
"ENTREZID","5594","ENTREZID","2872","directed","Process(activation)"
"ENTREZID","5594","ENTREZID","8569","directed","Process(activation)"
"ENTREZID","5595","ENTREZID","1978","directed","Process(inhibition)"
"ENTREZID","5595","ENTREZID","2872","directed","Process(activation)"
"ENTREZID","5595","ENTREZID","8569","directed","Process(activation)"
"ENTREZID","5604","ENTREZID","5594","directed","Process(activation)"
"ENTREZID","5604","ENTREZID","5595","directed","Process(activation)"
"ENTREZID","5605","ENTREZID","5594","directed","Process(activation)"
"ENTREZID","5605","ENTREZID","5595","directed","Process(activation)"
"ENTREZID","5970","ENTREZID","3091","directed","Process(expression)"
"ENTREZID","6198","ENTREZID","6194","directed","Process(activation)"
"ENTREZID","6199","ENTREZID","6194","directed","Process(activation)"
"ENTREZID","6774","ENTREZID","3091","directed","Process(expression)"
"ENTREZID","6921","ENTREZID","3091","directed","Process(inhibition)"
"ENTREZID","6921","ENTREZID","3091","directed","Process(ubiquitination)"
"ENTREZID","6921","ENTREZID","6923","undirected","Binding"
"ENTREZID","6921","ENTREZID","7428","undirected","Binding"
"ENTREZID","6921","ENTREZID","9978","undirected","Binding"
"ENTREZID","6923","ENTREZID","3091","directed","Process(inhibition)"
"ENTREZID","6923","ENTREZID","3091","directed","Process(ubiquitination)"
"ENTREZID","6923","ENTREZID","7428","undirected","Binding"
"ENTREZID","6923","ENTREZID","9978","undirected","Binding"
"ENTREZID","7099","ENTREZID","4790","directed","Process(activation)"
"ENTREZID","7099","ENTREZID","4790","directed","Process(indirect effect)"
"ENTREZID","7099","ENTREZID","5970","directed","Process(activation)"
"ENTREZID","7099","ENTREZID","5970","directed","Process(indirect effect)"
"ENTREZID","7428","ENTREZID","3091","directed","Process(inhibition)"
"ENTREZID","7428","ENTREZID","3091","directed","Process(ubiquitination)"
"ENTREZID","7428","ENTREZID","9978","undirected","Binding"
"ENTREZID","815","ENTREZID","1387","directed","Process(activation)"
"ENTREZID","815","ENTREZID","2033","directed","Process(activation)"
"ENTREZID","816","ENTREZID","1387","directed","Process(activation)"
"ENTREZID","816","ENTREZID","2033","directed","Process(activation)"
"ENTREZID","817","ENTREZID","1387","directed","Process(activation)"
"ENTREZID","817","ENTREZID","2033","directed","Process(activation)"
"ENTREZID","818","ENTREZID","1387","directed","Process(activation)"
"ENTREZID","818","ENTREZID","2033","directed","Process(activation)"
"ENTREZID","8503","ENTREZID","10000","directed","Process(activation)"
"ENTREZID","8503","ENTREZID","207","directed","Process(activation)"
"ENTREZID","8503","ENTREZID","208","directed","Process(activation)"
"ENTREZID","8569","ENTREZID","1977","directed","Process(activation)"
"ENTREZID","8569","ENTREZID","253314","directed","Process(activation)"
"ENTREZID","8569","ENTREZID","9470","directed","Process(activation)"
"ENTREZID","9978","ENTREZID","3091","directed","Process(inhibition)"
"ENTREZID","9978","ENTREZID","3091","directed","Process(ubiquitination)"
