"src_type","src","dest_type","dest","direction","type"
"ENTREZID","10000","ENTREZID","100132074","directed","Process(inhibition)"
"ENTREZID","10000","ENTREZID","100132074","directed","Process(phosphorylation)"
"ENTREZID","10000","ENTREZID","1147","directed","Process(phosphorylation)"
"ENTREZID","10000","ENTREZID","1147","directed","Process(activation)"
"ENTREZID","10000","ENTREZID","2308","directed","Process(inhibition)"
"ENTREZID","10000","ENTREZID","2308","directed","Process(phosphorylation)"
"ENTREZID","10000","ENTREZID","2309","directed","Process(inhibition)"
"ENTREZID","10000","ENTREZID","2309","directed","Process(phosphorylation)"
"ENTREZID","10000","ENTREZID","3551","directed","Process(phosphorylation)"
"ENTREZID","10000","ENTREZID","3551","directed","Process(activation)"
"ENTREZID","10000","ENTREZID","4303","directed","Process(inhibition)"
"ENTREZID","10000","ENTREZID","4303","directed","Process(phosphorylation)"
"ENTREZID","100132074","ENTREZID","10018","directed","Process(expression)"
"ENTREZID","100132074","ENTREZID","1026","directed","Process(expression)"
"ENTREZID","100132074","ENTREZID","1027","directed","Process(expression)"
"ENTREZID","100132074","ENTREZID","1030","directed","Process(expression)"
"ENTREZID","100132074","ENTREZID","1032","directed","Process(expression)"
"ENTREZID","100132074","ENTREZID","10365","directed","Process(expression)"
"ENTREZID","100132074","ENTREZID","10733","directed","Process(expression)"
"ENTREZID","100132074","ENTREZID","10769","directed","Process(expression)"
"ENTREZID","100132074","ENTREZID","10912","directed","Process(expression)"
"ENTREZID","100132074","ENTREZID","11337","directed","Process(expression)"
"ENTREZID","100132074","ENTREZID","11345","directed","Process(expression)"
"ENTREZID","100132074","ENTREZID","114907","directed","Process(expression)"
"ENTREZID","100132074","ENTREZID","1263","directed","Process(expression)"
"ENTREZID","100132074","ENTREZID","1647","directed","Process(expression)"
"ENTREZID","100132074","ENTREZID","1901","directed","Process(expression)"
"ENTREZID","100132074","ENTREZID","23710","directed","Process(expression)"
"ENTREZID","100132074","ENTREZID","2538","directed","Process(expression)"
"ENTREZID","100132074","ENTREZID","26260","directed","Process(expression)"
"ENTREZID","100132074","ENTREZID","356","directed","Process(expression)"
"ENTREZID","100132074","ENTREZID","3575","directed","Process(expression)"
"ENTREZID","100132074","ENTREZID","4616","directed","Process(expression)"
"ENTREZID","100132074","ENTREZID","472","directed","Process(expression)"
"ENTREZID","100132074","ENTREZID","5105","directed","Process(expression)"
"ENTREZID","100132074","ENTREZID","5106","directed","Process(expression)"
"ENTREZID","100132074","ENTREZID","5347","directed","Process(expression)"
"ENTREZID","100132074","ENTREZID","57818","directed","Process(expression)"
"ENTREZID","100132074","ENTREZID","5896","directed","Process(expression)"
"ENTREZID","100132074","ENTREZID","5897","directed","Process(expression)"
"ENTREZID","100132074","ENTREZID","5934","directed","Process(expression)"
"ENTREZID","100132074","ENTREZID","595","directed","Process(expression)"
"ENTREZID","100132074","ENTREZID","604","directed","Process(expression)"
"ENTREZID","100132074","ENTREZID","664","directed","Process(expression)"
"ENTREZID","100132074","ENTREZID","6648","directed","Process(expression)"
"ENTREZID","100132074","ENTREZID","847","directed","Process(expression)"
"ENTREZID","100132074","ENTREZID","85417","directed","Process(expression)"
"ENTREZID","100132074","ENTREZID","8698","directed","Process(expression)"
"ENTREZID","100132074","ENTREZID","8743","directed","Process(expression)"
"ENTREZID","100132074","ENTREZID","891","directed","Process(expression)"
"ENTREZID","100132074","ENTREZID","894","directed","Process(expression)"
"ENTREZID","100132074","ENTREZID","901","directed","Process(expression)"
"ENTREZID","100132074","ENTREZID","9133","directed","Process(expression)"
"ENTREZID","100132074","ENTREZID","9140","directed","Process(expression)"
"ENTREZID","100132074","ENTREZID","92579","directed","Process(expression)"
"ENTREZID","100533105","ENTREZID","100132074","directed","Process(inhibition)"
"ENTREZID","100533105","ENTREZID","100132074","directed","Process(phosphorylation)"
"ENTREZID","100533105","ENTREZID","2308","directed","Process(inhibition)"
"ENTREZID","100533105","ENTREZID","2308","directed","Process(phosphorylation)"
"ENTREZID","100533105","ENTREZID","2309","directed","Process(inhibition)"
"ENTREZID","100533105","ENTREZID","2309","directed","Process(phosphorylation)"
"ENTREZID","100533105","ENTREZID","4303","directed","Process(inhibition)"
"ENTREZID","100533105","ENTREZID","4303","directed","Process(phosphorylation)"
"ENTREZID","10110","ENTREZID","100132074","directed","Process(inhibition)"
"ENTREZID","10110","ENTREZID","100132074","directed","Process(phosphorylation)"
"ENTREZID","10110","ENTREZID","2308","directed","Process(inhibition)"
"ENTREZID","10110","ENTREZID","2308","directed","Process(phosphorylation)"
"ENTREZID","10110","ENTREZID","2309","directed","Process(inhibition)"
"ENTREZID","10110","ENTREZID","2309","directed","Process(phosphorylation)"
"ENTREZID","10110","ENTREZID","4303","directed","Process(inhibition)"
"ENTREZID","10110","ENTREZID","4303","directed","Process(phosphorylation)"
"ENTREZID","1017","ENTREZID","100132074","directed","Process(inhibition)"
"ENTREZID","1017","ENTREZID","100132074","directed","Process(phosphorylation)"
"ENTREZID","1017","ENTREZID","2308","directed","Process(inhibition)"
"ENTREZID","1017","ENTREZID","2308","directed","Process(phosphorylation)"
"ENTREZID","1017","ENTREZID","2309","directed","Process(inhibition)"
"ENTREZID","1017","ENTREZID","2309","directed","Process(phosphorylation)"
"ENTREZID","1017","ENTREZID","4303","directed","Process(inhibition)"
"ENTREZID","1017","ENTREZID","4303","directed","Process(phosphorylation)"
"ENTREZID","102800317","ENTREZID","100132074","directed","Process(phosphorylation)"
"ENTREZID","102800317","ENTREZID","100132074","directed","Process(activation)"
"ENTREZID","102800317","ENTREZID","2308","directed","Process(phosphorylation)"
"ENTREZID","102800317","ENTREZID","2308","directed","Process(activation)"
"ENTREZID","102800317","ENTREZID","2309","directed","Process(phosphorylation)"
"ENTREZID","102800317","ENTREZID","2309","directed","Process(activation)"
"ENTREZID","102800317","ENTREZID","4303","directed","Process(phosphorylation)"
"ENTREZID","102800317","ENTREZID","4303","directed","Process(activation)"
"ENTREZID","1147","ENTREZID","100132074","directed","Process(inhibition)"
"ENTREZID","1147","ENTREZID","100132074","directed","Process(phosphorylation)"
"ENTREZID","1147","ENTREZID","2308","directed","Process(inhibition)"
"ENTREZID","1147","ENTREZID","2308","directed","Process(phosphorylation)"
"ENTREZID","1147","ENTREZID","2309","directed","Process(inhibition)"
"ENTREZID","1147","ENTREZID","2309","directed","Process(phosphorylation)"
"ENTREZID","1147","ENTREZID","4303","directed","Process(inhibition)"
"ENTREZID","1147","ENTREZID","4303","directed","Process(phosphorylation)"
"ENTREZID","1147","ENTREZID","5728","directed","Process(inhibition)"
"ENTREZID","116986","ENTREZID","5290","directed","Process(activation)"
"ENTREZID","116986","ENTREZID","5290","directed","Process(indirect effect)"
"ENTREZID","116986","ENTREZID","5291","directed","Process(activation)"
"ENTREZID","116986","ENTREZID","5291","directed","Process(indirect effect)"
"ENTREZID","116986","ENTREZID","5293","directed","Process(activation)"
"ENTREZID","116986","ENTREZID","5293","directed","Process(indirect effect)"
"ENTREZID","116986","ENTREZID","5295","directed","Process(activation)"
"ENTREZID","116986","ENTREZID","5295","directed","Process(indirect effect)"
"ENTREZID","116986","ENTREZID","5296","directed","Process(activation)"
"ENTREZID","116986","ENTREZID","5296","directed","Process(indirect effect)"
"ENTREZID","116986","ENTREZID","8503","directed","Process(activation)"
"ENTREZID","116986","ENTREZID","8503","directed","Process(indirect effect)"
"ENTREZID","1432","ENTREZID","100132074","directed","Process(phosphorylation)"
"ENTREZID","1432","ENTREZID","100132074","directed","Process(activation)"
"ENTREZID","1432","ENTREZID","2308","directed","Process(phosphorylation)"
"ENTREZID","1432","ENTREZID","2308","directed","Process(activation)"
"ENTREZID","1432","ENTREZID","2309","directed","Process(phosphorylation)"
"ENTREZID","1432","ENTREZID","2309","directed","Process(activation)"
"ENTREZID","1432","ENTREZID","4303","directed","Process(phosphorylation)"
"ENTREZID","1432","ENTREZID","4303","directed","Process(activation)"
"ENTREZID","1454","ENTREZID","100132074","directed","Process(phosphorylation)"
"ENTREZID","1454","ENTREZID","100132074","directed","Process(activation)"
"ENTREZID","1454","ENTREZID","2308","directed","Process(phosphorylation)"
"ENTREZID","1454","ENTREZID","2308","directed","Process(activation)"
"ENTREZID","1454","ENTREZID","2309","directed","Process(phosphorylation)"
"ENTREZID","1454","ENTREZID","2309","directed","Process(activation)"
"ENTREZID","1454","ENTREZID","4303","directed","Process(phosphorylation)"
"ENTREZID","1454","ENTREZID","4303","directed","Process(activation)"
"ENTREZID","1950","ENTREZID","1956","directed","Process(activation)"
"ENTREZID","1956","ENTREZID","2885","directed","Process(activation)"
"ENTREZID","207","ENTREZID","100132074","directed","Process(inhibition)"
"ENTREZID","207","ENTREZID","100132074","directed","Process(phosphorylation)"
"ENTREZID","207","ENTREZID","1147","directed","Process(phosphorylation)"
"ENTREZID","207","ENTREZID","1147","directed","Process(activation)"
"ENTREZID","207","ENTREZID","2308","directed","Process(inhibition)"
"ENTREZID","207","ENTREZID","2308","directed","Process(phosphorylation)"
"ENTREZID","207","ENTREZID","2309","directed","Process(inhibition)"
"ENTREZID","207","ENTREZID","2309","directed","Process(phosphorylation)"
"ENTREZID","207","ENTREZID","3551","directed","Process(phosphorylation)"
"ENTREZID","207","ENTREZID","3551","directed","Process(activation)"
"ENTREZID","207","ENTREZID","4303","directed","Process(inhibition)"
"ENTREZID","207","ENTREZID","4303","directed","Process(phosphorylation)"
"ENTREZID","208","ENTREZID","100132074","directed","Process(inhibition)"
"ENTREZID","208","ENTREZID","100132074","directed","Process(phosphorylation)"
"ENTREZID","208","ENTREZID","1147","directed","Process(phosphorylation)"
"ENTREZID","208","ENTREZID","1147","directed","Process(activation)"
"ENTREZID","208","ENTREZID","2308","directed","Process(inhibition)"
"ENTREZID","208","ENTREZID","2308","directed","Process(phosphorylation)"
"ENTREZID","208","ENTREZID","2309","directed","Process(inhibition)"
"ENTREZID","208","ENTREZID","2309","directed","Process(phosphorylation)"
"ENTREZID","208","ENTREZID","3551","directed","Process(phosphorylation)"
"ENTREZID","208","ENTREZID","3551","directed","Process(activation)"
"ENTREZID","208","ENTREZID","4303","directed","Process(inhibition)"
"ENTREZID","208","ENTREZID","4303","directed","Process(phosphorylation)"
"ENTREZID","2308","ENTREZID","10018","directed","Process(expression)"
"ENTREZID","2308","ENTREZID","1026","directed","Process(expression)"
"ENTREZID","2308","ENTREZID","1027","directed","Process(expression)"
"ENTREZID","2308","ENTREZID","1030","directed","Process(expression)"
"ENTREZID","2308","ENTREZID","1032","directed","Process(expression)"
"ENTREZID","2308","ENTREZID","10365","directed","Process(expression)"
"ENTREZID","2308","ENTREZID","10733","directed","Process(expression)"
"ENTREZID","2308","ENTREZID","10769","directed","Process(expression)"
"ENTREZID","2308","ENTREZID","10912","directed","Process(expression)"
"ENTREZID","2308","ENTREZID","11337","directed","Process(expression)"
"ENTREZID","2308","ENTREZID","11345","directed","Process(expression)"
"ENTREZID","2308","ENTREZID","114907","directed","Process(expression)"
"ENTREZID","2308","ENTREZID","1263","directed","Process(expression)"
"ENTREZID","2308","ENTREZID","1647","directed","Process(expression)"
"ENTREZID","2308","ENTREZID","1901","directed","Process(expression)"
"ENTREZID","2308","ENTREZID","23710","directed","Process(expression)"
"ENTREZID","2308","ENTREZID","2538","directed","Process(expression)"
"ENTREZID","2308","ENTREZID","26260","directed","Process(expression)"
"ENTREZID","2308","ENTREZID","356","directed","Process(expression)"
"ENTREZID","2308","ENTREZID","3575","directed","Process(expression)"
"ENTREZID","2308","ENTREZID","4616","directed","Process(expression)"
"ENTREZID","2308","ENTREZID","472","directed","Process(expression)"
"ENTREZID","2308","ENTREZID","5105","directed","Process(expression)"
"ENTREZID","2308","ENTREZID","5106","directed","Process(expression)"
"ENTREZID","2308","ENTREZID","5347","directed","Process(expression)"
"ENTREZID","2308","ENTREZID","57818","directed","Process(expression)"
"ENTREZID","2308","ENTREZID","5896","directed","Process(expression)"
"ENTREZID","2308","ENTREZID","5897","directed","Process(expression)"
"ENTREZID","2308","ENTREZID","5934","directed","Process(expression)"
"ENTREZID","2308","ENTREZID","595","directed","Process(expression)"
"ENTREZID","2308","ENTREZID","604","directed","Process(expression)"
"ENTREZID","2308","ENTREZID","664","directed","Process(expression)"
"ENTREZID","2308","ENTREZID","6648","directed","Process(expression)"
"ENTREZID","2308","ENTREZID","847","directed","Process(expression)"
"ENTREZID","2308","ENTREZID","85417","directed","Process(expression)"
"ENTREZID","2308","ENTREZID","8698","directed","Process(expression)"
"ENTREZID","2308","ENTREZID","8743","directed","Process(expression)"
"ENTREZID","2308","ENTREZID","891","directed","Process(expression)"
"ENTREZID","2308","ENTREZID","894","directed","Process(expression)"
"ENTREZID","2308","ENTREZID","901","directed","Process(expression)"
"ENTREZID","2308","ENTREZID","9133","directed","Process(expression)"
"ENTREZID","2308","ENTREZID","9140","directed","Process(expression)"
"ENTREZID","2308","ENTREZID","92579","directed","Process(expression)"
"ENTREZID","2309","ENTREZID","10018","directed","Process(expression)"
"ENTREZID","2309","ENTREZID","1026","directed","Process(expression)"
"ENTREZID","2309","ENTREZID","1027","directed","Process(expression)"
"ENTREZID","2309","ENTREZID","1030","directed","Process(expression)"
"ENTREZID","2309","ENTREZID","1032","directed","Process(expression)"
"ENTREZID","2309","ENTREZID","10365","directed","Process(expression)"
"ENTREZID","2309","ENTREZID","10733","directed","Process(expression)"
"ENTREZID","2309","ENTREZID","10769","directed","Process(expression)"
"ENTREZID","2309","ENTREZID","10912","directed","Process(expression)"
"ENTREZID","2309","ENTREZID","11337","directed","Process(expression)"
"ENTREZID","2309","ENTREZID","11345","directed","Process(expression)"
"ENTREZID","2309","ENTREZID","114907","directed","Process(expression)"
"ENTREZID","2309","ENTREZID","1263","directed","Process(expression)"
"ENTREZID","2309","ENTREZID","1647","directed","Process(expression)"
"ENTREZID","2309","ENTREZID","1901","directed","Process(expression)"
"ENTREZID","2309","ENTREZID","23710","directed","Process(expression)"
"ENTREZID","2309","ENTREZID","2538","directed","Process(expression)"
"ENTREZID","2309","ENTREZID","26260","directed","Process(expression)"
"ENTREZID","2309","ENTREZID","356","directed","Process(expression)"
"ENTREZID","2309","ENTREZID","3575","directed","Process(expression)"
"ENTREZID","2309","ENTREZID","4616","directed","Process(expression)"
"ENTREZID","2309","ENTREZID","472","directed","Process(expression)"
"ENTREZID","2309","ENTREZID","5105","directed","Process(expression)"
"ENTREZID","2309","ENTREZID","5106","directed","Process(expression)"
"ENTREZID","2309","ENTREZID","5347","directed","Process(expression)"
"ENTREZID","2309","ENTREZID","57818","directed","Process(expression)"
"ENTREZID","2309","ENTREZID","5896","directed","Process(expression)"
"ENTREZID","2309","ENTREZID","5897","directed","Process(expression)"
"ENTREZID","2309","ENTREZID","5934","directed","Process(expression)"
"ENTREZID","2309","ENTREZID","595","directed","Process(expression)"
"ENTREZID","2309","ENTREZID","604","directed","Process(expression)"
"ENTREZID","2309","ENTREZID","664","directed","Process(expression)"
"ENTREZID","2309","ENTREZID","6648","directed","Process(expression)"
"ENTREZID","2309","ENTREZID","847","directed","Process(expression)"
"ENTREZID","2309","ENTREZID","85417","directed","Process(expression)"
"ENTREZID","2309","ENTREZID","8698","directed","Process(expression)"
"ENTREZID","2309","ENTREZID","8743","directed","Process(expression)"
"ENTREZID","2309","ENTREZID","891","directed","Process(expression)"
"ENTREZID","2309","ENTREZID","894","directed","Process(expression)"
"ENTREZID","2309","ENTREZID","901","directed","Process(expression)"
"ENTREZID","2309","ENTREZID","9133","directed","Process(expression)"
"ENTREZID","2309","ENTREZID","9140","directed","Process(expression)"
"ENTREZID","2309","ENTREZID","92579","directed","Process(expression)"
"ENTREZID","23678","ENTREZID","100132074","directed","Process(inhibition)"
"ENTREZID","23678","ENTREZID","100132074","directed","Process(phosphorylation)"
"ENTREZID","23678","ENTREZID","2308","directed","Process(inhibition)"
"ENTREZID","23678","ENTREZID","2308","directed","Process(phosphorylation)"
"ENTREZID","23678","ENTREZID","2309","directed","Process(inhibition)"
"ENTREZID","23678","ENTREZID","2309","directed","Process(phosphorylation)"
"ENTREZID","23678","ENTREZID","4303","directed","Process(inhibition)"
"ENTREZID","23678","ENTREZID","4303","directed","Process(phosphorylation)"
"ENTREZID","2885","ENTREZID","6654","directed","Process(activation)"
"ENTREZID","2885","ENTREZID","6655","directed","Process(activation)"
"ENTREZID","2911","ENTREZID","116986","directed","Process(binding/association)"
"ENTREZID","2911","ENTREZID","9454","directed","Process(binding/association)"
"ENTREZID","2911","ENTREZID","9455","directed","Process(binding/association)"
"ENTREZID","2911","ENTREZID","9456","directed","Process(binding/association)"
"ENTREZID","3265","ENTREZID","369","directed","Process(activation)"
"ENTREZID","3265","ENTREZID","5894","directed","Process(activation)"
"ENTREZID","3265","ENTREZID","673","directed","Process(activation)"
"ENTREZID","3276","ENTREZID","100132074","directed","Process(activation)"
"ENTREZID","3276","ENTREZID","100132074","directed","Process(methylation)"
"ENTREZID","3276","ENTREZID","2308","directed","Process(activation)"
"ENTREZID","3276","ENTREZID","2308","directed","Process(methylation)"
"ENTREZID","3276","ENTREZID","2309","directed","Process(activation)"
"ENTREZID","3276","ENTREZID","2309","directed","Process(methylation)"
"ENTREZID","3276","ENTREZID","4303","directed","Process(activation)"
"ENTREZID","3276","ENTREZID","4303","directed","Process(methylation)"
"ENTREZID","3479","ENTREZID","3480","directed","Process(activation)"
"ENTREZID","3480","ENTREZID","3667","directed","Process(activation)"
"ENTREZID","3480","ENTREZID","8471","directed","Process(activation)"
"ENTREZID","3480","ENTREZID","8660","directed","Process(activation)"
"ENTREZID","3551","ENTREZID","100132074","directed","Process(inhibition)"
"ENTREZID","3551","ENTREZID","100132074","directed","Process(phosphorylation)"
"ENTREZID","3551","ENTREZID","2308","directed","Process(inhibition)"
"ENTREZID","3551","ENTREZID","2308","directed","Process(phosphorylation)"
"ENTREZID","3551","ENTREZID","2309","directed","Process(inhibition)"
"ENTREZID","3551","ENTREZID","2309","directed","Process(phosphorylation)"
"ENTREZID","3551","ENTREZID","4303","directed","Process(inhibition)"
"ENTREZID","3551","ENTREZID","4303","directed","Process(phosphorylation)"
"ENTREZID","3551","ENTREZID","5728","directed","Process(inhibition)"
"ENTREZID","3569","ENTREZID","6774","directed","Process(activation)"
"ENTREZID","3569","ENTREZID","6774","directed","Process(indirect effect)"
"ENTREZID","3586","ENTREZID","6774","directed","Process(activation)"
"ENTREZID","3586","ENTREZID","6774","directed","Process(indirect effect)"
"ENTREZID","3630","ENTREZID","3643","directed","Process(activation)"
"ENTREZID","3643","ENTREZID","3667","directed","Process(activation)"
"ENTREZID","3643","ENTREZID","8471","directed","Process(activation)"
"ENTREZID","3643","ENTREZID","8660","directed","Process(activation)"
"ENTREZID","3667","ENTREZID","5290","directed","Process(activation)"
"ENTREZID","3667","ENTREZID","5291","directed","Process(activation)"
"ENTREZID","3667","ENTREZID","5293","directed","Process(activation)"
"ENTREZID","3667","ENTREZID","5295","directed","Process(activation)"
"ENTREZID","3667","ENTREZID","5296","directed","Process(activation)"
"ENTREZID","3667","ENTREZID","8503","directed","Process(activation)"
"ENTREZID","369","ENTREZID","5604","directed","Process(phosphorylation)"
"ENTREZID","369","ENTREZID","5604","directed","Process(activation)"
"ENTREZID","369","ENTREZID","5605","directed","Process(phosphorylation)"
"ENTREZID","369","ENTREZID","5605","directed","Process(activation)"
"ENTREZID","3845","ENTREZID","369","directed","Process(activation)"
"ENTREZID","3845","ENTREZID","5894","directed","Process(activation)"
"ENTREZID","3845","ENTREZID","673","directed","Process(activation)"
"ENTREZID","4089","ENTREZID","4088","directed","Process(activation)"
"ENTREZID","4303","ENTREZID","10018","directed","Process(expression)"
"ENTREZID","4303","ENTREZID","1026","directed","Process(expression)"
"ENTREZID","4303","ENTREZID","1027","directed","Process(expression)"
"ENTREZID","4303","ENTREZID","1030","directed","Process(expression)"
"ENTREZID","4303","ENTREZID","1032","directed","Process(expression)"
"ENTREZID","4303","ENTREZID","10365","directed","Process(expression)"
"ENTREZID","4303","ENTREZID","10733","directed","Process(expression)"
"ENTREZID","4303","ENTREZID","10769","directed","Process(expression)"
"ENTREZID","4303","ENTREZID","10912","directed","Process(expression)"
"ENTREZID","4303","ENTREZID","11337","directed","Process(expression)"
"ENTREZID","4303","ENTREZID","11345","directed","Process(expression)"
"ENTREZID","4303","ENTREZID","114907","directed","Process(expression)"
"ENTREZID","4303","ENTREZID","1263","directed","Process(expression)"
"ENTREZID","4303","ENTREZID","1647","directed","Process(expression)"
"ENTREZID","4303","ENTREZID","1901","directed","Process(expression)"
"ENTREZID","4303","ENTREZID","23710","directed","Process(expression)"
"ENTREZID","4303","ENTREZID","2538","directed","Process(expression)"
"ENTREZID","4303","ENTREZID","26260","directed","Process(expression)"
"ENTREZID","4303","ENTREZID","356","directed","Process(expression)"
"ENTREZID","4303","ENTREZID","3575","directed","Process(expression)"
"ENTREZID","4303","ENTREZID","4616","directed","Process(expression)"
"ENTREZID","4303","ENTREZID","472","directed","Process(expression)"
"ENTREZID","4303","ENTREZID","5105","directed","Process(expression)"
"ENTREZID","4303","ENTREZID","5106","directed","Process(expression)"
"ENTREZID","4303","ENTREZID","5347","directed","Process(expression)"
"ENTREZID","4303","ENTREZID","57818","directed","Process(expression)"
"ENTREZID","4303","ENTREZID","5896","directed","Process(expression)"
"ENTREZID","4303","ENTREZID","5897","directed","Process(expression)"
"ENTREZID","4303","ENTREZID","5934","directed","Process(expression)"
"ENTREZID","4303","ENTREZID","595","directed","Process(expression)"
"ENTREZID","4303","ENTREZID","604","directed","Process(expression)"
"ENTREZID","4303","ENTREZID","664","directed","Process(expression)"
"ENTREZID","4303","ENTREZID","6648","directed","Process(expression)"
"ENTREZID","4303","ENTREZID","847","directed","Process(expression)"
"ENTREZID","4303","ENTREZID","85417","directed","Process(expression)"
"ENTREZID","4303","ENTREZID","8698","directed","Process(expression)"
"ENTREZID","4303","ENTREZID","8743","directed","Process(expression)"
"ENTREZID","4303","ENTREZID","891","directed","Process(expression)"
"ENTREZID","4303","ENTREZID","894","directed","Process(expression)"
"ENTREZID","4303","ENTREZID","901","directed","Process(expression)"
"ENTREZID","4303","ENTREZID","9133","directed","Process(expression)"
"ENTREZID","4303","ENTREZID","9140","directed","Process(expression)"
"ENTREZID","4303","ENTREZID","92579","directed","Process(expression)"
"ENTREZID","4893","ENTREZID","369","directed","Process(activation)"
"ENTREZID","4893","ENTREZID","5894","directed","Process(activation)"
"ENTREZID","4893","ENTREZID","673","directed","Process(activation)"
"ENTREZID","51422","ENTREZID","100132074","directed","Process(phosphorylation)"
"ENTREZID","51422","ENTREZID","100132074","directed","Process(activation)"
"ENTREZID","51422","ENTREZID","2308","directed","Process(phosphorylation)"
"ENTREZID","51422","ENTREZID","2308","directed","Process(activation)"
"ENTREZID","51422","ENTREZID","2309","directed","Process(phosphorylation)"
"ENTREZID","51422","ENTREZID","2309","directed","Process(activation)"
"ENTREZID","51422","ENTREZID","4303","directed","Process(phosphorylation)"
"ENTREZID","51422","ENTREZID","4303","directed","Process(activation)"
"ENTREZID","5170","ENTREZID","10000","directed","Process(phosphorylation)"
"ENTREZID","5170","ENTREZID","10000","directed","Process(activation)"
"ENTREZID","5170","ENTREZID","100533105","directed","Process(phosphorylation)"
"ENTREZID","5170","ENTREZID","100533105","directed","Process(activation)"
"ENTREZID","5170","ENTREZID","10110","directed","Process(phosphorylation)"
"ENTREZID","5170","ENTREZID","10110","directed","Process(activation)"
"ENTREZID","5170","ENTREZID","1147","directed","Process(phosphorylation)"
"ENTREZID","5170","ENTREZID","1147","directed","Process(activation)"
"ENTREZID","5170","ENTREZID","207","directed","Process(phosphorylation)"
"ENTREZID","5170","ENTREZID","207","directed","Process(activation)"
"ENTREZID","5170","ENTREZID","208","directed","Process(phosphorylation)"
"ENTREZID","5170","ENTREZID","208","directed","Process(activation)"
"ENTREZID","5170","ENTREZID","23678","directed","Process(phosphorylation)"
"ENTREZID","5170","ENTREZID","23678","directed","Process(activation)"
"ENTREZID","5170","ENTREZID","3551","directed","Process(phosphorylation)"
"ENTREZID","5170","ENTREZID","3551","directed","Process(activation)"
"ENTREZID","5170","ENTREZID","6446","directed","Process(phosphorylation)"
"ENTREZID","5170","ENTREZID","6446","directed","Process(activation)"
"ENTREZID","51701","ENTREZID","100132074","directed","Process(inhibition)"
"ENTREZID","51701","ENTREZID","100132074","directed","Process(phosphorylation)"
"ENTREZID","51701","ENTREZID","2308","directed","Process(inhibition)"
"ENTREZID","51701","ENTREZID","2308","directed","Process(phosphorylation)"
"ENTREZID","51701","ENTREZID","2309","directed","Process(inhibition)"
"ENTREZID","51701","ENTREZID","2309","directed","Process(phosphorylation)"
"ENTREZID","51701","ENTREZID","4303","directed","Process(inhibition)"
"ENTREZID","51701","ENTREZID","4303","directed","Process(phosphorylation)"
"ENTREZID","53632","ENTREZID","100132074","directed","Process(phosphorylation)"
"ENTREZID","53632","ENTREZID","100132074","directed","Process(activation)"
"ENTREZID","53632","ENTREZID","2308","directed","Process(phosphorylation)"
"ENTREZID","53632","ENTREZID","2308","directed","Process(activation)"
"ENTREZID","53632","ENTREZID","2309","directed","Process(phosphorylation)"
"ENTREZID","53632","ENTREZID","2309","directed","Process(activation)"
"ENTREZID","53632","ENTREZID","4303","directed","Process(phosphorylation)"
"ENTREZID","53632","ENTREZID","4303","directed","Process(activation)"
"ENTREZID","5562","ENTREZID","100132074","directed","Process(phosphorylation)"
"ENTREZID","5562","ENTREZID","100132074","directed","Process(activation)"
"ENTREZID","5562","ENTREZID","2308","directed","Process(phosphorylation)"
"ENTREZID","5562","ENTREZID","2308","directed","Process(activation)"
"ENTREZID","5562","ENTREZID","2309","directed","Process(phosphorylation)"
"ENTREZID","5562","ENTREZID","2309","directed","Process(activation)"
"ENTREZID","5562","ENTREZID","4303","directed","Process(phosphorylation)"
"ENTREZID","5562","ENTREZID","4303","directed","Process(activation)"
"ENTREZID","5563","ENTREZID","100132074","directed","Process(phosphorylation)"
"ENTREZID","5563","ENTREZID","100132074","directed","Process(activation)"
"ENTREZID","5563","ENTREZID","2308","directed","Process(phosphorylation)"
"ENTREZID","5563","ENTREZID","2308","directed","Process(activation)"
"ENTREZID","5563","ENTREZID","2309","directed","Process(phosphorylation)"
"ENTREZID","5563","ENTREZID","2309","directed","Process(activation)"
"ENTREZID","5563","ENTREZID","4303","directed","Process(phosphorylation)"
"ENTREZID","5563","ENTREZID","4303","directed","Process(activation)"
"ENTREZID","5564","ENTREZID","100132074","directed","Process(phosphorylation)"
"ENTREZID","5564","ENTREZID","100132074","directed","Process(activation)"
"ENTREZID","5564","ENTREZID","2308","directed","Process(phosphorylation)"
"ENTREZID","5564","ENTREZID","2308","directed","Process(activation)"
"ENTREZID","5564","ENTREZID","2309","directed","Process(phosphorylation)"
"ENTREZID","5564","ENTREZID","2309","directed","Process(activation)"
"ENTREZID","5564","ENTREZID","4303","directed","Process(phosphorylation)"
"ENTREZID","5564","ENTREZID","4303","directed","Process(activation)"
"ENTREZID","5565","ENTREZID","100132074","directed","Process(phosphorylation)"
"ENTREZID","5565","ENTREZID","100132074","directed","Process(activation)"
"ENTREZID","5565","ENTREZID","2308","directed","Process(phosphorylation)"
"ENTREZID","5565","ENTREZID","2308","directed","Process(activation)"
"ENTREZID","5565","ENTREZID","2309","directed","Process(phosphorylation)"
"ENTREZID","5565","ENTREZID","2309","directed","Process(activation)"
"ENTREZID","5565","ENTREZID","4303","directed","Process(phosphorylation)"
"ENTREZID","5565","ENTREZID","4303","directed","Process(activation)"
"ENTREZID","5571","ENTREZID","100132074","directed","Process(phosphorylation)"
"ENTREZID","5571","ENTREZID","100132074","directed","Process(activation)"
"ENTREZID","5571","ENTREZID","2308","directed","Process(phosphorylation)"
"ENTREZID","5571","ENTREZID","2308","directed","Process(activation)"
"ENTREZID","5571","ENTREZID","2309","directed","Process(phosphorylation)"
"ENTREZID","5571","ENTREZID","2309","directed","Process(activation)"
"ENTREZID","5571","ENTREZID","4303","directed","Process(phosphorylation)"
"ENTREZID","5571","ENTREZID","4303","directed","Process(activation)"
"ENTREZID","5594","ENTREZID","100132074","directed","Process(inhibition)"
"ENTREZID","5594","ENTREZID","100132074","directed","Process(phosphorylation)"
"ENTREZID","5594","ENTREZID","2308","directed","Process(inhibition)"
"ENTREZID","5594","ENTREZID","2308","directed","Process(phosphorylation)"
"ENTREZID","5594","ENTREZID","2309","directed","Process(inhibition)"
"ENTREZID","5594","ENTREZID","2309","directed","Process(phosphorylation)"
"ENTREZID","5594","ENTREZID","4303","directed","Process(inhibition)"
"ENTREZID","5594","ENTREZID","4303","directed","Process(phosphorylation)"
"ENTREZID","5595","ENTREZID","100132074","directed","Process(inhibition)"
"ENTREZID","5595","ENTREZID","100132074","directed","Process(phosphorylation)"
"ENTREZID","5595","ENTREZID","2308","directed","Process(inhibition)"
"ENTREZID","5595","ENTREZID","2308","directed","Process(phosphorylation)"
"ENTREZID","5595","ENTREZID","2309","directed","Process(inhibition)"
"ENTREZID","5595","ENTREZID","2309","directed","Process(phosphorylation)"
"ENTREZID","5595","ENTREZID","4303","directed","Process(inhibition)"
"ENTREZID","5595","ENTREZID","4303","directed","Process(phosphorylation)"
"ENTREZID","5599","ENTREZID","100132074","directed","Process(phosphorylation)"
"ENTREZID","5599","ENTREZID","100132074","directed","Process(activation)"
"ENTREZID","5599","ENTREZID","2308","directed","Process(phosphorylation)"
"ENTREZID","5599","ENTREZID","2308","directed","Process(activation)"
"ENTREZID","5599","ENTREZID","2309","directed","Process(phosphorylation)"
"ENTREZID","5599","ENTREZID","2309","directed","Process(activation)"
"ENTREZID","5599","ENTREZID","4303","directed","Process(phosphorylation)"
"ENTREZID","5599","ENTREZID","4303","directed","Process(activation)"
"ENTREZID","5600","ENTREZID","100132074","directed","Process(phosphorylation)"
"ENTREZID","5600","ENTREZID","100132074","directed","Process(activation)"
"ENTREZID","5600","ENTREZID","2308","directed","Process(phosphorylation)"
"ENTREZID","5600","ENTREZID","2308","directed","Process(activation)"
"ENTREZID","5600","ENTREZID","2309","directed","Process(phosphorylation)"
"ENTREZID","5600","ENTREZID","2309","directed","Process(activation)"
"ENTREZID","5600","ENTREZID","4303","directed","Process(phosphorylation)"
"ENTREZID","5600","ENTREZID","4303","directed","Process(activation)"
"ENTREZID","5601","ENTREZID","100132074","directed","Process(phosphorylation)"
"ENTREZID","5601","ENTREZID","100132074","directed","Process(activation)"
"ENTREZID","5601","ENTREZID","2308","directed","Process(phosphorylation)"
"ENTREZID","5601","ENTREZID","2308","directed","Process(activation)"
"ENTREZID","5601","ENTREZID","2309","directed","Process(phosphorylation)"
"ENTREZID","5601","ENTREZID","2309","directed","Process(activation)"
"ENTREZID","5601","ENTREZID","4303","directed","Process(phosphorylation)"
"ENTREZID","5601","ENTREZID","4303","directed","Process(activation)"
"ENTREZID","5602","ENTREZID","100132074","directed","Process(phosphorylation)"
"ENTREZID","5602","ENTREZID","100132074","directed","Process(activation)"
"ENTREZID","5602","ENTREZID","2308","directed","Process(phosphorylation)"
"ENTREZID","5602","ENTREZID","2308","directed","Process(activation)"
"ENTREZID","5602","ENTREZID","2309","directed","Process(phosphorylation)"
"ENTREZID","5602","ENTREZID","2309","directed","Process(activation)"
"ENTREZID","5602","ENTREZID","4303","directed","Process(phosphorylation)"
"ENTREZID","5602","ENTREZID","4303","directed","Process(activation)"
"ENTREZID","5603","ENTREZID","100132074","directed","Process(phosphorylation)"
"ENTREZID","5603","ENTREZID","100132074","directed","Process(activation)"
"ENTREZID","5603","ENTREZID","2308","directed","Process(phosphorylation)"
"ENTREZID","5603","ENTREZID","2308","directed","Process(activation)"
"ENTREZID","5603","ENTREZID","2309","directed","Process(phosphorylation)"
"ENTREZID","5603","ENTREZID","2309","directed","Process(activation)"
"ENTREZID","5603","ENTREZID","4303","directed","Process(phosphorylation)"
"ENTREZID","5603","ENTREZID","4303","directed","Process(activation)"
"ENTREZID","5604","ENTREZID","5594","directed","Process(phosphorylation)"
"ENTREZID","5604","ENTREZID","5594","directed","Process(activation)"
"ENTREZID","5604","ENTREZID","5595","directed","Process(phosphorylation)"
"ENTREZID","5604","ENTREZID","5595","directed","Process(activation)"
"ENTREZID","5605","ENTREZID","5594","directed","Process(phosphorylation)"
"ENTREZID","5605","ENTREZID","5594","directed","Process(activation)"
"ENTREZID","5605","ENTREZID","5595","directed","Process(phosphorylation)"
"ENTREZID","5605","ENTREZID","5595","directed","Process(activation)"
"ENTREZID","5894","ENTREZID","5604","directed","Process(phosphorylation)"
"ENTREZID","5894","ENTREZID","5604","directed","Process(activation)"
"ENTREZID","5894","ENTREZID","5605","directed","Process(phosphorylation)"
"ENTREZID","5894","ENTREZID","5605","directed","Process(activation)"
"ENTREZID","6300","ENTREZID","100132074","directed","Process(phosphorylation)"
"ENTREZID","6300","ENTREZID","100132074","directed","Process(activation)"
"ENTREZID","6300","ENTREZID","2308","directed","Process(phosphorylation)"
"ENTREZID","6300","ENTREZID","2308","directed","Process(activation)"
"ENTREZID","6300","ENTREZID","2309","directed","Process(phosphorylation)"
"ENTREZID","6300","ENTREZID","2309","directed","Process(activation)"
"ENTREZID","6300","ENTREZID","4303","directed","Process(phosphorylation)"
"ENTREZID","6300","ENTREZID","4303","directed","Process(activation)"
"ENTREZID","6446","ENTREZID","100132074","directed","Process(inhibition)"
"ENTREZID","6446","ENTREZID","100132074","directed","Process(phosphorylation)"
"ENTREZID","6446","ENTREZID","2308","directed","Process(inhibition)"
"ENTREZID","6446","ENTREZID","2308","directed","Process(phosphorylation)"
"ENTREZID","6446","ENTREZID","2309","directed","Process(inhibition)"
"ENTREZID","6446","ENTREZID","2309","directed","Process(phosphorylation)"
"ENTREZID","6446","ENTREZID","4303","directed","Process(inhibition)"
"ENTREZID","6446","ENTREZID","4303","directed","Process(phosphorylation)"
"ENTREZID","6654","ENTREZID","3265","directed","Process(activation)"
"ENTREZID","6654","ENTREZID","3845","directed","Process(activation)"
"ENTREZID","6654","ENTREZID","4893","directed","Process(activation)"
"ENTREZID","6655","ENTREZID","3265","directed","Process(activation)"
"ENTREZID","6655","ENTREZID","3845","directed","Process(activation)"
"ENTREZID","6655","ENTREZID","4893","directed","Process(activation)"
"ENTREZID","673","ENTREZID","5604","directed","Process(phosphorylation)"
"ENTREZID","673","ENTREZID","5604","directed","Process(activation)"
"ENTREZID","673","ENTREZID","5605","directed","Process(phosphorylation)"
"ENTREZID","673","ENTREZID","5605","directed","Process(activation)"
"ENTREZID","6774","ENTREZID","100132074","directed","Process(activation)"
"ENTREZID","6774","ENTREZID","2308","directed","Process(activation)"
"ENTREZID","6774","ENTREZID","2309","directed","Process(activation)"
"ENTREZID","6774","ENTREZID","4303","directed","Process(activation)"
"ENTREZID","6789","ENTREZID","100132074","directed","Process(phosphorylation)"
"ENTREZID","6789","ENTREZID","100132074","directed","Process(activation)"
"ENTREZID","6789","ENTREZID","2308","directed","Process(phosphorylation)"
"ENTREZID","6789","ENTREZID","2308","directed","Process(activation)"
"ENTREZID","6789","ENTREZID","2309","directed","Process(phosphorylation)"
"ENTREZID","6789","ENTREZID","2309","directed","Process(activation)"
"ENTREZID","6789","ENTREZID","4303","directed","Process(phosphorylation)"
"ENTREZID","6789","ENTREZID","4303","directed","Process(activation)"
"ENTREZID","6794","ENTREZID","100132074","directed","Process(phosphorylation)"
"ENTREZID","6794","ENTREZID","100132074","directed","Process(activation)"
"ENTREZID","6794","ENTREZID","2308","directed","Process(phosphorylation)"
"ENTREZID","6794","ENTREZID","2308","directed","Process(activation)"
"ENTREZID","6794","ENTREZID","2309","directed","Process(phosphorylation)"
"ENTREZID","6794","ENTREZID","2309","directed","Process(activation)"
"ENTREZID","6794","ENTREZID","4303","directed","Process(phosphorylation)"
"ENTREZID","6794","ENTREZID","4303","directed","Process(activation)"
"ENTREZID","6794","ENTREZID","51422","directed","Process(phosphorylation)"
"ENTREZID","6794","ENTREZID","51422","directed","Process(activation)"
"ENTREZID","6794","ENTREZID","53632","directed","Process(phosphorylation)"
"ENTREZID","6794","ENTREZID","53632","directed","Process(activation)"
"ENTREZID","6794","ENTREZID","5562","directed","Process(phosphorylation)"
"ENTREZID","6794","ENTREZID","5562","directed","Process(activation)"
"ENTREZID","6794","ENTREZID","5563","directed","Process(phosphorylation)"
"ENTREZID","6794","ENTREZID","5563","directed","Process(activation)"
"ENTREZID","6794","ENTREZID","5564","directed","Process(phosphorylation)"
"ENTREZID","6794","ENTREZID","5564","directed","Process(activation)"
"ENTREZID","6794","ENTREZID","5565","directed","Process(phosphorylation)"
"ENTREZID","6794","ENTREZID","5565","directed","Process(activation)"
"ENTREZID","6794","ENTREZID","5571","directed","Process(phosphorylation)"
"ENTREZID","6794","ENTREZID","5571","directed","Process(activation)"
"ENTREZID","7040","ENTREZID","7046","directed","Process(activation)"
"ENTREZID","7040","ENTREZID","7048","directed","Process(activation)"
"ENTREZID","7042","ENTREZID","7046","directed","Process(activation)"
"ENTREZID","7042","ENTREZID","7048","directed","Process(activation)"
"ENTREZID","7043","ENTREZID","7046","directed","Process(activation)"
"ENTREZID","7043","ENTREZID","7048","directed","Process(activation)"
"ENTREZID","7046","ENTREZID","4088","directed","Process(activation)"
"ENTREZID","7048","ENTREZID","4088","directed","Process(activation)"
"ENTREZID","7874","ENTREZID","100132074","directed","Process(inhibition)"
"ENTREZID","7874","ENTREZID","2308","directed","Process(inhibition)"
"ENTREZID","7874","ENTREZID","2309","directed","Process(inhibition)"
"ENTREZID","7874","ENTREZID","4303","directed","Process(inhibition)"
"ENTREZID","80854","ENTREZID","100132074","directed","Process(inhibition)"
"ENTREZID","80854","ENTREZID","100132074","directed","Process(methylation)"
"ENTREZID","80854","ENTREZID","2308","directed","Process(inhibition)"
"ENTREZID","80854","ENTREZID","2308","directed","Process(methylation)"
"ENTREZID","80854","ENTREZID","2309","directed","Process(inhibition)"
"ENTREZID","80854","ENTREZID","2309","directed","Process(methylation)"
"ENTREZID","80854","ENTREZID","4303","directed","Process(inhibition)"
"ENTREZID","80854","ENTREZID","4303","directed","Process(methylation)"
"ENTREZID","8471","ENTREZID","5290","directed","Process(activation)"
"ENTREZID","8471","ENTREZID","5291","directed","Process(activation)"
"ENTREZID","8471","ENTREZID","5293","directed","Process(activation)"
"ENTREZID","8471","ENTREZID","5295","directed","Process(activation)"
"ENTREZID","8471","ENTREZID","5296","directed","Process(activation)"
"ENTREZID","8471","ENTREZID","8503","directed","Process(activation)"
"ENTREZID","8660","ENTREZID","5290","directed","Process(activation)"
"ENTREZID","8660","ENTREZID","5291","directed","Process(activation)"
"ENTREZID","8660","ENTREZID","5293","directed","Process(activation)"
"ENTREZID","8660","ENTREZID","5295","directed","Process(activation)"
"ENTREZID","8660","ENTREZID","5296","directed","Process(activation)"
"ENTREZID","8660","ENTREZID","8503","directed","Process(activation)"
"ENTREZID","9454","ENTREZID","5290","directed","Process(activation)"
"ENTREZID","9454","ENTREZID","5290","directed","Process(indirect effect)"
"ENTREZID","9454","ENTREZID","5291","directed","Process(activation)"
"ENTREZID","9454","ENTREZID","5291","directed","Process(indirect effect)"
"ENTREZID","9454","ENTREZID","5293","directed","Process(activation)"
"ENTREZID","9454","ENTREZID","5293","directed","Process(indirect effect)"
"ENTREZID","9454","ENTREZID","5295","directed","Process(activation)"
"ENTREZID","9454","ENTREZID","5295","directed","Process(indirect effect)"
"ENTREZID","9454","ENTREZID","5296","directed","Process(activation)"
"ENTREZID","9454","ENTREZID","5296","directed","Process(indirect effect)"
"ENTREZID","9454","ENTREZID","8503","directed","Process(activation)"
"ENTREZID","9454","ENTREZID","8503","directed","Process(indirect effect)"
"ENTREZID","9455","ENTREZID","5290","directed","Process(activation)"
"ENTREZID","9455","ENTREZID","5290","directed","Process(indirect effect)"
"ENTREZID","9455","ENTREZID","5291","directed","Process(activation)"
"ENTREZID","9455","ENTREZID","5291","directed","Process(indirect effect)"
"ENTREZID","9455","ENTREZID","5293","directed","Process(activation)"
"ENTREZID","9455","ENTREZID","5293","directed","Process(indirect effect)"
"ENTREZID","9455","ENTREZID","5295","directed","Process(activation)"
"ENTREZID","9455","ENTREZID","5295","directed","Process(indirect effect)"
"ENTREZID","9455","ENTREZID","5296","directed","Process(activation)"
"ENTREZID","9455","ENTREZID","5296","directed","Process(indirect effect)"
"ENTREZID","9455","ENTREZID","8503","directed","Process(activation)"
"ENTREZID","9455","ENTREZID","8503","directed","Process(indirect effect)"
"ENTREZID","9456","ENTREZID","5290","directed","Process(activation)"
"ENTREZID","9456","ENTREZID","5290","directed","Process(indirect effect)"
"ENTREZID","9456","ENTREZID","5291","directed","Process(activation)"
"ENTREZID","9456","ENTREZID","5291","directed","Process(indirect effect)"
"ENTREZID","9456","ENTREZID","5293","directed","Process(activation)"
"ENTREZID","9456","ENTREZID","5293","directed","Process(indirect effect)"
"ENTREZID","9456","ENTREZID","5295","directed","Process(activation)"
"ENTREZID","9456","ENTREZID","5295","directed","Process(indirect effect)"
"ENTREZID","9456","ENTREZID","5296","directed","Process(activation)"
"ENTREZID","9456","ENTREZID","5296","directed","Process(indirect effect)"
"ENTREZID","9456","ENTREZID","8503","directed","Process(activation)"
"ENTREZID","9456","ENTREZID","8503","directed","Process(indirect effect)"
