"src_type","src","dest_type","dest","direction","type"
"ENTREZID","10000","ENTREZID","4846","directed","Process(phosphorylation)"
"ENTREZID","10000","ENTREZID","4846","directed","Process(activation)"
"ENTREZID","10000","ENTREZID","596","directed","Process(activation)"
"ENTREZID","10672","ENTREZID","387","directed","Process(activation)"
"ENTREZID","134","ENTREZID","2770","directed","Process(activation)"
"ENTREZID","134","ENTREZID","2771","directed","Process(activation)"
"ENTREZID","134","ENTREZID","2773","directed","Process(activation)"
"ENTREZID","140","ENTREZID","2770","directed","Process(activation)"
"ENTREZID","140","ENTREZID","2771","directed","Process(activation)"
"ENTREZID","140","ENTREZID","2773","directed","Process(activation)"
"ENTREZID","1432","ENTREZID","10000","directed","Process(inhibition)"
"ENTREZID","1432","ENTREZID","207","directed","Process(inhibition)"
"ENTREZID","1432","ENTREZID","208","directed","Process(inhibition)"
"ENTREZID","1432","ENTREZID","581","directed","Process(activation)"
"ENTREZID","1432","ENTREZID","581","directed","Process(indirect effect)"
"ENTREZID","1509","ENTREZID","637","directed","Process(activation)"
"ENTREZID","1509","ENTREZID","637","directed","Process(indirect effect)"
"ENTREZID","1901","ENTREZID","2770","directed","Process(activation)"
"ENTREZID","1901","ENTREZID","2771","directed","Process(activation)"
"ENTREZID","1901","ENTREZID","2773","directed","Process(activation)"
"ENTREZID","1903","ENTREZID","10672","directed","Process(activation)"
"ENTREZID","1903","ENTREZID","2768","directed","Process(activation)"
"ENTREZID","1903","ENTREZID","2770","directed","Process(activation)"
"ENTREZID","1903","ENTREZID","2771","directed","Process(activation)"
"ENTREZID","1903","ENTREZID","2773","directed","Process(activation)"
"ENTREZID","1903","ENTREZID","2776","directed","Process(activation)"
"ENTREZID","207","ENTREZID","4846","directed","Process(phosphorylation)"
"ENTREZID","207","ENTREZID","4846","directed","Process(activation)"
"ENTREZID","207","ENTREZID","596","directed","Process(activation)"
"ENTREZID","208","ENTREZID","4846","directed","Process(phosphorylation)"
"ENTREZID","208","ENTREZID","4846","directed","Process(activation)"
"ENTREZID","208","ENTREZID","596","directed","Process(activation)"
"ENTREZID","2205","ENTREZID","2534","directed","Process(binding/association)"
"ENTREZID","2206","ENTREZID","2534","directed","Process(binding/association)"
"ENTREZID","2207","ENTREZID","2534","directed","Process(binding/association)"
"ENTREZID","23236","ENTREZID","5581","directed","Process(activation)"
"ENTREZID","23236","ENTREZID","5581","directed","Process(indirect effect)"
"ENTREZID","2534","ENTREZID","9846","directed","Process(activation)"
"ENTREZID","2768","ENTREZID","387","directed","Process(activation)"
"ENTREZID","2770","ENTREZID","23236","directed","Process(activation)"
"ENTREZID","2770","ENTREZID","3265","directed","Process(activation)"
"ENTREZID","2770","ENTREZID","3845","directed","Process(activation)"
"ENTREZID","2770","ENTREZID","4893","directed","Process(activation)"
"ENTREZID","2770","ENTREZID","5290","directed","Process(activation)"
"ENTREZID","2770","ENTREZID","5291","directed","Process(activation)"
"ENTREZID","2770","ENTREZID","5293","directed","Process(activation)"
"ENTREZID","2770","ENTREZID","5295","directed","Process(activation)"
"ENTREZID","2770","ENTREZID","5296","directed","Process(activation)"
"ENTREZID","2770","ENTREZID","5330","directed","Process(activation)"
"ENTREZID","2770","ENTREZID","5331","directed","Process(activation)"
"ENTREZID","2770","ENTREZID","5332","directed","Process(activation)"
"ENTREZID","2770","ENTREZID","8503","directed","Process(activation)"
"ENTREZID","2771","ENTREZID","23236","directed","Process(activation)"
"ENTREZID","2771","ENTREZID","3265","directed","Process(activation)"
"ENTREZID","2771","ENTREZID","3845","directed","Process(activation)"
"ENTREZID","2771","ENTREZID","4893","directed","Process(activation)"
"ENTREZID","2771","ENTREZID","5290","directed","Process(activation)"
"ENTREZID","2771","ENTREZID","5291","directed","Process(activation)"
"ENTREZID","2771","ENTREZID","5293","directed","Process(activation)"
"ENTREZID","2771","ENTREZID","5295","directed","Process(activation)"
"ENTREZID","2771","ENTREZID","5296","directed","Process(activation)"
"ENTREZID","2771","ENTREZID","5330","directed","Process(activation)"
"ENTREZID","2771","ENTREZID","5331","directed","Process(activation)"
"ENTREZID","2771","ENTREZID","5332","directed","Process(activation)"
"ENTREZID","2771","ENTREZID","8503","directed","Process(activation)"
"ENTREZID","2773","ENTREZID","23236","directed","Process(activation)"
"ENTREZID","2773","ENTREZID","3265","directed","Process(activation)"
"ENTREZID","2773","ENTREZID","3845","directed","Process(activation)"
"ENTREZID","2773","ENTREZID","4893","directed","Process(activation)"
"ENTREZID","2773","ENTREZID","5290","directed","Process(activation)"
"ENTREZID","2773","ENTREZID","5291","directed","Process(activation)"
"ENTREZID","2773","ENTREZID","5293","directed","Process(activation)"
"ENTREZID","2773","ENTREZID","5295","directed","Process(activation)"
"ENTREZID","2773","ENTREZID","5296","directed","Process(activation)"
"ENTREZID","2773","ENTREZID","5330","directed","Process(activation)"
"ENTREZID","2773","ENTREZID","5331","directed","Process(activation)"
"ENTREZID","2773","ENTREZID","5332","directed","Process(activation)"
"ENTREZID","2773","ENTREZID","8503","directed","Process(activation)"
"ENTREZID","2776","ENTREZID","23236","directed","Process(activation)"
"ENTREZID","2776","ENTREZID","5330","directed","Process(activation)"
"ENTREZID","2776","ENTREZID","5331","directed","Process(activation)"
"ENTREZID","2776","ENTREZID","5332","directed","Process(activation)"
"ENTREZID","28227","ENTREZID","10000","directed","Process(inhibition)"
"ENTREZID","28227","ENTREZID","10000","directed","Process(dephosphorylation)"
"ENTREZID","28227","ENTREZID","207","directed","Process(inhibition)"
"ENTREZID","28227","ENTREZID","207","directed","Process(dephosphorylation)"
"ENTREZID","28227","ENTREZID","208","directed","Process(inhibition)"
"ENTREZID","28227","ENTREZID","208","directed","Process(dephosphorylation)"
"ENTREZID","28227","ENTREZID","596","directed","Process(inhibition)"
"ENTREZID","28227","ENTREZID","596","directed","Process(dephosphorylation)"
"ENTREZID","3265","ENTREZID","5894","directed","Process(activation)"
"ENTREZID","3827","ENTREZID","134","directed","Process(activation)"
"ENTREZID","3827","ENTREZID","140","directed","Process(activation)"
"ENTREZID","3827","ENTREZID","4985","directed","Process(activation)"
"ENTREZID","3827","ENTREZID","624","directed","Process(activation)"
"ENTREZID","3845","ENTREZID","5894","directed","Process(activation)"
"ENTREZID","387","ENTREZID","6093","directed","Process(activation)"
"ENTREZID","387","ENTREZID","9475","directed","Process(activation)"
"ENTREZID","4217","ENTREZID","1432","directed","Process(activation)"
"ENTREZID","4217","ENTREZID","5599","directed","Process(activation)"
"ENTREZID","4217","ENTREZID","5600","directed","Process(activation)"
"ENTREZID","4217","ENTREZID","5601","directed","Process(activation)"
"ENTREZID","4217","ENTREZID","5602","directed","Process(activation)"
"ENTREZID","4217","ENTREZID","5603","directed","Process(activation)"
"ENTREZID","4217","ENTREZID","6300","directed","Process(activation)"
"ENTREZID","4893","ENTREZID","5894","directed","Process(activation)"
"ENTREZID","4985","ENTREZID","2770","directed","Process(activation)"
"ENTREZID","4985","ENTREZID","2771","directed","Process(activation)"
"ENTREZID","4985","ENTREZID","2773","directed","Process(activation)"
"ENTREZID","5170","ENTREZID","10000","directed","Process(activation)"
"ENTREZID","5170","ENTREZID","207","directed","Process(activation)"
"ENTREZID","5170","ENTREZID","208","directed","Process(activation)"
"ENTREZID","5290","ENTREZID","5879","directed","Process(activation)"
"ENTREZID","5290","ENTREZID","5880","directed","Process(activation)"
"ENTREZID","5290","ENTREZID","5881","directed","Process(activation)"
"ENTREZID","5291","ENTREZID","5879","directed","Process(activation)"
"ENTREZID","5291","ENTREZID","5880","directed","Process(activation)"
"ENTREZID","5291","ENTREZID","5881","directed","Process(activation)"
"ENTREZID","5293","ENTREZID","5879","directed","Process(activation)"
"ENTREZID","5293","ENTREZID","5880","directed","Process(activation)"
"ENTREZID","5293","ENTREZID","5881","directed","Process(activation)"
"ENTREZID","5295","ENTREZID","5879","directed","Process(activation)"
"ENTREZID","5295","ENTREZID","5880","directed","Process(activation)"
"ENTREZID","5295","ENTREZID","5881","directed","Process(activation)"
"ENTREZID","5296","ENTREZID","5879","directed","Process(activation)"
"ENTREZID","5296","ENTREZID","5880","directed","Process(activation)"
"ENTREZID","5296","ENTREZID","5881","directed","Process(activation)"
"ENTREZID","5330","ENTREZID","5581","directed","Process(activation)"
"ENTREZID","5330","ENTREZID","5581","directed","Process(indirect effect)"
"ENTREZID","5331","ENTREZID","5581","directed","Process(activation)"
"ENTREZID","5331","ENTREZID","5581","directed","Process(indirect effect)"
"ENTREZID","5332","ENTREZID","5581","directed","Process(activation)"
"ENTREZID","5332","ENTREZID","5581","directed","Process(indirect effect)"
"ENTREZID","5337","ENTREZID","56848","directed","Process(activation)"
"ENTREZID","5337","ENTREZID","8877","directed","Process(activation)"
"ENTREZID","5338","ENTREZID","56848","directed","Process(activation)"
"ENTREZID","5338","ENTREZID","8877","directed","Process(activation)"
"ENTREZID","53637","ENTREZID","10672","directed","Process(activation)"
"ENTREZID","53637","ENTREZID","2768","directed","Process(activation)"
"ENTREZID","53637","ENTREZID","2770","directed","Process(activation)"
"ENTREZID","53637","ENTREZID","2771","directed","Process(activation)"
"ENTREZID","53637","ENTREZID","2773","directed","Process(activation)"
"ENTREZID","55012","ENTREZID","10000","directed","Process(inhibition)"
"ENTREZID","55012","ENTREZID","10000","directed","Process(dephosphorylation)"
"ENTREZID","55012","ENTREZID","207","directed","Process(inhibition)"
"ENTREZID","55012","ENTREZID","207","directed","Process(dephosphorylation)"
"ENTREZID","55012","ENTREZID","208","directed","Process(inhibition)"
"ENTREZID","55012","ENTREZID","208","directed","Process(dephosphorylation)"
"ENTREZID","55012","ENTREZID","596","directed","Process(inhibition)"
"ENTREZID","55012","ENTREZID","596","directed","Process(dephosphorylation)"
"ENTREZID","5515","ENTREZID","10000","directed","Process(inhibition)"
"ENTREZID","5515","ENTREZID","10000","directed","Process(dephosphorylation)"
"ENTREZID","5515","ENTREZID","207","directed","Process(inhibition)"
"ENTREZID","5515","ENTREZID","207","directed","Process(dephosphorylation)"
"ENTREZID","5515","ENTREZID","208","directed","Process(inhibition)"
"ENTREZID","5515","ENTREZID","208","directed","Process(dephosphorylation)"
"ENTREZID","5515","ENTREZID","596","directed","Process(inhibition)"
"ENTREZID","5515","ENTREZID","596","directed","Process(dephosphorylation)"
"ENTREZID","5516","ENTREZID","10000","directed","Process(inhibition)"
"ENTREZID","5516","ENTREZID","10000","directed","Process(dephosphorylation)"
"ENTREZID","5516","ENTREZID","207","directed","Process(inhibition)"
"ENTREZID","5516","ENTREZID","207","directed","Process(dephosphorylation)"
"ENTREZID","5516","ENTREZID","208","directed","Process(inhibition)"
"ENTREZID","5516","ENTREZID","208","directed","Process(dephosphorylation)"
"ENTREZID","5516","ENTREZID","596","directed","Process(inhibition)"
"ENTREZID","5516","ENTREZID","596","directed","Process(dephosphorylation)"
"ENTREZID","5518","ENTREZID","10000","directed","Process(inhibition)"
"ENTREZID","5518","ENTREZID","10000","directed","Process(dephosphorylation)"
"ENTREZID","5518","ENTREZID","207","directed","Process(inhibition)"
"ENTREZID","5518","ENTREZID","207","directed","Process(dephosphorylation)"
"ENTREZID","5518","ENTREZID","208","directed","Process(inhibition)"
"ENTREZID","5518","ENTREZID","208","directed","Process(dephosphorylation)"
"ENTREZID","5518","ENTREZID","596","directed","Process(inhibition)"
"ENTREZID","5518","ENTREZID","596","directed","Process(dephosphorylation)"
"ENTREZID","5519","ENTREZID","10000","directed","Process(inhibition)"
"ENTREZID","5519","ENTREZID","10000","directed","Process(dephosphorylation)"
"ENTREZID","5519","ENTREZID","207","directed","Process(inhibition)"
"ENTREZID","5519","ENTREZID","207","directed","Process(dephosphorylation)"
"ENTREZID","5519","ENTREZID","208","directed","Process(inhibition)"
"ENTREZID","5519","ENTREZID","208","directed","Process(dephosphorylation)"
"ENTREZID","5519","ENTREZID","596","directed","Process(inhibition)"
"ENTREZID","5519","ENTREZID","596","directed","Process(dephosphorylation)"
"ENTREZID","5520","ENTREZID","10000","directed","Process(inhibition)"
"ENTREZID","5520","ENTREZID","10000","directed","Process(dephosphorylation)"
"ENTREZID","5520","ENTREZID","207","directed","Process(inhibition)"
"ENTREZID","5520","ENTREZID","207","directed","Process(dephosphorylation)"
"ENTREZID","5520","ENTREZID","208","directed","Process(inhibition)"
"ENTREZID","5520","ENTREZID","208","directed","Process(dephosphorylation)"
"ENTREZID","5520","ENTREZID","596","directed","Process(inhibition)"
"ENTREZID","5520","ENTREZID","596","directed","Process(dephosphorylation)"
"ENTREZID","5521","ENTREZID","10000","directed","Process(inhibition)"
"ENTREZID","5521","ENTREZID","10000","directed","Process(dephosphorylation)"
"ENTREZID","5521","ENTREZID","207","directed","Process(inhibition)"
"ENTREZID","5521","ENTREZID","207","directed","Process(dephosphorylation)"
"ENTREZID","5521","ENTREZID","208","directed","Process(inhibition)"
"ENTREZID","5521","ENTREZID","208","directed","Process(dephosphorylation)"
"ENTREZID","5521","ENTREZID","596","directed","Process(inhibition)"
"ENTREZID","5521","ENTREZID","596","directed","Process(dephosphorylation)"
"ENTREZID","5522","ENTREZID","10000","directed","Process(inhibition)"
"ENTREZID","5522","ENTREZID","10000","directed","Process(dephosphorylation)"
"ENTREZID","5522","ENTREZID","207","directed","Process(inhibition)"
"ENTREZID","5522","ENTREZID","207","directed","Process(dephosphorylation)"
"ENTREZID","5522","ENTREZID","208","directed","Process(inhibition)"
"ENTREZID","5522","ENTREZID","208","directed","Process(dephosphorylation)"
"ENTREZID","5522","ENTREZID","596","directed","Process(inhibition)"
"ENTREZID","5522","ENTREZID","596","directed","Process(dephosphorylation)"
"ENTREZID","5523","ENTREZID","10000","directed","Process(inhibition)"
"ENTREZID","5523","ENTREZID","10000","directed","Process(dephosphorylation)"
"ENTREZID","5523","ENTREZID","207","directed","Process(inhibition)"
"ENTREZID","5523","ENTREZID","207","directed","Process(dephosphorylation)"
"ENTREZID","5523","ENTREZID","208","directed","Process(inhibition)"
"ENTREZID","5523","ENTREZID","208","directed","Process(dephosphorylation)"
"ENTREZID","5523","ENTREZID","596","directed","Process(inhibition)"
"ENTREZID","5523","ENTREZID","596","directed","Process(dephosphorylation)"
"ENTREZID","5525","ENTREZID","10000","directed","Process(inhibition)"
"ENTREZID","5525","ENTREZID","10000","directed","Process(dephosphorylation)"
"ENTREZID","5525","ENTREZID","207","directed","Process(inhibition)"
"ENTREZID","5525","ENTREZID","207","directed","Process(dephosphorylation)"
"ENTREZID","5525","ENTREZID","208","directed","Process(inhibition)"
"ENTREZID","5525","ENTREZID","208","directed","Process(dephosphorylation)"
"ENTREZID","5525","ENTREZID","596","directed","Process(inhibition)"
"ENTREZID","5525","ENTREZID","596","directed","Process(dephosphorylation)"
"ENTREZID","5526","ENTREZID","10000","directed","Process(inhibition)"
"ENTREZID","5526","ENTREZID","10000","directed","Process(dephosphorylation)"
"ENTREZID","5526","ENTREZID","207","directed","Process(inhibition)"
"ENTREZID","5526","ENTREZID","207","directed","Process(dephosphorylation)"
"ENTREZID","5526","ENTREZID","208","directed","Process(inhibition)"
"ENTREZID","5526","ENTREZID","208","directed","Process(dephosphorylation)"
"ENTREZID","5526","ENTREZID","596","directed","Process(inhibition)"
"ENTREZID","5526","ENTREZID","596","directed","Process(dephosphorylation)"
"ENTREZID","5527","ENTREZID","10000","directed","Process(inhibition)"
"ENTREZID","5527","ENTREZID","10000","directed","Process(dephosphorylation)"
"ENTREZID","5527","ENTREZID","207","directed","Process(inhibition)"
"ENTREZID","5527","ENTREZID","207","directed","Process(dephosphorylation)"
"ENTREZID","5527","ENTREZID","208","directed","Process(inhibition)"
"ENTREZID","5527","ENTREZID","208","directed","Process(dephosphorylation)"
"ENTREZID","5527","ENTREZID","596","directed","Process(inhibition)"
"ENTREZID","5527","ENTREZID","596","directed","Process(dephosphorylation)"
"ENTREZID","5528","ENTREZID","10000","directed","Process(inhibition)"
"ENTREZID","5528","ENTREZID","10000","directed","Process(dephosphorylation)"
"ENTREZID","5528","ENTREZID","207","directed","Process(inhibition)"
"ENTREZID","5528","ENTREZID","207","directed","Process(dephosphorylation)"
"ENTREZID","5528","ENTREZID","208","directed","Process(inhibition)"
"ENTREZID","5528","ENTREZID","208","directed","Process(dephosphorylation)"
"ENTREZID","5528","ENTREZID","596","directed","Process(inhibition)"
"ENTREZID","5528","ENTREZID","596","directed","Process(dephosphorylation)"
"ENTREZID","5529","ENTREZID","10000","directed","Process(inhibition)"
"ENTREZID","5529","ENTREZID","10000","directed","Process(dephosphorylation)"
"ENTREZID","5529","ENTREZID","207","directed","Process(inhibition)"
"ENTREZID","5529","ENTREZID","207","directed","Process(dephosphorylation)"
"ENTREZID","5529","ENTREZID","208","directed","Process(inhibition)"
"ENTREZID","5529","ENTREZID","208","directed","Process(dephosphorylation)"
"ENTREZID","5529","ENTREZID","596","directed","Process(inhibition)"
"ENTREZID","5529","ENTREZID","596","directed","Process(dephosphorylation)"
"ENTREZID","5581","ENTREZID","56848","directed","Process(activation)"
"ENTREZID","5581","ENTREZID","8877","directed","Process(activation)"
"ENTREZID","55844","ENTREZID","10000","directed","Process(inhibition)"
"ENTREZID","55844","ENTREZID","10000","directed","Process(dephosphorylation)"
"ENTREZID","55844","ENTREZID","207","directed","Process(inhibition)"
"ENTREZID","55844","ENTREZID","207","directed","Process(dephosphorylation)"
"ENTREZID","55844","ENTREZID","208","directed","Process(inhibition)"
"ENTREZID","55844","ENTREZID","208","directed","Process(dephosphorylation)"
"ENTREZID","55844","ENTREZID","596","directed","Process(inhibition)"
"ENTREZID","55844","ENTREZID","596","directed","Process(dephosphorylation)"
"ENTREZID","5590","ENTREZID","10000","directed","Process(inhibition)"
"ENTREZID","5590","ENTREZID","207","directed","Process(inhibition)"
"ENTREZID","5590","ENTREZID","208","directed","Process(inhibition)"
"ENTREZID","5594","ENTREZID","56848","directed","Process(activation)"
"ENTREZID","5594","ENTREZID","8877","directed","Process(activation)"
"ENTREZID","5595","ENTREZID","56848","directed","Process(activation)"
"ENTREZID","5595","ENTREZID","8877","directed","Process(activation)"
"ENTREZID","5599","ENTREZID","581","directed","Process(activation)"
"ENTREZID","5599","ENTREZID","581","directed","Process(indirect effect)"
"ENTREZID","5600","ENTREZID","10000","directed","Process(inhibition)"
"ENTREZID","5600","ENTREZID","207","directed","Process(inhibition)"
"ENTREZID","5600","ENTREZID","208","directed","Process(inhibition)"
"ENTREZID","5600","ENTREZID","581","directed","Process(activation)"
"ENTREZID","5600","ENTREZID","581","directed","Process(indirect effect)"
"ENTREZID","5601","ENTREZID","581","directed","Process(activation)"
"ENTREZID","5601","ENTREZID","581","directed","Process(indirect effect)"
"ENTREZID","5602","ENTREZID","581","directed","Process(activation)"
"ENTREZID","5602","ENTREZID","581","directed","Process(indirect effect)"
"ENTREZID","5603","ENTREZID","10000","directed","Process(inhibition)"
"ENTREZID","5603","ENTREZID","207","directed","Process(inhibition)"
"ENTREZID","5603","ENTREZID","208","directed","Process(inhibition)"
"ENTREZID","5603","ENTREZID","581","directed","Process(activation)"
"ENTREZID","5603","ENTREZID","581","directed","Process(indirect effect)"
"ENTREZID","5604","ENTREZID","5594","directed","Process(phosphorylation)"
"ENTREZID","5604","ENTREZID","5594","directed","Process(activation)"
"ENTREZID","5604","ENTREZID","5595","directed","Process(phosphorylation)"
"ENTREZID","5604","ENTREZID","5595","directed","Process(activation)"
"ENTREZID","5605","ENTREZID","5594","directed","Process(phosphorylation)"
"ENTREZID","5605","ENTREZID","5594","directed","Process(activation)"
"ENTREZID","5605","ENTREZID","5595","directed","Process(phosphorylation)"
"ENTREZID","5605","ENTREZID","5595","directed","Process(activation)"
"ENTREZID","5894","ENTREZID","5604","directed","Process(phosphorylation)"
"ENTREZID","5894","ENTREZID","5604","directed","Process(activation)"
"ENTREZID","5894","ENTREZID","5605","directed","Process(phosphorylation)"
"ENTREZID","5894","ENTREZID","5605","directed","Process(activation)"
"ENTREZID","596","ENTREZID","7157","directed","Process(binding/association)"
"ENTREZID","6093","ENTREZID","4790","directed","Process(activation)"
"ENTREZID","6093","ENTREZID","5728","directed","Process(activation)"
"ENTREZID","6093","ENTREZID","5970","directed","Process(activation)"
"ENTREZID","624","ENTREZID","2770","directed","Process(activation)"
"ENTREZID","624","ENTREZID","2771","directed","Process(activation)"
"ENTREZID","624","ENTREZID","2773","directed","Process(activation)"
"ENTREZID","6300","ENTREZID","10000","directed","Process(inhibition)"
"ENTREZID","6300","ENTREZID","207","directed","Process(inhibition)"
"ENTREZID","6300","ENTREZID","208","directed","Process(inhibition)"
"ENTREZID","6300","ENTREZID","581","directed","Process(activation)"
"ENTREZID","6300","ENTREZID","581","directed","Process(indirect effect)"
"ENTREZID","637","ENTREZID","581","directed","Process(activation)"
"ENTREZID","7124","ENTREZID","7132","directed","Process(activation)"
"ENTREZID","7132","ENTREZID","8439","directed","Process(activation)"
"ENTREZID","7132","ENTREZID","8717","directed","Process(activation)"
"ENTREZID","7186","ENTREZID","56848","directed","Process(activation)"
"ENTREZID","7186","ENTREZID","56848","directed","Process(indirect effect)"
"ENTREZID","7186","ENTREZID","8877","directed","Process(activation)"
"ENTREZID","7186","ENTREZID","8877","directed","Process(indirect effect)"
"ENTREZID","8439","ENTREZID","6610","directed","Process(activation)"
"ENTREZID","8503","ENTREZID","5879","directed","Process(activation)"
"ENTREZID","8503","ENTREZID","5880","directed","Process(activation)"
"ENTREZID","8503","ENTREZID","5881","directed","Process(activation)"
"ENTREZID","8698","ENTREZID","10672","directed","Process(activation)"
"ENTREZID","8698","ENTREZID","2768","directed","Process(activation)"
"ENTREZID","8698","ENTREZID","2770","directed","Process(activation)"
"ENTREZID","8698","ENTREZID","2771","directed","Process(activation)"
"ENTREZID","8698","ENTREZID","2773","directed","Process(activation)"
"ENTREZID","8717","ENTREZID","7186","directed","Process(activation)"
"ENTREZID","9294","ENTREZID","10672","directed","Process(activation)"
"ENTREZID","9294","ENTREZID","2768","directed","Process(activation)"
"ENTREZID","9294","ENTREZID","2770","directed","Process(activation)"
"ENTREZID","9294","ENTREZID","2771","directed","Process(activation)"
"ENTREZID","9294","ENTREZID","2773","directed","Process(activation)"
"ENTREZID","9294","ENTREZID","2776","directed","Process(activation)"
"ENTREZID","9475","ENTREZID","4790","directed","Process(activation)"
"ENTREZID","9475","ENTREZID","5728","directed","Process(activation)"
"ENTREZID","9475","ENTREZID","5970","directed","Process(activation)"
"ENTREZID","9846","ENTREZID","5290","directed","Process(activation)"
"ENTREZID","9846","ENTREZID","5291","directed","Process(activation)"
"ENTREZID","9846","ENTREZID","5293","directed","Process(activation)"
"ENTREZID","9846","ENTREZID","5295","directed","Process(activation)"
"ENTREZID","9846","ENTREZID","5296","directed","Process(activation)"
"ENTREZID","9846","ENTREZID","8503","directed","Process(activation)"
