"src_type","src","dest_type","dest","direction","type"
"ENTREZID","10000","ENTREZID","7248","directed","Process(inhibition)"
"ENTREZID","10000","ENTREZID","7248","directed","Process(phosphorylation)"
"ENTREZID","10000","ENTREZID","7249","directed","Process(inhibition)"
"ENTREZID","10000","ENTREZID","7249","directed","Process(phosphorylation)"
"ENTREZID","10161","ENTREZID","10672","directed","Process(activation)"
"ENTREZID","10161","ENTREZID","23236","directed","Process(activation)"
"ENTREZID","10161","ENTREZID","23236","directed","Process(indirect effect)"
"ENTREZID","10161","ENTREZID","2768","directed","Process(activation)"
"ENTREZID","10161","ENTREZID","2778","directed","Process(activation)"
"ENTREZID","10161","ENTREZID","5330","directed","Process(activation)"
"ENTREZID","10161","ENTREZID","5330","directed","Process(indirect effect)"
"ENTREZID","10161","ENTREZID","5331","directed","Process(activation)"
"ENTREZID","10161","ENTREZID","5331","directed","Process(indirect effect)"
"ENTREZID","10161","ENTREZID","5332","directed","Process(activation)"
"ENTREZID","10161","ENTREZID","5332","directed","Process(indirect effect)"
"ENTREZID","102723407","ENTREZID","2205","directed","Process(activation)"
"ENTREZID","102723407","ENTREZID","2206","directed","Process(activation)"
"ENTREZID","102723407","ENTREZID","2207","directed","Process(activation)"
"ENTREZID","10411","ENTREZID","22800","directed","Process(activation)"
"ENTREZID","10411","ENTREZID","6237","directed","Process(activation)"
"ENTREZID","10672","ENTREZID","146850","directed","Process(activation)"
"ENTREZID","10672","ENTREZID","23533","directed","Process(activation)"
"ENTREZID","10672","ENTREZID","5294","directed","Process(activation)"
"ENTREZID","11069","ENTREZID","22800","directed","Process(activation)"
"ENTREZID","11069","ENTREZID","6237","directed","Process(activation)"
"ENTREZID","183","ENTREZID","10161","directed","Process(activation)"
"ENTREZID","183","ENTREZID","185","directed","Process(activation)"
"ENTREZID","183","ENTREZID","1902","directed","Process(activation)"
"ENTREZID","183","ENTREZID","2149","directed","Process(activation)"
"ENTREZID","183","ENTREZID","23566","directed","Process(activation)"
"ENTREZID","183","ENTREZID","2846","directed","Process(activation)"
"ENTREZID","183","ENTREZID","2911","directed","Process(activation)"
"ENTREZID","183","ENTREZID","2912","directed","Process(activation)"
"ENTREZID","183","ENTREZID","2913","directed","Process(activation)"
"ENTREZID","183","ENTREZID","2914","directed","Process(activation)"
"ENTREZID","183","ENTREZID","2915","directed","Process(activation)"
"ENTREZID","183","ENTREZID","2916","directed","Process(activation)"
"ENTREZID","183","ENTREZID","2917","directed","Process(activation)"
"ENTREZID","183","ENTREZID","2918","directed","Process(activation)"
"ENTREZID","183","ENTREZID","3577","directed","Process(activation)"
"ENTREZID","183","ENTREZID","3579","directed","Process(activation)"
"ENTREZID","183","ENTREZID","552","directed","Process(activation)"
"ENTREZID","183","ENTREZID","553","directed","Process(activation)"
"ENTREZID","183","ENTREZID","554","directed","Process(activation)"
"ENTREZID","183","ENTREZID","57121","directed","Process(activation)"
"ENTREZID","183","ENTREZID","5737","directed","Process(activation)"
"ENTREZID","183","ENTREZID","9170","directed","Process(activation)"
"ENTREZID","185","ENTREZID","10672","directed","Process(activation)"
"ENTREZID","185","ENTREZID","23236","directed","Process(activation)"
"ENTREZID","185","ENTREZID","23236","directed","Process(indirect effect)"
"ENTREZID","185","ENTREZID","2768","directed","Process(activation)"
"ENTREZID","185","ENTREZID","2778","directed","Process(activation)"
"ENTREZID","185","ENTREZID","5330","directed","Process(activation)"
"ENTREZID","185","ENTREZID","5330","directed","Process(indirect effect)"
"ENTREZID","185","ENTREZID","5331","directed","Process(activation)"
"ENTREZID","185","ENTREZID","5331","directed","Process(indirect effect)"
"ENTREZID","185","ENTREZID","5332","directed","Process(activation)"
"ENTREZID","185","ENTREZID","5332","directed","Process(indirect effect)"
"ENTREZID","1902","ENTREZID","10672","directed","Process(activation)"
"ENTREZID","1902","ENTREZID","23236","directed","Process(activation)"
"ENTREZID","1902","ENTREZID","23236","directed","Process(indirect effect)"
"ENTREZID","1902","ENTREZID","2768","directed","Process(activation)"
"ENTREZID","1902","ENTREZID","2778","directed","Process(activation)"
"ENTREZID","1902","ENTREZID","5330","directed","Process(activation)"
"ENTREZID","1902","ENTREZID","5330","directed","Process(indirect effect)"
"ENTREZID","1902","ENTREZID","5331","directed","Process(activation)"
"ENTREZID","1902","ENTREZID","5331","directed","Process(indirect effect)"
"ENTREZID","1902","ENTREZID","5332","directed","Process(activation)"
"ENTREZID","1902","ENTREZID","5332","directed","Process(indirect effect)"
"ENTREZID","1950","ENTREZID","1956","directed","Process(activation)"
"ENTREZID","1950","ENTREZID","3643","directed","Process(activation)"
"ENTREZID","1950","ENTREZID","3815","directed","Process(activation)"
"ENTREZID","1950","ENTREZID","5156","directed","Process(activation)"
"ENTREZID","1950","ENTREZID","5159","directed","Process(activation)"
"ENTREZID","1956","ENTREZID","2549","directed","Process(activation)"
"ENTREZID","1956","ENTREZID","25759","directed","Process(activation)"
"ENTREZID","1956","ENTREZID","2885","directed","Process(activation)"
"ENTREZID","1956","ENTREZID","399694","directed","Process(activation)"
"ENTREZID","1956","ENTREZID","5290","directed","Process(activation)"
"ENTREZID","1956","ENTREZID","5291","directed","Process(activation)"
"ENTREZID","1956","ENTREZID","5293","directed","Process(activation)"
"ENTREZID","1956","ENTREZID","5295","directed","Process(activation)"
"ENTREZID","1956","ENTREZID","5296","directed","Process(activation)"
"ENTREZID","1956","ENTREZID","53358","directed","Process(activation)"
"ENTREZID","1956","ENTREZID","5781","directed","Process(activation)"
"ENTREZID","1956","ENTREZID","6464","directed","Process(activation)"
"ENTREZID","1956","ENTREZID","8503","directed","Process(activation)"
"ENTREZID","1956","ENTREZID","9846","directed","Process(activation)"
"ENTREZID","207","ENTREZID","7248","directed","Process(inhibition)"
"ENTREZID","207","ENTREZID","7248","directed","Process(phosphorylation)"
"ENTREZID","207","ENTREZID","7249","directed","Process(inhibition)"
"ENTREZID","207","ENTREZID","7249","directed","Process(phosphorylation)"
"ENTREZID","208","ENTREZID","7248","directed","Process(inhibition)"
"ENTREZID","208","ENTREZID","7248","directed","Process(phosphorylation)"
"ENTREZID","208","ENTREZID","7249","directed","Process(inhibition)"
"ENTREZID","208","ENTREZID","7249","directed","Process(phosphorylation)"
"ENTREZID","2147","ENTREZID","10161","directed","Process(activation)"
"ENTREZID","2147","ENTREZID","185","directed","Process(activation)"
"ENTREZID","2147","ENTREZID","1902","directed","Process(activation)"
"ENTREZID","2147","ENTREZID","2149","directed","Process(activation)"
"ENTREZID","2147","ENTREZID","23566","directed","Process(activation)"
"ENTREZID","2147","ENTREZID","2846","directed","Process(activation)"
"ENTREZID","2147","ENTREZID","2911","directed","Process(activation)"
"ENTREZID","2147","ENTREZID","2912","directed","Process(activation)"
"ENTREZID","2147","ENTREZID","2913","directed","Process(activation)"
"ENTREZID","2147","ENTREZID","2914","directed","Process(activation)"
"ENTREZID","2147","ENTREZID","2915","directed","Process(activation)"
"ENTREZID","2147","ENTREZID","2916","directed","Process(activation)"
"ENTREZID","2147","ENTREZID","2917","directed","Process(activation)"
"ENTREZID","2147","ENTREZID","2918","directed","Process(activation)"
"ENTREZID","2147","ENTREZID","3577","directed","Process(activation)"
"ENTREZID","2147","ENTREZID","3579","directed","Process(activation)"
"ENTREZID","2147","ENTREZID","552","directed","Process(activation)"
"ENTREZID","2147","ENTREZID","553","directed","Process(activation)"
"ENTREZID","2147","ENTREZID","554","directed","Process(activation)"
"ENTREZID","2147","ENTREZID","57121","directed","Process(activation)"
"ENTREZID","2147","ENTREZID","5737","directed","Process(activation)"
"ENTREZID","2147","ENTREZID","9170","directed","Process(activation)"
"ENTREZID","2149","ENTREZID","10672","directed","Process(activation)"
"ENTREZID","2149","ENTREZID","23236","directed","Process(activation)"
"ENTREZID","2149","ENTREZID","23236","directed","Process(indirect effect)"
"ENTREZID","2149","ENTREZID","2768","directed","Process(activation)"
"ENTREZID","2149","ENTREZID","2778","directed","Process(activation)"
"ENTREZID","2149","ENTREZID","5330","directed","Process(activation)"
"ENTREZID","2149","ENTREZID","5330","directed","Process(indirect effect)"
"ENTREZID","2149","ENTREZID","5331","directed","Process(activation)"
"ENTREZID","2149","ENTREZID","5331","directed","Process(indirect effect)"
"ENTREZID","2149","ENTREZID","5332","directed","Process(activation)"
"ENTREZID","2149","ENTREZID","5332","directed","Process(indirect effect)"
"ENTREZID","2185","ENTREZID","387","directed","Process(activation)"
"ENTREZID","2205","ENTREZID","2534","directed","Process(activation)"
"ENTREZID","2205","ENTREZID","6850","directed","Process(activation)"
"ENTREZID","2206","ENTREZID","2534","directed","Process(activation)"
"ENTREZID","2206","ENTREZID","6850","directed","Process(activation)"
"ENTREZID","2207","ENTREZID","2534","directed","Process(activation)"
"ENTREZID","2207","ENTREZID","6850","directed","Process(activation)"
"ENTREZID","22800","ENTREZID","5337","directed","Process(activation)"
"ENTREZID","22800","ENTREZID","5338","directed","Process(activation)"
"ENTREZID","22800","ENTREZID","5900","directed","Process(activation)"
"ENTREZID","22808","ENTREZID","5900","directed","Process(activation)"
"ENTREZID","23566","ENTREZID","10672","directed","Process(activation)"
"ENTREZID","23566","ENTREZID","23236","directed","Process(activation)"
"ENTREZID","23566","ENTREZID","23236","directed","Process(indirect effect)"
"ENTREZID","23566","ENTREZID","2768","directed","Process(activation)"
"ENTREZID","23566","ENTREZID","2778","directed","Process(activation)"
"ENTREZID","23566","ENTREZID","5330","directed","Process(activation)"
"ENTREZID","23566","ENTREZID","5330","directed","Process(indirect effect)"
"ENTREZID","23566","ENTREZID","5331","directed","Process(activation)"
"ENTREZID","23566","ENTREZID","5331","directed","Process(indirect effect)"
"ENTREZID","23566","ENTREZID","5332","directed","Process(activation)"
"ENTREZID","23566","ENTREZID","5332","directed","Process(indirect effect)"
"ENTREZID","2534","ENTREZID","9846","directed","Process(phosphorylation)"
"ENTREZID","2534","ENTREZID","9846","directed","Process(activation)"
"ENTREZID","2549","ENTREZID","6654","directed","Process(activation)"
"ENTREZID","2549","ENTREZID","6655","directed","Process(activation)"
"ENTREZID","25759","ENTREZID","6654","directed","Process(activation)"
"ENTREZID","25759","ENTREZID","6655","directed","Process(activation)"
"ENTREZID","27128","ENTREZID","375","directed","Process(activation)"
"ENTREZID","2768","ENTREZID","2185","directed","Process(activation)"
"ENTREZID","2778","ENTREZID","107","directed","Process(activation)"
"ENTREZID","2778","ENTREZID","108","directed","Process(activation)"
"ENTREZID","2778","ENTREZID","109","directed","Process(activation)"
"ENTREZID","2778","ENTREZID","111","directed","Process(activation)"
"ENTREZID","2778","ENTREZID","112","directed","Process(activation)"
"ENTREZID","2778","ENTREZID","113","directed","Process(activation)"
"ENTREZID","2778","ENTREZID","114","directed","Process(activation)"
"ENTREZID","2778","ENTREZID","115","directed","Process(activation)"
"ENTREZID","2778","ENTREZID","196883","directed","Process(activation)"
"ENTREZID","2846","ENTREZID","10672","directed","Process(activation)"
"ENTREZID","2846","ENTREZID","23236","directed","Process(activation)"
"ENTREZID","2846","ENTREZID","23236","directed","Process(indirect effect)"
"ENTREZID","2846","ENTREZID","2768","directed","Process(activation)"
"ENTREZID","2846","ENTREZID","2778","directed","Process(activation)"
"ENTREZID","2846","ENTREZID","5330","directed","Process(activation)"
"ENTREZID","2846","ENTREZID","5330","directed","Process(indirect effect)"
"ENTREZID","2846","ENTREZID","5331","directed","Process(activation)"
"ENTREZID","2846","ENTREZID","5331","directed","Process(indirect effect)"
"ENTREZID","2846","ENTREZID","5332","directed","Process(activation)"
"ENTREZID","2846","ENTREZID","5332","directed","Process(indirect effect)"
"ENTREZID","2885","ENTREZID","6654","directed","Process(activation)"
"ENTREZID","2885","ENTREZID","6655","directed","Process(activation)"
"ENTREZID","2911","ENTREZID","10672","directed","Process(activation)"
"ENTREZID","2911","ENTREZID","23236","directed","Process(activation)"
"ENTREZID","2911","ENTREZID","23236","directed","Process(indirect effect)"
"ENTREZID","2911","ENTREZID","2768","directed","Process(activation)"
"ENTREZID","2911","ENTREZID","2778","directed","Process(activation)"
"ENTREZID","2911","ENTREZID","5330","directed","Process(activation)"
"ENTREZID","2911","ENTREZID","5330","directed","Process(indirect effect)"
"ENTREZID","2911","ENTREZID","5331","directed","Process(activation)"
"ENTREZID","2911","ENTREZID","5331","directed","Process(indirect effect)"
"ENTREZID","2911","ENTREZID","5332","directed","Process(activation)"
"ENTREZID","2911","ENTREZID","5332","directed","Process(indirect effect)"
"ENTREZID","2912","ENTREZID","10672","directed","Process(activation)"
"ENTREZID","2912","ENTREZID","23236","directed","Process(activation)"
"ENTREZID","2912","ENTREZID","23236","directed","Process(indirect effect)"
"ENTREZID","2912","ENTREZID","2768","directed","Process(activation)"
"ENTREZID","2912","ENTREZID","2778","directed","Process(activation)"
"ENTREZID","2912","ENTREZID","5330","directed","Process(activation)"
"ENTREZID","2912","ENTREZID","5330","directed","Process(indirect effect)"
"ENTREZID","2912","ENTREZID","5331","directed","Process(activation)"
"ENTREZID","2912","ENTREZID","5331","directed","Process(indirect effect)"
"ENTREZID","2912","ENTREZID","5332","directed","Process(activation)"
"ENTREZID","2912","ENTREZID","5332","directed","Process(indirect effect)"
"ENTREZID","2913","ENTREZID","10672","directed","Process(activation)"
"ENTREZID","2913","ENTREZID","23236","directed","Process(activation)"
"ENTREZID","2913","ENTREZID","23236","directed","Process(indirect effect)"
"ENTREZID","2913","ENTREZID","2768","directed","Process(activation)"
"ENTREZID","2913","ENTREZID","2778","directed","Process(activation)"
"ENTREZID","2913","ENTREZID","5330","directed","Process(activation)"
"ENTREZID","2913","ENTREZID","5330","directed","Process(indirect effect)"
"ENTREZID","2913","ENTREZID","5331","directed","Process(activation)"
"ENTREZID","2913","ENTREZID","5331","directed","Process(indirect effect)"
"ENTREZID","2913","ENTREZID","5332","directed","Process(activation)"
"ENTREZID","2913","ENTREZID","5332","directed","Process(indirect effect)"
"ENTREZID","2914","ENTREZID","10672","directed","Process(activation)"
"ENTREZID","2914","ENTREZID","23236","directed","Process(activation)"
"ENTREZID","2914","ENTREZID","23236","directed","Process(indirect effect)"
"ENTREZID","2914","ENTREZID","2768","directed","Process(activation)"
"ENTREZID","2914","ENTREZID","2778","directed","Process(activation)"
"ENTREZID","2914","ENTREZID","5330","directed","Process(activation)"
"ENTREZID","2914","ENTREZID","5330","directed","Process(indirect effect)"
"ENTREZID","2914","ENTREZID","5331","directed","Process(activation)"
"ENTREZID","2914","ENTREZID","5331","directed","Process(indirect effect)"
"ENTREZID","2914","ENTREZID","5332","directed","Process(activation)"
"ENTREZID","2914","ENTREZID","5332","directed","Process(indirect effect)"
"ENTREZID","2915","ENTREZID","10672","directed","Process(activation)"
"ENTREZID","2915","ENTREZID","23236","directed","Process(activation)"
"ENTREZID","2915","ENTREZID","23236","directed","Process(indirect effect)"
"ENTREZID","2915","ENTREZID","2768","directed","Process(activation)"
"ENTREZID","2915","ENTREZID","2778","directed","Process(activation)"
"ENTREZID","2915","ENTREZID","5330","directed","Process(activation)"
"ENTREZID","2915","ENTREZID","5330","directed","Process(indirect effect)"
"ENTREZID","2915","ENTREZID","5331","directed","Process(activation)"
"ENTREZID","2915","ENTREZID","5331","directed","Process(indirect effect)"
"ENTREZID","2915","ENTREZID","5332","directed","Process(activation)"
"ENTREZID","2915","ENTREZID","5332","directed","Process(indirect effect)"
"ENTREZID","2916","ENTREZID","10672","directed","Process(activation)"
"ENTREZID","2916","ENTREZID","23236","directed","Process(activation)"
"ENTREZID","2916","ENTREZID","23236","directed","Process(indirect effect)"
"ENTREZID","2916","ENTREZID","2768","directed","Process(activation)"
"ENTREZID","2916","ENTREZID","2778","directed","Process(activation)"
"ENTREZID","2916","ENTREZID","5330","directed","Process(activation)"
"ENTREZID","2916","ENTREZID","5330","directed","Process(indirect effect)"
"ENTREZID","2916","ENTREZID","5331","directed","Process(activation)"
"ENTREZID","2916","ENTREZID","5331","directed","Process(indirect effect)"
"ENTREZID","2916","ENTREZID","5332","directed","Process(activation)"
"ENTREZID","2916","ENTREZID","5332","directed","Process(indirect effect)"
"ENTREZID","2917","ENTREZID","10672","directed","Process(activation)"
"ENTREZID","2917","ENTREZID","23236","directed","Process(activation)"
"ENTREZID","2917","ENTREZID","23236","directed","Process(indirect effect)"
"ENTREZID","2917","ENTREZID","2768","directed","Process(activation)"
"ENTREZID","2917","ENTREZID","2778","directed","Process(activation)"
"ENTREZID","2917","ENTREZID","5330","directed","Process(activation)"
"ENTREZID","2917","ENTREZID","5330","directed","Process(indirect effect)"
"ENTREZID","2917","ENTREZID","5331","directed","Process(activation)"
"ENTREZID","2917","ENTREZID","5331","directed","Process(indirect effect)"
"ENTREZID","2917","ENTREZID","5332","directed","Process(activation)"
"ENTREZID","2917","ENTREZID","5332","directed","Process(indirect effect)"
"ENTREZID","2918","ENTREZID","10672","directed","Process(activation)"
"ENTREZID","2918","ENTREZID","23236","directed","Process(activation)"
"ENTREZID","2918","ENTREZID","23236","directed","Process(indirect effect)"
"ENTREZID","2918","ENTREZID","2768","directed","Process(activation)"
"ENTREZID","2918","ENTREZID","2778","directed","Process(activation)"
"ENTREZID","2918","ENTREZID","5330","directed","Process(activation)"
"ENTREZID","2918","ENTREZID","5330","directed","Process(indirect effect)"
"ENTREZID","2918","ENTREZID","5331","directed","Process(activation)"
"ENTREZID","2918","ENTREZID","5331","directed","Process(indirect effect)"
"ENTREZID","2918","ENTREZID","5332","directed","Process(activation)"
"ENTREZID","2918","ENTREZID","5332","directed","Process(indirect effect)"
"ENTREZID","3265","ENTREZID","5900","directed","Process(activation)"
"ENTREZID","3576","ENTREZID","10161","directed","Process(activation)"
"ENTREZID","3576","ENTREZID","185","directed","Process(activation)"
"ENTREZID","3576","ENTREZID","1902","directed","Process(activation)"
"ENTREZID","3576","ENTREZID","2149","directed","Process(activation)"
"ENTREZID","3576","ENTREZID","23566","directed","Process(activation)"
"ENTREZID","3576","ENTREZID","2846","directed","Process(activation)"
"ENTREZID","3576","ENTREZID","2911","directed","Process(activation)"
"ENTREZID","3576","ENTREZID","2912","directed","Process(activation)"
"ENTREZID","3576","ENTREZID","2913","directed","Process(activation)"
"ENTREZID","3576","ENTREZID","2914","directed","Process(activation)"
"ENTREZID","3576","ENTREZID","2915","directed","Process(activation)"
"ENTREZID","3576","ENTREZID","2916","directed","Process(activation)"
"ENTREZID","3576","ENTREZID","2917","directed","Process(activation)"
"ENTREZID","3576","ENTREZID","2918","directed","Process(activation)"
"ENTREZID","3576","ENTREZID","3577","directed","Process(activation)"
"ENTREZID","3576","ENTREZID","3579","directed","Process(activation)"
"ENTREZID","3576","ENTREZID","552","directed","Process(activation)"
"ENTREZID","3576","ENTREZID","553","directed","Process(activation)"
"ENTREZID","3576","ENTREZID","554","directed","Process(activation)"
"ENTREZID","3576","ENTREZID","57121","directed","Process(activation)"
"ENTREZID","3576","ENTREZID","5737","directed","Process(activation)"
"ENTREZID","3576","ENTREZID","9170","directed","Process(activation)"
"ENTREZID","3577","ENTREZID","10672","directed","Process(activation)"
"ENTREZID","3577","ENTREZID","23236","directed","Process(activation)"
"ENTREZID","3577","ENTREZID","23236","directed","Process(indirect effect)"
"ENTREZID","3577","ENTREZID","2768","directed","Process(activation)"
"ENTREZID","3577","ENTREZID","2778","directed","Process(activation)"
"ENTREZID","3577","ENTREZID","5330","directed","Process(activation)"
"ENTREZID","3577","ENTREZID","5330","directed","Process(indirect effect)"
"ENTREZID","3577","ENTREZID","5331","directed","Process(activation)"
"ENTREZID","3577","ENTREZID","5331","directed","Process(indirect effect)"
"ENTREZID","3577","ENTREZID","5332","directed","Process(activation)"
"ENTREZID","3577","ENTREZID","5332","directed","Process(indirect effect)"
"ENTREZID","3579","ENTREZID","10672","directed","Process(activation)"
"ENTREZID","3579","ENTREZID","23236","directed","Process(activation)"
"ENTREZID","3579","ENTREZID","23236","directed","Process(indirect effect)"
"ENTREZID","3579","ENTREZID","2768","directed","Process(activation)"
"ENTREZID","3579","ENTREZID","2778","directed","Process(activation)"
"ENTREZID","3579","ENTREZID","5330","directed","Process(activation)"
"ENTREZID","3579","ENTREZID","5330","directed","Process(indirect effect)"
"ENTREZID","3579","ENTREZID","5331","directed","Process(activation)"
"ENTREZID","3579","ENTREZID","5331","directed","Process(indirect effect)"
"ENTREZID","3579","ENTREZID","5332","directed","Process(activation)"
"ENTREZID","3579","ENTREZID","5332","directed","Process(indirect effect)"
"ENTREZID","3630","ENTREZID","1956","directed","Process(activation)"
"ENTREZID","3630","ENTREZID","3643","directed","Process(activation)"
"ENTREZID","3630","ENTREZID","3815","directed","Process(activation)"
"ENTREZID","3630","ENTREZID","5156","directed","Process(activation)"
"ENTREZID","3630","ENTREZID","5159","directed","Process(activation)"
"ENTREZID","3643","ENTREZID","2549","directed","Process(activation)"
"ENTREZID","3643","ENTREZID","25759","directed","Process(activation)"
"ENTREZID","3643","ENTREZID","2885","directed","Process(activation)"
"ENTREZID","3643","ENTREZID","399694","directed","Process(activation)"
"ENTREZID","3643","ENTREZID","5290","directed","Process(activation)"
"ENTREZID","3643","ENTREZID","5291","directed","Process(activation)"
"ENTREZID","3643","ENTREZID","5293","directed","Process(activation)"
"ENTREZID","3643","ENTREZID","5295","directed","Process(activation)"
"ENTREZID","3643","ENTREZID","5296","directed","Process(activation)"
"ENTREZID","3643","ENTREZID","53358","directed","Process(activation)"
"ENTREZID","3643","ENTREZID","5781","directed","Process(activation)"
"ENTREZID","3643","ENTREZID","6464","directed","Process(activation)"
"ENTREZID","3643","ENTREZID","8503","directed","Process(activation)"
"ENTREZID","3643","ENTREZID","9846","directed","Process(activation)"
"ENTREZID","375","ENTREZID","5337","directed","Process(activation)"
"ENTREZID","375","ENTREZID","5338","directed","Process(activation)"
"ENTREZID","3815","ENTREZID","2549","directed","Process(activation)"
"ENTREZID","3815","ENTREZID","25759","directed","Process(activation)"
"ENTREZID","3815","ENTREZID","2885","directed","Process(activation)"
"ENTREZID","3815","ENTREZID","399694","directed","Process(activation)"
"ENTREZID","3815","ENTREZID","5290","directed","Process(activation)"
"ENTREZID","3815","ENTREZID","5291","directed","Process(activation)"
"ENTREZID","3815","ENTREZID","5293","directed","Process(activation)"
"ENTREZID","3815","ENTREZID","5295","directed","Process(activation)"
"ENTREZID","3815","ENTREZID","5296","directed","Process(activation)"
"ENTREZID","3815","ENTREZID","53358","directed","Process(activation)"
"ENTREZID","3815","ENTREZID","5781","directed","Process(activation)"
"ENTREZID","3815","ENTREZID","6464","directed","Process(activation)"
"ENTREZID","3815","ENTREZID","8503","directed","Process(activation)"
"ENTREZID","3815","ENTREZID","9846","directed","Process(activation)"
"ENTREZID","382","ENTREZID","5337","directed","Process(activation)"
"ENTREZID","382","ENTREZID","5338","directed","Process(activation)"
"ENTREZID","3845","ENTREZID","5900","directed","Process(activation)"
"ENTREZID","387","ENTREZID","5337","directed","Process(activation)"
"ENTREZID","387","ENTREZID","5338","directed","Process(activation)"
"ENTREZID","399694","ENTREZID","6654","directed","Process(activation)"
"ENTREZID","399694","ENTREZID","6655","directed","Process(activation)"
"ENTREZID","4254","ENTREZID","1956","directed","Process(activation)"
"ENTREZID","4254","ENTREZID","3643","directed","Process(activation)"
"ENTREZID","4254","ENTREZID","3815","directed","Process(activation)"
"ENTREZID","4254","ENTREZID","5156","directed","Process(activation)"
"ENTREZID","4254","ENTREZID","5159","directed","Process(activation)"
"ENTREZID","4893","ENTREZID","5900","directed","Process(activation)"
"ENTREZID","5154","ENTREZID","1956","directed","Process(activation)"
"ENTREZID","5154","ENTREZID","3643","directed","Process(activation)"
"ENTREZID","5154","ENTREZID","3815","directed","Process(activation)"
"ENTREZID","5154","ENTREZID","5156","directed","Process(activation)"
"ENTREZID","5154","ENTREZID","5159","directed","Process(activation)"
"ENTREZID","5155","ENTREZID","1956","directed","Process(activation)"
"ENTREZID","5155","ENTREZID","3643","directed","Process(activation)"
"ENTREZID","5155","ENTREZID","3815","directed","Process(activation)"
"ENTREZID","5155","ENTREZID","5156","directed","Process(activation)"
"ENTREZID","5155","ENTREZID","5159","directed","Process(activation)"
"ENTREZID","5156","ENTREZID","2549","directed","Process(activation)"
"ENTREZID","5156","ENTREZID","25759","directed","Process(activation)"
"ENTREZID","5156","ENTREZID","2885","directed","Process(activation)"
"ENTREZID","5156","ENTREZID","399694","directed","Process(activation)"
"ENTREZID","5156","ENTREZID","5290","directed","Process(activation)"
"ENTREZID","5156","ENTREZID","5291","directed","Process(activation)"
"ENTREZID","5156","ENTREZID","5293","directed","Process(activation)"
"ENTREZID","5156","ENTREZID","5295","directed","Process(activation)"
"ENTREZID","5156","ENTREZID","5296","directed","Process(activation)"
"ENTREZID","5156","ENTREZID","53358","directed","Process(activation)"
"ENTREZID","5156","ENTREZID","5781","directed","Process(activation)"
"ENTREZID","5156","ENTREZID","6464","directed","Process(activation)"
"ENTREZID","5156","ENTREZID","8503","directed","Process(activation)"
"ENTREZID","5156","ENTREZID","9846","directed","Process(activation)"
"ENTREZID","5159","ENTREZID","2549","directed","Process(activation)"
"ENTREZID","5159","ENTREZID","25759","directed","Process(activation)"
"ENTREZID","5159","ENTREZID","2885","directed","Process(activation)"
"ENTREZID","5159","ENTREZID","399694","directed","Process(activation)"
"ENTREZID","5159","ENTREZID","5290","directed","Process(activation)"
"ENTREZID","5159","ENTREZID","5291","directed","Process(activation)"
"ENTREZID","5159","ENTREZID","5293","directed","Process(activation)"
"ENTREZID","5159","ENTREZID","5295","directed","Process(activation)"
"ENTREZID","5159","ENTREZID","5296","directed","Process(activation)"
"ENTREZID","5159","ENTREZID","53358","directed","Process(activation)"
"ENTREZID","5159","ENTREZID","5781","directed","Process(activation)"
"ENTREZID","5159","ENTREZID","6464","directed","Process(activation)"
"ENTREZID","5159","ENTREZID","8503","directed","Process(activation)"
"ENTREZID","5159","ENTREZID","9846","directed","Process(activation)"
"ENTREZID","53358","ENTREZID","6654","directed","Process(activation)"
"ENTREZID","53358","ENTREZID","6655","directed","Process(activation)"
"ENTREZID","551","ENTREZID","10161","directed","Process(activation)"
"ENTREZID","551","ENTREZID","185","directed","Process(activation)"
"ENTREZID","551","ENTREZID","1902","directed","Process(activation)"
"ENTREZID","551","ENTREZID","2149","directed","Process(activation)"
"ENTREZID","551","ENTREZID","23566","directed","Process(activation)"
"ENTREZID","551","ENTREZID","2846","directed","Process(activation)"
"ENTREZID","551","ENTREZID","2911","directed","Process(activation)"
"ENTREZID","551","ENTREZID","2912","directed","Process(activation)"
"ENTREZID","551","ENTREZID","2913","directed","Process(activation)"
"ENTREZID","551","ENTREZID","2914","directed","Process(activation)"
"ENTREZID","551","ENTREZID","2915","directed","Process(activation)"
"ENTREZID","551","ENTREZID","2916","directed","Process(activation)"
"ENTREZID","551","ENTREZID","2917","directed","Process(activation)"
"ENTREZID","551","ENTREZID","2918","directed","Process(activation)"
"ENTREZID","551","ENTREZID","3577","directed","Process(activation)"
"ENTREZID","551","ENTREZID","3579","directed","Process(activation)"
"ENTREZID","551","ENTREZID","552","directed","Process(activation)"
"ENTREZID","551","ENTREZID","553","directed","Process(activation)"
"ENTREZID","551","ENTREZID","554","directed","Process(activation)"
"ENTREZID","551","ENTREZID","57121","directed","Process(activation)"
"ENTREZID","551","ENTREZID","5737","directed","Process(activation)"
"ENTREZID","551","ENTREZID","9170","directed","Process(activation)"
"ENTREZID","552","ENTREZID","10672","directed","Process(activation)"
"ENTREZID","552","ENTREZID","23236","directed","Process(activation)"
"ENTREZID","552","ENTREZID","23236","directed","Process(indirect effect)"
"ENTREZID","552","ENTREZID","2768","directed","Process(activation)"
"ENTREZID","552","ENTREZID","2778","directed","Process(activation)"
"ENTREZID","552","ENTREZID","5330","directed","Process(activation)"
"ENTREZID","552","ENTREZID","5330","directed","Process(indirect effect)"
"ENTREZID","552","ENTREZID","5331","directed","Process(activation)"
"ENTREZID","552","ENTREZID","5331","directed","Process(indirect effect)"
"ENTREZID","552","ENTREZID","5332","directed","Process(activation)"
"ENTREZID","552","ENTREZID","5332","directed","Process(indirect effect)"
"ENTREZID","553","ENTREZID","10672","directed","Process(activation)"
"ENTREZID","553","ENTREZID","23236","directed","Process(activation)"
"ENTREZID","553","ENTREZID","23236","directed","Process(indirect effect)"
"ENTREZID","553","ENTREZID","2768","directed","Process(activation)"
"ENTREZID","553","ENTREZID","2778","directed","Process(activation)"
"ENTREZID","553","ENTREZID","5330","directed","Process(activation)"
"ENTREZID","553","ENTREZID","5330","directed","Process(indirect effect)"
"ENTREZID","553","ENTREZID","5331","directed","Process(activation)"
"ENTREZID","553","ENTREZID","5331","directed","Process(indirect effect)"
"ENTREZID","553","ENTREZID","5332","directed","Process(activation)"
"ENTREZID","553","ENTREZID","5332","directed","Process(indirect effect)"
"ENTREZID","554","ENTREZID","10672","directed","Process(activation)"
"ENTREZID","554","ENTREZID","23236","directed","Process(activation)"
"ENTREZID","554","ENTREZID","23236","directed","Process(indirect effect)"
"ENTREZID","554","ENTREZID","2768","directed","Process(activation)"
"ENTREZID","554","ENTREZID","2778","directed","Process(activation)"
"ENTREZID","554","ENTREZID","5330","directed","Process(activation)"
"ENTREZID","554","ENTREZID","5330","directed","Process(indirect effect)"
"ENTREZID","554","ENTREZID","5331","directed","Process(activation)"
"ENTREZID","554","ENTREZID","5331","directed","Process(indirect effect)"
"ENTREZID","554","ENTREZID","5332","directed","Process(activation)"
"ENTREZID","554","ENTREZID","5332","directed","Process(indirect effect)"
"ENTREZID","5578","ENTREZID","5337","directed","Process(activation)"
"ENTREZID","5578","ENTREZID","5338","directed","Process(activation)"
"ENTREZID","56034","ENTREZID","1956","directed","Process(activation)"
"ENTREZID","56034","ENTREZID","3643","directed","Process(activation)"
"ENTREZID","56034","ENTREZID","3815","directed","Process(activation)"
"ENTREZID","56034","ENTREZID","5156","directed","Process(activation)"
"ENTREZID","56034","ENTREZID","5159","directed","Process(activation)"
"ENTREZID","5604","ENTREZID","5594","directed","Process(phosphorylation)"
"ENTREZID","5604","ENTREZID","5594","directed","Process(activation)"
"ENTREZID","5604","ENTREZID","5595","directed","Process(phosphorylation)"
"ENTREZID","5604","ENTREZID","5595","directed","Process(activation)"
"ENTREZID","5605","ENTREZID","5594","directed","Process(phosphorylation)"
"ENTREZID","5605","ENTREZID","5594","directed","Process(activation)"
"ENTREZID","5605","ENTREZID","5595","directed","Process(phosphorylation)"
"ENTREZID","5605","ENTREZID","5595","directed","Process(activation)"
"ENTREZID","57121","ENTREZID","10672","directed","Process(activation)"
"ENTREZID","57121","ENTREZID","23236","directed","Process(activation)"
"ENTREZID","57121","ENTREZID","23236","directed","Process(indirect effect)"
"ENTREZID","57121","ENTREZID","2768","directed","Process(activation)"
"ENTREZID","57121","ENTREZID","2778","directed","Process(activation)"
"ENTREZID","57121","ENTREZID","5330","directed","Process(activation)"
"ENTREZID","57121","ENTREZID","5330","directed","Process(indirect effect)"
"ENTREZID","57121","ENTREZID","5331","directed","Process(activation)"
"ENTREZID","57121","ENTREZID","5331","directed","Process(indirect effect)"
"ENTREZID","57121","ENTREZID","5332","directed","Process(activation)"
"ENTREZID","57121","ENTREZID","5332","directed","Process(indirect effect)"
"ENTREZID","5737","ENTREZID","10672","directed","Process(activation)"
"ENTREZID","5737","ENTREZID","23236","directed","Process(activation)"
"ENTREZID","5737","ENTREZID","23236","directed","Process(indirect effect)"
"ENTREZID","5737","ENTREZID","2768","directed","Process(activation)"
"ENTREZID","5737","ENTREZID","2778","directed","Process(activation)"
"ENTREZID","5737","ENTREZID","5330","directed","Process(activation)"
"ENTREZID","5737","ENTREZID","5330","directed","Process(indirect effect)"
"ENTREZID","5737","ENTREZID","5331","directed","Process(activation)"
"ENTREZID","5737","ENTREZID","5331","directed","Process(indirect effect)"
"ENTREZID","5737","ENTREZID","5332","directed","Process(activation)"
"ENTREZID","5737","ENTREZID","5332","directed","Process(indirect effect)"
"ENTREZID","5781","ENTREZID","6654","directed","Process(activation)"
"ENTREZID","5781","ENTREZID","6655","directed","Process(activation)"
"ENTREZID","5894","ENTREZID","5604","directed","Process(phosphorylation)"
"ENTREZID","5894","ENTREZID","5604","directed","Process(activation)"
"ENTREZID","5894","ENTREZID","5605","directed","Process(phosphorylation)"
"ENTREZID","5894","ENTREZID","5605","directed","Process(activation)"
"ENTREZID","5898","ENTREZID","5337","directed","Process(activation)"
"ENTREZID","5898","ENTREZID","5338","directed","Process(activation)"
"ENTREZID","5899","ENTREZID","5337","directed","Process(activation)"
"ENTREZID","5899","ENTREZID","5338","directed","Process(activation)"
"ENTREZID","5900","ENTREZID","5898","directed","Process(activation)"
"ENTREZID","5900","ENTREZID","5899","directed","Process(activation)"
"ENTREZID","6009","ENTREZID","2475","directed","Process(activation)"
"ENTREZID","6237","ENTREZID","5337","directed","Process(activation)"
"ENTREZID","6237","ENTREZID","5338","directed","Process(activation)"
"ENTREZID","6237","ENTREZID","5900","directed","Process(activation)"
"ENTREZID","6464","ENTREZID","6654","directed","Process(activation)"
"ENTREZID","6464","ENTREZID","6655","directed","Process(activation)"
"ENTREZID","6654","ENTREZID","22800","directed","Process(activation)"
"ENTREZID","6654","ENTREZID","22808","directed","Process(activation)"
"ENTREZID","6654","ENTREZID","3265","directed","Process(activation)"
"ENTREZID","6654","ENTREZID","3845","directed","Process(activation)"
"ENTREZID","6654","ENTREZID","4893","directed","Process(activation)"
"ENTREZID","6654","ENTREZID","6237","directed","Process(activation)"
"ENTREZID","6655","ENTREZID","22800","directed","Process(activation)"
"ENTREZID","6655","ENTREZID","22808","directed","Process(activation)"
"ENTREZID","6655","ENTREZID","3265","directed","Process(activation)"
"ENTREZID","6655","ENTREZID","3845","directed","Process(activation)"
"ENTREZID","6655","ENTREZID","4893","directed","Process(activation)"
"ENTREZID","6655","ENTREZID","6237","directed","Process(activation)"
"ENTREZID","6850","ENTREZID","9846","directed","Process(phosphorylation)"
"ENTREZID","6850","ENTREZID","9846","directed","Process(activation)"
"ENTREZID","7248","ENTREZID","6009","directed","Process(inhibition)"
"ENTREZID","7249","ENTREZID","6009","directed","Process(inhibition)"
"ENTREZID","80310","ENTREZID","1956","directed","Process(activation)"
"ENTREZID","80310","ENTREZID","3643","directed","Process(activation)"
"ENTREZID","80310","ENTREZID","3815","directed","Process(activation)"
"ENTREZID","80310","ENTREZID","5156","directed","Process(activation)"
"ENTREZID","80310","ENTREZID","5159","directed","Process(activation)"
"ENTREZID","9170","ENTREZID","10672","directed","Process(activation)"
"ENTREZID","9170","ENTREZID","23236","directed","Process(activation)"
"ENTREZID","9170","ENTREZID","23236","directed","Process(indirect effect)"
"ENTREZID","9170","ENTREZID","2768","directed","Process(activation)"
"ENTREZID","9170","ENTREZID","2778","directed","Process(activation)"
"ENTREZID","9170","ENTREZID","5330","directed","Process(activation)"
"ENTREZID","9170","ENTREZID","5330","directed","Process(indirect effect)"
"ENTREZID","9170","ENTREZID","5331","directed","Process(activation)"
"ENTREZID","9170","ENTREZID","5331","directed","Process(indirect effect)"
"ENTREZID","9170","ENTREZID","5332","directed","Process(activation)"
"ENTREZID","9170","ENTREZID","5332","directed","Process(indirect effect)"
"ENTREZID","9265","ENTREZID","375","directed","Process(activation)"
"ENTREZID","9266","ENTREZID","375","directed","Process(activation)"
"ENTREZID","9267","ENTREZID","375","directed","Process(activation)"
"ENTREZID","9846","ENTREZID","5290","directed","Process(activation)"
"ENTREZID","9846","ENTREZID","5291","directed","Process(activation)"
"ENTREZID","9846","ENTREZID","5293","directed","Process(activation)"
"ENTREZID","9846","ENTREZID","5295","directed","Process(activation)"
"ENTREZID","9846","ENTREZID","5296","directed","Process(activation)"
"ENTREZID","9846","ENTREZID","6654","directed","Process(activation)"
"ENTREZID","9846","ENTREZID","6655","directed","Process(activation)"
"ENTREZID","9846","ENTREZID","8503","directed","Process(activation)"
