"src_type","src","dest_type","dest","direction","type"
"ENTREZID","1017","ENTREZID","1027","directed","Process(inhibition)"
"ENTREZID","1017","ENTREZID","1027","directed","Process(phosphorylation)"
"ENTREZID","1017","ENTREZID","1028","directed","Process(inhibition)"
"ENTREZID","1017","ENTREZID","1028","directed","Process(phosphorylation)"
"ENTREZID","1017","ENTREZID","1869","directed","Process(inhibition)"
"ENTREZID","1017","ENTREZID","1869","directed","Process(phosphorylation)"
"ENTREZID","1017","ENTREZID","1870","directed","Process(inhibition)"
"ENTREZID","1017","ENTREZID","1870","directed","Process(phosphorylation)"
"ENTREZID","1017","ENTREZID","1871","directed","Process(inhibition)"
"ENTREZID","1017","ENTREZID","1871","directed","Process(phosphorylation)"
"ENTREZID","1017","ENTREZID","5925","directed","Process(inhibition)"
"ENTREZID","1017","ENTREZID","5925","directed","Process(phosphorylation)"
"ENTREZID","1017","ENTREZID","890","undirected","Binding"
"ENTREZID","1017","ENTREZID","8900","undirected","Binding"
"ENTREZID","1017","ENTREZID","898","undirected","Binding"
"ENTREZID","1017","ENTREZID","9134","undirected","Binding"
"ENTREZID","1017","ENTREZID","990","directed","Process(inhibition)"
"ENTREZID","1017","ENTREZID","990","directed","Process(phosphorylation)"
"ENTREZID","1019","ENTREZID","1021","undirected","Binding"
"ENTREZID","1019","ENTREZID","5925","directed","Process(inhibition)"
"ENTREZID","1019","ENTREZID","5925","directed","Process(phosphorylation)"
"ENTREZID","1019","ENTREZID","5933","directed","Process(inhibition)"
"ENTREZID","1019","ENTREZID","5933","directed","Process(phosphorylation)"
"ENTREZID","1019","ENTREZID","5934","directed","Process(inhibition)"
"ENTREZID","1019","ENTREZID","5934","directed","Process(phosphorylation)"
"ENTREZID","1019","ENTREZID","595","undirected","Binding"
"ENTREZID","1019","ENTREZID","894","undirected","Binding"
"ENTREZID","1019","ENTREZID","896","undirected","Binding"
"ENTREZID","1021","ENTREZID","5925","directed","Process(inhibition)"
"ENTREZID","1021","ENTREZID","5925","directed","Process(phosphorylation)"
"ENTREZID","1021","ENTREZID","5933","directed","Process(inhibition)"
"ENTREZID","1021","ENTREZID","5933","directed","Process(phosphorylation)"
"ENTREZID","1021","ENTREZID","5934","directed","Process(inhibition)"
"ENTREZID","1021","ENTREZID","5934","directed","Process(phosphorylation)"
"ENTREZID","1021","ENTREZID","595","undirected","Binding"
"ENTREZID","1021","ENTREZID","894","undirected","Binding"
"ENTREZID","1021","ENTREZID","896","undirected","Binding"
"ENTREZID","1022","ENTREZID","1017","directed","Process(phosphorylation)"
"ENTREZID","1022","ENTREZID","1017","directed","Process(activation)"
"ENTREZID","1022","ENTREZID","902","undirected","Binding"
"ENTREZID","1022","ENTREZID","983","directed","Process(phosphorylation)"
"ENTREZID","1022","ENTREZID","983","directed","Process(activation)"
"ENTREZID","1026","ENTREZID","1017","directed","Process(inhibition)"
"ENTREZID","1026","ENTREZID","1019","directed","Process(inhibition)"
"ENTREZID","1026","ENTREZID","1021","directed","Process(inhibition)"
"ENTREZID","1026","ENTREZID","595","directed","Process(inhibition)"
"ENTREZID","1026","ENTREZID","890","directed","Process(inhibition)"
"ENTREZID","1026","ENTREZID","8900","directed","Process(inhibition)"
"ENTREZID","1026","ENTREZID","894","directed","Process(inhibition)"
"ENTREZID","1026","ENTREZID","896","directed","Process(inhibition)"
"ENTREZID","1026","ENTREZID","898","directed","Process(inhibition)"
"ENTREZID","1026","ENTREZID","9134","directed","Process(inhibition)"
"ENTREZID","1027","ENTREZID","1017","directed","Process(inhibition)"
"ENTREZID","1027","ENTREZID","1019","directed","Process(binding/association)"
"ENTREZID","1027","ENTREZID","1021","directed","Process(binding/association)"
"ENTREZID","1027","ENTREZID","595","directed","Process(binding/association)"
"ENTREZID","1027","ENTREZID","890","directed","Process(inhibition)"
"ENTREZID","1027","ENTREZID","8900","directed","Process(inhibition)"
"ENTREZID","1027","ENTREZID","894","directed","Process(binding/association)"
"ENTREZID","1027","ENTREZID","896","directed","Process(binding/association)"
"ENTREZID","10274","ENTREZID","10735","undirected","Binding"
"ENTREZID","10274","ENTREZID","27127","undirected","Binding"
"ENTREZID","10274","ENTREZID","5885","undirected","Binding"
"ENTREZID","10274","ENTREZID","8243","undirected","Binding"
"ENTREZID","10274","ENTREZID","9126","undirected","Binding"
"ENTREZID","1028","ENTREZID","1017","directed","Process(inhibition)"
"ENTREZID","1028","ENTREZID","1019","directed","Process(binding/association)"
"ENTREZID","1028","ENTREZID","1021","directed","Process(binding/association)"
"ENTREZID","1028","ENTREZID","595","directed","Process(binding/association)"
"ENTREZID","1028","ENTREZID","890","directed","Process(inhibition)"
"ENTREZID","1028","ENTREZID","8900","directed","Process(inhibition)"
"ENTREZID","1028","ENTREZID","894","directed","Process(binding/association)"
"ENTREZID","1028","ENTREZID","896","directed","Process(binding/association)"
"ENTREZID","1029","ENTREZID","1019","directed","Process(inhibition)"
"ENTREZID","1029","ENTREZID","1021","directed","Process(inhibition)"
"ENTREZID","1029","ENTREZID","4193","directed","Process(inhibition)"
"ENTREZID","1029","ENTREZID","595","directed","Process(inhibition)"
"ENTREZID","1029","ENTREZID","894","directed","Process(inhibition)"
"ENTREZID","1029","ENTREZID","896","directed","Process(inhibition)"
"ENTREZID","1030","ENTREZID","1019","directed","Process(inhibition)"
"ENTREZID","1030","ENTREZID","1021","directed","Process(inhibition)"
"ENTREZID","1030","ENTREZID","595","directed","Process(inhibition)"
"ENTREZID","1030","ENTREZID","894","directed","Process(inhibition)"
"ENTREZID","1030","ENTREZID","896","directed","Process(inhibition)"
"ENTREZID","1031","ENTREZID","1019","directed","Process(inhibition)"
"ENTREZID","1031","ENTREZID","1021","directed","Process(inhibition)"
"ENTREZID","1031","ENTREZID","595","directed","Process(inhibition)"
"ENTREZID","1031","ENTREZID","894","directed","Process(inhibition)"
"ENTREZID","1031","ENTREZID","896","directed","Process(inhibition)"
"ENTREZID","1032","ENTREZID","1019","directed","Process(inhibition)"
"ENTREZID","1032","ENTREZID","1021","directed","Process(inhibition)"
"ENTREZID","1032","ENTREZID","595","directed","Process(inhibition)"
"ENTREZID","1032","ENTREZID","894","directed","Process(inhibition)"
"ENTREZID","1032","ENTREZID","896","directed","Process(inhibition)"
"ENTREZID","10393","ENTREZID","10744","directed","Process(inhibition)"
"ENTREZID","10393","ENTREZID","10744","directed","Process(ubiquitination)"
"ENTREZID","10393","ENTREZID","119504","undirected","Binding"
"ENTREZID","10393","ENTREZID","246184","undirected","Binding"
"ENTREZID","10393","ENTREZID","25847","undirected","Binding"
"ENTREZID","10393","ENTREZID","25906","undirected","Binding"
"ENTREZID","10393","ENTREZID","29882","undirected","Binding"
"ENTREZID","10393","ENTREZID","29945","undirected","Binding"
"ENTREZID","10393","ENTREZID","51343","directed","Process(activation)"
"ENTREZID","10393","ENTREZID","51343","directed","Process(indirect effect)"
"ENTREZID","10393","ENTREZID","51343","undirected","Binding"
"ENTREZID","10393","ENTREZID","51433","undirected","Binding"
"ENTREZID","10393","ENTREZID","51434","undirected","Binding"
"ENTREZID","10393","ENTREZID","51529","undirected","Binding"
"ENTREZID","10393","ENTREZID","64682","undirected","Binding"
"ENTREZID","10393","ENTREZID","85417","directed","Process(inhibition)"
"ENTREZID","10393","ENTREZID","85417","directed","Process(ubiquitination)"
"ENTREZID","10393","ENTREZID","8697","undirected","Binding"
"ENTREZID","10393","ENTREZID","8881","undirected","Binding"
"ENTREZID","10393","ENTREZID","891","directed","Process(inhibition)"
"ENTREZID","10393","ENTREZID","891","directed","Process(ubiquitination)"
"ENTREZID","10393","ENTREZID","9133","directed","Process(inhibition)"
"ENTREZID","10393","ENTREZID","9133","directed","Process(ubiquitination)"
"ENTREZID","10393","ENTREZID","9232","directed","Process(inhibition)"
"ENTREZID","10393","ENTREZID","9232","directed","Process(ubiquitination)"
"ENTREZID","10393","ENTREZID","983","directed","Process(inhibition)"
"ENTREZID","10393","ENTREZID","983","directed","Process(ubiquitination)"
"ENTREZID","10393","ENTREZID","991","undirected","Binding"
"ENTREZID","10393","ENTREZID","996","undirected","Binding"
"ENTREZID","10459","ENTREZID","10393","directed","Process(inhibition)"
"ENTREZID","10459","ENTREZID","119504","directed","Process(inhibition)"
"ENTREZID","10459","ENTREZID","246184","directed","Process(inhibition)"
"ENTREZID","10459","ENTREZID","25847","directed","Process(inhibition)"
"ENTREZID","10459","ENTREZID","25906","directed","Process(inhibition)"
"ENTREZID","10459","ENTREZID","29882","directed","Process(inhibition)"
"ENTREZID","10459","ENTREZID","29945","directed","Process(inhibition)"
"ENTREZID","10459","ENTREZID","4085","undirected","Binding"
"ENTREZID","10459","ENTREZID","51433","directed","Process(inhibition)"
"ENTREZID","10459","ENTREZID","51434","directed","Process(inhibition)"
"ENTREZID","10459","ENTREZID","51529","directed","Process(inhibition)"
"ENTREZID","10459","ENTREZID","64682","directed","Process(inhibition)"
"ENTREZID","10459","ENTREZID","701","undirected","Binding"
"ENTREZID","10459","ENTREZID","8697","directed","Process(inhibition)"
"ENTREZID","10459","ENTREZID","8881","directed","Process(inhibition)"
"ENTREZID","10459","ENTREZID","9184","undirected","Binding"
"ENTREZID","10459","ENTREZID","996","directed","Process(inhibition)"
"ENTREZID","10735","ENTREZID","27127","undirected","Binding"
"ENTREZID","10735","ENTREZID","5885","undirected","Binding"
"ENTREZID","10735","ENTREZID","8243","undirected","Binding"
"ENTREZID","10735","ENTREZID","9126","undirected","Binding"
"ENTREZID","10744","ENTREZID","9700","directed","Process(inhibition)"
"ENTREZID","10912","ENTREZID","5111","directed","Process(activation)"
"ENTREZID","10912","ENTREZID","85417","directed","Process(inhibition)"
"ENTREZID","10912","ENTREZID","891","directed","Process(inhibition)"
"ENTREZID","10912","ENTREZID","9133","directed","Process(inhibition)"
"ENTREZID","10926","ENTREZID","4171","directed","Process(phosphorylation)"
"ENTREZID","10926","ENTREZID","4171","directed","Process(activation)"
"ENTREZID","10926","ENTREZID","4172","directed","Process(phosphorylation)"
"ENTREZID","10926","ENTREZID","4172","directed","Process(activation)"
"ENTREZID","10926","ENTREZID","4173","directed","Process(phosphorylation)"
"ENTREZID","10926","ENTREZID","4173","directed","Process(activation)"
"ENTREZID","10926","ENTREZID","4174","directed","Process(phosphorylation)"
"ENTREZID","10926","ENTREZID","4174","directed","Process(activation)"
"ENTREZID","10926","ENTREZID","4175","directed","Process(phosphorylation)"
"ENTREZID","10926","ENTREZID","4175","directed","Process(activation)"
"ENTREZID","10926","ENTREZID","4176","directed","Process(phosphorylation)"
"ENTREZID","10926","ENTREZID","4176","directed","Process(activation)"
"ENTREZID","10926","ENTREZID","8317","undirected","Binding"
"ENTREZID","10971","ENTREZID","994","directed","Process(binding/association)"
"ENTREZID","10971","ENTREZID","995","directed","Process(binding/association)"
"ENTREZID","1111","ENTREZID","7157","directed","Process(phosphorylation)"
"ENTREZID","1111","ENTREZID","7157","directed","Process(activation)"
"ENTREZID","1111","ENTREZID","993","directed","Process(inhibition)"
"ENTREZID","1111","ENTREZID","993","directed","Process(phosphorylation)"
"ENTREZID","1111","ENTREZID","994","directed","Process(inhibition)"
"ENTREZID","1111","ENTREZID","994","directed","Process(phosphorylation)"
"ENTREZID","1111","ENTREZID","995","directed","Process(inhibition)"
"ENTREZID","1111","ENTREZID","995","directed","Process(phosphorylation)"
"ENTREZID","11200","ENTREZID","7157","directed","Process(phosphorylation)"
"ENTREZID","11200","ENTREZID","7157","directed","Process(activation)"
"ENTREZID","11200","ENTREZID","993","directed","Process(inhibition)"
"ENTREZID","11200","ENTREZID","993","directed","Process(phosphorylation)"
"ENTREZID","11200","ENTREZID","994","directed","Process(inhibition)"
"ENTREZID","11200","ENTREZID","994","directed","Process(phosphorylation)"
"ENTREZID","11200","ENTREZID","995","directed","Process(inhibition)"
"ENTREZID","11200","ENTREZID","995","directed","Process(phosphorylation)"
"ENTREZID","119504","ENTREZID","10744","directed","Process(inhibition)"
"ENTREZID","119504","ENTREZID","10744","directed","Process(ubiquitination)"
"ENTREZID","119504","ENTREZID","246184","undirected","Binding"
"ENTREZID","119504","ENTREZID","25847","undirected","Binding"
"ENTREZID","119504","ENTREZID","25906","undirected","Binding"
"ENTREZID","119504","ENTREZID","29882","undirected","Binding"
"ENTREZID","119504","ENTREZID","29945","undirected","Binding"
"ENTREZID","119504","ENTREZID","51343","directed","Process(activation)"
"ENTREZID","119504","ENTREZID","51343","directed","Process(indirect effect)"
"ENTREZID","119504","ENTREZID","51343","undirected","Binding"
"ENTREZID","119504","ENTREZID","51433","undirected","Binding"
"ENTREZID","119504","ENTREZID","51434","undirected","Binding"
"ENTREZID","119504","ENTREZID","51529","undirected","Binding"
"ENTREZID","119504","ENTREZID","64682","undirected","Binding"
"ENTREZID","119504","ENTREZID","85417","directed","Process(inhibition)"
"ENTREZID","119504","ENTREZID","85417","directed","Process(ubiquitination)"
"ENTREZID","119504","ENTREZID","8697","undirected","Binding"
"ENTREZID","119504","ENTREZID","8881","undirected","Binding"
"ENTREZID","119504","ENTREZID","891","directed","Process(inhibition)"
"ENTREZID","119504","ENTREZID","891","directed","Process(ubiquitination)"
"ENTREZID","119504","ENTREZID","9133","directed","Process(inhibition)"
"ENTREZID","119504","ENTREZID","9133","directed","Process(ubiquitination)"
"ENTREZID","119504","ENTREZID","9232","directed","Process(inhibition)"
"ENTREZID","119504","ENTREZID","9232","directed","Process(ubiquitination)"
"ENTREZID","119504","ENTREZID","983","directed","Process(inhibition)"
"ENTREZID","119504","ENTREZID","983","directed","Process(ubiquitination)"
"ENTREZID","119504","ENTREZID","991","undirected","Binding"
"ENTREZID","119504","ENTREZID","996","undirected","Binding"
"ENTREZID","1387","ENTREZID","7157","directed","Process(activation)"
"ENTREZID","1647","ENTREZID","5111","directed","Process(activation)"
"ENTREZID","1647","ENTREZID","85417","directed","Process(inhibition)"
"ENTREZID","1647","ENTREZID","891","directed","Process(inhibition)"
"ENTREZID","1647","ENTREZID","9133","directed","Process(inhibition)"
"ENTREZID","1869","ENTREZID","1870","undirected","Binding"
"ENTREZID","1869","ENTREZID","1871","undirected","Binding"
"ENTREZID","1869","ENTREZID","7027","undirected","Binding"
"ENTREZID","1869","ENTREZID","7029","undirected","Binding"
"ENTREZID","1869","ENTREZID","898","directed","Process(expression)"
"ENTREZID","1869","ENTREZID","9134","directed","Process(expression)"
"ENTREZID","1870","ENTREZID","1871","undirected","Binding"
"ENTREZID","1870","ENTREZID","7027","undirected","Binding"
"ENTREZID","1870","ENTREZID","7029","undirected","Binding"
"ENTREZID","1870","ENTREZID","898","directed","Process(expression)"
"ENTREZID","1870","ENTREZID","9134","directed","Process(expression)"
"ENTREZID","1871","ENTREZID","7027","undirected","Binding"
"ENTREZID","1871","ENTREZID","7029","undirected","Binding"
"ENTREZID","1871","ENTREZID","898","directed","Process(expression)"
"ENTREZID","1871","ENTREZID","9134","directed","Process(expression)"
"ENTREZID","1874","ENTREZID","1875","undirected","Binding"
"ENTREZID","1874","ENTREZID","4609","directed","Process(repression)"
"ENTREZID","1874","ENTREZID","5933","undirected","Binding"
"ENTREZID","1874","ENTREZID","7027","undirected","Binding"
"ENTREZID","1874","ENTREZID","7029","undirected","Binding"
"ENTREZID","1875","ENTREZID","4609","directed","Process(repression)"
"ENTREZID","1875","ENTREZID","5933","undirected","Binding"
"ENTREZID","1875","ENTREZID","7027","undirected","Binding"
"ENTREZID","1875","ENTREZID","7029","undirected","Binding"
"ENTREZID","2033","ENTREZID","7157","directed","Process(activation)"
"ENTREZID","23594","ENTREZID","23595","undirected","Binding"
"ENTREZID","23594","ENTREZID","4171","directed","Process(binding/association)"
"ENTREZID","23594","ENTREZID","4172","directed","Process(binding/association)"
"ENTREZID","23594","ENTREZID","4173","directed","Process(binding/association)"
"ENTREZID","23594","ENTREZID","4174","directed","Process(binding/association)"
"ENTREZID","23594","ENTREZID","4175","directed","Process(binding/association)"
"ENTREZID","23594","ENTREZID","4176","directed","Process(binding/association)"
"ENTREZID","23594","ENTREZID","4998","undirected","Binding"
"ENTREZID","23594","ENTREZID","4999","undirected","Binding"
"ENTREZID","23594","ENTREZID","5000","undirected","Binding"
"ENTREZID","23594","ENTREZID","5001","undirected","Binding"
"ENTREZID","23595","ENTREZID","4171","directed","Process(binding/association)"
"ENTREZID","23595","ENTREZID","4172","directed","Process(binding/association)"
"ENTREZID","23595","ENTREZID","4173","directed","Process(binding/association)"
"ENTREZID","23595","ENTREZID","4174","directed","Process(binding/association)"
"ENTREZID","23595","ENTREZID","4175","directed","Process(binding/association)"
"ENTREZID","23595","ENTREZID","4176","directed","Process(binding/association)"
"ENTREZID","23595","ENTREZID","4998","undirected","Binding"
"ENTREZID","23595","ENTREZID","4999","undirected","Binding"
"ENTREZID","23595","ENTREZID","5000","undirected","Binding"
"ENTREZID","23595","ENTREZID","5001","undirected","Binding"
"ENTREZID","246184","ENTREZID","10744","directed","Process(inhibition)"
"ENTREZID","246184","ENTREZID","10744","directed","Process(ubiquitination)"
"ENTREZID","246184","ENTREZID","25847","undirected","Binding"
"ENTREZID","246184","ENTREZID","25906","undirected","Binding"
"ENTREZID","246184","ENTREZID","29882","undirected","Binding"
"ENTREZID","246184","ENTREZID","29945","undirected","Binding"
"ENTREZID","246184","ENTREZID","51343","directed","Process(activation)"
"ENTREZID","246184","ENTREZID","51343","directed","Process(indirect effect)"
"ENTREZID","246184","ENTREZID","51343","undirected","Binding"
"ENTREZID","246184","ENTREZID","51433","undirected","Binding"
"ENTREZID","246184","ENTREZID","51434","undirected","Binding"
"ENTREZID","246184","ENTREZID","51529","undirected","Binding"
"ENTREZID","246184","ENTREZID","64682","undirected","Binding"
"ENTREZID","246184","ENTREZID","85417","directed","Process(inhibition)"
"ENTREZID","246184","ENTREZID","85417","directed","Process(ubiquitination)"
"ENTREZID","246184","ENTREZID","8697","undirected","Binding"
"ENTREZID","246184","ENTREZID","8881","undirected","Binding"
"ENTREZID","246184","ENTREZID","891","directed","Process(inhibition)"
"ENTREZID","246184","ENTREZID","891","directed","Process(ubiquitination)"
"ENTREZID","246184","ENTREZID","9133","directed","Process(inhibition)"
"ENTREZID","246184","ENTREZID","9133","directed","Process(ubiquitination)"
"ENTREZID","246184","ENTREZID","9232","directed","Process(inhibition)"
"ENTREZID","246184","ENTREZID","9232","directed","Process(ubiquitination)"
"ENTREZID","246184","ENTREZID","983","directed","Process(inhibition)"
"ENTREZID","246184","ENTREZID","983","directed","Process(ubiquitination)"
"ENTREZID","246184","ENTREZID","991","undirected","Binding"
"ENTREZID","246184","ENTREZID","996","undirected","Binding"
"ENTREZID","25","ENTREZID","5925","directed","Process(binding/association)"
"ENTREZID","25847","ENTREZID","10744","directed","Process(inhibition)"
"ENTREZID","25847","ENTREZID","10744","directed","Process(ubiquitination)"
"ENTREZID","25847","ENTREZID","25906","undirected","Binding"
"ENTREZID","25847","ENTREZID","29882","undirected","Binding"
"ENTREZID","25847","ENTREZID","29945","undirected","Binding"
"ENTREZID","25847","ENTREZID","51343","directed","Process(activation)"
"ENTREZID","25847","ENTREZID","51343","directed","Process(indirect effect)"
"ENTREZID","25847","ENTREZID","51343","undirected","Binding"
"ENTREZID","25847","ENTREZID","51433","undirected","Binding"
"ENTREZID","25847","ENTREZID","51434","undirected","Binding"
"ENTREZID","25847","ENTREZID","51529","undirected","Binding"
"ENTREZID","25847","ENTREZID","64682","undirected","Binding"
"ENTREZID","25847","ENTREZID","85417","directed","Process(inhibition)"
"ENTREZID","25847","ENTREZID","85417","directed","Process(ubiquitination)"
"ENTREZID","25847","ENTREZID","8697","undirected","Binding"
"ENTREZID","25847","ENTREZID","8881","undirected","Binding"
"ENTREZID","25847","ENTREZID","891","directed","Process(inhibition)"
"ENTREZID","25847","ENTREZID","891","directed","Process(ubiquitination)"
"ENTREZID","25847","ENTREZID","9133","directed","Process(inhibition)"
"ENTREZID","25847","ENTREZID","9133","directed","Process(ubiquitination)"
"ENTREZID","25847","ENTREZID","9232","directed","Process(inhibition)"
"ENTREZID","25847","ENTREZID","9232","directed","Process(ubiquitination)"
"ENTREZID","25847","ENTREZID","983","directed","Process(inhibition)"
"ENTREZID","25847","ENTREZID","983","directed","Process(ubiquitination)"
"ENTREZID","25847","ENTREZID","991","undirected","Binding"
"ENTREZID","25847","ENTREZID","996","undirected","Binding"
"ENTREZID","25906","ENTREZID","10744","directed","Process(inhibition)"
"ENTREZID","25906","ENTREZID","10744","directed","Process(ubiquitination)"
"ENTREZID","25906","ENTREZID","29882","undirected","Binding"
"ENTREZID","25906","ENTREZID","29945","undirected","Binding"
"ENTREZID","25906","ENTREZID","51343","directed","Process(activation)"
"ENTREZID","25906","ENTREZID","51343","directed","Process(indirect effect)"
"ENTREZID","25906","ENTREZID","51343","undirected","Binding"
"ENTREZID","25906","ENTREZID","51433","undirected","Binding"
"ENTREZID","25906","ENTREZID","51434","undirected","Binding"
"ENTREZID","25906","ENTREZID","51529","undirected","Binding"
"ENTREZID","25906","ENTREZID","64682","undirected","Binding"
"ENTREZID","25906","ENTREZID","85417","directed","Process(inhibition)"
"ENTREZID","25906","ENTREZID","85417","directed","Process(ubiquitination)"
"ENTREZID","25906","ENTREZID","8697","undirected","Binding"
"ENTREZID","25906","ENTREZID","8881","undirected","Binding"
"ENTREZID","25906","ENTREZID","891","directed","Process(inhibition)"
"ENTREZID","25906","ENTREZID","891","directed","Process(ubiquitination)"
"ENTREZID","25906","ENTREZID","9133","directed","Process(inhibition)"
"ENTREZID","25906","ENTREZID","9133","directed","Process(ubiquitination)"
"ENTREZID","25906","ENTREZID","9232","directed","Process(inhibition)"
"ENTREZID","25906","ENTREZID","9232","directed","Process(ubiquitination)"
"ENTREZID","25906","ENTREZID","983","directed","Process(inhibition)"
"ENTREZID","25906","ENTREZID","983","directed","Process(ubiquitination)"
"ENTREZID","25906","ENTREZID","991","undirected","Binding"
"ENTREZID","25906","ENTREZID","996","undirected","Binding"
"ENTREZID","27127","ENTREZID","5885","undirected","Binding"
"ENTREZID","27127","ENTREZID","8243","undirected","Binding"
"ENTREZID","27127","ENTREZID","9126","undirected","Binding"
"ENTREZID","2810","ENTREZID","85417","directed","Process(inhibition)"
"ENTREZID","2810","ENTREZID","891","directed","Process(inhibition)"
"ENTREZID","2810","ENTREZID","9133","directed","Process(inhibition)"
"ENTREZID","2932","ENTREZID","595","directed","Process(inhibition)"
"ENTREZID","2932","ENTREZID","595","directed","Process(phosphorylation)"
"ENTREZID","2932","ENTREZID","894","directed","Process(inhibition)"
"ENTREZID","2932","ENTREZID","894","directed","Process(phosphorylation)"
"ENTREZID","2932","ENTREZID","896","directed","Process(inhibition)"
"ENTREZID","2932","ENTREZID","896","directed","Process(phosphorylation)"
"ENTREZID","29882","ENTREZID","10744","directed","Process(inhibition)"
"ENTREZID","29882","ENTREZID","10744","directed","Process(ubiquitination)"
"ENTREZID","29882","ENTREZID","29945","undirected","Binding"
"ENTREZID","29882","ENTREZID","51343","directed","Process(activation)"
"ENTREZID","29882","ENTREZID","51343","directed","Process(indirect effect)"
"ENTREZID","29882","ENTREZID","51343","undirected","Binding"
"ENTREZID","29882","ENTREZID","51433","undirected","Binding"
"ENTREZID","29882","ENTREZID","51434","undirected","Binding"
"ENTREZID","29882","ENTREZID","51529","undirected","Binding"
"ENTREZID","29882","ENTREZID","64682","undirected","Binding"
"ENTREZID","29882","ENTREZID","85417","directed","Process(inhibition)"
"ENTREZID","29882","ENTREZID","85417","directed","Process(ubiquitination)"
"ENTREZID","29882","ENTREZID","8697","undirected","Binding"
"ENTREZID","29882","ENTREZID","8881","undirected","Binding"
"ENTREZID","29882","ENTREZID","891","directed","Process(inhibition)"
"ENTREZID","29882","ENTREZID","891","directed","Process(ubiquitination)"
"ENTREZID","29882","ENTREZID","9133","directed","Process(inhibition)"
"ENTREZID","29882","ENTREZID","9133","directed","Process(ubiquitination)"
"ENTREZID","29882","ENTREZID","9232","directed","Process(inhibition)"
"ENTREZID","29882","ENTREZID","9232","directed","Process(ubiquitination)"
"ENTREZID","29882","ENTREZID","983","directed","Process(inhibition)"
"ENTREZID","29882","ENTREZID","983","directed","Process(ubiquitination)"
"ENTREZID","29882","ENTREZID","991","undirected","Binding"
"ENTREZID","29882","ENTREZID","996","undirected","Binding"
"ENTREZID","29945","ENTREZID","10744","directed","Process(inhibition)"
"ENTREZID","29945","ENTREZID","10744","directed","Process(ubiquitination)"
"ENTREZID","29945","ENTREZID","51343","directed","Process(activation)"
"ENTREZID","29945","ENTREZID","51343","directed","Process(indirect effect)"
"ENTREZID","29945","ENTREZID","51343","undirected","Binding"
"ENTREZID","29945","ENTREZID","51433","undirected","Binding"
"ENTREZID","29945","ENTREZID","51434","undirected","Binding"
"ENTREZID","29945","ENTREZID","51529","undirected","Binding"
"ENTREZID","29945","ENTREZID","64682","undirected","Binding"
"ENTREZID","29945","ENTREZID","85417","directed","Process(inhibition)"
"ENTREZID","29945","ENTREZID","85417","directed","Process(ubiquitination)"
"ENTREZID","29945","ENTREZID","8697","undirected","Binding"
"ENTREZID","29945","ENTREZID","8881","undirected","Binding"
"ENTREZID","29945","ENTREZID","891","directed","Process(inhibition)"
"ENTREZID","29945","ENTREZID","891","directed","Process(ubiquitination)"
"ENTREZID","29945","ENTREZID","9133","directed","Process(inhibition)"
"ENTREZID","29945","ENTREZID","9133","directed","Process(ubiquitination)"
"ENTREZID","29945","ENTREZID","9232","directed","Process(inhibition)"
"ENTREZID","29945","ENTREZID","9232","directed","Process(ubiquitination)"
"ENTREZID","29945","ENTREZID","983","directed","Process(inhibition)"
"ENTREZID","29945","ENTREZID","983","directed","Process(ubiquitination)"
"ENTREZID","29945","ENTREZID","991","undirected","Binding"
"ENTREZID","29945","ENTREZID","996","undirected","Binding"
"ENTREZID","3065","ENTREZID","5925","directed","Process(binding/association)"
"ENTREZID","3066","ENTREZID","5925","directed","Process(binding/association)"
"ENTREZID","4085","ENTREZID","10393","directed","Process(inhibition)"
"ENTREZID","4085","ENTREZID","119504","directed","Process(inhibition)"
"ENTREZID","4085","ENTREZID","246184","directed","Process(inhibition)"
"ENTREZID","4085","ENTREZID","25847","directed","Process(inhibition)"
"ENTREZID","4085","ENTREZID","25906","directed","Process(inhibition)"
"ENTREZID","4085","ENTREZID","29882","directed","Process(inhibition)"
"ENTREZID","4085","ENTREZID","29945","directed","Process(inhibition)"
"ENTREZID","4085","ENTREZID","51433","directed","Process(inhibition)"
"ENTREZID","4085","ENTREZID","51434","directed","Process(inhibition)"
"ENTREZID","4085","ENTREZID","51529","directed","Process(inhibition)"
"ENTREZID","4085","ENTREZID","64682","directed","Process(inhibition)"
"ENTREZID","4085","ENTREZID","701","undirected","Binding"
"ENTREZID","4085","ENTREZID","8697","directed","Process(inhibition)"
"ENTREZID","4085","ENTREZID","8881","directed","Process(inhibition)"
"ENTREZID","4085","ENTREZID","9184","undirected","Binding"
"ENTREZID","4085","ENTREZID","996","directed","Process(inhibition)"
"ENTREZID","4087","ENTREZID","1026","directed","Process(expression)"
"ENTREZID","4087","ENTREZID","1030","directed","Process(expression)"
"ENTREZID","4087","ENTREZID","4088","undirected","Binding"
"ENTREZID","4087","ENTREZID","4089","undirected","Binding"
"ENTREZID","4087","ENTREZID","4609","directed","Process(repression)"
"ENTREZID","4088","ENTREZID","1026","directed","Process(expression)"
"ENTREZID","4088","ENTREZID","1030","directed","Process(expression)"
"ENTREZID","4088","ENTREZID","4089","undirected","Binding"
"ENTREZID","4088","ENTREZID","4609","directed","Process(repression)"
"ENTREZID","4089","ENTREZID","1026","directed","Process(expression)"
"ENTREZID","4089","ENTREZID","1030","directed","Process(expression)"
"ENTREZID","4089","ENTREZID","4609","directed","Process(repression)"
"ENTREZID","4171","ENTREZID","4172","undirected","Binding"
"ENTREZID","4171","ENTREZID","4173","undirected","Binding"
"ENTREZID","4171","ENTREZID","4174","undirected","Binding"
"ENTREZID","4171","ENTREZID","4175","undirected","Binding"
"ENTREZID","4171","ENTREZID","4176","undirected","Binding"
"ENTREZID","4172","ENTREZID","4173","undirected","Binding"
"ENTREZID","4172","ENTREZID","4174","undirected","Binding"
"ENTREZID","4172","ENTREZID","4175","undirected","Binding"
"ENTREZID","4172","ENTREZID","4176","undirected","Binding"
"ENTREZID","4173","ENTREZID","4174","undirected","Binding"
"ENTREZID","4173","ENTREZID","4175","undirected","Binding"
"ENTREZID","4173","ENTREZID","4176","undirected","Binding"
"ENTREZID","4174","ENTREZID","4175","undirected","Binding"
"ENTREZID","4174","ENTREZID","4176","undirected","Binding"
"ENTREZID","4175","ENTREZID","4176","undirected","Binding"
"ENTREZID","4193","ENTREZID","5925","directed","Process(inhibition)"
"ENTREZID","4193","ENTREZID","7157","directed","Process(inhibition)"
"ENTREZID","4609","ENTREZID","7709","directed","Process(inhibition)"
"ENTREZID","4616","ENTREZID","5111","directed","Process(activation)"
"ENTREZID","4616","ENTREZID","85417","directed","Process(inhibition)"
"ENTREZID","4616","ENTREZID","891","directed","Process(inhibition)"
"ENTREZID","4616","ENTREZID","9133","directed","Process(inhibition)"
"ENTREZID","472","ENTREZID","1111","directed","Process(phosphorylation)"
"ENTREZID","472","ENTREZID","1111","directed","Process(activation)"
"ENTREZID","472","ENTREZID","11200","directed","Process(phosphorylation)"
"ENTREZID","472","ENTREZID","11200","directed","Process(activation)"
"ENTREZID","472","ENTREZID","7157","directed","Process(phosphorylation)"
"ENTREZID","472","ENTREZID","7157","directed","Process(activation)"
"ENTREZID","494551","ENTREZID","983","directed","Process(inhibition)"
"ENTREZID","494551","ENTREZID","983","directed","Process(phosphorylation)"
"ENTREZID","4998","ENTREZID","4171","directed","Process(binding/association)"
"ENTREZID","4998","ENTREZID","4172","directed","Process(binding/association)"
"ENTREZID","4998","ENTREZID","4173","directed","Process(binding/association)"
"ENTREZID","4998","ENTREZID","4174","directed","Process(binding/association)"
"ENTREZID","4998","ENTREZID","4175","directed","Process(binding/association)"
"ENTREZID","4998","ENTREZID","4176","directed","Process(binding/association)"
"ENTREZID","4998","ENTREZID","4999","undirected","Binding"
"ENTREZID","4998","ENTREZID","5000","undirected","Binding"
"ENTREZID","4998","ENTREZID","5001","undirected","Binding"
"ENTREZID","4999","ENTREZID","4171","directed","Process(binding/association)"
"ENTREZID","4999","ENTREZID","4172","directed","Process(binding/association)"
"ENTREZID","4999","ENTREZID","4173","directed","Process(binding/association)"
"ENTREZID","4999","ENTREZID","4174","directed","Process(binding/association)"
"ENTREZID","4999","ENTREZID","4175","directed","Process(binding/association)"
"ENTREZID","4999","ENTREZID","4176","directed","Process(binding/association)"
"ENTREZID","4999","ENTREZID","5000","undirected","Binding"
"ENTREZID","4999","ENTREZID","5001","undirected","Binding"
"ENTREZID","5000","ENTREZID","4171","directed","Process(binding/association)"
"ENTREZID","5000","ENTREZID","4172","directed","Process(binding/association)"
"ENTREZID","5000","ENTREZID","4173","directed","Process(binding/association)"
"ENTREZID","5000","ENTREZID","4174","directed","Process(binding/association)"
"ENTREZID","5000","ENTREZID","4175","directed","Process(binding/association)"
"ENTREZID","5000","ENTREZID","4176","directed","Process(binding/association)"
"ENTREZID","5000","ENTREZID","5001","undirected","Binding"
"ENTREZID","5001","ENTREZID","4171","directed","Process(binding/association)"
"ENTREZID","5001","ENTREZID","4172","directed","Process(binding/association)"
"ENTREZID","5001","ENTREZID","4173","directed","Process(binding/association)"
"ENTREZID","5001","ENTREZID","4174","directed","Process(binding/association)"
"ENTREZID","5001","ENTREZID","4175","directed","Process(binding/association)"
"ENTREZID","5001","ENTREZID","4176","directed","Process(binding/association)"
"ENTREZID","5111","ENTREZID","1019","directed","Process(inhibition)"
"ENTREZID","5111","ENTREZID","1021","directed","Process(inhibition)"
"ENTREZID","5111","ENTREZID","595","directed","Process(inhibition)"
"ENTREZID","5111","ENTREZID","894","directed","Process(inhibition)"
"ENTREZID","5111","ENTREZID","896","directed","Process(inhibition)"
"ENTREZID","51343","ENTREZID","51433","undirected","Binding"
"ENTREZID","51343","ENTREZID","51434","undirected","Binding"
"ENTREZID","51343","ENTREZID","51529","undirected","Binding"
"ENTREZID","51343","ENTREZID","64682","undirected","Binding"
"ENTREZID","51343","ENTREZID","85417","directed","Process(inhibition)"
"ENTREZID","51343","ENTREZID","85417","directed","Process(ubiquitination)"
"ENTREZID","51343","ENTREZID","8697","undirected","Binding"
"ENTREZID","51343","ENTREZID","8881","undirected","Binding"
"ENTREZID","51343","ENTREZID","891","directed","Process(inhibition)"
"ENTREZID","51343","ENTREZID","891","directed","Process(ubiquitination)"
"ENTREZID","51343","ENTREZID","9133","directed","Process(inhibition)"
"ENTREZID","51343","ENTREZID","9133","directed","Process(ubiquitination)"
"ENTREZID","51343","ENTREZID","983","directed","Process(inhibition)"
"ENTREZID","51343","ENTREZID","983","directed","Process(ubiquitination)"
"ENTREZID","51343","ENTREZID","996","undirected","Binding"
"ENTREZID","51433","ENTREZID","10744","directed","Process(inhibition)"
"ENTREZID","51433","ENTREZID","10744","directed","Process(ubiquitination)"
"ENTREZID","51433","ENTREZID","51343","directed","Process(activation)"
"ENTREZID","51433","ENTREZID","51343","directed","Process(indirect effect)"
"ENTREZID","51433","ENTREZID","51434","undirected","Binding"
"ENTREZID","51433","ENTREZID","51529","undirected","Binding"
"ENTREZID","51433","ENTREZID","64682","undirected","Binding"
"ENTREZID","51433","ENTREZID","85417","directed","Process(inhibition)"
"ENTREZID","51433","ENTREZID","85417","directed","Process(ubiquitination)"
"ENTREZID","51433","ENTREZID","8697","undirected","Binding"
"ENTREZID","51433","ENTREZID","8881","undirected","Binding"
"ENTREZID","51433","ENTREZID","891","directed","Process(inhibition)"
"ENTREZID","51433","ENTREZID","891","directed","Process(ubiquitination)"
"ENTREZID","51433","ENTREZID","9133","directed","Process(inhibition)"
"ENTREZID","51433","ENTREZID","9133","directed","Process(ubiquitination)"
"ENTREZID","51433","ENTREZID","9232","directed","Process(inhibition)"
"ENTREZID","51433","ENTREZID","9232","directed","Process(ubiquitination)"
"ENTREZID","51433","ENTREZID","983","directed","Process(inhibition)"
"ENTREZID","51433","ENTREZID","983","directed","Process(ubiquitination)"
"ENTREZID","51433","ENTREZID","991","undirected","Binding"
"ENTREZID","51433","ENTREZID","996","undirected","Binding"
"ENTREZID","51434","ENTREZID","10744","directed","Process(inhibition)"
"ENTREZID","51434","ENTREZID","10744","directed","Process(ubiquitination)"
"ENTREZID","51434","ENTREZID","51343","directed","Process(activation)"
"ENTREZID","51434","ENTREZID","51343","directed","Process(indirect effect)"
"ENTREZID","51434","ENTREZID","51529","undirected","Binding"
"ENTREZID","51434","ENTREZID","64682","undirected","Binding"
"ENTREZID","51434","ENTREZID","85417","directed","Process(inhibition)"
"ENTREZID","51434","ENTREZID","85417","directed","Process(ubiquitination)"
"ENTREZID","51434","ENTREZID","8697","undirected","Binding"
"ENTREZID","51434","ENTREZID","8881","undirected","Binding"
"ENTREZID","51434","ENTREZID","891","directed","Process(inhibition)"
"ENTREZID","51434","ENTREZID","891","directed","Process(ubiquitination)"
"ENTREZID","51434","ENTREZID","9133","directed","Process(inhibition)"
"ENTREZID","51434","ENTREZID","9133","directed","Process(ubiquitination)"
"ENTREZID","51434","ENTREZID","9232","directed","Process(inhibition)"
"ENTREZID","51434","ENTREZID","9232","directed","Process(ubiquitination)"
"ENTREZID","51434","ENTREZID","983","directed","Process(inhibition)"
"ENTREZID","51434","ENTREZID","983","directed","Process(ubiquitination)"
"ENTREZID","51434","ENTREZID","991","undirected","Binding"
"ENTREZID","51434","ENTREZID","996","undirected","Binding"
"ENTREZID","51529","ENTREZID","10744","directed","Process(inhibition)"
"ENTREZID","51529","ENTREZID","10744","directed","Process(ubiquitination)"
"ENTREZID","51529","ENTREZID","51343","directed","Process(activation)"
"ENTREZID","51529","ENTREZID","51343","directed","Process(indirect effect)"
"ENTREZID","51529","ENTREZID","64682","undirected","Binding"
"ENTREZID","51529","ENTREZID","85417","directed","Process(inhibition)"
"ENTREZID","51529","ENTREZID","85417","directed","Process(ubiquitination)"
"ENTREZID","51529","ENTREZID","8697","undirected","Binding"
"ENTREZID","51529","ENTREZID","8881","undirected","Binding"
"ENTREZID","51529","ENTREZID","891","directed","Process(inhibition)"
"ENTREZID","51529","ENTREZID","891","directed","Process(ubiquitination)"
"ENTREZID","51529","ENTREZID","9133","directed","Process(inhibition)"
"ENTREZID","51529","ENTREZID","9133","directed","Process(ubiquitination)"
"ENTREZID","51529","ENTREZID","9232","directed","Process(inhibition)"
"ENTREZID","51529","ENTREZID","9232","directed","Process(ubiquitination)"
"ENTREZID","51529","ENTREZID","983","directed","Process(inhibition)"
"ENTREZID","51529","ENTREZID","983","directed","Process(ubiquitination)"
"ENTREZID","51529","ENTREZID","991","undirected","Binding"
"ENTREZID","51529","ENTREZID","996","undirected","Binding"
"ENTREZID","5347","ENTREZID","9088","directed","Process(inhibition)"
"ENTREZID","5347","ENTREZID","9088","directed","Process(phosphorylation)"
"ENTREZID","5347","ENTREZID","994","directed","Process(phosphorylation)"
"ENTREZID","5347","ENTREZID","994","directed","Process(activation)"
"ENTREZID","5347","ENTREZID","995","directed","Process(phosphorylation)"
"ENTREZID","5347","ENTREZID","995","directed","Process(activation)"
"ENTREZID","545","ENTREZID","1111","directed","Process(phosphorylation)"
"ENTREZID","545","ENTREZID","1111","directed","Process(activation)"
"ENTREZID","545","ENTREZID","11200","directed","Process(phosphorylation)"
"ENTREZID","545","ENTREZID","11200","directed","Process(activation)"
"ENTREZID","545","ENTREZID","7157","directed","Process(phosphorylation)"
"ENTREZID","545","ENTREZID","7157","directed","Process(activation)"
"ENTREZID","5591","ENTREZID","7157","directed","Process(phosphorylation)"
"ENTREZID","5591","ENTREZID","7157","directed","Process(activation)"
"ENTREZID","5885","ENTREZID","8243","undirected","Binding"
"ENTREZID","5885","ENTREZID","9126","undirected","Binding"
"ENTREZID","5925","ENTREZID","1869","directed","Process(dissociation)"
"ENTREZID","5925","ENTREZID","1870","directed","Process(dissociation)"
"ENTREZID","5925","ENTREZID","1871","directed","Process(dissociation)"
"ENTREZID","5925","ENTREZID","7027","directed","Process(dissociation)"
"ENTREZID","5925","ENTREZID","7029","directed","Process(dissociation)"
"ENTREZID","5933","ENTREZID","1874","directed","Process(dissociation)"
"ENTREZID","5933","ENTREZID","1875","directed","Process(dissociation)"
"ENTREZID","5933","ENTREZID","4609","directed","Process(repression)"
"ENTREZID","5933","ENTREZID","7027","directed","Process(dissociation)"
"ENTREZID","5933","ENTREZID","7027","undirected","Binding"
"ENTREZID","5933","ENTREZID","7029","directed","Process(dissociation)"
"ENTREZID","5933","ENTREZID","7029","undirected","Binding"
"ENTREZID","5934","ENTREZID","1874","directed","Process(dissociation)"
"ENTREZID","5934","ENTREZID","1875","directed","Process(dissociation)"
"ENTREZID","5934","ENTREZID","7027","directed","Process(dissociation)"
"ENTREZID","5934","ENTREZID","7029","directed","Process(dissociation)"
"ENTREZID","595","ENTREZID","5925","directed","Process(inhibition)"
"ENTREZID","595","ENTREZID","5925","directed","Process(phosphorylation)"
"ENTREZID","595","ENTREZID","5933","directed","Process(inhibition)"
"ENTREZID","595","ENTREZID","5933","directed","Process(phosphorylation)"
"ENTREZID","595","ENTREZID","5934","directed","Process(inhibition)"
"ENTREZID","595","ENTREZID","5934","directed","Process(phosphorylation)"
"ENTREZID","595","ENTREZID","894","undirected","Binding"
"ENTREZID","595","ENTREZID","896","undirected","Binding"
"ENTREZID","64682","ENTREZID","10744","directed","Process(inhibition)"
"ENTREZID","64682","ENTREZID","10744","directed","Process(ubiquitination)"
"ENTREZID","64682","ENTREZID","51343","directed","Process(activation)"
"ENTREZID","64682","ENTREZID","51343","directed","Process(indirect effect)"
"ENTREZID","64682","ENTREZID","85417","directed","Process(inhibition)"
"ENTREZID","64682","ENTREZID","85417","directed","Process(ubiquitination)"
"ENTREZID","64682","ENTREZID","8697","undirected","Binding"
"ENTREZID","64682","ENTREZID","8881","undirected","Binding"
"ENTREZID","64682","ENTREZID","891","directed","Process(inhibition)"
"ENTREZID","64682","ENTREZID","891","directed","Process(ubiquitination)"
"ENTREZID","64682","ENTREZID","9133","directed","Process(inhibition)"
"ENTREZID","64682","ENTREZID","9133","directed","Process(ubiquitination)"
"ENTREZID","64682","ENTREZID","9232","directed","Process(inhibition)"
"ENTREZID","64682","ENTREZID","9232","directed","Process(ubiquitination)"
"ENTREZID","64682","ENTREZID","983","directed","Process(inhibition)"
"ENTREZID","64682","ENTREZID","983","directed","Process(ubiquitination)"
"ENTREZID","64682","ENTREZID","991","undirected","Binding"
"ENTREZID","64682","ENTREZID","996","undirected","Binding"
"ENTREZID","6500","ENTREZID","1017","directed","Process(inhibition)"
"ENTREZID","6500","ENTREZID","1017","directed","Process(ubiquitination)"
"ENTREZID","6500","ENTREZID","1026","directed","Process(inhibition)"
"ENTREZID","6500","ENTREZID","1026","directed","Process(ubiquitination)"
"ENTREZID","6500","ENTREZID","1027","directed","Process(inhibition)"
"ENTREZID","6500","ENTREZID","1027","directed","Process(ubiquitination)"
"ENTREZID","6500","ENTREZID","1028","directed","Process(inhibition)"
"ENTREZID","6500","ENTREZID","1028","directed","Process(ubiquitination)"
"ENTREZID","6500","ENTREZID","6502","undirected","Binding"
"ENTREZID","6500","ENTREZID","8454","undirected","Binding"
"ENTREZID","6500","ENTREZID","898","directed","Process(inhibition)"
"ENTREZID","6500","ENTREZID","898","directed","Process(ubiquitination)"
"ENTREZID","6500","ENTREZID","9134","directed","Process(inhibition)"
"ENTREZID","6500","ENTREZID","9134","directed","Process(ubiquitination)"
"ENTREZID","6500","ENTREZID","9978","undirected","Binding"
"ENTREZID","6502","ENTREZID","1017","directed","Process(inhibition)"
"ENTREZID","6502","ENTREZID","1017","directed","Process(ubiquitination)"
"ENTREZID","6502","ENTREZID","1026","directed","Process(inhibition)"
"ENTREZID","6502","ENTREZID","1026","directed","Process(ubiquitination)"
"ENTREZID","6502","ENTREZID","1027","directed","Process(inhibition)"
"ENTREZID","6502","ENTREZID","1027","directed","Process(ubiquitination)"
"ENTREZID","6502","ENTREZID","1028","directed","Process(inhibition)"
"ENTREZID","6502","ENTREZID","1028","directed","Process(ubiquitination)"
"ENTREZID","6502","ENTREZID","8454","undirected","Binding"
"ENTREZID","6502","ENTREZID","898","directed","Process(inhibition)"
"ENTREZID","6502","ENTREZID","898","directed","Process(ubiquitination)"
"ENTREZID","6502","ENTREZID","9134","directed","Process(inhibition)"
"ENTREZID","6502","ENTREZID","9134","directed","Process(ubiquitination)"
"ENTREZID","6502","ENTREZID","9978","undirected","Binding"
"ENTREZID","699","ENTREZID","9184","directed","Process(binding/association)"
"ENTREZID","701","ENTREZID","10393","directed","Process(inhibition)"
"ENTREZID","701","ENTREZID","119504","directed","Process(inhibition)"
"ENTREZID","701","ENTREZID","246184","directed","Process(inhibition)"
"ENTREZID","701","ENTREZID","25847","directed","Process(inhibition)"
"ENTREZID","701","ENTREZID","25906","directed","Process(inhibition)"
"ENTREZID","701","ENTREZID","29882","directed","Process(inhibition)"
"ENTREZID","701","ENTREZID","29945","directed","Process(inhibition)"
"ENTREZID","701","ENTREZID","51433","directed","Process(inhibition)"
"ENTREZID","701","ENTREZID","51434","directed","Process(inhibition)"
"ENTREZID","701","ENTREZID","51529","directed","Process(inhibition)"
"ENTREZID","701","ENTREZID","64682","directed","Process(inhibition)"
"ENTREZID","701","ENTREZID","8697","directed","Process(inhibition)"
"ENTREZID","701","ENTREZID","8881","directed","Process(inhibition)"
"ENTREZID","701","ENTREZID","9184","undirected","Binding"
"ENTREZID","701","ENTREZID","996","directed","Process(inhibition)"
"ENTREZID","7027","ENTREZID","4609","directed","Process(repression)"
"ENTREZID","7027","ENTREZID","7029","undirected","Binding"
"ENTREZID","7027","ENTREZID","898","directed","Process(expression)"
"ENTREZID","7027","ENTREZID","9134","directed","Process(expression)"
"ENTREZID","7029","ENTREZID","4609","directed","Process(repression)"
"ENTREZID","7029","ENTREZID","898","directed","Process(expression)"
"ENTREZID","7029","ENTREZID","9134","directed","Process(expression)"
"ENTREZID","7040","ENTREZID","4087","directed","Process(activation)"
"ENTREZID","7040","ENTREZID","4087","directed","Process(indirect effect)"
"ENTREZID","7040","ENTREZID","4088","directed","Process(activation)"
"ENTREZID","7040","ENTREZID","4088","directed","Process(indirect effect)"
"ENTREZID","7042","ENTREZID","4087","directed","Process(activation)"
"ENTREZID","7042","ENTREZID","4087","directed","Process(indirect effect)"
"ENTREZID","7042","ENTREZID","4088","directed","Process(activation)"
"ENTREZID","7042","ENTREZID","4088","directed","Process(indirect effect)"
"ENTREZID","7043","ENTREZID","4087","directed","Process(activation)"
"ENTREZID","7043","ENTREZID","4087","directed","Process(indirect effect)"
"ENTREZID","7043","ENTREZID","4088","directed","Process(activation)"
"ENTREZID","7043","ENTREZID","4088","directed","Process(indirect effect)"
"ENTREZID","7157","ENTREZID","1026","directed","Process(expression)"
"ENTREZID","7157","ENTREZID","10912","directed","Process(expression)"
"ENTREZID","7157","ENTREZID","1647","directed","Process(expression)"
"ENTREZID","7157","ENTREZID","2810","directed","Process(expression)"
"ENTREZID","7157","ENTREZID","4616","directed","Process(expression)"
"ENTREZID","7272","ENTREZID","8379","directed","Process(phosphorylation)"
"ENTREZID","7272","ENTREZID","8379","directed","Process(activation)"
"ENTREZID","7465","ENTREZID","983","directed","Process(inhibition)"
"ENTREZID","7465","ENTREZID","983","directed","Process(phosphorylation)"
"ENTREZID","7529","ENTREZID","994","directed","Process(binding/association)"
"ENTREZID","7529","ENTREZID","995","directed","Process(binding/association)"
"ENTREZID","7531","ENTREZID","994","directed","Process(binding/association)"
"ENTREZID","7531","ENTREZID","995","directed","Process(binding/association)"
"ENTREZID","7532","ENTREZID","994","directed","Process(binding/association)"
"ENTREZID","7532","ENTREZID","995","directed","Process(binding/association)"
"ENTREZID","7533","ENTREZID","994","directed","Process(binding/association)"
"ENTREZID","7533","ENTREZID","995","directed","Process(binding/association)"
"ENTREZID","7534","ENTREZID","994","directed","Process(binding/association)"
"ENTREZID","7534","ENTREZID","995","directed","Process(binding/association)"
"ENTREZID","7709","ENTREZID","1030","directed","Process(expression)"
"ENTREZID","8243","ENTREZID","9126","undirected","Binding"
"ENTREZID","8317","ENTREZID","4171","directed","Process(phosphorylation)"
"ENTREZID","8317","ENTREZID","4171","directed","Process(activation)"
"ENTREZID","8317","ENTREZID","4172","directed","Process(phosphorylation)"
"ENTREZID","8317","ENTREZID","4172","directed","Process(activation)"
"ENTREZID","8317","ENTREZID","4173","directed","Process(phosphorylation)"
"ENTREZID","8317","ENTREZID","4173","directed","Process(activation)"
"ENTREZID","8317","ENTREZID","4174","directed","Process(phosphorylation)"
"ENTREZID","8317","ENTREZID","4174","directed","Process(activation)"
"ENTREZID","8317","ENTREZID","4175","directed","Process(phosphorylation)"
"ENTREZID","8317","ENTREZID","4175","directed","Process(activation)"
"ENTREZID","8317","ENTREZID","4176","directed","Process(phosphorylation)"
"ENTREZID","8317","ENTREZID","4176","directed","Process(activation)"
"ENTREZID","8318","ENTREZID","4171","directed","Process(binding/association)"
"ENTREZID","8318","ENTREZID","4172","directed","Process(binding/association)"
"ENTREZID","8318","ENTREZID","4173","directed","Process(binding/association)"
"ENTREZID","8318","ENTREZID","4174","directed","Process(binding/association)"
"ENTREZID","8318","ENTREZID","4175","directed","Process(binding/association)"
"ENTREZID","8318","ENTREZID","4176","directed","Process(binding/association)"
"ENTREZID","8379","ENTREZID","10459","directed","Process(activation)"
"ENTREZID","8379","ENTREZID","4085","directed","Process(activation)"
"ENTREZID","8454","ENTREZID","1017","directed","Process(inhibition)"
"ENTREZID","8454","ENTREZID","1017","directed","Process(ubiquitination)"
"ENTREZID","8454","ENTREZID","1026","directed","Process(inhibition)"
"ENTREZID","8454","ENTREZID","1026","directed","Process(ubiquitination)"
"ENTREZID","8454","ENTREZID","1027","directed","Process(inhibition)"
"ENTREZID","8454","ENTREZID","1027","directed","Process(ubiquitination)"
"ENTREZID","8454","ENTREZID","1028","directed","Process(inhibition)"
"ENTREZID","8454","ENTREZID","1028","directed","Process(ubiquitination)"
"ENTREZID","8454","ENTREZID","898","directed","Process(inhibition)"
"ENTREZID","8454","ENTREZID","898","directed","Process(ubiquitination)"
"ENTREZID","8454","ENTREZID","9134","directed","Process(inhibition)"
"ENTREZID","8454","ENTREZID","9134","directed","Process(ubiquitination)"
"ENTREZID","8454","ENTREZID","9978","undirected","Binding"
"ENTREZID","85417","ENTREZID","5347","directed","Process(phosphorylation)"
"ENTREZID","85417","ENTREZID","5347","directed","Process(activation)"
"ENTREZID","85417","ENTREZID","891","undirected","Binding"
"ENTREZID","85417","ENTREZID","9133","undirected","Binding"
"ENTREZID","85417","ENTREZID","983","undirected","Binding"
"ENTREZID","8555","ENTREZID","10393","directed","Process(activation)"
"ENTREZID","8555","ENTREZID","10393","directed","Process(dephosphorylation)"
"ENTREZID","8555","ENTREZID","119504","directed","Process(activation)"
"ENTREZID","8555","ENTREZID","119504","directed","Process(dephosphorylation)"
"ENTREZID","8555","ENTREZID","246184","directed","Process(activation)"
"ENTREZID","8555","ENTREZID","246184","directed","Process(dephosphorylation)"
"ENTREZID","8555","ENTREZID","25847","directed","Process(activation)"
"ENTREZID","8555","ENTREZID","25847","directed","Process(dephosphorylation)"
"ENTREZID","8555","ENTREZID","25906","directed","Process(activation)"
"ENTREZID","8555","ENTREZID","25906","directed","Process(dephosphorylation)"
"ENTREZID","8555","ENTREZID","29882","directed","Process(activation)"
"ENTREZID","8555","ENTREZID","29882","directed","Process(dephosphorylation)"
"ENTREZID","8555","ENTREZID","29945","directed","Process(activation)"
"ENTREZID","8555","ENTREZID","29945","directed","Process(dephosphorylation)"
"ENTREZID","8555","ENTREZID","51343","directed","Process(activation)"
"ENTREZID","8555","ENTREZID","51343","directed","Process(dephosphorylation)"
"ENTREZID","8555","ENTREZID","51433","directed","Process(activation)"
"ENTREZID","8555","ENTREZID","51433","directed","Process(dephosphorylation)"
"ENTREZID","8555","ENTREZID","51434","directed","Process(activation)"
"ENTREZID","8555","ENTREZID","51434","directed","Process(dephosphorylation)"
"ENTREZID","8555","ENTREZID","51529","directed","Process(activation)"
"ENTREZID","8555","ENTREZID","51529","directed","Process(dephosphorylation)"
"ENTREZID","8555","ENTREZID","64682","directed","Process(activation)"
"ENTREZID","8555","ENTREZID","64682","directed","Process(dephosphorylation)"
"ENTREZID","8555","ENTREZID","8697","directed","Process(activation)"
"ENTREZID","8555","ENTREZID","8697","directed","Process(dephosphorylation)"
"ENTREZID","8555","ENTREZID","8881","directed","Process(activation)"
"ENTREZID","8555","ENTREZID","8881","directed","Process(dephosphorylation)"
"ENTREZID","8555","ENTREZID","996","directed","Process(activation)"
"ENTREZID","8555","ENTREZID","996","directed","Process(dephosphorylation)"
"ENTREZID","8556","ENTREZID","10393","directed","Process(activation)"
"ENTREZID","8556","ENTREZID","10393","directed","Process(dephosphorylation)"
"ENTREZID","8556","ENTREZID","119504","directed","Process(activation)"
"ENTREZID","8556","ENTREZID","119504","directed","Process(dephosphorylation)"
"ENTREZID","8556","ENTREZID","246184","directed","Process(activation)"
"ENTREZID","8556","ENTREZID","246184","directed","Process(dephosphorylation)"
"ENTREZID","8556","ENTREZID","25847","directed","Process(activation)"
"ENTREZID","8556","ENTREZID","25847","directed","Process(dephosphorylation)"
"ENTREZID","8556","ENTREZID","25906","directed","Process(activation)"
"ENTREZID","8556","ENTREZID","25906","directed","Process(dephosphorylation)"
"ENTREZID","8556","ENTREZID","29882","directed","Process(activation)"
"ENTREZID","8556","ENTREZID","29882","directed","Process(dephosphorylation)"
"ENTREZID","8556","ENTREZID","29945","directed","Process(activation)"
"ENTREZID","8556","ENTREZID","29945","directed","Process(dephosphorylation)"
"ENTREZID","8556","ENTREZID","51343","directed","Process(activation)"
"ENTREZID","8556","ENTREZID","51343","directed","Process(dephosphorylation)"
"ENTREZID","8556","ENTREZID","51433","directed","Process(activation)"
"ENTREZID","8556","ENTREZID","51433","directed","Process(dephosphorylation)"
"ENTREZID","8556","ENTREZID","51434","directed","Process(activation)"
"ENTREZID","8556","ENTREZID","51434","directed","Process(dephosphorylation)"
"ENTREZID","8556","ENTREZID","51529","directed","Process(activation)"
"ENTREZID","8556","ENTREZID","51529","directed","Process(dephosphorylation)"
"ENTREZID","8556","ENTREZID","64682","directed","Process(activation)"
"ENTREZID","8556","ENTREZID","64682","directed","Process(dephosphorylation)"
"ENTREZID","8556","ENTREZID","8697","directed","Process(activation)"
"ENTREZID","8556","ENTREZID","8697","directed","Process(dephosphorylation)"
"ENTREZID","8556","ENTREZID","8881","directed","Process(activation)"
"ENTREZID","8556","ENTREZID","8881","directed","Process(dephosphorylation)"
"ENTREZID","8556","ENTREZID","996","directed","Process(activation)"
"ENTREZID","8556","ENTREZID","996","directed","Process(dephosphorylation)"
"ENTREZID","8697","ENTREZID","10744","directed","Process(inhibition)"
"ENTREZID","8697","ENTREZID","10744","directed","Process(ubiquitination)"
"ENTREZID","8697","ENTREZID","51343","directed","Process(activation)"
"ENTREZID","8697","ENTREZID","51343","directed","Process(indirect effect)"
"ENTREZID","8697","ENTREZID","85417","directed","Process(inhibition)"
"ENTREZID","8697","ENTREZID","85417","directed","Process(ubiquitination)"
"ENTREZID","8697","ENTREZID","8881","undirected","Binding"
"ENTREZID","8697","ENTREZID","891","directed","Process(inhibition)"
"ENTREZID","8697","ENTREZID","891","directed","Process(ubiquitination)"
"ENTREZID","8697","ENTREZID","9133","directed","Process(inhibition)"
"ENTREZID","8697","ENTREZID","9133","directed","Process(ubiquitination)"
"ENTREZID","8697","ENTREZID","9232","directed","Process(inhibition)"
"ENTREZID","8697","ENTREZID","9232","directed","Process(ubiquitination)"
"ENTREZID","8697","ENTREZID","983","directed","Process(inhibition)"
"ENTREZID","8697","ENTREZID","983","directed","Process(ubiquitination)"
"ENTREZID","8697","ENTREZID","991","undirected","Binding"
"ENTREZID","8697","ENTREZID","996","undirected","Binding"
"ENTREZID","8881","ENTREZID","10744","directed","Process(inhibition)"
"ENTREZID","8881","ENTREZID","10744","directed","Process(ubiquitination)"
"ENTREZID","8881","ENTREZID","51343","directed","Process(activation)"
"ENTREZID","8881","ENTREZID","51343","directed","Process(indirect effect)"
"ENTREZID","8881","ENTREZID","85417","directed","Process(inhibition)"
"ENTREZID","8881","ENTREZID","85417","directed","Process(ubiquitination)"
"ENTREZID","8881","ENTREZID","891","directed","Process(inhibition)"
"ENTREZID","8881","ENTREZID","891","directed","Process(ubiquitination)"
"ENTREZID","8881","ENTREZID","9133","directed","Process(inhibition)"
"ENTREZID","8881","ENTREZID","9133","directed","Process(ubiquitination)"
"ENTREZID","8881","ENTREZID","9232","directed","Process(inhibition)"
"ENTREZID","8881","ENTREZID","9232","directed","Process(ubiquitination)"
"ENTREZID","8881","ENTREZID","983","directed","Process(inhibition)"
"ENTREZID","8881","ENTREZID","983","directed","Process(ubiquitination)"
"ENTREZID","8881","ENTREZID","991","undirected","Binding"
"ENTREZID","8881","ENTREZID","996","undirected","Binding"
"ENTREZID","890","ENTREZID","1869","directed","Process(inhibition)"
"ENTREZID","890","ENTREZID","1869","directed","Process(phosphorylation)"
"ENTREZID","890","ENTREZID","1870","directed","Process(inhibition)"
"ENTREZID","890","ENTREZID","1870","directed","Process(phosphorylation)"
"ENTREZID","890","ENTREZID","1871","directed","Process(inhibition)"
"ENTREZID","890","ENTREZID","1871","directed","Process(phosphorylation)"
"ENTREZID","890","ENTREZID","5925","directed","Process(inhibition)"
"ENTREZID","890","ENTREZID","5925","directed","Process(phosphorylation)"
"ENTREZID","890","ENTREZID","5925","directed","Process(activation)"
"ENTREZID","890","ENTREZID","8900","undirected","Binding"
"ENTREZID","890","ENTREZID","983","undirected","Binding"
"ENTREZID","890","ENTREZID","990","directed","Process(inhibition)"
"ENTREZID","890","ENTREZID","990","directed","Process(phosphorylation)"
"ENTREZID","8900","ENTREZID","1869","directed","Process(inhibition)"
"ENTREZID","8900","ENTREZID","1869","directed","Process(phosphorylation)"
"ENTREZID","8900","ENTREZID","1870","directed","Process(inhibition)"
"ENTREZID","8900","ENTREZID","1870","directed","Process(phosphorylation)"
"ENTREZID","8900","ENTREZID","1871","directed","Process(inhibition)"
"ENTREZID","8900","ENTREZID","1871","directed","Process(phosphorylation)"
"ENTREZID","8900","ENTREZID","5925","directed","Process(inhibition)"
"ENTREZID","8900","ENTREZID","5925","directed","Process(phosphorylation)"
"ENTREZID","8900","ENTREZID","5925","directed","Process(activation)"
"ENTREZID","8900","ENTREZID","983","undirected","Binding"
"ENTREZID","8900","ENTREZID","990","directed","Process(inhibition)"
"ENTREZID","8900","ENTREZID","990","directed","Process(phosphorylation)"
"ENTREZID","891","ENTREZID","5347","directed","Process(phosphorylation)"
"ENTREZID","891","ENTREZID","5347","directed","Process(activation)"
"ENTREZID","891","ENTREZID","9133","undirected","Binding"
"ENTREZID","891","ENTREZID","983","undirected","Binding"
"ENTREZID","894","ENTREZID","5925","directed","Process(inhibition)"
"ENTREZID","894","ENTREZID","5925","directed","Process(phosphorylation)"
"ENTREZID","894","ENTREZID","5933","directed","Process(inhibition)"
"ENTREZID","894","ENTREZID","5933","directed","Process(phosphorylation)"
"ENTREZID","894","ENTREZID","5934","directed","Process(inhibition)"
"ENTREZID","894","ENTREZID","5934","directed","Process(phosphorylation)"
"ENTREZID","894","ENTREZID","896","undirected","Binding"
"ENTREZID","896","ENTREZID","5925","directed","Process(inhibition)"
"ENTREZID","896","ENTREZID","5925","directed","Process(phosphorylation)"
"ENTREZID","896","ENTREZID","5933","directed","Process(inhibition)"
"ENTREZID","896","ENTREZID","5933","directed","Process(phosphorylation)"
"ENTREZID","896","ENTREZID","5934","directed","Process(inhibition)"
"ENTREZID","896","ENTREZID","5934","directed","Process(phosphorylation)"
"ENTREZID","898","ENTREZID","1027","directed","Process(inhibition)"
"ENTREZID","898","ENTREZID","1027","directed","Process(phosphorylation)"
"ENTREZID","898","ENTREZID","1028","directed","Process(inhibition)"
"ENTREZID","898","ENTREZID","1028","directed","Process(phosphorylation)"
"ENTREZID","898","ENTREZID","5925","directed","Process(inhibition)"
"ENTREZID","898","ENTREZID","5925","directed","Process(phosphorylation)"
"ENTREZID","898","ENTREZID","9134","undirected","Binding"
"ENTREZID","902","ENTREZID","1017","directed","Process(phosphorylation)"
"ENTREZID","902","ENTREZID","1017","directed","Process(activation)"
"ENTREZID","902","ENTREZID","983","directed","Process(phosphorylation)"
"ENTREZID","902","ENTREZID","983","directed","Process(activation)"
"ENTREZID","9088","ENTREZID","983","directed","Process(inhibition)"
"ENTREZID","9088","ENTREZID","983","directed","Process(phosphorylation)"
"ENTREZID","9133","ENTREZID","5347","directed","Process(phosphorylation)"
"ENTREZID","9133","ENTREZID","5347","directed","Process(activation)"
"ENTREZID","9133","ENTREZID","983","undirected","Binding"
"ENTREZID","9134","ENTREZID","1027","directed","Process(inhibition)"
"ENTREZID","9134","ENTREZID","1027","directed","Process(phosphorylation)"
"ENTREZID","9134","ENTREZID","1028","directed","Process(inhibition)"
"ENTREZID","9134","ENTREZID","1028","directed","Process(phosphorylation)"
"ENTREZID","9134","ENTREZID","5925","directed","Process(inhibition)"
"ENTREZID","9134","ENTREZID","5925","directed","Process(phosphorylation)"
"ENTREZID","9184","ENTREZID","10393","directed","Process(inhibition)"
"ENTREZID","9184","ENTREZID","119504","directed","Process(inhibition)"
"ENTREZID","9184","ENTREZID","246184","directed","Process(inhibition)"
"ENTREZID","9184","ENTREZID","25847","directed","Process(inhibition)"
"ENTREZID","9184","ENTREZID","25906","directed","Process(inhibition)"
"ENTREZID","9184","ENTREZID","29882","directed","Process(inhibition)"
"ENTREZID","9184","ENTREZID","29945","directed","Process(inhibition)"
"ENTREZID","9184","ENTREZID","51433","directed","Process(inhibition)"
"ENTREZID","9184","ENTREZID","51434","directed","Process(inhibition)"
"ENTREZID","9184","ENTREZID","51529","directed","Process(inhibition)"
"ENTREZID","9184","ENTREZID","64682","directed","Process(inhibition)"
"ENTREZID","9184","ENTREZID","8697","directed","Process(inhibition)"
"ENTREZID","9184","ENTREZID","8881","directed","Process(inhibition)"
"ENTREZID","9184","ENTREZID","996","directed","Process(inhibition)"
"ENTREZID","9232","ENTREZID","9700","directed","Process(inhibition)"
"ENTREZID","9700","ENTREZID","10274","directed","Process(inhibition)"
"ENTREZID","9700","ENTREZID","10735","directed","Process(inhibition)"
"ENTREZID","9700","ENTREZID","27127","directed","Process(inhibition)"
"ENTREZID","9700","ENTREZID","5885","directed","Process(inhibition)"
"ENTREZID","9700","ENTREZID","8243","directed","Process(inhibition)"
"ENTREZID","9700","ENTREZID","9126","directed","Process(inhibition)"
"ENTREZID","983","ENTREZID","5347","directed","Process(phosphorylation)"
"ENTREZID","983","ENTREZID","5347","directed","Process(activation)"
"ENTREZID","983","ENTREZID","5925","directed","Process(phosphorylation)"
"ENTREZID","983","ENTREZID","5925","directed","Process(activation)"
"ENTREZID","990","ENTREZID","23594","directed","Process(binding/association)"
"ENTREZID","990","ENTREZID","23595","directed","Process(binding/association)"
"ENTREZID","990","ENTREZID","4998","directed","Process(binding/association)"
"ENTREZID","990","ENTREZID","4999","directed","Process(binding/association)"
"ENTREZID","990","ENTREZID","5000","directed","Process(binding/association)"
"ENTREZID","990","ENTREZID","5001","directed","Process(binding/association)"
"ENTREZID","991","ENTREZID","10393","directed","Process(activation)"
"ENTREZID","991","ENTREZID","10393","directed","Process(indirect effect)"
"ENTREZID","991","ENTREZID","10744","directed","Process(inhibition)"
"ENTREZID","991","ENTREZID","10744","directed","Process(ubiquitination)"
"ENTREZID","991","ENTREZID","119504","directed","Process(activation)"
"ENTREZID","991","ENTREZID","119504","directed","Process(indirect effect)"
"ENTREZID","991","ENTREZID","246184","directed","Process(activation)"
"ENTREZID","991","ENTREZID","246184","directed","Process(indirect effect)"
"ENTREZID","991","ENTREZID","25847","directed","Process(activation)"
"ENTREZID","991","ENTREZID","25847","directed","Process(indirect effect)"
"ENTREZID","991","ENTREZID","25906","directed","Process(activation)"
"ENTREZID","991","ENTREZID","25906","directed","Process(indirect effect)"
"ENTREZID","991","ENTREZID","29882","directed","Process(activation)"
"ENTREZID","991","ENTREZID","29882","directed","Process(indirect effect)"
"ENTREZID","991","ENTREZID","29945","directed","Process(activation)"
"ENTREZID","991","ENTREZID","29945","directed","Process(indirect effect)"
"ENTREZID","991","ENTREZID","51343","directed","Process(activation)"
"ENTREZID","991","ENTREZID","51343","directed","Process(indirect effect)"
"ENTREZID","991","ENTREZID","51433","directed","Process(activation)"
"ENTREZID","991","ENTREZID","51433","directed","Process(indirect effect)"
"ENTREZID","991","ENTREZID","51434","directed","Process(activation)"
"ENTREZID","991","ENTREZID","51434","directed","Process(indirect effect)"
"ENTREZID","991","ENTREZID","51529","directed","Process(activation)"
"ENTREZID","991","ENTREZID","51529","directed","Process(indirect effect)"
"ENTREZID","991","ENTREZID","64682","directed","Process(activation)"
"ENTREZID","991","ENTREZID","64682","directed","Process(indirect effect)"
"ENTREZID","991","ENTREZID","8697","directed","Process(activation)"
"ENTREZID","991","ENTREZID","8697","directed","Process(indirect effect)"
"ENTREZID","991","ENTREZID","8881","directed","Process(activation)"
"ENTREZID","991","ENTREZID","8881","directed","Process(indirect effect)"
"ENTREZID","991","ENTREZID","9232","directed","Process(inhibition)"
"ENTREZID","991","ENTREZID","9232","directed","Process(ubiquitination)"
"ENTREZID","991","ENTREZID","996","directed","Process(activation)"
"ENTREZID","991","ENTREZID","996","directed","Process(indirect effect)"
"ENTREZID","991","ENTREZID","996","undirected","Binding"
"ENTREZID","993","ENTREZID","1017","directed","Process(activation)"
"ENTREZID","993","ENTREZID","1017","directed","Process(dephosphorylation)"
"ENTREZID","993","ENTREZID","1019","directed","Process(activation)"
"ENTREZID","993","ENTREZID","1019","directed","Process(dephosphorylation)"
"ENTREZID","993","ENTREZID","1021","directed","Process(activation)"
"ENTREZID","993","ENTREZID","1021","directed","Process(dephosphorylation)"
"ENTREZID","993","ENTREZID","983","directed","Process(activation)"
"ENTREZID","993","ENTREZID","983","directed","Process(dephosphorylation)"
"ENTREZID","994","ENTREZID","983","directed","Process(activation)"
"ENTREZID","994","ENTREZID","983","directed","Process(dephosphorylation)"
"ENTREZID","995","ENTREZID","983","directed","Process(activation)"
"ENTREZID","995","ENTREZID","983","directed","Process(dephosphorylation)"
"ENTREZID","996","ENTREZID","10744","directed","Process(inhibition)"
"ENTREZID","996","ENTREZID","10744","directed","Process(ubiquitination)"
"ENTREZID","996","ENTREZID","51343","directed","Process(activation)"
"ENTREZID","996","ENTREZID","51343","directed","Process(indirect effect)"
"ENTREZID","996","ENTREZID","85417","directed","Process(inhibition)"
"ENTREZID","996","ENTREZID","85417","directed","Process(ubiquitination)"
"ENTREZID","996","ENTREZID","891","directed","Process(inhibition)"
"ENTREZID","996","ENTREZID","891","directed","Process(ubiquitination)"
"ENTREZID","996","ENTREZID","9133","directed","Process(inhibition)"
"ENTREZID","996","ENTREZID","9133","directed","Process(ubiquitination)"
"ENTREZID","996","ENTREZID","9232","directed","Process(inhibition)"
"ENTREZID","996","ENTREZID","9232","directed","Process(ubiquitination)"
"ENTREZID","996","ENTREZID","983","directed","Process(inhibition)"
"ENTREZID","996","ENTREZID","983","directed","Process(ubiquitination)"
"ENTREZID","9978","ENTREZID","1017","directed","Process(inhibition)"
"ENTREZID","9978","ENTREZID","1017","directed","Process(ubiquitination)"
"ENTREZID","9978","ENTREZID","1026","directed","Process(inhibition)"
"ENTREZID","9978","ENTREZID","1026","directed","Process(ubiquitination)"
"ENTREZID","9978","ENTREZID","1027","directed","Process(inhibition)"
"ENTREZID","9978","ENTREZID","1027","directed","Process(ubiquitination)"
"ENTREZID","9978","ENTREZID","1028","directed","Process(inhibition)"
"ENTREZID","9978","ENTREZID","1028","directed","Process(ubiquitination)"
"ENTREZID","9978","ENTREZID","898","directed","Process(inhibition)"
"ENTREZID","9978","ENTREZID","898","directed","Process(ubiquitination)"
"ENTREZID","9978","ENTREZID","9134","directed","Process(inhibition)"
"ENTREZID","9978","ENTREZID","9134","directed","Process(ubiquitination)"
