"src_type","src","dest_type","dest","direction","type"
"ENTREZID","1017","ENTREZID","898","undirected","Binding"
"ENTREZID","1017","ENTREZID","9134","undirected","Binding"
"ENTREZID","1019","ENTREZID","1021","undirected","Binding"
"ENTREZID","1019","ENTREZID","595","undirected","Binding"
"ENTREZID","1019","ENTREZID","894","undirected","Binding"
"ENTREZID","1019","ENTREZID","896","undirected","Binding"
"ENTREZID","1021","ENTREZID","595","undirected","Binding"
"ENTREZID","1021","ENTREZID","894","undirected","Binding"
"ENTREZID","1021","ENTREZID","896","undirected","Binding"
"ENTREZID","1026","ENTREZID","1017","directed","Process(inhibition)"
"ENTREZID","1026","ENTREZID","1019","directed","Process(inhibition)"
"ENTREZID","1026","ENTREZID","1021","directed","Process(inhibition)"
"ENTREZID","1026","ENTREZID","595","directed","Process(inhibition)"
"ENTREZID","1026","ENTREZID","894","directed","Process(inhibition)"
"ENTREZID","1026","ENTREZID","896","directed","Process(inhibition)"
"ENTREZID","1026","ENTREZID","898","directed","Process(inhibition)"
"ENTREZID","1026","ENTREZID","9134","directed","Process(inhibition)"
"ENTREZID","1029","ENTREZID","4193","directed","Process(inhibition)"
"ENTREZID","10572","ENTREZID","596","directed","Process(inhibition)"
"ENTREZID","10572","ENTREZID","598","directed","Process(inhibition)"
"ENTREZID","10912","ENTREZID","891","directed","Process(inhibition)"
"ENTREZID","10912","ENTREZID","9133","directed","Process(inhibition)"
"ENTREZID","10912","ENTREZID","983","directed","Process(inhibition)"
"ENTREZID","1111","ENTREZID","7157","directed","Process(phosphorylation)"
"ENTREZID","1111","ENTREZID","7157","directed","Process(activation)"
"ENTREZID","11200","ENTREZID","7157","directed","Process(phosphorylation)"
"ENTREZID","11200","ENTREZID","7157","directed","Process(activation)"
"ENTREZID","1647","ENTREZID","891","directed","Process(inhibition)"
"ENTREZID","1647","ENTREZID","9133","directed","Process(inhibition)"
"ENTREZID","1647","ENTREZID","983","directed","Process(inhibition)"
"ENTREZID","27113","ENTREZID","63970","directed","Process(expression)"
"ENTREZID","27113","ENTREZID","7157","directed","Process(expression)"
"ENTREZID","2810","ENTREZID","891","directed","Process(inhibition)"
"ENTREZID","2810","ENTREZID","9133","directed","Process(inhibition)"
"ENTREZID","2810","ENTREZID","983","directed","Process(inhibition)"
"ENTREZID","317","ENTREZID","842","directed","Process(activation)"
"ENTREZID","3486","ENTREZID","3479","directed","Process(inhibition)"
"ENTREZID","4194","ENTREZID","4193","directed","Process(activation)"
"ENTREZID","4194","ENTREZID","7157","directed","Process(inhibition)"
"ENTREZID","4616","ENTREZID","891","directed","Process(inhibition)"
"ENTREZID","4616","ENTREZID","9133","directed","Process(inhibition)"
"ENTREZID","4616","ENTREZID","983","directed","Process(inhibition)"
"ENTREZID","472","ENTREZID","11200","directed","Process(phosphorylation)"
"ENTREZID","472","ENTREZID","11200","directed","Process(activation)"
"ENTREZID","472","ENTREZID","7157","directed","Process(phosphorylation)"
"ENTREZID","472","ENTREZID","7157","directed","Process(activation)"
"ENTREZID","54205","ENTREZID","842","directed","Process(activation)"
"ENTREZID","545","ENTREZID","1111","directed","Process(phosphorylation)"
"ENTREZID","545","ENTREZID","1111","directed","Process(activation)"
"ENTREZID","545","ENTREZID","7157","directed","Process(phosphorylation)"
"ENTREZID","545","ENTREZID","7157","directed","Process(activation)"
"ENTREZID","595","ENTREZID","894","undirected","Binding"
"ENTREZID","595","ENTREZID","896","undirected","Binding"
"ENTREZID","596","ENTREZID","581","directed","Process(inhibition)"
"ENTREZID","598","ENTREZID","581","directed","Process(inhibition)"
"ENTREZID","637","ENTREZID","54205","directed","Process(indirect effect)"
"ENTREZID","63970","ENTREZID","54205","directed","Process(indirect effect)"
"ENTREZID","6477","ENTREZID","54205","directed","Process(indirect effect)"
"ENTREZID","7157","ENTREZID","1026","directed","Process(expression)"
"ENTREZID","7157","ENTREZID","10572","directed","Process(expression)"
"ENTREZID","7157","ENTREZID","10912","directed","Process(expression)"
"ENTREZID","7157","ENTREZID","143686","directed","Process(expression)"
"ENTREZID","7157","ENTREZID","1643","directed","Process(expression)"
"ENTREZID","7157","ENTREZID","1647","directed","Process(expression)"
"ENTREZID","7157","ENTREZID","25898","directed","Process(expression)"
"ENTREZID","7157","ENTREZID","27244","directed","Process(expression)"
"ENTREZID","7157","ENTREZID","2810","directed","Process(expression)"
"ENTREZID","7157","ENTREZID","3486","directed","Process(expression)"
"ENTREZID","7157","ENTREZID","355","directed","Process(expression)"
"ENTREZID","7157","ENTREZID","3732","directed","Process(expression)"
"ENTREZID","7157","ENTREZID","4193","directed","Process(activation)"
"ENTREZID","7157","ENTREZID","4193","directed","Process(expression)"
"ENTREZID","7157","ENTREZID","4616","directed","Process(expression)"
"ENTREZID","7157","ENTREZID","50484","directed","Process(expression)"
"ENTREZID","7157","ENTREZID","5054","directed","Process(expression)"
"ENTREZID","7157","ENTREZID","51246","directed","Process(expression)"
"ENTREZID","7157","ENTREZID","51512","directed","Process(expression)"
"ENTREZID","7157","ENTREZID","5268","directed","Process(expression)"
"ENTREZID","7157","ENTREZID","5366","directed","Process(expression)"
"ENTREZID","7157","ENTREZID","55240","directed","Process(expression)"
"ENTREZID","7157","ENTREZID","55367","directed","Process(expression)"
"ENTREZID","7157","ENTREZID","56475","directed","Process(expression)"
"ENTREZID","7157","ENTREZID","5728","directed","Process(expression)"
"ENTREZID","7157","ENTREZID","575","directed","Process(expression)"
"ENTREZID","7157","ENTREZID","581","directed","Process(expression)"
"ENTREZID","7157","ENTREZID","6241","directed","Process(expression)"
"ENTREZID","7157","ENTREZID","64065","directed","Process(expression)"
"ENTREZID","7157","ENTREZID","64326","directed","Process(expression)"
"ENTREZID","7157","ENTREZID","64393","directed","Process(expression)"
"ENTREZID","7157","ENTREZID","6477","directed","Process(expression)"
"ENTREZID","7157","ENTREZID","7057","directed","Process(expression)"
"ENTREZID","7157","ENTREZID","7161","directed","Process(expression)"
"ENTREZID","7157","ENTREZID","7249","directed","Process(expression)"
"ENTREZID","7157","ENTREZID","83667","directed","Process(expression)"
"ENTREZID","7157","ENTREZID","84883","directed","Process(expression)"
"ENTREZID","7157","ENTREZID","8493","directed","Process(expression)"
"ENTREZID","7157","ENTREZID","8795","directed","Process(expression)"
"ENTREZID","7157","ENTREZID","8797","directed","Process(expression)"
"ENTREZID","7157","ENTREZID","900","directed","Process(expression)"
"ENTREZID","7157","ENTREZID","901","directed","Process(expression)"
"ENTREZID","7157","ENTREZID","9538","directed","Process(expression)"
"ENTREZID","7157","ENTREZID","9540","directed","Process(expression)"
"ENTREZID","841","ENTREZID","836","directed","Process(activation)"
"ENTREZID","842","ENTREZID","836","directed","Process(activation)"
"ENTREZID","8795","ENTREZID","841","directed","Process(indirect effect)"
"ENTREZID","8797","ENTREZID","841","directed","Process(indirect effect)"
"ENTREZID","891","ENTREZID","9133","undirected","Binding"
"ENTREZID","891","ENTREZID","983","undirected","Binding"
"ENTREZID","894","ENTREZID","896","undirected","Binding"
"ENTREZID","898","ENTREZID","9134","undirected","Binding"
"ENTREZID","9133","ENTREZID","983","undirected","Binding"
