"src_type","src","dest_type","dest","direction","type"
"ENTREZID","4338","ENTREZID","27304","directed","Process(binding/association)"
"ENTREZID","4357","ENTREZID","27304","directed","Process(activation)"
"ENTREZID","7263","ENTREZID","27304","directed","Process(activation)"
"ENTREZID","81605","ENTREZID","27304","directed","Process(activation)"
"ENTREZID","90353","ENTREZID","348180","directed","Process(activation)"
"ENTREZID","9054","ENTREZID","27304","directed","Process(activation)"
"ENTREZID","9054","ENTREZID","4357","directed","Process(activation)"
"ENTREZID","9054","ENTREZID","7263","directed","Process(activation)"
