"src_type","src","dest_type","dest","direction","type"
"ENTREZID","10113","ENTREZID","51128","directed","Process(activation)"
"ENTREZID","10113","ENTREZID","56681","directed","Process(activation)"
"ENTREZID","1388","ENTREZID","1649","directed","Process(activation)"
"ENTREZID","1649","ENTREZID","596","directed","Process(inhibition)"
"ENTREZID","165324","ENTREZID","7415","directed","Process(binding/association)"
"ENTREZID","1965","ENTREZID","468","directed","Process(activation)"
"ENTREZID","2081","ENTREZID","7186","directed","Process(activation)"
"ENTREZID","2081","ENTREZID","7494","directed","Process(activation)"
"ENTREZID","22872","ENTREZID","10427","directed","Process(binding/association)"
"ENTREZID","22872","ENTREZID","10483","directed","Process(binding/association)"
"ENTREZID","22872","ENTREZID","10484","directed","Process(binding/association)"
"ENTREZID","22872","ENTREZID","10802","directed","Process(binding/association)"
"ENTREZID","22872","ENTREZID","51128","directed","Process(binding/association)"
"ENTREZID","22872","ENTREZID","56681","directed","Process(binding/association)"
"ENTREZID","22872","ENTREZID","9632","directed","Process(binding/association)"
"ENTREZID","22872","ENTREZID","9871","directed","Process(binding/association)"
"ENTREZID","22926","ENTREZID","1649","directed","Process(activation)"
"ENTREZID","23190","ENTREZID","7415","directed","Process(binding/association)"
"ENTREZID","23645","ENTREZID","1965","directed","Process(inhibition)"
"ENTREZID","23645","ENTREZID","1965","directed","Process(dephosphorylation)"
"ENTREZID","258010","ENTREZID","165324","directed","Process(inhibition)"
"ENTREZID","258010","ENTREZID","23190","directed","Process(inhibition)"
"ENTREZID","258010","ENTREZID","51035","directed","Process(inhibition)"
"ENTREZID","258010","ENTREZID","55666","directed","Process(inhibition)"
"ENTREZID","258010","ENTREZID","55968","directed","Process(inhibition)"
"ENTREZID","258010","ENTREZID","7415","directed","Process(binding/association)"
"ENTREZID","258010","ENTREZID","7993","directed","Process(inhibition)"
"ENTREZID","258010","ENTREZID","80700","directed","Process(inhibition)"
"ENTREZID","25956","ENTREZID","10427","directed","Process(binding/association)"
"ENTREZID","25956","ENTREZID","10483","directed","Process(binding/association)"
"ENTREZID","25956","ENTREZID","10484","directed","Process(binding/association)"
"ENTREZID","25956","ENTREZID","10802","directed","Process(binding/association)"
"ENTREZID","25956","ENTREZID","51128","directed","Process(binding/association)"
"ENTREZID","25956","ENTREZID","56681","directed","Process(binding/association)"
"ENTREZID","25956","ENTREZID","9632","directed","Process(binding/association)"
"ENTREZID","25956","ENTREZID","9871","directed","Process(binding/association)"
"ENTREZID","27102","ENTREZID","1965","directed","Process(phosphorylation)"
"ENTREZID","27102","ENTREZID","1965","directed","Process(activation)"
"ENTREZID","27102","ENTREZID","4780","directed","Process(activation)"
"ENTREZID","30001","ENTREZID","10130","directed","Process(activation)"
"ENTREZID","30001","ENTREZID","10961","directed","Process(activation)"
"ENTREZID","30001","ENTREZID","5034","directed","Process(activation)"
"ENTREZID","30001","ENTREZID","81567","directed","Process(activation)"
"ENTREZID","30001","ENTREZID","9601","directed","Process(activation)"
"ENTREZID","4217","ENTREZID","5609","directed","Process(activation)"
"ENTREZID","440275","ENTREZID","1965","directed","Process(phosphorylation)"
"ENTREZID","440275","ENTREZID","1965","directed","Process(activation)"
"ENTREZID","440275","ENTREZID","4780","directed","Process(activation)"
"ENTREZID","468","ENTREZID","1649","directed","Process(activation)"
"ENTREZID","468","ENTREZID","23645","directed","Process(activation)"
"ENTREZID","4780","ENTREZID","1649","directed","Process(activation)"
"ENTREZID","51035","ENTREZID","7415","directed","Process(binding/association)"
"ENTREZID","55666","ENTREZID","7353","directed","Process(binding/association)"
"ENTREZID","55666","ENTREZID","7415","directed","Process(binding/association)"
"ENTREZID","55968","ENTREZID","7415","directed","Process(binding/association)"
"ENTREZID","5609","ENTREZID","5599","directed","Process(activation)"
"ENTREZID","5609","ENTREZID","5601","directed","Process(activation)"
"ENTREZID","5609","ENTREZID","5602","directed","Process(activation)"
"ENTREZID","5610","ENTREZID","1965","directed","Process(phosphorylation)"
"ENTREZID","5610","ENTREZID","1965","directed","Process(activation)"
"ENTREZID","5610","ENTREZID","4780","directed","Process(activation)"
"ENTREZID","56605","ENTREZID","10130","directed","Process(activation)"
"ENTREZID","56605","ENTREZID","10961","directed","Process(activation)"
"ENTREZID","56605","ENTREZID","5034","directed","Process(activation)"
"ENTREZID","56605","ENTREZID","81567","directed","Process(activation)"
"ENTREZID","56605","ENTREZID","9601","directed","Process(activation)"
"ENTREZID","578","ENTREZID","823","directed","Process(activation)"
"ENTREZID","578","ENTREZID","824","directed","Process(activation)"
"ENTREZID","581","ENTREZID","823","directed","Process(activation)"
"ENTREZID","581","ENTREZID","824","directed","Process(activation)"
"ENTREZID","596","ENTREZID","578","directed","Process(inhibition)"
"ENTREZID","596","ENTREZID","581","directed","Process(inhibition)"
"ENTREZID","6396","ENTREZID","10427","directed","Process(binding/association)"
"ENTREZID","6396","ENTREZID","10483","directed","Process(binding/association)"
"ENTREZID","6396","ENTREZID","10484","directed","Process(binding/association)"
"ENTREZID","6396","ENTREZID","10802","directed","Process(binding/association)"
"ENTREZID","6396","ENTREZID","51128","directed","Process(binding/association)"
"ENTREZID","6396","ENTREZID","56681","directed","Process(binding/association)"
"ENTREZID","6396","ENTREZID","9632","directed","Process(binding/association)"
"ENTREZID","6396","ENTREZID","9871","directed","Process(binding/association)"
"ENTREZID","7186","ENTREZID","4217","directed","Process(activation)"
"ENTREZID","7466","ENTREZID","1388","directed","Process(inhibition)"
"ENTREZID","7466","ENTREZID","22926","directed","Process(inhibition)"
"ENTREZID","7494","ENTREZID","1649","directed","Process(activation)"
"ENTREZID","7993","ENTREZID","7415","directed","Process(binding/association)"
"ENTREZID","80700","ENTREZID","7415","directed","Process(binding/association)"
"ENTREZID","823","ENTREZID","100506742","directed","Process(activation)"
"ENTREZID","824","ENTREZID","100506742","directed","Process(activation)"
"ENTREZID","9451","ENTREZID","1965","directed","Process(phosphorylation)"
"ENTREZID","9451","ENTREZID","1965","directed","Process(activation)"
"ENTREZID","9451","ENTREZID","4780","directed","Process(activation)"
