"src_type","src","dest_type","dest","direction","type"
"ENTREZID","10376","ENTREZID","10381","directed","Process(binding/association)"
"ENTREZID","10376","ENTREZID","10381","undirected","Binding"
"ENTREZID","10376","ENTREZID","10382","directed","Process(binding/association)"
"ENTREZID","10376","ENTREZID","10382","undirected","Binding"
"ENTREZID","10376","ENTREZID","10383","directed","Process(binding/association)"
"ENTREZID","10376","ENTREZID","10383","undirected","Binding"
"ENTREZID","10376","ENTREZID","112714","undirected","Binding"
"ENTREZID","10376","ENTREZID","113457","undirected","Binding"
"ENTREZID","10376","ENTREZID","203068","directed","Process(binding/association)"
"ENTREZID","10376","ENTREZID","203068","undirected","Binding"
"ENTREZID","10376","ENTREZID","347688","directed","Process(binding/association)"
"ENTREZID","10376","ENTREZID","347688","undirected","Binding"
"ENTREZID","10376","ENTREZID","347733","directed","Process(binding/association)"
"ENTREZID","10376","ENTREZID","347733","undirected","Binding"
"ENTREZID","10376","ENTREZID","51807","undirected","Binding"
"ENTREZID","10376","ENTREZID","7277","undirected","Binding"
"ENTREZID","10376","ENTREZID","7278","undirected","Binding"
"ENTREZID","10376","ENTREZID","7280","directed","Process(binding/association)"
"ENTREZID","10376","ENTREZID","7280","undirected","Binding"
"ENTREZID","10376","ENTREZID","7846","undirected","Binding"
"ENTREZID","10376","ENTREZID","79861","undirected","Binding"
"ENTREZID","10376","ENTREZID","81027","directed","Process(binding/association)"
"ENTREZID","10376","ENTREZID","81027","undirected","Binding"
"ENTREZID","10376","ENTREZID","84617","directed","Process(binding/association)"
"ENTREZID","10376","ENTREZID","84617","undirected","Binding"
"ENTREZID","10376","ENTREZID","84790","undirected","Binding"
"ENTREZID","10381","ENTREZID","10382","undirected","Binding"
"ENTREZID","10381","ENTREZID","10383","undirected","Binding"
"ENTREZID","10381","ENTREZID","112714","undirected","Binding"
"ENTREZID","10381","ENTREZID","113457","undirected","Binding"
"ENTREZID","10381","ENTREZID","203068","undirected","Binding"
"ENTREZID","10381","ENTREZID","347688","undirected","Binding"
"ENTREZID","10381","ENTREZID","347733","undirected","Binding"
"ENTREZID","10381","ENTREZID","51807","undirected","Binding"
"ENTREZID","10381","ENTREZID","7277","undirected","Binding"
"ENTREZID","10381","ENTREZID","7278","undirected","Binding"
"ENTREZID","10381","ENTREZID","7280","undirected","Binding"
"ENTREZID","10381","ENTREZID","7846","undirected","Binding"
"ENTREZID","10381","ENTREZID","79861","undirected","Binding"
"ENTREZID","10381","ENTREZID","81027","undirected","Binding"
"ENTREZID","10381","ENTREZID","84617","undirected","Binding"
"ENTREZID","10381","ENTREZID","84790","undirected","Binding"
"ENTREZID","10382","ENTREZID","10383","undirected","Binding"
"ENTREZID","10382","ENTREZID","112714","undirected","Binding"
"ENTREZID","10382","ENTREZID","113457","undirected","Binding"
"ENTREZID","10382","ENTREZID","203068","undirected","Binding"
"ENTREZID","10382","ENTREZID","347688","undirected","Binding"
"ENTREZID","10382","ENTREZID","347733","undirected","Binding"
"ENTREZID","10382","ENTREZID","51807","undirected","Binding"
"ENTREZID","10382","ENTREZID","7277","undirected","Binding"
"ENTREZID","10382","ENTREZID","7278","undirected","Binding"
"ENTREZID","10382","ENTREZID","7280","undirected","Binding"
"ENTREZID","10382","ENTREZID","7846","undirected","Binding"
"ENTREZID","10382","ENTREZID","79861","undirected","Binding"
"ENTREZID","10382","ENTREZID","81027","undirected","Binding"
"ENTREZID","10382","ENTREZID","84617","undirected","Binding"
"ENTREZID","10382","ENTREZID","84790","undirected","Binding"
"ENTREZID","10383","ENTREZID","112714","undirected","Binding"
"ENTREZID","10383","ENTREZID","113457","undirected","Binding"
"ENTREZID","10383","ENTREZID","203068","undirected","Binding"
"ENTREZID","10383","ENTREZID","347688","undirected","Binding"
"ENTREZID","10383","ENTREZID","347733","undirected","Binding"
"ENTREZID","10383","ENTREZID","51807","undirected","Binding"
"ENTREZID","10383","ENTREZID","7277","undirected","Binding"
"ENTREZID","10383","ENTREZID","7278","undirected","Binding"
"ENTREZID","10383","ENTREZID","7280","undirected","Binding"
"ENTREZID","10383","ENTREZID","7846","undirected","Binding"
"ENTREZID","10383","ENTREZID","79861","undirected","Binding"
"ENTREZID","10383","ENTREZID","81027","undirected","Binding"
"ENTREZID","10383","ENTREZID","84617","undirected","Binding"
"ENTREZID","10383","ENTREZID","84790","undirected","Binding"
"ENTREZID","112714","ENTREZID","10381","directed","Process(binding/association)"
"ENTREZID","112714","ENTREZID","10382","directed","Process(binding/association)"
"ENTREZID","112714","ENTREZID","10383","directed","Process(binding/association)"
"ENTREZID","112714","ENTREZID","113457","undirected","Binding"
"ENTREZID","112714","ENTREZID","203068","directed","Process(binding/association)"
"ENTREZID","112714","ENTREZID","203068","undirected","Binding"
"ENTREZID","112714","ENTREZID","347688","directed","Process(binding/association)"
"ENTREZID","112714","ENTREZID","347688","undirected","Binding"
"ENTREZID","112714","ENTREZID","347733","directed","Process(binding/association)"
"ENTREZID","112714","ENTREZID","347733","undirected","Binding"
"ENTREZID","112714","ENTREZID","51807","undirected","Binding"
"ENTREZID","112714","ENTREZID","7277","undirected","Binding"
"ENTREZID","112714","ENTREZID","7278","undirected","Binding"
"ENTREZID","112714","ENTREZID","7280","directed","Process(binding/association)"
"ENTREZID","112714","ENTREZID","7280","undirected","Binding"
"ENTREZID","112714","ENTREZID","7846","undirected","Binding"
"ENTREZID","112714","ENTREZID","79861","undirected","Binding"
"ENTREZID","112714","ENTREZID","81027","directed","Process(binding/association)"
"ENTREZID","112714","ENTREZID","81027","undirected","Binding"
"ENTREZID","112714","ENTREZID","84617","directed","Process(binding/association)"
"ENTREZID","112714","ENTREZID","84617","undirected","Binding"
"ENTREZID","112714","ENTREZID","84790","undirected","Binding"
"ENTREZID","113457","ENTREZID","10381","directed","Process(binding/association)"
"ENTREZID","113457","ENTREZID","10382","directed","Process(binding/association)"
"ENTREZID","113457","ENTREZID","10383","directed","Process(binding/association)"
"ENTREZID","113457","ENTREZID","203068","directed","Process(binding/association)"
"ENTREZID","113457","ENTREZID","203068","undirected","Binding"
"ENTREZID","113457","ENTREZID","347688","directed","Process(binding/association)"
"ENTREZID","113457","ENTREZID","347688","undirected","Binding"
"ENTREZID","113457","ENTREZID","347733","directed","Process(binding/association)"
"ENTREZID","113457","ENTREZID","347733","undirected","Binding"
"ENTREZID","113457","ENTREZID","51807","undirected","Binding"
"ENTREZID","113457","ENTREZID","7277","undirected","Binding"
"ENTREZID","113457","ENTREZID","7278","undirected","Binding"
"ENTREZID","113457","ENTREZID","7280","directed","Process(binding/association)"
"ENTREZID","113457","ENTREZID","7280","undirected","Binding"
"ENTREZID","113457","ENTREZID","7846","undirected","Binding"
"ENTREZID","113457","ENTREZID","79861","undirected","Binding"
"ENTREZID","113457","ENTREZID","81027","directed","Process(binding/association)"
"ENTREZID","113457","ENTREZID","81027","undirected","Binding"
"ENTREZID","113457","ENTREZID","84617","directed","Process(binding/association)"
"ENTREZID","113457","ENTREZID","84617","undirected","Binding"
"ENTREZID","113457","ENTREZID","84790","undirected","Binding"
"ENTREZID","1778","ENTREZID","10376","directed","Process(binding/association)"
"ENTREZID","1778","ENTREZID","10381","directed","Process(binding/association)"
"ENTREZID","1778","ENTREZID","10382","directed","Process(binding/association)"
"ENTREZID","1778","ENTREZID","10383","directed","Process(binding/association)"
"ENTREZID","1778","ENTREZID","112714","directed","Process(binding/association)"
"ENTREZID","1778","ENTREZID","113457","directed","Process(binding/association)"
"ENTREZID","1778","ENTREZID","1780","undirected","Binding"
"ENTREZID","1778","ENTREZID","1781","undirected","Binding"
"ENTREZID","1778","ENTREZID","1783","undirected","Binding"
"ENTREZID","1778","ENTREZID","203068","directed","Process(binding/association)"
"ENTREZID","1778","ENTREZID","338382","undirected","Binding"
"ENTREZID","1778","ENTREZID","347688","directed","Process(binding/association)"
"ENTREZID","1778","ENTREZID","347733","directed","Process(binding/association)"
"ENTREZID","1778","ENTREZID","51143","undirected","Binding"
"ENTREZID","1778","ENTREZID","51807","directed","Process(binding/association)"
"ENTREZID","1778","ENTREZID","7277","directed","Process(binding/association)"
"ENTREZID","1778","ENTREZID","7278","directed","Process(binding/association)"
"ENTREZID","1778","ENTREZID","7280","directed","Process(binding/association)"
"ENTREZID","1778","ENTREZID","7846","directed","Process(binding/association)"
"ENTREZID","1778","ENTREZID","7879","undirected","Binding"
"ENTREZID","1778","ENTREZID","79659","undirected","Binding"
"ENTREZID","1778","ENTREZID","79861","directed","Process(binding/association)"
"ENTREZID","1778","ENTREZID","81027","directed","Process(binding/association)"
"ENTREZID","1778","ENTREZID","83547","undirected","Binding"
"ENTREZID","1778","ENTREZID","84617","directed","Process(binding/association)"
"ENTREZID","1778","ENTREZID","84790","directed","Process(binding/association)"
"ENTREZID","1780","ENTREZID","10376","directed","Process(binding/association)"
"ENTREZID","1780","ENTREZID","10381","directed","Process(binding/association)"
"ENTREZID","1780","ENTREZID","10382","directed","Process(binding/association)"
"ENTREZID","1780","ENTREZID","10383","directed","Process(binding/association)"
"ENTREZID","1780","ENTREZID","112714","directed","Process(binding/association)"
"ENTREZID","1780","ENTREZID","113457","directed","Process(binding/association)"
"ENTREZID","1780","ENTREZID","1781","undirected","Binding"
"ENTREZID","1780","ENTREZID","1783","undirected","Binding"
"ENTREZID","1780","ENTREZID","203068","directed","Process(binding/association)"
"ENTREZID","1780","ENTREZID","338382","undirected","Binding"
"ENTREZID","1780","ENTREZID","347688","directed","Process(binding/association)"
"ENTREZID","1780","ENTREZID","347733","directed","Process(binding/association)"
"ENTREZID","1780","ENTREZID","51143","undirected","Binding"
"ENTREZID","1780","ENTREZID","51807","directed","Process(binding/association)"
"ENTREZID","1780","ENTREZID","7277","directed","Process(binding/association)"
"ENTREZID","1780","ENTREZID","7278","directed","Process(binding/association)"
"ENTREZID","1780","ENTREZID","7280","directed","Process(binding/association)"
"ENTREZID","1780","ENTREZID","7846","directed","Process(binding/association)"
"ENTREZID","1780","ENTREZID","7879","undirected","Binding"
"ENTREZID","1780","ENTREZID","79659","undirected","Binding"
"ENTREZID","1780","ENTREZID","79861","directed","Process(binding/association)"
"ENTREZID","1780","ENTREZID","81027","directed","Process(binding/association)"
"ENTREZID","1780","ENTREZID","83547","undirected","Binding"
"ENTREZID","1780","ENTREZID","84617","directed","Process(binding/association)"
"ENTREZID","1780","ENTREZID","84790","directed","Process(binding/association)"
"ENTREZID","1781","ENTREZID","10376","directed","Process(binding/association)"
"ENTREZID","1781","ENTREZID","10381","directed","Process(binding/association)"
"ENTREZID","1781","ENTREZID","10382","directed","Process(binding/association)"
"ENTREZID","1781","ENTREZID","10383","directed","Process(binding/association)"
"ENTREZID","1781","ENTREZID","112714","directed","Process(binding/association)"
"ENTREZID","1781","ENTREZID","113457","directed","Process(binding/association)"
"ENTREZID","1781","ENTREZID","1783","undirected","Binding"
"ENTREZID","1781","ENTREZID","203068","directed","Process(binding/association)"
"ENTREZID","1781","ENTREZID","338382","undirected","Binding"
"ENTREZID","1781","ENTREZID","347688","directed","Process(binding/association)"
"ENTREZID","1781","ENTREZID","347733","directed","Process(binding/association)"
"ENTREZID","1781","ENTREZID","51143","undirected","Binding"
"ENTREZID","1781","ENTREZID","51807","directed","Process(binding/association)"
"ENTREZID","1781","ENTREZID","7277","directed","Process(binding/association)"
"ENTREZID","1781","ENTREZID","7278","directed","Process(binding/association)"
"ENTREZID","1781","ENTREZID","7280","directed","Process(binding/association)"
"ENTREZID","1781","ENTREZID","7846","directed","Process(binding/association)"
"ENTREZID","1781","ENTREZID","7879","undirected","Binding"
"ENTREZID","1781","ENTREZID","79659","undirected","Binding"
"ENTREZID","1781","ENTREZID","79861","directed","Process(binding/association)"
"ENTREZID","1781","ENTREZID","81027","directed","Process(binding/association)"
"ENTREZID","1781","ENTREZID","83547","undirected","Binding"
"ENTREZID","1781","ENTREZID","84617","directed","Process(binding/association)"
"ENTREZID","1781","ENTREZID","84790","directed","Process(binding/association)"
"ENTREZID","1783","ENTREZID","10376","directed","Process(binding/association)"
"ENTREZID","1783","ENTREZID","10381","directed","Process(binding/association)"
"ENTREZID","1783","ENTREZID","10382","directed","Process(binding/association)"
"ENTREZID","1783","ENTREZID","10383","directed","Process(binding/association)"
"ENTREZID","1783","ENTREZID","112714","directed","Process(binding/association)"
"ENTREZID","1783","ENTREZID","113457","directed","Process(binding/association)"
"ENTREZID","1783","ENTREZID","203068","directed","Process(binding/association)"
"ENTREZID","1783","ENTREZID","338382","undirected","Binding"
"ENTREZID","1783","ENTREZID","347688","directed","Process(binding/association)"
"ENTREZID","1783","ENTREZID","347733","directed","Process(binding/association)"
"ENTREZID","1783","ENTREZID","51143","undirected","Binding"
"ENTREZID","1783","ENTREZID","51807","directed","Process(binding/association)"
"ENTREZID","1783","ENTREZID","7277","directed","Process(binding/association)"
"ENTREZID","1783","ENTREZID","7278","directed","Process(binding/association)"
"ENTREZID","1783","ENTREZID","7280","directed","Process(binding/association)"
"ENTREZID","1783","ENTREZID","7846","directed","Process(binding/association)"
"ENTREZID","1783","ENTREZID","7879","undirected","Binding"
"ENTREZID","1783","ENTREZID","79659","undirected","Binding"
"ENTREZID","1783","ENTREZID","79861","directed","Process(binding/association)"
"ENTREZID","1783","ENTREZID","81027","directed","Process(binding/association)"
"ENTREZID","1783","ENTREZID","83547","undirected","Binding"
"ENTREZID","1783","ENTREZID","84617","directed","Process(binding/association)"
"ENTREZID","1783","ENTREZID","84790","directed","Process(binding/association)"
"ENTREZID","203068","ENTREZID","347688","undirected","Binding"
"ENTREZID","203068","ENTREZID","347733","undirected","Binding"
"ENTREZID","203068","ENTREZID","51807","undirected","Binding"
"ENTREZID","203068","ENTREZID","7277","undirected","Binding"
"ENTREZID","203068","ENTREZID","7278","undirected","Binding"
"ENTREZID","203068","ENTREZID","7280","undirected","Binding"
"ENTREZID","203068","ENTREZID","7846","undirected","Binding"
"ENTREZID","203068","ENTREZID","79861","undirected","Binding"
"ENTREZID","203068","ENTREZID","81027","undirected","Binding"
"ENTREZID","203068","ENTREZID","84617","undirected","Binding"
"ENTREZID","203068","ENTREZID","84790","undirected","Binding"
"ENTREZID","338382","ENTREZID","10376","directed","Process(binding/association)"
"ENTREZID","338382","ENTREZID","10381","directed","Process(binding/association)"
"ENTREZID","338382","ENTREZID","10382","directed","Process(binding/association)"
"ENTREZID","338382","ENTREZID","10383","directed","Process(binding/association)"
"ENTREZID","338382","ENTREZID","112714","directed","Process(binding/association)"
"ENTREZID","338382","ENTREZID","113457","directed","Process(binding/association)"
"ENTREZID","338382","ENTREZID","203068","directed","Process(binding/association)"
"ENTREZID","338382","ENTREZID","347688","directed","Process(binding/association)"
"ENTREZID","338382","ENTREZID","347733","directed","Process(binding/association)"
"ENTREZID","338382","ENTREZID","51143","undirected","Binding"
"ENTREZID","338382","ENTREZID","51807","directed","Process(binding/association)"
"ENTREZID","338382","ENTREZID","7277","directed","Process(binding/association)"
"ENTREZID","338382","ENTREZID","7278","directed","Process(binding/association)"
"ENTREZID","338382","ENTREZID","7280","directed","Process(binding/association)"
"ENTREZID","338382","ENTREZID","7846","directed","Process(binding/association)"
"ENTREZID","338382","ENTREZID","7879","undirected","Binding"
"ENTREZID","338382","ENTREZID","79659","undirected","Binding"
"ENTREZID","338382","ENTREZID","79861","directed","Process(binding/association)"
"ENTREZID","338382","ENTREZID","81027","directed","Process(binding/association)"
"ENTREZID","338382","ENTREZID","83547","undirected","Binding"
"ENTREZID","338382","ENTREZID","84617","directed","Process(binding/association)"
"ENTREZID","338382","ENTREZID","84790","directed","Process(binding/association)"
"ENTREZID","347688","ENTREZID","347733","undirected","Binding"
"ENTREZID","347688","ENTREZID","51807","undirected","Binding"
"ENTREZID","347688","ENTREZID","7277","undirected","Binding"
"ENTREZID","347688","ENTREZID","7278","undirected","Binding"
"ENTREZID","347688","ENTREZID","7280","undirected","Binding"
"ENTREZID","347688","ENTREZID","7846","undirected","Binding"
"ENTREZID","347688","ENTREZID","79861","undirected","Binding"
"ENTREZID","347688","ENTREZID","81027","undirected","Binding"
"ENTREZID","347688","ENTREZID","84617","undirected","Binding"
"ENTREZID","347688","ENTREZID","84790","undirected","Binding"
"ENTREZID","347733","ENTREZID","51807","undirected","Binding"
"ENTREZID","347733","ENTREZID","7277","undirected","Binding"
"ENTREZID","347733","ENTREZID","7278","undirected","Binding"
"ENTREZID","347733","ENTREZID","7280","undirected","Binding"
"ENTREZID","347733","ENTREZID","7846","undirected","Binding"
"ENTREZID","347733","ENTREZID","79861","undirected","Binding"
"ENTREZID","347733","ENTREZID","81027","undirected","Binding"
"ENTREZID","347733","ENTREZID","84617","undirected","Binding"
"ENTREZID","347733","ENTREZID","84790","undirected","Binding"
"ENTREZID","51143","ENTREZID","10376","directed","Process(binding/association)"
"ENTREZID","51143","ENTREZID","10381","directed","Process(binding/association)"
"ENTREZID","51143","ENTREZID","10382","directed","Process(binding/association)"
"ENTREZID","51143","ENTREZID","10383","directed","Process(binding/association)"
"ENTREZID","51143","ENTREZID","112714","directed","Process(binding/association)"
"ENTREZID","51143","ENTREZID","113457","directed","Process(binding/association)"
"ENTREZID","51143","ENTREZID","203068","directed","Process(binding/association)"
"ENTREZID","51143","ENTREZID","347688","directed","Process(binding/association)"
"ENTREZID","51143","ENTREZID","347733","directed","Process(binding/association)"
"ENTREZID","51143","ENTREZID","51807","directed","Process(binding/association)"
"ENTREZID","51143","ENTREZID","7277","directed","Process(binding/association)"
"ENTREZID","51143","ENTREZID","7278","directed","Process(binding/association)"
"ENTREZID","51143","ENTREZID","7280","directed","Process(binding/association)"
"ENTREZID","51143","ENTREZID","7846","directed","Process(binding/association)"
"ENTREZID","51143","ENTREZID","7879","undirected","Binding"
"ENTREZID","51143","ENTREZID","79659","undirected","Binding"
"ENTREZID","51143","ENTREZID","79861","directed","Process(binding/association)"
"ENTREZID","51143","ENTREZID","81027","directed","Process(binding/association)"
"ENTREZID","51143","ENTREZID","83547","undirected","Binding"
"ENTREZID","51143","ENTREZID","84617","directed","Process(binding/association)"
"ENTREZID","51143","ENTREZID","84790","directed","Process(binding/association)"
"ENTREZID","51807","ENTREZID","10381","directed","Process(binding/association)"
"ENTREZID","51807","ENTREZID","10382","directed","Process(binding/association)"
"ENTREZID","51807","ENTREZID","10383","directed","Process(binding/association)"
"ENTREZID","51807","ENTREZID","203068","directed","Process(binding/association)"
"ENTREZID","51807","ENTREZID","347688","directed","Process(binding/association)"
"ENTREZID","51807","ENTREZID","347733","directed","Process(binding/association)"
"ENTREZID","51807","ENTREZID","7277","undirected","Binding"
"ENTREZID","51807","ENTREZID","7278","undirected","Binding"
"ENTREZID","51807","ENTREZID","7280","directed","Process(binding/association)"
"ENTREZID","51807","ENTREZID","7280","undirected","Binding"
"ENTREZID","51807","ENTREZID","7846","undirected","Binding"
"ENTREZID","51807","ENTREZID","79861","undirected","Binding"
"ENTREZID","51807","ENTREZID","81027","directed","Process(binding/association)"
"ENTREZID","51807","ENTREZID","81027","undirected","Binding"
"ENTREZID","51807","ENTREZID","84617","directed","Process(binding/association)"
"ENTREZID","51807","ENTREZID","84617","undirected","Binding"
"ENTREZID","51807","ENTREZID","84790","undirected","Binding"
"ENTREZID","5868","ENTREZID","5289","directed","Process(binding/association)"
"ENTREZID","5868","ENTREZID","5869","undirected","Binding"
"ENTREZID","5868","ENTREZID","5878","undirected","Binding"
"ENTREZID","5868","ENTREZID","8411","undirected","Binding"
"ENTREZID","5869","ENTREZID","5289","directed","Process(binding/association)"
"ENTREZID","5869","ENTREZID","5878","undirected","Binding"
"ENTREZID","5869","ENTREZID","8411","undirected","Binding"
"ENTREZID","5878","ENTREZID","5289","directed","Process(binding/association)"
"ENTREZID","5878","ENTREZID","8411","undirected","Binding"
"ENTREZID","7277","ENTREZID","10381","directed","Process(binding/association)"
"ENTREZID","7277","ENTREZID","10382","directed","Process(binding/association)"
"ENTREZID","7277","ENTREZID","10383","directed","Process(binding/association)"
"ENTREZID","7277","ENTREZID","203068","directed","Process(binding/association)"
"ENTREZID","7277","ENTREZID","347688","directed","Process(binding/association)"
"ENTREZID","7277","ENTREZID","347733","directed","Process(binding/association)"
"ENTREZID","7277","ENTREZID","7278","undirected","Binding"
"ENTREZID","7277","ENTREZID","7280","directed","Process(binding/association)"
"ENTREZID","7277","ENTREZID","7280","undirected","Binding"
"ENTREZID","7277","ENTREZID","7846","undirected","Binding"
"ENTREZID","7277","ENTREZID","79861","undirected","Binding"
"ENTREZID","7277","ENTREZID","81027","directed","Process(binding/association)"
"ENTREZID","7277","ENTREZID","81027","undirected","Binding"
"ENTREZID","7277","ENTREZID","84617","directed","Process(binding/association)"
"ENTREZID","7277","ENTREZID","84617","undirected","Binding"
"ENTREZID","7277","ENTREZID","84790","undirected","Binding"
"ENTREZID","7278","ENTREZID","10381","directed","Process(binding/association)"
"ENTREZID","7278","ENTREZID","10382","directed","Process(binding/association)"
"ENTREZID","7278","ENTREZID","10383","directed","Process(binding/association)"
"ENTREZID","7278","ENTREZID","203068","directed","Process(binding/association)"
"ENTREZID","7278","ENTREZID","347688","directed","Process(binding/association)"
"ENTREZID","7278","ENTREZID","347733","directed","Process(binding/association)"
"ENTREZID","7278","ENTREZID","7280","directed","Process(binding/association)"
"ENTREZID","7278","ENTREZID","7280","undirected","Binding"
"ENTREZID","7278","ENTREZID","7846","undirected","Binding"
"ENTREZID","7278","ENTREZID","79861","undirected","Binding"
"ENTREZID","7278","ENTREZID","81027","directed","Process(binding/association)"
"ENTREZID","7278","ENTREZID","81027","undirected","Binding"
"ENTREZID","7278","ENTREZID","84617","directed","Process(binding/association)"
"ENTREZID","7278","ENTREZID","84617","undirected","Binding"
"ENTREZID","7278","ENTREZID","84790","undirected","Binding"
"ENTREZID","7280","ENTREZID","7846","undirected","Binding"
"ENTREZID","7280","ENTREZID","79861","undirected","Binding"
"ENTREZID","7280","ENTREZID","81027","undirected","Binding"
"ENTREZID","7280","ENTREZID","84617","undirected","Binding"
"ENTREZID","7280","ENTREZID","84790","undirected","Binding"
"ENTREZID","7846","ENTREZID","10381","directed","Process(binding/association)"
"ENTREZID","7846","ENTREZID","10382","directed","Process(binding/association)"
"ENTREZID","7846","ENTREZID","10383","directed","Process(binding/association)"
"ENTREZID","7846","ENTREZID","203068","directed","Process(binding/association)"
"ENTREZID","7846","ENTREZID","347688","directed","Process(binding/association)"
"ENTREZID","7846","ENTREZID","347733","directed","Process(binding/association)"
"ENTREZID","7846","ENTREZID","7280","directed","Process(binding/association)"
"ENTREZID","7846","ENTREZID","79861","undirected","Binding"
"ENTREZID","7846","ENTREZID","81027","directed","Process(binding/association)"
"ENTREZID","7846","ENTREZID","81027","undirected","Binding"
"ENTREZID","7846","ENTREZID","84617","directed","Process(binding/association)"
"ENTREZID","7846","ENTREZID","84617","undirected","Binding"
"ENTREZID","7846","ENTREZID","84790","undirected","Binding"
"ENTREZID","7879","ENTREZID","10376","directed","Process(binding/association)"
"ENTREZID","7879","ENTREZID","10381","directed","Process(binding/association)"
"ENTREZID","7879","ENTREZID","10382","directed","Process(binding/association)"
"ENTREZID","7879","ENTREZID","10383","directed","Process(binding/association)"
"ENTREZID","7879","ENTREZID","112714","directed","Process(binding/association)"
"ENTREZID","7879","ENTREZID","113457","directed","Process(binding/association)"
"ENTREZID","7879","ENTREZID","203068","directed","Process(binding/association)"
"ENTREZID","7879","ENTREZID","347688","directed","Process(binding/association)"
"ENTREZID","7879","ENTREZID","347733","directed","Process(binding/association)"
"ENTREZID","7879","ENTREZID","51807","directed","Process(binding/association)"
"ENTREZID","7879","ENTREZID","7277","directed","Process(binding/association)"
"ENTREZID","7879","ENTREZID","7278","directed","Process(binding/association)"
"ENTREZID","7879","ENTREZID","7280","directed","Process(binding/association)"
"ENTREZID","7879","ENTREZID","7846","directed","Process(binding/association)"
"ENTREZID","7879","ENTREZID","79659","undirected","Binding"
"ENTREZID","7879","ENTREZID","79861","directed","Process(binding/association)"
"ENTREZID","7879","ENTREZID","81027","directed","Process(binding/association)"
"ENTREZID","7879","ENTREZID","83547","undirected","Binding"
"ENTREZID","7879","ENTREZID","84617","directed","Process(binding/association)"
"ENTREZID","7879","ENTREZID","84790","directed","Process(binding/association)"
"ENTREZID","79659","ENTREZID","10376","directed","Process(binding/association)"
"ENTREZID","79659","ENTREZID","10381","directed","Process(binding/association)"
"ENTREZID","79659","ENTREZID","10382","directed","Process(binding/association)"
"ENTREZID","79659","ENTREZID","10383","directed","Process(binding/association)"
"ENTREZID","79659","ENTREZID","112714","directed","Process(binding/association)"
"ENTREZID","79659","ENTREZID","113457","directed","Process(binding/association)"
"ENTREZID","79659","ENTREZID","203068","directed","Process(binding/association)"
"ENTREZID","79659","ENTREZID","347688","directed","Process(binding/association)"
"ENTREZID","79659","ENTREZID","347733","directed","Process(binding/association)"
"ENTREZID","79659","ENTREZID","51807","directed","Process(binding/association)"
"ENTREZID","79659","ENTREZID","7277","directed","Process(binding/association)"
"ENTREZID","79659","ENTREZID","7278","directed","Process(binding/association)"
"ENTREZID","79659","ENTREZID","7280","directed","Process(binding/association)"
"ENTREZID","79659","ENTREZID","7846","directed","Process(binding/association)"
"ENTREZID","79659","ENTREZID","79861","directed","Process(binding/association)"
"ENTREZID","79659","ENTREZID","81027","directed","Process(binding/association)"
"ENTREZID","79659","ENTREZID","83547","undirected","Binding"
"ENTREZID","79659","ENTREZID","84617","directed","Process(binding/association)"
"ENTREZID","79659","ENTREZID","84790","directed","Process(binding/association)"
"ENTREZID","79861","ENTREZID","10381","directed","Process(binding/association)"
"ENTREZID","79861","ENTREZID","10382","directed","Process(binding/association)"
"ENTREZID","79861","ENTREZID","10383","directed","Process(binding/association)"
"ENTREZID","79861","ENTREZID","203068","directed","Process(binding/association)"
"ENTREZID","79861","ENTREZID","347688","directed","Process(binding/association)"
"ENTREZID","79861","ENTREZID","347733","directed","Process(binding/association)"
"ENTREZID","79861","ENTREZID","7280","directed","Process(binding/association)"
"ENTREZID","79861","ENTREZID","81027","directed","Process(binding/association)"
"ENTREZID","79861","ENTREZID","81027","undirected","Binding"
"ENTREZID","79861","ENTREZID","84617","directed","Process(binding/association)"
"ENTREZID","79861","ENTREZID","84617","undirected","Binding"
"ENTREZID","79861","ENTREZID","84790","undirected","Binding"
"ENTREZID","81027","ENTREZID","84617","undirected","Binding"
"ENTREZID","81027","ENTREZID","84790","undirected","Binding"
"ENTREZID","83547","ENTREZID","10376","directed","Process(binding/association)"
"ENTREZID","83547","ENTREZID","10381","directed","Process(binding/association)"
"ENTREZID","83547","ENTREZID","10382","directed","Process(binding/association)"
"ENTREZID","83547","ENTREZID","10383","directed","Process(binding/association)"
"ENTREZID","83547","ENTREZID","112714","directed","Process(binding/association)"
"ENTREZID","83547","ENTREZID","113457","directed","Process(binding/association)"
"ENTREZID","83547","ENTREZID","203068","directed","Process(binding/association)"
"ENTREZID","83547","ENTREZID","347688","directed","Process(binding/association)"
"ENTREZID","83547","ENTREZID","347733","directed","Process(binding/association)"
"ENTREZID","83547","ENTREZID","51807","directed","Process(binding/association)"
"ENTREZID","83547","ENTREZID","7277","directed","Process(binding/association)"
"ENTREZID","83547","ENTREZID","7278","directed","Process(binding/association)"
"ENTREZID","83547","ENTREZID","7280","directed","Process(binding/association)"
"ENTREZID","83547","ENTREZID","7846","directed","Process(binding/association)"
"ENTREZID","83547","ENTREZID","79861","directed","Process(binding/association)"
"ENTREZID","83547","ENTREZID","81027","directed","Process(binding/association)"
"ENTREZID","83547","ENTREZID","84617","directed","Process(binding/association)"
"ENTREZID","83547","ENTREZID","84790","directed","Process(binding/association)"
"ENTREZID","8411","ENTREZID","5289","directed","Process(binding/association)"
"ENTREZID","84617","ENTREZID","84790","undirected","Binding"
"ENTREZID","84790","ENTREZID","10381","directed","Process(binding/association)"
"ENTREZID","84790","ENTREZID","10382","directed","Process(binding/association)"
"ENTREZID","84790","ENTREZID","10383","directed","Process(binding/association)"
"ENTREZID","84790","ENTREZID","203068","directed","Process(binding/association)"
"ENTREZID","84790","ENTREZID","347688","directed","Process(binding/association)"
"ENTREZID","84790","ENTREZID","347733","directed","Process(binding/association)"
"ENTREZID","84790","ENTREZID","7280","directed","Process(binding/association)"
"ENTREZID","84790","ENTREZID","81027","directed","Process(binding/association)"
"ENTREZID","84790","ENTREZID","84617","directed","Process(binding/association)"
