"src_type","src","dest_type","dest","direction","type"
"ENTREZID","51555","ENTREZID","5195","directed","Process(missing)"
"ENTREZID","5189","ENTREZID","5190","directed","Process(missing)"
"ENTREZID","5190","ENTREZID","55670","directed","Process(missing)"
"ENTREZID","5191","ENTREZID","51555","directed","Process(missing)"
"ENTREZID","5191","ENTREZID","5830","directed","Process(missing)"
"ENTREZID","5194","ENTREZID","5195","directed","Process(missing)"
"ENTREZID","5830","ENTREZID","5195","directed","Process(missing)"
