"src_type","src","dest_type","dest","direction","type"
"ENTREZID","10018","ENTREZID","596","directed","Process(inhibition)"
"ENTREZID","10018","ENTREZID","598","directed","Process(inhibition)"
"ENTREZID","27113","ENTREZID","596","directed","Process(inhibition)"
"ENTREZID","27113","ENTREZID","598","directed","Process(inhibition)"
"ENTREZID","27429","ENTREZID","329","directed","Process(inhibition)"
"ENTREZID","27429","ENTREZID","330","directed","Process(inhibition)"
"ENTREZID","27429","ENTREZID","331","directed","Process(inhibition)"
"ENTREZID","27429","ENTREZID","332","directed","Process(inhibition)"
"ENTREZID","317","ENTREZID","842","directed","Process(activation)"
"ENTREZID","329","ENTREZID","836","directed","Process(inhibition)"
"ENTREZID","329","ENTREZID","840","directed","Process(inhibition)"
"ENTREZID","329","ENTREZID","842","directed","Process(inhibition)"
"ENTREZID","330","ENTREZID","836","directed","Process(inhibition)"
"ENTREZID","330","ENTREZID","840","directed","Process(inhibition)"
"ENTREZID","330","ENTREZID","842","directed","Process(inhibition)"
"ENTREZID","331","ENTREZID","836","directed","Process(inhibition)"
"ENTREZID","331","ENTREZID","840","directed","Process(inhibition)"
"ENTREZID","331","ENTREZID","842","directed","Process(inhibition)"
"ENTREZID","332","ENTREZID","836","directed","Process(inhibition)"
"ENTREZID","332","ENTREZID","840","directed","Process(inhibition)"
"ENTREZID","332","ENTREZID","842","directed","Process(inhibition)"
"ENTREZID","4804","ENTREZID","8772","directed","Process(activation)"
"ENTREZID","5366","ENTREZID","596","directed","Process(inhibition)"
"ENTREZID","5366","ENTREZID","598","directed","Process(inhibition)"
"ENTREZID","5414","ENTREZID","329","directed","Process(inhibition)"
"ENTREZID","5414","ENTREZID","330","directed","Process(inhibition)"
"ENTREZID","5414","ENTREZID","331","directed","Process(inhibition)"
"ENTREZID","5414","ENTREZID","332","directed","Process(inhibition)"
"ENTREZID","54205","ENTREZID","317","directed","Process(activation)"
"ENTREZID","5599","ENTREZID","317","directed","Process(activation)"
"ENTREZID","5599","ENTREZID","317","directed","Process(indirect effect)"
"ENTREZID","5601","ENTREZID","317","directed","Process(activation)"
"ENTREZID","5601","ENTREZID","317","directed","Process(indirect effect)"
"ENTREZID","5602","ENTREZID","317","directed","Process(activation)"
"ENTREZID","5602","ENTREZID","317","directed","Process(indirect effect)"
"ENTREZID","56616","ENTREZID","329","directed","Process(inhibition)"
"ENTREZID","56616","ENTREZID","330","directed","Process(inhibition)"
"ENTREZID","56616","ENTREZID","331","directed","Process(inhibition)"
"ENTREZID","56616","ENTREZID","332","directed","Process(inhibition)"
"ENTREZID","596","ENTREZID","578","directed","Process(inhibition)"
"ENTREZID","596","ENTREZID","581","directed","Process(inhibition)"
"ENTREZID","598","ENTREZID","578","directed","Process(inhibition)"
"ENTREZID","598","ENTREZID","581","directed","Process(inhibition)"
"ENTREZID","637","ENTREZID","596","directed","Process(inhibition)"
"ENTREZID","637","ENTREZID","598","directed","Process(inhibition)"
"ENTREZID","7132","ENTREZID","8772","directed","Process(activation)"
"ENTREZID","79444","ENTREZID","840","directed","Process(inhibition)"
"ENTREZID","841","ENTREZID","840","directed","Process(activation)"
"ENTREZID","842","ENTREZID","836","directed","Process(activation)"
"ENTREZID","842","ENTREZID","840","directed","Process(activation)"
"ENTREZID","8772","ENTREZID","841","directed","Process(activation)"
