"src_type","src","dest_type","dest","direction","type"
"ENTREZID","23657","ENTREZID","6520","undirected","Binding"
"ENTREZID","6520","ENTREZID","23657","directed","Process(binding/association)"
"ENTREZID","7018","ENTREZID","7037","directed","Process(binding/association)"
"ENTREZID","7037","ENTREZID","7018","directed","Process(binding/association)"
"ENTREZID","7157","ENTREZID","23657","directed","Process(repression)"
"ENTREZID","8031","ENTREZID","2495","directed","Process(binding/association)"
"ENTREZID","8031","ENTREZID","2512","directed","Process(binding/association)"
