"src_type","src","dest_type","dest","direction","type"
"ENTREZID","10000","ENTREZID","2309","directed","Process(inhibition)"
"ENTREZID","10000","ENTREZID","2309","directed","Process(phosphorylation)"
"ENTREZID","10000","ENTREZID","7248","directed","Process(inhibition)"
"ENTREZID","10000","ENTREZID","7248","directed","Process(phosphorylation)"
"ENTREZID","10000","ENTREZID","7249","directed","Process(inhibition)"
"ENTREZID","10000","ENTREZID","7249","directed","Process(phosphorylation)"
"ENTREZID","10111","ENTREZID","4361","undirected","Binding"
"ENTREZID","10111","ENTREZID","4683","undirected","Binding"
"ENTREZID","10111","ENTREZID","472","directed","Process(phosphorylation)"
"ENTREZID","10111","ENTREZID","472","directed","Process(activation)"
"ENTREZID","10114","ENTREZID","7157","directed","Process(phosphorylation)"
"ENTREZID","10114","ENTREZID","7157","directed","Process(activation)"
"ENTREZID","1017","ENTREZID","4605","directed","Process(phosphorylation)"
"ENTREZID","1017","ENTREZID","4605","directed","Process(activation)"
"ENTREZID","1017","ENTREZID","5925","directed","Process(inhibition)"
"ENTREZID","1017","ENTREZID","5925","directed","Process(phosphorylation)"
"ENTREZID","1017","ENTREZID","5933","directed","Process(inhibition)"
"ENTREZID","1017","ENTREZID","5933","directed","Process(phosphorylation)"
"ENTREZID","1017","ENTREZID","5934","directed","Process(inhibition)"
"ENTREZID","1017","ENTREZID","5934","directed","Process(phosphorylation)"
"ENTREZID","1017","ENTREZID","890","directed","Process(binding/association)"
"ENTREZID","1017","ENTREZID","890","undirected","Binding"
"ENTREZID","1017","ENTREZID","8900","directed","Process(binding/association)"
"ENTREZID","1017","ENTREZID","8900","undirected","Binding"
"ENTREZID","1017","ENTREZID","898","directed","Process(binding/association)"
"ENTREZID","1017","ENTREZID","898","undirected","Binding"
"ENTREZID","1017","ENTREZID","9134","directed","Process(binding/association)"
"ENTREZID","1017","ENTREZID","9134","undirected","Binding"
"ENTREZID","1019","ENTREZID","1021","undirected","Binding"
"ENTREZID","1019","ENTREZID","5925","directed","Process(inhibition)"
"ENTREZID","1019","ENTREZID","5925","directed","Process(phosphorylation)"
"ENTREZID","1019","ENTREZID","5933","directed","Process(inhibition)"
"ENTREZID","1019","ENTREZID","5933","directed","Process(phosphorylation)"
"ENTREZID","1019","ENTREZID","5934","directed","Process(inhibition)"
"ENTREZID","1019","ENTREZID","5934","directed","Process(phosphorylation)"
"ENTREZID","1019","ENTREZID","595","directed","Process(binding/association)"
"ENTREZID","1019","ENTREZID","595","undirected","Binding"
"ENTREZID","1019","ENTREZID","894","directed","Process(binding/association)"
"ENTREZID","1019","ENTREZID","894","undirected","Binding"
"ENTREZID","1019","ENTREZID","896","directed","Process(binding/association)"
"ENTREZID","1019","ENTREZID","896","undirected","Binding"
"ENTREZID","1021","ENTREZID","5925","directed","Process(inhibition)"
"ENTREZID","1021","ENTREZID","5925","directed","Process(phosphorylation)"
"ENTREZID","1021","ENTREZID","5933","directed","Process(inhibition)"
"ENTREZID","1021","ENTREZID","5933","directed","Process(phosphorylation)"
"ENTREZID","1021","ENTREZID","5934","directed","Process(inhibition)"
"ENTREZID","1021","ENTREZID","5934","directed","Process(phosphorylation)"
"ENTREZID","1021","ENTREZID","595","directed","Process(binding/association)"
"ENTREZID","1021","ENTREZID","595","undirected","Binding"
"ENTREZID","1021","ENTREZID","894","directed","Process(binding/association)"
"ENTREZID","1021","ENTREZID","894","undirected","Binding"
"ENTREZID","1021","ENTREZID","896","directed","Process(binding/association)"
"ENTREZID","1021","ENTREZID","896","undirected","Binding"
"ENTREZID","1026","ENTREZID","1017","directed","Process(inhibition)"
"ENTREZID","1026","ENTREZID","1019","directed","Process(inhibition)"
"ENTREZID","1026","ENTREZID","1021","directed","Process(inhibition)"
"ENTREZID","1026","ENTREZID","595","directed","Process(inhibition)"
"ENTREZID","1026","ENTREZID","890","directed","Process(inhibition)"
"ENTREZID","1026","ENTREZID","8900","directed","Process(inhibition)"
"ENTREZID","1026","ENTREZID","894","directed","Process(inhibition)"
"ENTREZID","1026","ENTREZID","896","directed","Process(inhibition)"
"ENTREZID","1026","ENTREZID","898","directed","Process(inhibition)"
"ENTREZID","1026","ENTREZID","9134","directed","Process(inhibition)"
"ENTREZID","1029","ENTREZID","1019","directed","Process(inhibition)"
"ENTREZID","1029","ENTREZID","1021","directed","Process(inhibition)"
"ENTREZID","1029","ENTREZID","4193","directed","Process(inhibition)"
"ENTREZID","1029","ENTREZID","595","directed","Process(inhibition)"
"ENTREZID","1029","ENTREZID","894","directed","Process(inhibition)"
"ENTREZID","1029","ENTREZID","896","directed","Process(inhibition)"
"ENTREZID","1030","ENTREZID","1019","directed","Process(inhibition)"
"ENTREZID","1030","ENTREZID","1021","directed","Process(inhibition)"
"ENTREZID","1030","ENTREZID","595","directed","Process(inhibition)"
"ENTREZID","1030","ENTREZID","894","directed","Process(inhibition)"
"ENTREZID","1030","ENTREZID","896","directed","Process(inhibition)"
"ENTREZID","10758","ENTREZID","4790","directed","Process(activation)"
"ENTREZID","10758","ENTREZID","4790","directed","Process(indirect effect)"
"ENTREZID","10758","ENTREZID","5970","directed","Process(activation)"
"ENTREZID","10758","ENTREZID","5970","directed","Process(indirect effect)"
"ENTREZID","10912","ENTREZID","85417","directed","Process(inhibition)"
"ENTREZID","10912","ENTREZID","891","directed","Process(inhibition)"
"ENTREZID","10912","ENTREZID","9133","directed","Process(inhibition)"
"ENTREZID","10912","ENTREZID","983","directed","Process(inhibition)"
"ENTREZID","1111","ENTREZID","7157","directed","Process(phosphorylation)"
"ENTREZID","1111","ENTREZID","7157","directed","Process(activation)"
"ENTREZID","1111","ENTREZID","993","directed","Process(inhibition)"
"ENTREZID","1111","ENTREZID","993","directed","Process(phosphorylation)"
"ENTREZID","11200","ENTREZID","7157","directed","Process(phosphorylation)"
"ENTREZID","11200","ENTREZID","7157","directed","Process(activation)"
"ENTREZID","1432","ENTREZID","1029","directed","Process(phosphorylation)"
"ENTREZID","1432","ENTREZID","1029","directed","Process(activation)"
"ENTREZID","1432","ENTREZID","7157","directed","Process(phosphorylation)"
"ENTREZID","1432","ENTREZID","7157","directed","Process(activation)"
"ENTREZID","144715","ENTREZID","3364","undirected","Binding"
"ENTREZID","144715","ENTREZID","545","directed","Process(phosphorylation)"
"ENTREZID","144715","ENTREZID","545","directed","Process(activation)"
"ENTREZID","144715","ENTREZID","5810","directed","Process(binding/association)"
"ENTREZID","144715","ENTREZID","5810","undirected","Binding"
"ENTREZID","144715","ENTREZID","5883","undirected","Binding"
"ENTREZID","147746","ENTREZID","7157","directed","Process(phosphorylation)"
"ENTREZID","147746","ENTREZID","7157","directed","Process(activation)"
"ENTREZID","163688","ENTREZID","5530","directed","Process(activation)"
"ENTREZID","163688","ENTREZID","5532","directed","Process(activation)"
"ENTREZID","163688","ENTREZID","5533","directed","Process(activation)"
"ENTREZID","163688","ENTREZID","5534","directed","Process(activation)"
"ENTREZID","163688","ENTREZID","5535","directed","Process(activation)"
"ENTREZID","1647","ENTREZID","85417","directed","Process(inhibition)"
"ENTREZID","1647","ENTREZID","891","directed","Process(inhibition)"
"ENTREZID","1647","ENTREZID","9133","directed","Process(inhibition)"
"ENTREZID","1647","ENTREZID","983","directed","Process(inhibition)"
"ENTREZID","1869","ENTREZID","2305","directed","Process(expression)"
"ENTREZID","1869","ENTREZID","4605","directed","Process(expression)"
"ENTREZID","1870","ENTREZID","2305","directed","Process(expression)"
"ENTREZID","1870","ENTREZID","4605","directed","Process(expression)"
"ENTREZID","1871","ENTREZID","2305","directed","Process(expression)"
"ENTREZID","1871","ENTREZID","4605","directed","Process(expression)"
"ENTREZID","1874","ENTREZID","2305","directed","Process(expression)"
"ENTREZID","1874","ENTREZID","4605","directed","Process(expression)"
"ENTREZID","1875","ENTREZID","2305","directed","Process(expression)"
"ENTREZID","1875","ENTREZID","4605","directed","Process(expression)"
"ENTREZID","204851","ENTREZID","7157","directed","Process(phosphorylation)"
"ENTREZID","204851","ENTREZID","7157","directed","Process(activation)"
"ENTREZID","207","ENTREZID","2309","directed","Process(inhibition)"
"ENTREZID","207","ENTREZID","2309","directed","Process(phosphorylation)"
"ENTREZID","207","ENTREZID","7248","directed","Process(inhibition)"
"ENTREZID","207","ENTREZID","7248","directed","Process(phosphorylation)"
"ENTREZID","207","ENTREZID","7249","directed","Process(inhibition)"
"ENTREZID","207","ENTREZID","7249","directed","Process(phosphorylation)"
"ENTREZID","208","ENTREZID","2309","directed","Process(inhibition)"
"ENTREZID","208","ENTREZID","2309","directed","Process(phosphorylation)"
"ENTREZID","208","ENTREZID","7248","directed","Process(inhibition)"
"ENTREZID","208","ENTREZID","7248","directed","Process(phosphorylation)"
"ENTREZID","208","ENTREZID","7249","directed","Process(inhibition)"
"ENTREZID","208","ENTREZID","7249","directed","Process(phosphorylation)"
"ENTREZID","2113","ENTREZID","1029","directed","Process(expression)"
"ENTREZID","22800","ENTREZID","1029","directed","Process(activation)"
"ENTREZID","22800","ENTREZID","5290","directed","Process(activation)"
"ENTREZID","22800","ENTREZID","5291","directed","Process(activation)"
"ENTREZID","22800","ENTREZID","5293","directed","Process(activation)"
"ENTREZID","22800","ENTREZID","5295","directed","Process(activation)"
"ENTREZID","22800","ENTREZID","5296","directed","Process(activation)"
"ENTREZID","22800","ENTREZID","5894","directed","Process(activation)"
"ENTREZID","22800","ENTREZID","83593","directed","Process(activation)"
"ENTREZID","22800","ENTREZID","8503","directed","Process(activation)"
"ENTREZID","22808","ENTREZID","1029","directed","Process(activation)"
"ENTREZID","22808","ENTREZID","5290","directed","Process(activation)"
"ENTREZID","22808","ENTREZID","5291","directed","Process(activation)"
"ENTREZID","22808","ENTREZID","5293","directed","Process(activation)"
"ENTREZID","22808","ENTREZID","5295","directed","Process(activation)"
"ENTREZID","22808","ENTREZID","5296","directed","Process(activation)"
"ENTREZID","22808","ENTREZID","5894","directed","Process(activation)"
"ENTREZID","22808","ENTREZID","83593","directed","Process(activation)"
"ENTREZID","22808","ENTREZID","8503","directed","Process(activation)"
"ENTREZID","2305","ENTREZID","132660","directed","Process(binding/association)"
"ENTREZID","2305","ENTREZID","286826","directed","Process(binding/association)"
"ENTREZID","2305","ENTREZID","55957","directed","Process(binding/association)"
"ENTREZID","2305","ENTREZID","5928","directed","Process(binding/association)"
"ENTREZID","2305","ENTREZID","91750","directed","Process(binding/association)"
"ENTREZID","2308","ENTREZID","1026","directed","Process(expression)"
"ENTREZID","2308","ENTREZID","2309","undirected","Binding"
"ENTREZID","2308","ENTREZID","4087","directed","Process(binding/association)"
"ENTREZID","2308","ENTREZID","4087","undirected","Binding"
"ENTREZID","2308","ENTREZID","4088","directed","Process(binding/association)"
"ENTREZID","2308","ENTREZID","4088","undirected","Binding"
"ENTREZID","2309","ENTREZID","1026","directed","Process(expression)"
"ENTREZID","2309","ENTREZID","4087","directed","Process(binding/association)"
"ENTREZID","2309","ENTREZID","4087","undirected","Binding"
"ENTREZID","2309","ENTREZID","4088","directed","Process(binding/association)"
"ENTREZID","2309","ENTREZID","4088","undirected","Binding"
"ENTREZID","23291","ENTREZID","4193","directed","Process(inhibition)"
"ENTREZID","23291","ENTREZID","83593","undirected","Binding"
"ENTREZID","23291","ENTREZID","8945","undirected","Binding"
"ENTREZID","23411","ENTREZID","2309","directed","Process(inhibition)"
"ENTREZID","23411","ENTREZID","7157","directed","Process(inhibition)"
"ENTREZID","2475","ENTREZID","1978","directed","Process(inhibition)"
"ENTREZID","2475","ENTREZID","1978","directed","Process(phosphorylation)"
"ENTREZID","2475","ENTREZID","7157","directed","Process(activation)"
"ENTREZID","2475","ENTREZID","7157","directed","Process(indirect effect)"
"ENTREZID","2626","ENTREZID","10758","directed","Process(expression)"
"ENTREZID","2626","ENTREZID","3552","directed","Process(expression)"
"ENTREZID","28996","ENTREZID","7157","directed","Process(phosphorylation)"
"ENTREZID","28996","ENTREZID","7157","directed","Process(activation)"
"ENTREZID","291","ENTREZID","292","undirected","Binding"
"ENTREZID","291","ENTREZID","293","undirected","Binding"
"ENTREZID","291","ENTREZID","5481","directed","Process(binding/association)"
"ENTREZID","291","ENTREZID","5481","undirected","Binding"
"ENTREZID","291","ENTREZID","7416","directed","Process(binding/association)"
"ENTREZID","291","ENTREZID","7416","undirected","Binding"
"ENTREZID","291","ENTREZID","7417","directed","Process(binding/association)"
"ENTREZID","291","ENTREZID","7417","undirected","Binding"
"ENTREZID","291","ENTREZID","7419","directed","Process(binding/association)"
"ENTREZID","291","ENTREZID","7419","undirected","Binding"
"ENTREZID","291","ENTREZID","83447","undirected","Binding"
"ENTREZID","292","ENTREZID","293","undirected","Binding"
"ENTREZID","292","ENTREZID","5481","directed","Process(binding/association)"
"ENTREZID","292","ENTREZID","5481","undirected","Binding"
"ENTREZID","292","ENTREZID","7416","directed","Process(binding/association)"
"ENTREZID","292","ENTREZID","7416","undirected","Binding"
"ENTREZID","292","ENTREZID","7417","directed","Process(binding/association)"
"ENTREZID","292","ENTREZID","7417","undirected","Binding"
"ENTREZID","292","ENTREZID","7419","directed","Process(binding/association)"
"ENTREZID","292","ENTREZID","7419","undirected","Binding"
"ENTREZID","292","ENTREZID","83447","undirected","Binding"
"ENTREZID","293","ENTREZID","5481","directed","Process(binding/association)"
"ENTREZID","293","ENTREZID","5481","undirected","Binding"
"ENTREZID","293","ENTREZID","7416","directed","Process(binding/association)"
"ENTREZID","293","ENTREZID","7416","undirected","Binding"
"ENTREZID","293","ENTREZID","7417","directed","Process(binding/association)"
"ENTREZID","293","ENTREZID","7417","undirected","Binding"
"ENTREZID","293","ENTREZID","7419","directed","Process(binding/association)"
"ENTREZID","293","ENTREZID","7419","undirected","Binding"
"ENTREZID","293","ENTREZID","83447","undirected","Binding"
"ENTREZID","3105","ENTREZID","1026","directed","Process(expression)"
"ENTREZID","3105","ENTREZID","1026","directed","Process(indirect effect)"
"ENTREZID","3105","ENTREZID","3106","undirected","Binding"
"ENTREZID","3105","ENTREZID","3107","undirected","Binding"
"ENTREZID","3105","ENTREZID","3133","undirected","Binding"
"ENTREZID","3105","ENTREZID","3134","undirected","Binding"
"ENTREZID","3105","ENTREZID","3135","undirected","Binding"
"ENTREZID","3105","ENTREZID","3805","directed","Process(binding/association)"
"ENTREZID","3105","ENTREZID","3805","undirected","Binding"
"ENTREZID","3106","ENTREZID","1026","directed","Process(expression)"
"ENTREZID","3106","ENTREZID","1026","directed","Process(indirect effect)"
"ENTREZID","3106","ENTREZID","3107","undirected","Binding"
"ENTREZID","3106","ENTREZID","3133","undirected","Binding"
"ENTREZID","3106","ENTREZID","3134","undirected","Binding"
"ENTREZID","3106","ENTREZID","3135","undirected","Binding"
"ENTREZID","3106","ENTREZID","3805","directed","Process(binding/association)"
"ENTREZID","3106","ENTREZID","3805","undirected","Binding"
"ENTREZID","3107","ENTREZID","1026","directed","Process(expression)"
"ENTREZID","3107","ENTREZID","1026","directed","Process(indirect effect)"
"ENTREZID","3107","ENTREZID","3133","undirected","Binding"
"ENTREZID","3107","ENTREZID","3134","undirected","Binding"
"ENTREZID","3107","ENTREZID","3135","undirected","Binding"
"ENTREZID","3107","ENTREZID","3805","directed","Process(binding/association)"
"ENTREZID","3107","ENTREZID","3805","undirected","Binding"
"ENTREZID","3133","ENTREZID","1026","directed","Process(expression)"
"ENTREZID","3133","ENTREZID","1026","directed","Process(indirect effect)"
"ENTREZID","3133","ENTREZID","3134","undirected","Binding"
"ENTREZID","3133","ENTREZID","3135","undirected","Binding"
"ENTREZID","3133","ENTREZID","3805","directed","Process(binding/association)"
"ENTREZID","3133","ENTREZID","3805","undirected","Binding"
"ENTREZID","3134","ENTREZID","1026","directed","Process(expression)"
"ENTREZID","3134","ENTREZID","1026","directed","Process(indirect effect)"
"ENTREZID","3134","ENTREZID","3135","undirected","Binding"
"ENTREZID","3134","ENTREZID","3805","directed","Process(binding/association)"
"ENTREZID","3134","ENTREZID","3805","undirected","Binding"
"ENTREZID","3135","ENTREZID","1026","directed","Process(expression)"
"ENTREZID","3135","ENTREZID","1026","directed","Process(indirect effect)"
"ENTREZID","3135","ENTREZID","3805","directed","Process(binding/association)"
"ENTREZID","3135","ENTREZID","3805","undirected","Binding"
"ENTREZID","3265","ENTREZID","1029","directed","Process(activation)"
"ENTREZID","3265","ENTREZID","5290","directed","Process(activation)"
"ENTREZID","3265","ENTREZID","5291","directed","Process(activation)"
"ENTREZID","3265","ENTREZID","5293","directed","Process(activation)"
"ENTREZID","3265","ENTREZID","5295","directed","Process(activation)"
"ENTREZID","3265","ENTREZID","5296","directed","Process(activation)"
"ENTREZID","3265","ENTREZID","5894","directed","Process(activation)"
"ENTREZID","3265","ENTREZID","83593","directed","Process(activation)"
"ENTREZID","3265","ENTREZID","8503","directed","Process(activation)"
"ENTREZID","3364","ENTREZID","545","directed","Process(phosphorylation)"
"ENTREZID","3364","ENTREZID","545","directed","Process(activation)"
"ENTREZID","3364","ENTREZID","5810","directed","Process(binding/association)"
"ENTREZID","3364","ENTREZID","5810","undirected","Binding"
"ENTREZID","3364","ENTREZID","5883","undirected","Binding"
"ENTREZID","3552","ENTREZID","4790","directed","Process(activation)"
"ENTREZID","3552","ENTREZID","4790","directed","Process(indirect effect)"
"ENTREZID","3552","ENTREZID","5970","directed","Process(activation)"
"ENTREZID","3552","ENTREZID","5970","directed","Process(indirect effect)"
"ENTREZID","3805","ENTREZID","1026","directed","Process(expression)"
"ENTREZID","3805","ENTREZID","1026","directed","Process(indirect effect)"
"ENTREZID","3845","ENTREZID","1029","directed","Process(activation)"
"ENTREZID","3845","ENTREZID","5290","directed","Process(activation)"
"ENTREZID","3845","ENTREZID","5291","directed","Process(activation)"
"ENTREZID","3845","ENTREZID","5293","directed","Process(activation)"
"ENTREZID","3845","ENTREZID","5295","directed","Process(activation)"
"ENTREZID","3845","ENTREZID","5296","directed","Process(activation)"
"ENTREZID","3845","ENTREZID","5894","directed","Process(activation)"
"ENTREZID","3845","ENTREZID","83593","directed","Process(activation)"
"ENTREZID","3845","ENTREZID","8503","directed","Process(activation)"
"ENTREZID","4087","ENTREZID","1026","directed","Process(expression)"
"ENTREZID","4087","ENTREZID","1030","directed","Process(expression)"
"ENTREZID","4087","ENTREZID","4088","undirected","Binding"
"ENTREZID","4088","ENTREZID","1026","directed","Process(expression)"
"ENTREZID","4088","ENTREZID","1030","directed","Process(expression)"
"ENTREZID","4193","ENTREZID","7157","directed","Process(inhibition)"
"ENTREZID","4361","ENTREZID","10111","directed","Process(binding/association)"
"ENTREZID","4361","ENTREZID","4683","undirected","Binding"
"ENTREZID","4361","ENTREZID","472","directed","Process(phosphorylation)"
"ENTREZID","4361","ENTREZID","472","directed","Process(activation)"
"ENTREZID","4605","ENTREZID","132660","directed","Process(binding/association)"
"ENTREZID","4605","ENTREZID","286826","directed","Process(binding/association)"
"ENTREZID","4605","ENTREZID","55957","directed","Process(binding/association)"
"ENTREZID","4605","ENTREZID","5928","directed","Process(binding/association)"
"ENTREZID","4605","ENTREZID","91750","directed","Process(binding/association)"
"ENTREZID","4609","ENTREZID","1029","directed","Process(activation)"
"ENTREZID","4616","ENTREZID","85417","directed","Process(inhibition)"
"ENTREZID","4616","ENTREZID","891","directed","Process(inhibition)"
"ENTREZID","4616","ENTREZID","9133","directed","Process(inhibition)"
"ENTREZID","4616","ENTREZID","983","directed","Process(inhibition)"
"ENTREZID","4683","ENTREZID","10111","directed","Process(binding/association)"
"ENTREZID","4683","ENTREZID","472","directed","Process(phosphorylation)"
"ENTREZID","4683","ENTREZID","472","directed","Process(activation)"
"ENTREZID","472","ENTREZID","11200","directed","Process(phosphorylation)"
"ENTREZID","472","ENTREZID","11200","directed","Process(activation)"
"ENTREZID","472","ENTREZID","8878","directed","Process(inhibition)"
"ENTREZID","4893","ENTREZID","1029","directed","Process(activation)"
"ENTREZID","4893","ENTREZID","5290","directed","Process(activation)"
"ENTREZID","4893","ENTREZID","5291","directed","Process(activation)"
"ENTREZID","4893","ENTREZID","5293","directed","Process(activation)"
"ENTREZID","4893","ENTREZID","5295","directed","Process(activation)"
"ENTREZID","4893","ENTREZID","5296","directed","Process(activation)"
"ENTREZID","4893","ENTREZID","5894","directed","Process(activation)"
"ENTREZID","4893","ENTREZID","83593","directed","Process(activation)"
"ENTREZID","4893","ENTREZID","8503","directed","Process(activation)"
"ENTREZID","51806","ENTREZID","5530","directed","Process(activation)"
"ENTREZID","51806","ENTREZID","5532","directed","Process(activation)"
"ENTREZID","51806","ENTREZID","5533","directed","Process(activation)"
"ENTREZID","51806","ENTREZID","5534","directed","Process(activation)"
"ENTREZID","51806","ENTREZID","5535","directed","Process(activation)"
"ENTREZID","5290","ENTREZID","2308","directed","Process(inhibition)"
"ENTREZID","5290","ENTREZID","2308","directed","Process(indirect effect)"
"ENTREZID","5290","ENTREZID","2309","directed","Process(inhibition)"
"ENTREZID","5290","ENTREZID","2309","directed","Process(indirect effect)"
"ENTREZID","5291","ENTREZID","2308","directed","Process(inhibition)"
"ENTREZID","5291","ENTREZID","2308","directed","Process(indirect effect)"
"ENTREZID","5291","ENTREZID","2309","directed","Process(inhibition)"
"ENTREZID","5291","ENTREZID","2309","directed","Process(indirect effect)"
"ENTREZID","5293","ENTREZID","2308","directed","Process(inhibition)"
"ENTREZID","5293","ENTREZID","2308","directed","Process(indirect effect)"
"ENTREZID","5293","ENTREZID","2309","directed","Process(inhibition)"
"ENTREZID","5293","ENTREZID","2309","directed","Process(indirect effect)"
"ENTREZID","5295","ENTREZID","2308","directed","Process(inhibition)"
"ENTREZID","5295","ENTREZID","2308","directed","Process(indirect effect)"
"ENTREZID","5295","ENTREZID","2309","directed","Process(inhibition)"
"ENTREZID","5295","ENTREZID","2309","directed","Process(indirect effect)"
"ENTREZID","5296","ENTREZID","2308","directed","Process(inhibition)"
"ENTREZID","5296","ENTREZID","2308","directed","Process(indirect effect)"
"ENTREZID","5296","ENTREZID","2309","directed","Process(inhibition)"
"ENTREZID","5296","ENTREZID","2309","directed","Process(indirect effect)"
"ENTREZID","545","ENTREZID","1111","directed","Process(phosphorylation)"
"ENTREZID","545","ENTREZID","1111","directed","Process(activation)"
"ENTREZID","545","ENTREZID","8878","directed","Process(inhibition)"
"ENTREZID","5481","ENTREZID","7416","undirected","Binding"
"ENTREZID","5481","ENTREZID","7417","undirected","Binding"
"ENTREZID","5481","ENTREZID","7419","undirected","Binding"
"ENTREZID","5481","ENTREZID","83447","undirected","Binding"
"ENTREZID","5499","ENTREZID","5925","directed","Process(activation)"
"ENTREZID","5499","ENTREZID","5925","directed","Process(dephosphorylation)"
"ENTREZID","5499","ENTREZID","5933","directed","Process(activation)"
"ENTREZID","5499","ENTREZID","5933","directed","Process(dephosphorylation)"
"ENTREZID","5499","ENTREZID","5934","directed","Process(activation)"
"ENTREZID","5499","ENTREZID","5934","directed","Process(dephosphorylation)"
"ENTREZID","5500","ENTREZID","5925","directed","Process(activation)"
"ENTREZID","5500","ENTREZID","5925","directed","Process(dephosphorylation)"
"ENTREZID","5500","ENTREZID","5933","directed","Process(activation)"
"ENTREZID","5500","ENTREZID","5933","directed","Process(dephosphorylation)"
"ENTREZID","5500","ENTREZID","5934","directed","Process(activation)"
"ENTREZID","5500","ENTREZID","5934","directed","Process(dephosphorylation)"
"ENTREZID","5501","ENTREZID","5925","directed","Process(activation)"
"ENTREZID","5501","ENTREZID","5925","directed","Process(dephosphorylation)"
"ENTREZID","5501","ENTREZID","5933","directed","Process(activation)"
"ENTREZID","5501","ENTREZID","5933","directed","Process(dephosphorylation)"
"ENTREZID","5501","ENTREZID","5934","directed","Process(activation)"
"ENTREZID","5501","ENTREZID","5934","directed","Process(dephosphorylation)"
"ENTREZID","5530","ENTREZID","4772","directed","Process(activation)"
"ENTREZID","5530","ENTREZID","4772","directed","Process(dephosphorylation)"
"ENTREZID","5530","ENTREZID","4773","directed","Process(activation)"
"ENTREZID","5530","ENTREZID","4773","directed","Process(dephosphorylation)"
"ENTREZID","5530","ENTREZID","4775","directed","Process(activation)"
"ENTREZID","5530","ENTREZID","4775","directed","Process(dephosphorylation)"
"ENTREZID","5530","ENTREZID","4776","directed","Process(activation)"
"ENTREZID","5530","ENTREZID","4776","directed","Process(dephosphorylation)"
"ENTREZID","5532","ENTREZID","4772","directed","Process(activation)"
"ENTREZID","5532","ENTREZID","4772","directed","Process(dephosphorylation)"
"ENTREZID","5532","ENTREZID","4773","directed","Process(activation)"
"ENTREZID","5532","ENTREZID","4773","directed","Process(dephosphorylation)"
"ENTREZID","5532","ENTREZID","4775","directed","Process(activation)"
"ENTREZID","5532","ENTREZID","4775","directed","Process(dephosphorylation)"
"ENTREZID","5532","ENTREZID","4776","directed","Process(activation)"
"ENTREZID","5532","ENTREZID","4776","directed","Process(dephosphorylation)"
"ENTREZID","5533","ENTREZID","4772","directed","Process(activation)"
"ENTREZID","5533","ENTREZID","4772","directed","Process(dephosphorylation)"
"ENTREZID","5533","ENTREZID","4773","directed","Process(activation)"
"ENTREZID","5533","ENTREZID","4773","directed","Process(dephosphorylation)"
"ENTREZID","5533","ENTREZID","4775","directed","Process(activation)"
"ENTREZID","5533","ENTREZID","4775","directed","Process(dephosphorylation)"
"ENTREZID","5533","ENTREZID","4776","directed","Process(activation)"
"ENTREZID","5533","ENTREZID","4776","directed","Process(dephosphorylation)"
"ENTREZID","5534","ENTREZID","4772","directed","Process(activation)"
"ENTREZID","5534","ENTREZID","4772","directed","Process(dephosphorylation)"
"ENTREZID","5534","ENTREZID","4773","directed","Process(activation)"
"ENTREZID","5534","ENTREZID","4773","directed","Process(dephosphorylation)"
"ENTREZID","5534","ENTREZID","4775","directed","Process(activation)"
"ENTREZID","5534","ENTREZID","4775","directed","Process(dephosphorylation)"
"ENTREZID","5534","ENTREZID","4776","directed","Process(activation)"
"ENTREZID","5534","ENTREZID","4776","directed","Process(dephosphorylation)"
"ENTREZID","5535","ENTREZID","4772","directed","Process(activation)"
"ENTREZID","5535","ENTREZID","4772","directed","Process(dephosphorylation)"
"ENTREZID","5535","ENTREZID","4773","directed","Process(activation)"
"ENTREZID","5535","ENTREZID","4773","directed","Process(dephosphorylation)"
"ENTREZID","5535","ENTREZID","4775","directed","Process(activation)"
"ENTREZID","5535","ENTREZID","4775","directed","Process(dephosphorylation)"
"ENTREZID","5535","ENTREZID","4776","directed","Process(activation)"
"ENTREZID","5535","ENTREZID","4776","directed","Process(dephosphorylation)"
"ENTREZID","5594","ENTREZID","1432","directed","Process(phosphorylation)"
"ENTREZID","5594","ENTREZID","1432","directed","Process(activation)"
"ENTREZID","5594","ENTREZID","2113","directed","Process(phosphorylation)"
"ENTREZID","5594","ENTREZID","2113","directed","Process(activation)"
"ENTREZID","5594","ENTREZID","5600","directed","Process(phosphorylation)"
"ENTREZID","5594","ENTREZID","5600","directed","Process(activation)"
"ENTREZID","5594","ENTREZID","5603","directed","Process(phosphorylation)"
"ENTREZID","5594","ENTREZID","5603","directed","Process(activation)"
"ENTREZID","5594","ENTREZID","6300","directed","Process(phosphorylation)"
"ENTREZID","5594","ENTREZID","6300","directed","Process(activation)"
"ENTREZID","5595","ENTREZID","1432","directed","Process(phosphorylation)"
"ENTREZID","5595","ENTREZID","1432","directed","Process(activation)"
"ENTREZID","5595","ENTREZID","2113","directed","Process(phosphorylation)"
"ENTREZID","5595","ENTREZID","2113","directed","Process(activation)"
"ENTREZID","5595","ENTREZID","5600","directed","Process(phosphorylation)"
"ENTREZID","5595","ENTREZID","5600","directed","Process(activation)"
"ENTREZID","5595","ENTREZID","5603","directed","Process(phosphorylation)"
"ENTREZID","5595","ENTREZID","5603","directed","Process(activation)"
"ENTREZID","5595","ENTREZID","6300","directed","Process(phosphorylation)"
"ENTREZID","5595","ENTREZID","6300","directed","Process(activation)"
"ENTREZID","5600","ENTREZID","1029","directed","Process(phosphorylation)"
"ENTREZID","5600","ENTREZID","1029","directed","Process(activation)"
"ENTREZID","5600","ENTREZID","7157","directed","Process(phosphorylation)"
"ENTREZID","5600","ENTREZID","7157","directed","Process(activation)"
"ENTREZID","5603","ENTREZID","1029","directed","Process(phosphorylation)"
"ENTREZID","5603","ENTREZID","1029","directed","Process(activation)"
"ENTREZID","5603","ENTREZID","7157","directed","Process(phosphorylation)"
"ENTREZID","5603","ENTREZID","7157","directed","Process(activation)"
"ENTREZID","5604","ENTREZID","5594","directed","Process(phosphorylation)"
"ENTREZID","5604","ENTREZID","5594","directed","Process(activation)"
"ENTREZID","5604","ENTREZID","5595","directed","Process(phosphorylation)"
"ENTREZID","5604","ENTREZID","5595","directed","Process(activation)"
"ENTREZID","5605","ENTREZID","5594","directed","Process(phosphorylation)"
"ENTREZID","5605","ENTREZID","5594","directed","Process(activation)"
"ENTREZID","5605","ENTREZID","5595","directed","Process(phosphorylation)"
"ENTREZID","5605","ENTREZID","5595","directed","Process(activation)"
"ENTREZID","5606","ENTREZID","1432","directed","Process(phosphorylation)"
"ENTREZID","5606","ENTREZID","1432","directed","Process(activation)"
"ENTREZID","5606","ENTREZID","5600","directed","Process(phosphorylation)"
"ENTREZID","5606","ENTREZID","5600","directed","Process(activation)"
"ENTREZID","5606","ENTREZID","5603","directed","Process(phosphorylation)"
"ENTREZID","5606","ENTREZID","5603","directed","Process(activation)"
"ENTREZID","5606","ENTREZID","6300","directed","Process(phosphorylation)"
"ENTREZID","5606","ENTREZID","6300","directed","Process(activation)"
"ENTREZID","5608","ENTREZID","1432","directed","Process(phosphorylation)"
"ENTREZID","5608","ENTREZID","1432","directed","Process(activation)"
"ENTREZID","5608","ENTREZID","5600","directed","Process(phosphorylation)"
"ENTREZID","5608","ENTREZID","5600","directed","Process(activation)"
"ENTREZID","5608","ENTREZID","5603","directed","Process(phosphorylation)"
"ENTREZID","5608","ENTREZID","5603","directed","Process(activation)"
"ENTREZID","5608","ENTREZID","6300","directed","Process(phosphorylation)"
"ENTREZID","5608","ENTREZID","6300","directed","Process(activation)"
"ENTREZID","5810","ENTREZID","545","directed","Process(phosphorylation)"
"ENTREZID","5810","ENTREZID","545","directed","Process(activation)"
"ENTREZID","5810","ENTREZID","5883","undirected","Binding"
"ENTREZID","5883","ENTREZID","545","directed","Process(phosphorylation)"
"ENTREZID","5883","ENTREZID","545","directed","Process(activation)"
"ENTREZID","5883","ENTREZID","5810","directed","Process(binding/association)"
"ENTREZID","5894","ENTREZID","5604","directed","Process(phosphorylation)"
"ENTREZID","5894","ENTREZID","5604","directed","Process(activation)"
"ENTREZID","5894","ENTREZID","5605","directed","Process(phosphorylation)"
"ENTREZID","5894","ENTREZID","5605","directed","Process(activation)"
"ENTREZID","5925","ENTREZID","1869","directed","Process(inhibition)"
"ENTREZID","5925","ENTREZID","1870","directed","Process(inhibition)"
"ENTREZID","5925","ENTREZID","1871","directed","Process(inhibition)"
"ENTREZID","5925","ENTREZID","1874","directed","Process(inhibition)"
"ENTREZID","5925","ENTREZID","1875","directed","Process(inhibition)"
"ENTREZID","5933","ENTREZID","1869","directed","Process(inhibition)"
"ENTREZID","5933","ENTREZID","1870","directed","Process(inhibition)"
"ENTREZID","5933","ENTREZID","1871","directed","Process(inhibition)"
"ENTREZID","5933","ENTREZID","1874","directed","Process(inhibition)"
"ENTREZID","5933","ENTREZID","1875","directed","Process(inhibition)"
"ENTREZID","5934","ENTREZID","1869","directed","Process(inhibition)"
"ENTREZID","5934","ENTREZID","1870","directed","Process(inhibition)"
"ENTREZID","5934","ENTREZID","1871","directed","Process(inhibition)"
"ENTREZID","5934","ENTREZID","1874","directed","Process(inhibition)"
"ENTREZID","5934","ENTREZID","1875","directed","Process(inhibition)"
"ENTREZID","595","ENTREZID","5925","directed","Process(inhibition)"
"ENTREZID","595","ENTREZID","5925","directed","Process(phosphorylation)"
"ENTREZID","595","ENTREZID","5933","directed","Process(inhibition)"
"ENTREZID","595","ENTREZID","5933","directed","Process(phosphorylation)"
"ENTREZID","595","ENTREZID","5934","directed","Process(inhibition)"
"ENTREZID","595","ENTREZID","5934","directed","Process(phosphorylation)"
"ENTREZID","595","ENTREZID","894","undirected","Binding"
"ENTREZID","595","ENTREZID","896","undirected","Binding"
"ENTREZID","6009","ENTREZID","2475","directed","Process(activation)"
"ENTREZID","6237","ENTREZID","1029","directed","Process(activation)"
"ENTREZID","6237","ENTREZID","5290","directed","Process(activation)"
"ENTREZID","6237","ENTREZID","5291","directed","Process(activation)"
"ENTREZID","6237","ENTREZID","5293","directed","Process(activation)"
"ENTREZID","6237","ENTREZID","5295","directed","Process(activation)"
"ENTREZID","6237","ENTREZID","5296","directed","Process(activation)"
"ENTREZID","6237","ENTREZID","5894","directed","Process(activation)"
"ENTREZID","6237","ENTREZID","83593","directed","Process(activation)"
"ENTREZID","6237","ENTREZID","8503","directed","Process(activation)"
"ENTREZID","6300","ENTREZID","1029","directed","Process(phosphorylation)"
"ENTREZID","6300","ENTREZID","1029","directed","Process(activation)"
"ENTREZID","6300","ENTREZID","7157","directed","Process(phosphorylation)"
"ENTREZID","6300","ENTREZID","7157","directed","Process(activation)"
"ENTREZID","7040","ENTREZID","7046","directed","Process(activation)"
"ENTREZID","7040","ENTREZID","7048","directed","Process(activation)"
"ENTREZID","7042","ENTREZID","7046","directed","Process(activation)"
"ENTREZID","7042","ENTREZID","7048","directed","Process(activation)"
"ENTREZID","7043","ENTREZID","7046","directed","Process(activation)"
"ENTREZID","7043","ENTREZID","7048","directed","Process(activation)"
"ENTREZID","7046","ENTREZID","4087","directed","Process(activation)"
"ENTREZID","7046","ENTREZID","4088","directed","Process(activation)"
"ENTREZID","7048","ENTREZID","4087","directed","Process(activation)"
"ENTREZID","7048","ENTREZID","4088","directed","Process(activation)"
"ENTREZID","7157","ENTREZID","1026","directed","Process(expression)"
"ENTREZID","7157","ENTREZID","10912","directed","Process(activation)"
"ENTREZID","7157","ENTREZID","1647","directed","Process(activation)"
"ENTREZID","7157","ENTREZID","4616","directed","Process(activation)"
"ENTREZID","7248","ENTREZID","6009","directed","Process(inhibition)"
"ENTREZID","7249","ENTREZID","6009","directed","Process(inhibition)"
"ENTREZID","7416","ENTREZID","7417","undirected","Binding"
"ENTREZID","7416","ENTREZID","7419","undirected","Binding"
"ENTREZID","7416","ENTREZID","83447","undirected","Binding"
"ENTREZID","7417","ENTREZID","7419","undirected","Binding"
"ENTREZID","7417","ENTREZID","83447","undirected","Binding"
"ENTREZID","7419","ENTREZID","83447","undirected","Binding"
"ENTREZID","801","ENTREZID","5530","directed","Process(activation)"
"ENTREZID","801","ENTREZID","5532","directed","Process(activation)"
"ENTREZID","801","ENTREZID","5533","directed","Process(activation)"
"ENTREZID","801","ENTREZID","5534","directed","Process(activation)"
"ENTREZID","801","ENTREZID","5535","directed","Process(activation)"
"ENTREZID","805","ENTREZID","5530","directed","Process(activation)"
"ENTREZID","805","ENTREZID","5532","directed","Process(activation)"
"ENTREZID","805","ENTREZID","5533","directed","Process(activation)"
"ENTREZID","805","ENTREZID","5534","directed","Process(activation)"
"ENTREZID","805","ENTREZID","5535","directed","Process(activation)"
"ENTREZID","808","ENTREZID","5530","directed","Process(activation)"
"ENTREZID","808","ENTREZID","5532","directed","Process(activation)"
"ENTREZID","808","ENTREZID","5533","directed","Process(activation)"
"ENTREZID","808","ENTREZID","5534","directed","Process(activation)"
"ENTREZID","808","ENTREZID","5535","directed","Process(activation)"
"ENTREZID","810","ENTREZID","5530","directed","Process(activation)"
"ENTREZID","810","ENTREZID","5532","directed","Process(activation)"
"ENTREZID","810","ENTREZID","5533","directed","Process(activation)"
"ENTREZID","810","ENTREZID","5534","directed","Process(activation)"
"ENTREZID","810","ENTREZID","5535","directed","Process(activation)"
"ENTREZID","823","ENTREZID","3552","directed","Process(activation)"
"ENTREZID","824","ENTREZID","3552","directed","Process(activation)"
"ENTREZID","83447","ENTREZID","5481","directed","Process(binding/association)"
"ENTREZID","83447","ENTREZID","7416","directed","Process(binding/association)"
"ENTREZID","83447","ENTREZID","7417","directed","Process(binding/association)"
"ENTREZID","83447","ENTREZID","7419","directed","Process(binding/association)"
"ENTREZID","83593","ENTREZID","10114","directed","Process(activation)"
"ENTREZID","83593","ENTREZID","147746","directed","Process(activation)"
"ENTREZID","83593","ENTREZID","204851","directed","Process(activation)"
"ENTREZID","83593","ENTREZID","28996","directed","Process(activation)"
"ENTREZID","83593","ENTREZID","4193","directed","Process(inhibition)"
"ENTREZID","83593","ENTREZID","5499","directed","Process(activation)"
"ENTREZID","83593","ENTREZID","5500","directed","Process(activation)"
"ENTREZID","83593","ENTREZID","5501","directed","Process(activation)"
"ENTREZID","83593","ENTREZID","8945","undirected","Binding"
"ENTREZID","8503","ENTREZID","2308","directed","Process(inhibition)"
"ENTREZID","8503","ENTREZID","2308","directed","Process(indirect effect)"
"ENTREZID","8503","ENTREZID","2309","directed","Process(inhibition)"
"ENTREZID","8503","ENTREZID","2309","directed","Process(indirect effect)"
"ENTREZID","85417","ENTREZID","891","undirected","Binding"
"ENTREZID","85417","ENTREZID","9133","undirected","Binding"
"ENTREZID","85417","ENTREZID","983","undirected","Binding"
"ENTREZID","8878","ENTREZID","2626","directed","Process(inhibition)"
"ENTREZID","890","ENTREZID","4605","directed","Process(phosphorylation)"
"ENTREZID","890","ENTREZID","4605","directed","Process(activation)"
"ENTREZID","890","ENTREZID","8900","undirected","Binding"
"ENTREZID","8900","ENTREZID","4605","directed","Process(phosphorylation)"
"ENTREZID","8900","ENTREZID","4605","directed","Process(activation)"
"ENTREZID","891","ENTREZID","9133","undirected","Binding"
"ENTREZID","891","ENTREZID","983","undirected","Binding"
"ENTREZID","894","ENTREZID","5925","directed","Process(inhibition)"
"ENTREZID","894","ENTREZID","5925","directed","Process(phosphorylation)"
"ENTREZID","894","ENTREZID","5933","directed","Process(inhibition)"
"ENTREZID","894","ENTREZID","5933","directed","Process(phosphorylation)"
"ENTREZID","894","ENTREZID","5934","directed","Process(inhibition)"
"ENTREZID","894","ENTREZID","5934","directed","Process(phosphorylation)"
"ENTREZID","894","ENTREZID","896","undirected","Binding"
"ENTREZID","8945","ENTREZID","4193","directed","Process(inhibition)"
"ENTREZID","896","ENTREZID","5925","directed","Process(inhibition)"
"ENTREZID","896","ENTREZID","5925","directed","Process(phosphorylation)"
"ENTREZID","896","ENTREZID","5933","directed","Process(inhibition)"
"ENTREZID","896","ENTREZID","5933","directed","Process(phosphorylation)"
"ENTREZID","896","ENTREZID","5934","directed","Process(inhibition)"
"ENTREZID","896","ENTREZID","5934","directed","Process(phosphorylation)"
"ENTREZID","898","ENTREZID","5925","directed","Process(inhibition)"
"ENTREZID","898","ENTREZID","5925","directed","Process(phosphorylation)"
"ENTREZID","898","ENTREZID","5933","directed","Process(inhibition)"
"ENTREZID","898","ENTREZID","5933","directed","Process(phosphorylation)"
"ENTREZID","898","ENTREZID","5934","directed","Process(inhibition)"
"ENTREZID","898","ENTREZID","5934","directed","Process(phosphorylation)"
"ENTREZID","898","ENTREZID","9134","undirected","Binding"
"ENTREZID","9133","ENTREZID","983","undirected","Binding"
"ENTREZID","9134","ENTREZID","5925","directed","Process(inhibition)"
"ENTREZID","9134","ENTREZID","5925","directed","Process(phosphorylation)"
"ENTREZID","9134","ENTREZID","5933","directed","Process(inhibition)"
"ENTREZID","9134","ENTREZID","5933","directed","Process(phosphorylation)"
"ENTREZID","9134","ENTREZID","5934","directed","Process(inhibition)"
"ENTREZID","9134","ENTREZID","5934","directed","Process(phosphorylation)"
"ENTREZID","91860","ENTREZID","5530","directed","Process(activation)"
"ENTREZID","91860","ENTREZID","5532","directed","Process(activation)"
"ENTREZID","91860","ENTREZID","5533","directed","Process(activation)"
"ENTREZID","91860","ENTREZID","5534","directed","Process(activation)"
"ENTREZID","91860","ENTREZID","5535","directed","Process(activation)"
"ENTREZID","9261","ENTREZID","677","directed","Process(inhibition)"
"ENTREZID","9261","ENTREZID","677","directed","Process(phosphorylation)"
"ENTREZID","9261","ENTREZID","678","directed","Process(inhibition)"
"ENTREZID","9261","ENTREZID","678","directed","Process(phosphorylation)"
"ENTREZID","983","ENTREZID","85417","directed","Process(binding/association)"
"ENTREZID","983","ENTREZID","891","directed","Process(binding/association)"
"ENTREZID","983","ENTREZID","9133","directed","Process(binding/association)"
"ENTREZID","993","ENTREZID","1017","directed","Process(activation)"
"ENTREZID","993","ENTREZID","1019","directed","Process(activation)"
"ENTREZID","993","ENTREZID","1021","directed","Process(activation)"
"ENTREZID","993","ENTREZID","595","directed","Process(activation)"
"ENTREZID","993","ENTREZID","85417","directed","Process(activation)"
"ENTREZID","993","ENTREZID","891","directed","Process(activation)"
"ENTREZID","993","ENTREZID","894","directed","Process(activation)"
"ENTREZID","993","ENTREZID","896","directed","Process(activation)"
"ENTREZID","993","ENTREZID","898","directed","Process(activation)"
"ENTREZID","993","ENTREZID","9133","directed","Process(activation)"
"ENTREZID","993","ENTREZID","9134","directed","Process(activation)"
"ENTREZID","993","ENTREZID","983","directed","Process(activation)"
