"src_type","src","dest_type","dest","direction","type"
"ENTREZID","10000","ENTREZID","4846","directed","Process(phosphorylation)"
"ENTREZID","10000","ENTREZID","4846","directed","Process(activation)"
"ENTREZID","10000","ENTREZID","572","directed","Process(inhibition)"
"ENTREZID","10000","ENTREZID","572","directed","Process(phosphorylation)"
"ENTREZID","10000","ENTREZID","842","directed","Process(inhibition)"
"ENTREZID","10000","ENTREZID","842","directed","Process(phosphorylation)"
"ENTREZID","1432","ENTREZID","7867","directed","Process(phosphorylation)"
"ENTREZID","1432","ENTREZID","7867","directed","Process(activation)"
"ENTREZID","1432","ENTREZID","9261","directed","Process(phosphorylation)"
"ENTREZID","1432","ENTREZID","9261","directed","Process(activation)"
"ENTREZID","207","ENTREZID","4846","directed","Process(phosphorylation)"
"ENTREZID","207","ENTREZID","4846","directed","Process(activation)"
"ENTREZID","207","ENTREZID","572","directed","Process(inhibition)"
"ENTREZID","207","ENTREZID","572","directed","Process(phosphorylation)"
"ENTREZID","207","ENTREZID","842","directed","Process(inhibition)"
"ENTREZID","207","ENTREZID","842","directed","Process(phosphorylation)"
"ENTREZID","208","ENTREZID","4846","directed","Process(phosphorylation)"
"ENTREZID","208","ENTREZID","4846","directed","Process(activation)"
"ENTREZID","208","ENTREZID","572","directed","Process(inhibition)"
"ENTREZID","208","ENTREZID","572","directed","Process(phosphorylation)"
"ENTREZID","208","ENTREZID","842","directed","Process(inhibition)"
"ENTREZID","208","ENTREZID","842","directed","Process(phosphorylation)"
"ENTREZID","3265","ENTREZID","5894","directed","Process(activation)"
"ENTREZID","3791","ENTREZID","25759","directed","Process(activation)"
"ENTREZID","3791","ENTREZID","5290","directed","Process(activation)"
"ENTREZID","3791","ENTREZID","5291","directed","Process(activation)"
"ENTREZID","3791","ENTREZID","5293","directed","Process(activation)"
"ENTREZID","3791","ENTREZID","5295","directed","Process(activation)"
"ENTREZID","3791","ENTREZID","5296","directed","Process(activation)"
"ENTREZID","3791","ENTREZID","5335","directed","Process(activation)"
"ENTREZID","3791","ENTREZID","5336","directed","Process(activation)"
"ENTREZID","3791","ENTREZID","5747","directed","Process(activation)"
"ENTREZID","3791","ENTREZID","5829","directed","Process(activation)"
"ENTREZID","3791","ENTREZID","6714","directed","Process(activation)"
"ENTREZID","3791","ENTREZID","8503","directed","Process(activation)"
"ENTREZID","3791","ENTREZID","9047","directed","Process(activation)"
"ENTREZID","3791","ENTREZID","998","directed","Process(activation)"
"ENTREZID","3845","ENTREZID","5894","directed","Process(activation)"
"ENTREZID","4773","ENTREZID","5743","directed","Process(expression)"
"ENTREZID","4893","ENTREZID","5894","directed","Process(activation)"
"ENTREZID","5290","ENTREZID","10000","directed","Process(activation)"
"ENTREZID","5290","ENTREZID","207","directed","Process(activation)"
"ENTREZID","5290","ENTREZID","208","directed","Process(activation)"
"ENTREZID","5290","ENTREZID","5879","directed","Process(activation)"
"ENTREZID","5290","ENTREZID","5880","directed","Process(activation)"
"ENTREZID","5290","ENTREZID","5881","directed","Process(activation)"
"ENTREZID","5291","ENTREZID","10000","directed","Process(activation)"
"ENTREZID","5291","ENTREZID","207","directed","Process(activation)"
"ENTREZID","5291","ENTREZID","208","directed","Process(activation)"
"ENTREZID","5291","ENTREZID","5879","directed","Process(activation)"
"ENTREZID","5291","ENTREZID","5880","directed","Process(activation)"
"ENTREZID","5291","ENTREZID","5881","directed","Process(activation)"
"ENTREZID","5293","ENTREZID","10000","directed","Process(activation)"
"ENTREZID","5293","ENTREZID","207","directed","Process(activation)"
"ENTREZID","5293","ENTREZID","208","directed","Process(activation)"
"ENTREZID","5293","ENTREZID","5879","directed","Process(activation)"
"ENTREZID","5293","ENTREZID","5880","directed","Process(activation)"
"ENTREZID","5293","ENTREZID","5881","directed","Process(activation)"
"ENTREZID","5295","ENTREZID","10000","directed","Process(activation)"
"ENTREZID","5295","ENTREZID","207","directed","Process(activation)"
"ENTREZID","5295","ENTREZID","208","directed","Process(activation)"
"ENTREZID","5295","ENTREZID","5879","directed","Process(activation)"
"ENTREZID","5295","ENTREZID","5880","directed","Process(activation)"
"ENTREZID","5295","ENTREZID","5881","directed","Process(activation)"
"ENTREZID","5296","ENTREZID","10000","directed","Process(activation)"
"ENTREZID","5296","ENTREZID","207","directed","Process(activation)"
"ENTREZID","5296","ENTREZID","208","directed","Process(activation)"
"ENTREZID","5296","ENTREZID","5879","directed","Process(activation)"
"ENTREZID","5296","ENTREZID","5880","directed","Process(activation)"
"ENTREZID","5296","ENTREZID","5881","directed","Process(activation)"
"ENTREZID","5335","ENTREZID","100137049","directed","Process(activation)"
"ENTREZID","5335","ENTREZID","123745","directed","Process(activation)"
"ENTREZID","5335","ENTREZID","255189","directed","Process(activation)"
"ENTREZID","5335","ENTREZID","283748","directed","Process(activation)"
"ENTREZID","5335","ENTREZID","4846","directed","Process(activation)"
"ENTREZID","5335","ENTREZID","5321","directed","Process(activation)"
"ENTREZID","5335","ENTREZID","5530","directed","Process(activation)"
"ENTREZID","5335","ENTREZID","5532","directed","Process(activation)"
"ENTREZID","5335","ENTREZID","5533","directed","Process(activation)"
"ENTREZID","5335","ENTREZID","5534","directed","Process(activation)"
"ENTREZID","5335","ENTREZID","5535","directed","Process(activation)"
"ENTREZID","5335","ENTREZID","5578","directed","Process(activation)"
"ENTREZID","5335","ENTREZID","5579","directed","Process(activation)"
"ENTREZID","5335","ENTREZID","5582","directed","Process(activation)"
"ENTREZID","5335","ENTREZID","8605","directed","Process(activation)"
"ENTREZID","5335","ENTREZID","8681","directed","Process(activation)"
"ENTREZID","5335","ENTREZID","9047","directed","Process(binding/association)"
"ENTREZID","5336","ENTREZID","100137049","directed","Process(activation)"
"ENTREZID","5336","ENTREZID","123745","directed","Process(activation)"
"ENTREZID","5336","ENTREZID","255189","directed","Process(activation)"
"ENTREZID","5336","ENTREZID","283748","directed","Process(activation)"
"ENTREZID","5336","ENTREZID","4846","directed","Process(activation)"
"ENTREZID","5336","ENTREZID","5321","directed","Process(activation)"
"ENTREZID","5336","ENTREZID","5530","directed","Process(activation)"
"ENTREZID","5336","ENTREZID","5532","directed","Process(activation)"
"ENTREZID","5336","ENTREZID","5533","directed","Process(activation)"
"ENTREZID","5336","ENTREZID","5534","directed","Process(activation)"
"ENTREZID","5336","ENTREZID","5535","directed","Process(activation)"
"ENTREZID","5336","ENTREZID","5578","directed","Process(activation)"
"ENTREZID","5336","ENTREZID","5579","directed","Process(activation)"
"ENTREZID","5336","ENTREZID","5582","directed","Process(activation)"
"ENTREZID","5336","ENTREZID","8605","directed","Process(activation)"
"ENTREZID","5336","ENTREZID","8681","directed","Process(activation)"
"ENTREZID","5336","ENTREZID","9047","directed","Process(binding/association)"
"ENTREZID","5530","ENTREZID","4773","directed","Process(activation)"
"ENTREZID","5530","ENTREZID","4773","directed","Process(dephosphorylation)"
"ENTREZID","5532","ENTREZID","4773","directed","Process(activation)"
"ENTREZID","5532","ENTREZID","4773","directed","Process(dephosphorylation)"
"ENTREZID","5533","ENTREZID","4773","directed","Process(activation)"
"ENTREZID","5533","ENTREZID","4773","directed","Process(dephosphorylation)"
"ENTREZID","5534","ENTREZID","4773","directed","Process(activation)"
"ENTREZID","5534","ENTREZID","4773","directed","Process(dephosphorylation)"
"ENTREZID","5535","ENTREZID","4773","directed","Process(activation)"
"ENTREZID","5535","ENTREZID","4773","directed","Process(dephosphorylation)"
"ENTREZID","5578","ENTREZID","56848","directed","Process(phosphorylation)"
"ENTREZID","5578","ENTREZID","56848","directed","Process(activation)"
"ENTREZID","5578","ENTREZID","5894","directed","Process(activation)"
"ENTREZID","5578","ENTREZID","8877","directed","Process(phosphorylation)"
"ENTREZID","5578","ENTREZID","8877","directed","Process(activation)"
"ENTREZID","5579","ENTREZID","56848","directed","Process(phosphorylation)"
"ENTREZID","5579","ENTREZID","56848","directed","Process(activation)"
"ENTREZID","5579","ENTREZID","5894","directed","Process(activation)"
"ENTREZID","5579","ENTREZID","8877","directed","Process(phosphorylation)"
"ENTREZID","5579","ENTREZID","8877","directed","Process(activation)"
"ENTREZID","5582","ENTREZID","56848","directed","Process(phosphorylation)"
"ENTREZID","5582","ENTREZID","56848","directed","Process(activation)"
"ENTREZID","5582","ENTREZID","5894","directed","Process(activation)"
"ENTREZID","5582","ENTREZID","8877","directed","Process(phosphorylation)"
"ENTREZID","5582","ENTREZID","8877","directed","Process(activation)"
"ENTREZID","5594","ENTREZID","100137049","directed","Process(activation)"
"ENTREZID","5594","ENTREZID","123745","directed","Process(activation)"
"ENTREZID","5594","ENTREZID","255189","directed","Process(activation)"
"ENTREZID","5594","ENTREZID","283748","directed","Process(activation)"
"ENTREZID","5594","ENTREZID","5321","directed","Process(activation)"
"ENTREZID","5594","ENTREZID","8605","directed","Process(activation)"
"ENTREZID","5594","ENTREZID","8681","directed","Process(activation)"
"ENTREZID","5595","ENTREZID","100137049","directed","Process(activation)"
"ENTREZID","5595","ENTREZID","123745","directed","Process(activation)"
"ENTREZID","5595","ENTREZID","255189","directed","Process(activation)"
"ENTREZID","5595","ENTREZID","283748","directed","Process(activation)"
"ENTREZID","5595","ENTREZID","5321","directed","Process(activation)"
"ENTREZID","5595","ENTREZID","8605","directed","Process(activation)"
"ENTREZID","5595","ENTREZID","8681","directed","Process(activation)"
"ENTREZID","5600","ENTREZID","7867","directed","Process(phosphorylation)"
"ENTREZID","5600","ENTREZID","7867","directed","Process(activation)"
"ENTREZID","5600","ENTREZID","9261","directed","Process(phosphorylation)"
"ENTREZID","5600","ENTREZID","9261","directed","Process(activation)"
"ENTREZID","5603","ENTREZID","7867","directed","Process(phosphorylation)"
"ENTREZID","5603","ENTREZID","7867","directed","Process(activation)"
"ENTREZID","5603","ENTREZID","9261","directed","Process(phosphorylation)"
"ENTREZID","5603","ENTREZID","9261","directed","Process(activation)"
"ENTREZID","5604","ENTREZID","5594","directed","Process(phosphorylation)"
"ENTREZID","5604","ENTREZID","5594","directed","Process(activation)"
"ENTREZID","5604","ENTREZID","5595","directed","Process(phosphorylation)"
"ENTREZID","5604","ENTREZID","5595","directed","Process(activation)"
"ENTREZID","5605","ENTREZID","5594","directed","Process(phosphorylation)"
"ENTREZID","5605","ENTREZID","5594","directed","Process(activation)"
"ENTREZID","5605","ENTREZID","5595","directed","Process(phosphorylation)"
"ENTREZID","5605","ENTREZID","5595","directed","Process(activation)"
"ENTREZID","56848","ENTREZID","3265","directed","Process(indirect effect)"
"ENTREZID","56848","ENTREZID","3845","directed","Process(indirect effect)"
"ENTREZID","56848","ENTREZID","4893","directed","Process(indirect effect)"
"ENTREZID","5894","ENTREZID","5604","directed","Process(phosphorylation)"
"ENTREZID","5894","ENTREZID","5604","directed","Process(activation)"
"ENTREZID","5894","ENTREZID","5605","directed","Process(phosphorylation)"
"ENTREZID","5894","ENTREZID","5605","directed","Process(activation)"
"ENTREZID","6300","ENTREZID","7867","directed","Process(phosphorylation)"
"ENTREZID","6300","ENTREZID","7867","directed","Process(activation)"
"ENTREZID","6300","ENTREZID","9261","directed","Process(phosphorylation)"
"ENTREZID","6300","ENTREZID","9261","directed","Process(activation)"
"ENTREZID","6714","ENTREZID","5290","directed","Process(activation)"
"ENTREZID","6714","ENTREZID","5291","directed","Process(activation)"
"ENTREZID","6714","ENTREZID","5293","directed","Process(activation)"
"ENTREZID","6714","ENTREZID","5295","directed","Process(activation)"
"ENTREZID","6714","ENTREZID","5296","directed","Process(activation)"
"ENTREZID","6714","ENTREZID","8503","directed","Process(activation)"
"ENTREZID","7422","ENTREZID","3791","directed","Process(activation)"
"ENTREZID","7867","ENTREZID","3315","directed","Process(phosphorylation)"
"ENTREZID","7867","ENTREZID","3315","directed","Process(activation)"
"ENTREZID","8503","ENTREZID","10000","directed","Process(activation)"
"ENTREZID","8503","ENTREZID","207","directed","Process(activation)"
"ENTREZID","8503","ENTREZID","208","directed","Process(activation)"
"ENTREZID","8503","ENTREZID","5879","directed","Process(activation)"
"ENTREZID","8503","ENTREZID","5880","directed","Process(activation)"
"ENTREZID","8503","ENTREZID","5881","directed","Process(activation)"
"ENTREZID","8877","ENTREZID","3265","directed","Process(indirect effect)"
"ENTREZID","8877","ENTREZID","3845","directed","Process(indirect effect)"
"ENTREZID","8877","ENTREZID","4893","directed","Process(indirect effect)"
"ENTREZID","9261","ENTREZID","3315","directed","Process(phosphorylation)"
"ENTREZID","9261","ENTREZID","3315","directed","Process(activation)"
"ENTREZID","998","ENTREZID","1432","directed","Process(activation)"
"ENTREZID","998","ENTREZID","5600","directed","Process(activation)"
"ENTREZID","998","ENTREZID","5603","directed","Process(activation)"
"ENTREZID","998","ENTREZID","6300","directed","Process(activation)"
