"src_type","src","dest_type","dest","direction","type"
"ENTREZID","102800317","ENTREZID","122786","directed","Process(activation)"
"ENTREZID","102800317","ENTREZID","122786","directed","Process(indirect effect)"
"ENTREZID","102800317","ENTREZID","23286","directed","Process(activation)"
"ENTREZID","102800317","ENTREZID","23286","directed","Process(indirect effect)"
"ENTREZID","102800317","ENTREZID","4771","directed","Process(activation)"
"ENTREZID","102800317","ENTREZID","4771","directed","Process(indirect effect)"
"ENTREZID","102800317","ENTREZID","79981","directed","Process(activation)"
"ENTREZID","102800317","ENTREZID","79981","directed","Process(indirect effect)"
"ENTREZID","10413","ENTREZID","7003","directed","Process(binding/association)"
"ENTREZID","10413","ENTREZID","7004","directed","Process(binding/association)"
"ENTREZID","10413","ENTREZID","7005","directed","Process(binding/association)"
"ENTREZID","10413","ENTREZID","8463","directed","Process(binding/association)"
"ENTREZID","11186","ENTREZID","6788","directed","Process(activation)"
"ENTREZID","122786","ENTREZID","23286","undirected","Binding"
"ENTREZID","122786","ENTREZID","4771","undirected","Binding"
"ENTREZID","122786","ENTREZID","79981","undirected","Binding"
"ENTREZID","126374","ENTREZID","26524","directed","Process(inhibition)"
"ENTREZID","126374","ENTREZID","60485","directed","Process(inhibition)"
"ENTREZID","126374","ENTREZID","9113","directed","Process(inhibition)"
"ENTREZID","1454","ENTREZID","122786","directed","Process(activation)"
"ENTREZID","1454","ENTREZID","122786","directed","Process(indirect effect)"
"ENTREZID","1454","ENTREZID","23286","directed","Process(activation)"
"ENTREZID","1454","ENTREZID","23286","directed","Process(indirect effect)"
"ENTREZID","1454","ENTREZID","4771","directed","Process(activation)"
"ENTREZID","1454","ENTREZID","4771","directed","Process(indirect effect)"
"ENTREZID","1454","ENTREZID","79981","directed","Process(activation)"
"ENTREZID","1454","ENTREZID","79981","directed","Process(indirect effect)"
"ENTREZID","166824","ENTREZID","6788","directed","Process(inhibition)"
"ENTREZID","23286","ENTREZID","4771","undirected","Binding"
"ENTREZID","23286","ENTREZID","60485","directed","Process(activation)"
"ENTREZID","23286","ENTREZID","60485","directed","Process(indirect effect)"
"ENTREZID","23286","ENTREZID","6788","directed","Process(activation)"
"ENTREZID","23286","ENTREZID","6788","directed","Process(indirect effect)"
"ENTREZID","23286","ENTREZID","79981","undirected","Binding"
"ENTREZID","25937","ENTREZID","7003","directed","Process(binding/association)"
"ENTREZID","25937","ENTREZID","7004","directed","Process(binding/association)"
"ENTREZID","25937","ENTREZID","7005","directed","Process(binding/association)"
"ENTREZID","25937","ENTREZID","8463","directed","Process(binding/association)"
"ENTREZID","26524","ENTREZID","10413","directed","Process(inhibition)"
"ENTREZID","26524","ENTREZID","10413","directed","Process(phosphorylation)"
"ENTREZID","26524","ENTREZID","25937","directed","Process(inhibition)"
"ENTREZID","26524","ENTREZID","25937","directed","Process(phosphorylation)"
"ENTREZID","4771","ENTREZID","79981","undirected","Binding"
"ENTREZID","5058","ENTREZID","7003","directed","Process(activation)"
"ENTREZID","5058","ENTREZID","7003","directed","Process(indirect effect)"
"ENTREZID","5058","ENTREZID","7004","directed","Process(activation)"
"ENTREZID","5058","ENTREZID","7004","directed","Process(indirect effect)"
"ENTREZID","5058","ENTREZID","7005","directed","Process(activation)"
"ENTREZID","5058","ENTREZID","7005","directed","Process(indirect effect)"
"ENTREZID","5058","ENTREZID","8463","directed","Process(activation)"
"ENTREZID","5058","ENTREZID","8463","directed","Process(indirect effect)"
"ENTREZID","54798","ENTREZID","122786","directed","Process(activation)"
"ENTREZID","54798","ENTREZID","122786","directed","Process(indirect effect)"
"ENTREZID","54798","ENTREZID","23286","directed","Process(activation)"
"ENTREZID","54798","ENTREZID","23286","directed","Process(indirect effect)"
"ENTREZID","54798","ENTREZID","4771","directed","Process(activation)"
"ENTREZID","54798","ENTREZID","4771","directed","Process(indirect effect)"
"ENTREZID","54798","ENTREZID","79981","directed","Process(activation)"
"ENTREZID","54798","ENTREZID","79981","directed","Process(indirect effect)"
"ENTREZID","60485","ENTREZID","6788","undirected","Binding"
"ENTREZID","6788","ENTREZID","26524","directed","Process(phosphorylation)"
"ENTREZID","6788","ENTREZID","26524","directed","Process(activation)"
"ENTREZID","6788","ENTREZID","55233","directed","Process(phosphorylation)"
"ENTREZID","6788","ENTREZID","55233","directed","Process(activation)"
"ENTREZID","6788","ENTREZID","9113","directed","Process(phosphorylation)"
"ENTREZID","6788","ENTREZID","9113","directed","Process(activation)"
"ENTREZID","6788","ENTREZID","92597","directed","Process(phosphorylation)"
"ENTREZID","6788","ENTREZID","92597","directed","Process(activation)"
"ENTREZID","79633","ENTREZID","122786","directed","Process(activation)"
"ENTREZID","79633","ENTREZID","122786","directed","Process(indirect effect)"
"ENTREZID","79633","ENTREZID","23286","directed","Process(activation)"
"ENTREZID","79633","ENTREZID","23286","directed","Process(indirect effect)"
"ENTREZID","79633","ENTREZID","4771","directed","Process(activation)"
"ENTREZID","79633","ENTREZID","4771","directed","Process(indirect effect)"
"ENTREZID","79633","ENTREZID","79981","directed","Process(activation)"
"ENTREZID","79633","ENTREZID","79981","directed","Process(indirect effect)"
"ENTREZID","83937","ENTREZID","6788","directed","Process(inhibition)"
"ENTREZID","84962","ENTREZID","26524","directed","Process(inhibition)"
"ENTREZID","84962","ENTREZID","60485","directed","Process(inhibition)"
"ENTREZID","84962","ENTREZID","9113","directed","Process(inhibition)"
"ENTREZID","8642","ENTREZID","122786","directed","Process(activation)"
"ENTREZID","8642","ENTREZID","122786","directed","Process(indirect effect)"
"ENTREZID","8642","ENTREZID","23286","directed","Process(activation)"
"ENTREZID","8642","ENTREZID","23286","directed","Process(indirect effect)"
"ENTREZID","8642","ENTREZID","4771","directed","Process(activation)"
"ENTREZID","8642","ENTREZID","4771","directed","Process(indirect effect)"
"ENTREZID","8642","ENTREZID","79981","directed","Process(activation)"
"ENTREZID","8642","ENTREZID","79981","directed","Process(indirect effect)"
"ENTREZID","8994","ENTREZID","26524","directed","Process(inhibition)"
"ENTREZID","8994","ENTREZID","60485","directed","Process(inhibition)"
"ENTREZID","8994","ENTREZID","9113","directed","Process(inhibition)"
"ENTREZID","9113","ENTREZID","10413","directed","Process(inhibition)"
"ENTREZID","9113","ENTREZID","10413","directed","Process(phosphorylation)"
"ENTREZID","9113","ENTREZID","25937","directed","Process(inhibition)"
"ENTREZID","9113","ENTREZID","25937","directed","Process(phosphorylation)"
"ENTREZID","9770","ENTREZID","6788","directed","Process(inhibition)"
