"src_type","src","dest_type","dest","direction","type"
"ENTREZID","10319","ENTREZID","1605","directed","Process(activation)"
"ENTREZID","10319","ENTREZID","22987","directed","Process(activation)"
"ENTREZID","10319","ENTREZID","3655","directed","Process(activation)"
"ENTREZID","10319","ENTREZID","3672","directed","Process(activation)"
"ENTREZID","10319","ENTREZID","3673","directed","Process(activation)"
"ENTREZID","10319","ENTREZID","3675","directed","Process(activation)"
"ENTREZID","10319","ENTREZID","3679","directed","Process(activation)"
"ENTREZID","10319","ENTREZID","3680","directed","Process(activation)"
"ENTREZID","10319","ENTREZID","3685","directed","Process(activation)"
"ENTREZID","10319","ENTREZID","3688","directed","Process(activation)"
"ENTREZID","10319","ENTREZID","3691","directed","Process(activation)"
"ENTREZID","10319","ENTREZID","3696","directed","Process(activation)"
"ENTREZID","10319","ENTREZID","960","directed","Process(activation)"
"ENTREZID","10319","ENTREZID","9899","directed","Process(activation)"
"ENTREZID","10319","ENTREZID","9900","directed","Process(activation)"
"ENTREZID","1101","ENTREZID","3673","directed","Process(activation)"
"ENTREZID","1101","ENTREZID","3688","directed","Process(activation)"
"ENTREZID","1277","ENTREZID","22801","directed","Process(activation)"
"ENTREZID","1277","ENTREZID","3672","directed","Process(activation)"
"ENTREZID","1277","ENTREZID","3673","directed","Process(activation)"
"ENTREZID","1277","ENTREZID","3675","directed","Process(activation)"
"ENTREZID","1277","ENTREZID","3680","directed","Process(activation)"
"ENTREZID","1277","ENTREZID","3685","directed","Process(activation)"
"ENTREZID","1277","ENTREZID","3688","directed","Process(activation)"
"ENTREZID","1277","ENTREZID","3696","directed","Process(activation)"
"ENTREZID","1277","ENTREZID","51206","directed","Process(activation)"
"ENTREZID","1277","ENTREZID","6382","directed","Process(activation)"
"ENTREZID","1277","ENTREZID","6385","directed","Process(activation)"
"ENTREZID","1277","ENTREZID","8515","directed","Process(activation)"
"ENTREZID","1277","ENTREZID","960","directed","Process(activation)"
"ENTREZID","1278","ENTREZID","22801","directed","Process(activation)"
"ENTREZID","1278","ENTREZID","3672","directed","Process(activation)"
"ENTREZID","1278","ENTREZID","3673","directed","Process(activation)"
"ENTREZID","1278","ENTREZID","3675","directed","Process(activation)"
"ENTREZID","1278","ENTREZID","3680","directed","Process(activation)"
"ENTREZID","1278","ENTREZID","3685","directed","Process(activation)"
"ENTREZID","1278","ENTREZID","3688","directed","Process(activation)"
"ENTREZID","1278","ENTREZID","3696","directed","Process(activation)"
"ENTREZID","1278","ENTREZID","51206","directed","Process(activation)"
"ENTREZID","1278","ENTREZID","6382","directed","Process(activation)"
"ENTREZID","1278","ENTREZID","6385","directed","Process(activation)"
"ENTREZID","1278","ENTREZID","8515","directed","Process(activation)"
"ENTREZID","1278","ENTREZID","960","directed","Process(activation)"
"ENTREZID","1280","ENTREZID","22801","directed","Process(activation)"
"ENTREZID","1280","ENTREZID","3672","directed","Process(activation)"
"ENTREZID","1280","ENTREZID","3673","directed","Process(activation)"
"ENTREZID","1280","ENTREZID","3675","directed","Process(activation)"
"ENTREZID","1280","ENTREZID","3680","directed","Process(activation)"
"ENTREZID","1280","ENTREZID","3685","directed","Process(activation)"
"ENTREZID","1280","ENTREZID","3688","directed","Process(activation)"
"ENTREZID","1280","ENTREZID","3696","directed","Process(activation)"
"ENTREZID","1280","ENTREZID","51206","directed","Process(activation)"
"ENTREZID","1280","ENTREZID","6382","directed","Process(activation)"
"ENTREZID","1280","ENTREZID","6385","directed","Process(activation)"
"ENTREZID","1280","ENTREZID","8515","directed","Process(activation)"
"ENTREZID","1280","ENTREZID","960","directed","Process(activation)"
"ENTREZID","1282","ENTREZID","22801","directed","Process(activation)"
"ENTREZID","1282","ENTREZID","3672","directed","Process(activation)"
"ENTREZID","1282","ENTREZID","3673","directed","Process(activation)"
"ENTREZID","1282","ENTREZID","3675","directed","Process(activation)"
"ENTREZID","1282","ENTREZID","3680","directed","Process(activation)"
"ENTREZID","1282","ENTREZID","3685","directed","Process(activation)"
"ENTREZID","1282","ENTREZID","3688","directed","Process(activation)"
"ENTREZID","1282","ENTREZID","3696","directed","Process(activation)"
"ENTREZID","1282","ENTREZID","51206","directed","Process(activation)"
"ENTREZID","1282","ENTREZID","6382","directed","Process(activation)"
"ENTREZID","1282","ENTREZID","6385","directed","Process(activation)"
"ENTREZID","1282","ENTREZID","8515","directed","Process(activation)"
"ENTREZID","1282","ENTREZID","960","directed","Process(activation)"
"ENTREZID","1284","ENTREZID","22801","directed","Process(activation)"
"ENTREZID","1284","ENTREZID","3672","directed","Process(activation)"
"ENTREZID","1284","ENTREZID","3673","directed","Process(activation)"
"ENTREZID","1284","ENTREZID","3675","directed","Process(activation)"
"ENTREZID","1284","ENTREZID","3680","directed","Process(activation)"
"ENTREZID","1284","ENTREZID","3685","directed","Process(activation)"
"ENTREZID","1284","ENTREZID","3688","directed","Process(activation)"
"ENTREZID","1284","ENTREZID","3696","directed","Process(activation)"
"ENTREZID","1284","ENTREZID","51206","directed","Process(activation)"
"ENTREZID","1284","ENTREZID","6382","directed","Process(activation)"
"ENTREZID","1284","ENTREZID","6385","directed","Process(activation)"
"ENTREZID","1284","ENTREZID","8515","directed","Process(activation)"
"ENTREZID","1284","ENTREZID","960","directed","Process(activation)"
"ENTREZID","1285","ENTREZID","22801","directed","Process(activation)"
"ENTREZID","1285","ENTREZID","3672","directed","Process(activation)"
"ENTREZID","1285","ENTREZID","3673","directed","Process(activation)"
"ENTREZID","1285","ENTREZID","3675","directed","Process(activation)"
"ENTREZID","1285","ENTREZID","3680","directed","Process(activation)"
"ENTREZID","1285","ENTREZID","3685","directed","Process(activation)"
"ENTREZID","1285","ENTREZID","3688","directed","Process(activation)"
"ENTREZID","1285","ENTREZID","3696","directed","Process(activation)"
"ENTREZID","1285","ENTREZID","51206","directed","Process(activation)"
"ENTREZID","1285","ENTREZID","6382","directed","Process(activation)"
"ENTREZID","1285","ENTREZID","6385","directed","Process(activation)"
"ENTREZID","1285","ENTREZID","8515","directed","Process(activation)"
"ENTREZID","1285","ENTREZID","960","directed","Process(activation)"
"ENTREZID","1286","ENTREZID","22801","directed","Process(activation)"
"ENTREZID","1286","ENTREZID","3672","directed","Process(activation)"
"ENTREZID","1286","ENTREZID","3673","directed","Process(activation)"
"ENTREZID","1286","ENTREZID","3675","directed","Process(activation)"
"ENTREZID","1286","ENTREZID","3680","directed","Process(activation)"
"ENTREZID","1286","ENTREZID","3685","directed","Process(activation)"
"ENTREZID","1286","ENTREZID","3688","directed","Process(activation)"
"ENTREZID","1286","ENTREZID","3696","directed","Process(activation)"
"ENTREZID","1286","ENTREZID","51206","directed","Process(activation)"
"ENTREZID","1286","ENTREZID","6382","directed","Process(activation)"
"ENTREZID","1286","ENTREZID","6385","directed","Process(activation)"
"ENTREZID","1286","ENTREZID","8515","directed","Process(activation)"
"ENTREZID","1286","ENTREZID","960","directed","Process(activation)"
"ENTREZID","1287","ENTREZID","22801","directed","Process(activation)"
"ENTREZID","1287","ENTREZID","3672","directed","Process(activation)"
"ENTREZID","1287","ENTREZID","3673","directed","Process(activation)"
"ENTREZID","1287","ENTREZID","3675","directed","Process(activation)"
"ENTREZID","1287","ENTREZID","3680","directed","Process(activation)"
"ENTREZID","1287","ENTREZID","3685","directed","Process(activation)"
"ENTREZID","1287","ENTREZID","3688","directed","Process(activation)"
"ENTREZID","1287","ENTREZID","3696","directed","Process(activation)"
"ENTREZID","1287","ENTREZID","51206","directed","Process(activation)"
"ENTREZID","1287","ENTREZID","6382","directed","Process(activation)"
"ENTREZID","1287","ENTREZID","6385","directed","Process(activation)"
"ENTREZID","1287","ENTREZID","8515","directed","Process(activation)"
"ENTREZID","1287","ENTREZID","960","directed","Process(activation)"
"ENTREZID","1288","ENTREZID","22801","directed","Process(activation)"
"ENTREZID","1288","ENTREZID","3672","directed","Process(activation)"
"ENTREZID","1288","ENTREZID","3673","directed","Process(activation)"
"ENTREZID","1288","ENTREZID","3675","directed","Process(activation)"
"ENTREZID","1288","ENTREZID","3680","directed","Process(activation)"
"ENTREZID","1288","ENTREZID","3685","directed","Process(activation)"
"ENTREZID","1288","ENTREZID","3688","directed","Process(activation)"
"ENTREZID","1288","ENTREZID","3696","directed","Process(activation)"
"ENTREZID","1288","ENTREZID","51206","directed","Process(activation)"
"ENTREZID","1288","ENTREZID","6382","directed","Process(activation)"
"ENTREZID","1288","ENTREZID","6385","directed","Process(activation)"
"ENTREZID","1288","ENTREZID","8515","directed","Process(activation)"
"ENTREZID","1288","ENTREZID","960","directed","Process(activation)"
"ENTREZID","1291","ENTREZID","22801","directed","Process(activation)"
"ENTREZID","1291","ENTREZID","3672","directed","Process(activation)"
"ENTREZID","1291","ENTREZID","3673","directed","Process(activation)"
"ENTREZID","1291","ENTREZID","3675","directed","Process(activation)"
"ENTREZID","1291","ENTREZID","3680","directed","Process(activation)"
"ENTREZID","1291","ENTREZID","3685","directed","Process(activation)"
"ENTREZID","1291","ENTREZID","3688","directed","Process(activation)"
"ENTREZID","1291","ENTREZID","3696","directed","Process(activation)"
"ENTREZID","1291","ENTREZID","51206","directed","Process(activation)"
"ENTREZID","1291","ENTREZID","6382","directed","Process(activation)"
"ENTREZID","1291","ENTREZID","6385","directed","Process(activation)"
"ENTREZID","1291","ENTREZID","8515","directed","Process(activation)"
"ENTREZID","1291","ENTREZID","960","directed","Process(activation)"
"ENTREZID","1292","ENTREZID","22801","directed","Process(activation)"
"ENTREZID","1292","ENTREZID","3672","directed","Process(activation)"
"ENTREZID","1292","ENTREZID","3673","directed","Process(activation)"
"ENTREZID","1292","ENTREZID","3675","directed","Process(activation)"
"ENTREZID","1292","ENTREZID","3680","directed","Process(activation)"
"ENTREZID","1292","ENTREZID","3685","directed","Process(activation)"
"ENTREZID","1292","ENTREZID","3688","directed","Process(activation)"
"ENTREZID","1292","ENTREZID","3696","directed","Process(activation)"
"ENTREZID","1292","ENTREZID","51206","directed","Process(activation)"
"ENTREZID","1292","ENTREZID","6382","directed","Process(activation)"
"ENTREZID","1292","ENTREZID","6385","directed","Process(activation)"
"ENTREZID","1292","ENTREZID","8515","directed","Process(activation)"
"ENTREZID","1292","ENTREZID","960","directed","Process(activation)"
"ENTREZID","1293","ENTREZID","22801","directed","Process(activation)"
"ENTREZID","1293","ENTREZID","3672","directed","Process(activation)"
"ENTREZID","1293","ENTREZID","3673","directed","Process(activation)"
"ENTREZID","1293","ENTREZID","3675","directed","Process(activation)"
"ENTREZID","1293","ENTREZID","3680","directed","Process(activation)"
"ENTREZID","1293","ENTREZID","3685","directed","Process(activation)"
"ENTREZID","1293","ENTREZID","3688","directed","Process(activation)"
"ENTREZID","1293","ENTREZID","3696","directed","Process(activation)"
"ENTREZID","1293","ENTREZID","51206","directed","Process(activation)"
"ENTREZID","1293","ENTREZID","6382","directed","Process(activation)"
"ENTREZID","1293","ENTREZID","6385","directed","Process(activation)"
"ENTREZID","1293","ENTREZID","8515","directed","Process(activation)"
"ENTREZID","1293","ENTREZID","960","directed","Process(activation)"
"ENTREZID","1297","ENTREZID","22801","directed","Process(activation)"
"ENTREZID","1297","ENTREZID","3672","directed","Process(activation)"
"ENTREZID","1297","ENTREZID","3673","directed","Process(activation)"
"ENTREZID","1297","ENTREZID","3675","directed","Process(activation)"
"ENTREZID","1297","ENTREZID","3680","directed","Process(activation)"
"ENTREZID","1297","ENTREZID","3685","directed","Process(activation)"
"ENTREZID","1297","ENTREZID","3688","directed","Process(activation)"
"ENTREZID","1297","ENTREZID","3696","directed","Process(activation)"
"ENTREZID","1297","ENTREZID","51206","directed","Process(activation)"
"ENTREZID","1297","ENTREZID","6382","directed","Process(activation)"
"ENTREZID","1297","ENTREZID","6385","directed","Process(activation)"
"ENTREZID","1297","ENTREZID","8515","directed","Process(activation)"
"ENTREZID","1297","ENTREZID","960","directed","Process(activation)"
"ENTREZID","1298","ENTREZID","22801","directed","Process(activation)"
"ENTREZID","1298","ENTREZID","3672","directed","Process(activation)"
"ENTREZID","1298","ENTREZID","3673","directed","Process(activation)"
"ENTREZID","1298","ENTREZID","3675","directed","Process(activation)"
"ENTREZID","1298","ENTREZID","3680","directed","Process(activation)"
"ENTREZID","1298","ENTREZID","3685","directed","Process(activation)"
"ENTREZID","1298","ENTREZID","3688","directed","Process(activation)"
"ENTREZID","1298","ENTREZID","3696","directed","Process(activation)"
"ENTREZID","1298","ENTREZID","51206","directed","Process(activation)"
"ENTREZID","1298","ENTREZID","6382","directed","Process(activation)"
"ENTREZID","1298","ENTREZID","6385","directed","Process(activation)"
"ENTREZID","1298","ENTREZID","8515","directed","Process(activation)"
"ENTREZID","1298","ENTREZID","960","directed","Process(activation)"
"ENTREZID","1299","ENTREZID","22801","directed","Process(activation)"
"ENTREZID","1299","ENTREZID","3672","directed","Process(activation)"
"ENTREZID","1299","ENTREZID","3673","directed","Process(activation)"
"ENTREZID","1299","ENTREZID","3675","directed","Process(activation)"
"ENTREZID","1299","ENTREZID","3680","directed","Process(activation)"
"ENTREZID","1299","ENTREZID","3685","directed","Process(activation)"
"ENTREZID","1299","ENTREZID","3688","directed","Process(activation)"
"ENTREZID","1299","ENTREZID","3696","directed","Process(activation)"
"ENTREZID","1299","ENTREZID","51206","directed","Process(activation)"
"ENTREZID","1299","ENTREZID","6382","directed","Process(activation)"
"ENTREZID","1299","ENTREZID","6385","directed","Process(activation)"
"ENTREZID","1299","ENTREZID","8515","directed","Process(activation)"
"ENTREZID","1299","ENTREZID","960","directed","Process(activation)"
"ENTREZID","1311","ENTREZID","3674","directed","Process(activation)"
"ENTREZID","1311","ENTREZID","3675","directed","Process(activation)"
"ENTREZID","1311","ENTREZID","3685","directed","Process(activation)"
"ENTREZID","1311","ENTREZID","3688","directed","Process(activation)"
"ENTREZID","1311","ENTREZID","3690","directed","Process(activation)"
"ENTREZID","1311","ENTREZID","6382","directed","Process(activation)"
"ENTREZID","1311","ENTREZID","6385","directed","Process(activation)"
"ENTREZID","1311","ENTREZID","948","directed","Process(activation)"
"ENTREZID","1311","ENTREZID","961","directed","Process(activation)"
"ENTREZID","131873","ENTREZID","22801","directed","Process(activation)"
"ENTREZID","131873","ENTREZID","3672","directed","Process(activation)"
"ENTREZID","131873","ENTREZID","3673","directed","Process(activation)"
"ENTREZID","131873","ENTREZID","3675","directed","Process(activation)"
"ENTREZID","131873","ENTREZID","3680","directed","Process(activation)"
"ENTREZID","131873","ENTREZID","3685","directed","Process(activation)"
"ENTREZID","131873","ENTREZID","3688","directed","Process(activation)"
"ENTREZID","131873","ENTREZID","3696","directed","Process(activation)"
"ENTREZID","131873","ENTREZID","51206","directed","Process(activation)"
"ENTREZID","131873","ENTREZID","6382","directed","Process(activation)"
"ENTREZID","131873","ENTREZID","6385","directed","Process(activation)"
"ENTREZID","131873","ENTREZID","8515","directed","Process(activation)"
"ENTREZID","131873","ENTREZID","960","directed","Process(activation)"
"ENTREZID","158326","ENTREZID","255743","undirected","Binding"
"ENTREZID","158326","ENTREZID","341640","undirected","Binding"
"ENTREZID","158326","ENTREZID","3688","directed","Process(activation)"
"ENTREZID","158326","ENTREZID","80144","undirected","Binding"
"ENTREZID","158326","ENTREZID","8516","directed","Process(activation)"
"ENTREZID","1758","ENTREZID","3685","directed","Process(activation)"
"ENTREZID","1758","ENTREZID","3690","directed","Process(activation)"
"ENTREZID","1834","ENTREZID","3685","directed","Process(activation)"
"ENTREZID","1834","ENTREZID","3688","directed","Process(activation)"
"ENTREZID","1834","ENTREZID","3694","directed","Process(activation)"
"ENTREZID","22798","ENTREZID","1605","directed","Process(activation)"
"ENTREZID","22798","ENTREZID","22987","directed","Process(activation)"
"ENTREZID","22798","ENTREZID","3655","directed","Process(activation)"
"ENTREZID","22798","ENTREZID","3672","directed","Process(activation)"
"ENTREZID","22798","ENTREZID","3673","directed","Process(activation)"
"ENTREZID","22798","ENTREZID","3675","directed","Process(activation)"
"ENTREZID","22798","ENTREZID","3679","directed","Process(activation)"
"ENTREZID","22798","ENTREZID","3680","directed","Process(activation)"
"ENTREZID","22798","ENTREZID","3685","directed","Process(activation)"
"ENTREZID","22798","ENTREZID","3688","directed","Process(activation)"
"ENTREZID","22798","ENTREZID","3691","directed","Process(activation)"
"ENTREZID","22798","ENTREZID","3696","directed","Process(activation)"
"ENTREZID","22798","ENTREZID","960","directed","Process(activation)"
"ENTREZID","22798","ENTREZID","9899","directed","Process(activation)"
"ENTREZID","22798","ENTREZID","9900","directed","Process(activation)"
"ENTREZID","22801","ENTREZID","3688","undirected","Binding"
"ENTREZID","2335","ENTREZID","3674","directed","Process(activation)"
"ENTREZID","2335","ENTREZID","3675","directed","Process(activation)"
"ENTREZID","2335","ENTREZID","3676","directed","Process(activation)"
"ENTREZID","2335","ENTREZID","3678","directed","Process(activation)"
"ENTREZID","2335","ENTREZID","3685","directed","Process(activation)"
"ENTREZID","2335","ENTREZID","3688","directed","Process(activation)"
"ENTREZID","2335","ENTREZID","3690","directed","Process(activation)"
"ENTREZID","2335","ENTREZID","3694","directed","Process(activation)"
"ENTREZID","2335","ENTREZID","3695","directed","Process(activation)"
"ENTREZID","2335","ENTREZID","3696","directed","Process(activation)"
"ENTREZID","2335","ENTREZID","6382","directed","Process(activation)"
"ENTREZID","2335","ENTREZID","6385","directed","Process(activation)"
"ENTREZID","2335","ENTREZID","8516","directed","Process(activation)"
"ENTREZID","2335","ENTREZID","960","directed","Process(activation)"
"ENTREZID","255743","ENTREZID","341640","undirected","Binding"
"ENTREZID","255743","ENTREZID","3688","directed","Process(activation)"
"ENTREZID","255743","ENTREZID","80144","undirected","Binding"
"ENTREZID","255743","ENTREZID","8516","directed","Process(activation)"
"ENTREZID","256076","ENTREZID","22801","directed","Process(activation)"
"ENTREZID","256076","ENTREZID","3672","directed","Process(activation)"
"ENTREZID","256076","ENTREZID","3673","directed","Process(activation)"
"ENTREZID","256076","ENTREZID","3675","directed","Process(activation)"
"ENTREZID","256076","ENTREZID","3680","directed","Process(activation)"
"ENTREZID","256076","ENTREZID","3685","directed","Process(activation)"
"ENTREZID","256076","ENTREZID","3688","directed","Process(activation)"
"ENTREZID","256076","ENTREZID","3696","directed","Process(activation)"
"ENTREZID","256076","ENTREZID","51206","directed","Process(activation)"
"ENTREZID","256076","ENTREZID","6382","directed","Process(activation)"
"ENTREZID","256076","ENTREZID","6385","directed","Process(activation)"
"ENTREZID","256076","ENTREZID","8515","directed","Process(activation)"
"ENTREZID","256076","ENTREZID","960","directed","Process(activation)"
"ENTREZID","2811","ENTREZID","2812","undirected","Binding"
"ENTREZID","2811","ENTREZID","2814","undirected","Binding"
"ENTREZID","2811","ENTREZID","2815","undirected","Binding"
"ENTREZID","2812","ENTREZID","2814","undirected","Binding"
"ENTREZID","2812","ENTREZID","2815","undirected","Binding"
"ENTREZID","2814","ENTREZID","2815","undirected","Binding"
"ENTREZID","284217","ENTREZID","1605","directed","Process(activation)"
"ENTREZID","284217","ENTREZID","22987","directed","Process(activation)"
"ENTREZID","284217","ENTREZID","3655","directed","Process(activation)"
"ENTREZID","284217","ENTREZID","3672","directed","Process(activation)"
"ENTREZID","284217","ENTREZID","3673","directed","Process(activation)"
"ENTREZID","284217","ENTREZID","3675","directed","Process(activation)"
"ENTREZID","284217","ENTREZID","3679","directed","Process(activation)"
"ENTREZID","284217","ENTREZID","3680","directed","Process(activation)"
"ENTREZID","284217","ENTREZID","3685","directed","Process(activation)"
"ENTREZID","284217","ENTREZID","3688","directed","Process(activation)"
"ENTREZID","284217","ENTREZID","3691","directed","Process(activation)"
"ENTREZID","284217","ENTREZID","3696","directed","Process(activation)"
"ENTREZID","284217","ENTREZID","960","directed","Process(activation)"
"ENTREZID","284217","ENTREZID","9899","directed","Process(activation)"
"ENTREZID","284217","ENTREZID","9900","directed","Process(activation)"
"ENTREZID","3339","ENTREZID","1605","directed","Process(activation)"
"ENTREZID","3371","ENTREZID","3680","directed","Process(activation)"
"ENTREZID","3371","ENTREZID","3685","directed","Process(activation)"
"ENTREZID","3371","ENTREZID","3688","directed","Process(activation)"
"ENTREZID","3371","ENTREZID","3690","directed","Process(activation)"
"ENTREZID","3371","ENTREZID","3694","directed","Process(activation)"
"ENTREZID","3371","ENTREZID","6382","directed","Process(activation)"
"ENTREZID","3371","ENTREZID","6385","directed","Process(activation)"
"ENTREZID","3371","ENTREZID","8516","directed","Process(activation)"
"ENTREZID","3381","ENTREZID","3685","directed","Process(activation)"
"ENTREZID","3381","ENTREZID","3690","directed","Process(activation)"
"ENTREZID","3381","ENTREZID","3693","directed","Process(activation)"
"ENTREZID","341640","ENTREZID","3688","directed","Process(activation)"
"ENTREZID","341640","ENTREZID","80144","undirected","Binding"
"ENTREZID","341640","ENTREZID","8516","directed","Process(activation)"
"ENTREZID","3655","ENTREZID","3688","undirected","Binding"
"ENTREZID","3655","ENTREZID","3691","undirected","Binding"
"ENTREZID","3672","ENTREZID","3688","undirected","Binding"
"ENTREZID","3673","ENTREZID","3688","undirected","Binding"
"ENTREZID","3674","ENTREZID","3690","undirected","Binding"
"ENTREZID","3675","ENTREZID","3688","undirected","Binding"
"ENTREZID","3676","ENTREZID","3688","undirected","Binding"
"ENTREZID","3676","ENTREZID","3695","undirected","Binding"
"ENTREZID","3678","ENTREZID","3688","undirected","Binding"
"ENTREZID","3679","ENTREZID","3688","undirected","Binding"
"ENTREZID","3680","ENTREZID","3688","undirected","Binding"
"ENTREZID","3685","ENTREZID","3688","undirected","Binding"
"ENTREZID","3685","ENTREZID","3690","undirected","Binding"
"ENTREZID","3685","ENTREZID","3693","undirected","Binding"
"ENTREZID","3685","ENTREZID","3694","undirected","Binding"
"ENTREZID","3685","ENTREZID","3696","undirected","Binding"
"ENTREZID","3688","ENTREZID","8515","undirected","Binding"
"ENTREZID","3688","ENTREZID","8516","undirected","Binding"
"ENTREZID","375790","ENTREZID","1605","directed","Process(activation)"
"ENTREZID","3908","ENTREZID","1605","directed","Process(activation)"
"ENTREZID","3908","ENTREZID","22987","directed","Process(activation)"
"ENTREZID","3908","ENTREZID","3655","directed","Process(activation)"
"ENTREZID","3908","ENTREZID","3672","directed","Process(activation)"
"ENTREZID","3908","ENTREZID","3673","directed","Process(activation)"
"ENTREZID","3908","ENTREZID","3675","directed","Process(activation)"
"ENTREZID","3908","ENTREZID","3679","directed","Process(activation)"
"ENTREZID","3908","ENTREZID","3680","directed","Process(activation)"
"ENTREZID","3908","ENTREZID","3685","directed","Process(activation)"
"ENTREZID","3908","ENTREZID","3688","directed","Process(activation)"
"ENTREZID","3908","ENTREZID","3691","directed","Process(activation)"
"ENTREZID","3908","ENTREZID","3696","directed","Process(activation)"
"ENTREZID","3908","ENTREZID","960","directed","Process(activation)"
"ENTREZID","3908","ENTREZID","9899","directed","Process(activation)"
"ENTREZID","3908","ENTREZID","9900","directed","Process(activation)"
"ENTREZID","3909","ENTREZID","1605","directed","Process(activation)"
"ENTREZID","3909","ENTREZID","22987","directed","Process(activation)"
"ENTREZID","3909","ENTREZID","3655","directed","Process(activation)"
"ENTREZID","3909","ENTREZID","3672","directed","Process(activation)"
"ENTREZID","3909","ENTREZID","3673","directed","Process(activation)"
"ENTREZID","3909","ENTREZID","3675","directed","Process(activation)"
"ENTREZID","3909","ENTREZID","3679","directed","Process(activation)"
"ENTREZID","3909","ENTREZID","3680","directed","Process(activation)"
"ENTREZID","3909","ENTREZID","3685","directed","Process(activation)"
"ENTREZID","3909","ENTREZID","3688","directed","Process(activation)"
"ENTREZID","3909","ENTREZID","3691","directed","Process(activation)"
"ENTREZID","3909","ENTREZID","3696","directed","Process(activation)"
"ENTREZID","3909","ENTREZID","960","directed","Process(activation)"
"ENTREZID","3909","ENTREZID","9899","directed","Process(activation)"
"ENTREZID","3909","ENTREZID","9900","directed","Process(activation)"
"ENTREZID","3910","ENTREZID","1605","directed","Process(activation)"
"ENTREZID","3910","ENTREZID","22987","directed","Process(activation)"
"ENTREZID","3910","ENTREZID","3655","directed","Process(activation)"
"ENTREZID","3910","ENTREZID","3672","directed","Process(activation)"
"ENTREZID","3910","ENTREZID","3673","directed","Process(activation)"
"ENTREZID","3910","ENTREZID","3675","directed","Process(activation)"
"ENTREZID","3910","ENTREZID","3679","directed","Process(activation)"
"ENTREZID","3910","ENTREZID","3680","directed","Process(activation)"
"ENTREZID","3910","ENTREZID","3685","directed","Process(activation)"
"ENTREZID","3910","ENTREZID","3688","directed","Process(activation)"
"ENTREZID","3910","ENTREZID","3691","directed","Process(activation)"
"ENTREZID","3910","ENTREZID","3696","directed","Process(activation)"
"ENTREZID","3910","ENTREZID","960","directed","Process(activation)"
"ENTREZID","3910","ENTREZID","9899","directed","Process(activation)"
"ENTREZID","3910","ENTREZID","9900","directed","Process(activation)"
"ENTREZID","3911","ENTREZID","1605","directed","Process(activation)"
"ENTREZID","3911","ENTREZID","22987","directed","Process(activation)"
"ENTREZID","3911","ENTREZID","3655","directed","Process(activation)"
"ENTREZID","3911","ENTREZID","3672","directed","Process(activation)"
"ENTREZID","3911","ENTREZID","3673","directed","Process(activation)"
"ENTREZID","3911","ENTREZID","3675","directed","Process(activation)"
"ENTREZID","3911","ENTREZID","3679","directed","Process(activation)"
"ENTREZID","3911","ENTREZID","3680","directed","Process(activation)"
"ENTREZID","3911","ENTREZID","3685","directed","Process(activation)"
"ENTREZID","3911","ENTREZID","3688","directed","Process(activation)"
"ENTREZID","3911","ENTREZID","3691","directed","Process(activation)"
"ENTREZID","3911","ENTREZID","3696","directed","Process(activation)"
"ENTREZID","3911","ENTREZID","960","directed","Process(activation)"
"ENTREZID","3911","ENTREZID","9899","directed","Process(activation)"
"ENTREZID","3911","ENTREZID","9900","directed","Process(activation)"
"ENTREZID","3912","ENTREZID","1605","directed","Process(activation)"
"ENTREZID","3912","ENTREZID","22987","directed","Process(activation)"
"ENTREZID","3912","ENTREZID","3655","directed","Process(activation)"
"ENTREZID","3912","ENTREZID","3672","directed","Process(activation)"
"ENTREZID","3912","ENTREZID","3673","directed","Process(activation)"
"ENTREZID","3912","ENTREZID","3675","directed","Process(activation)"
"ENTREZID","3912","ENTREZID","3679","directed","Process(activation)"
"ENTREZID","3912","ENTREZID","3680","directed","Process(activation)"
"ENTREZID","3912","ENTREZID","3685","directed","Process(activation)"
"ENTREZID","3912","ENTREZID","3688","directed","Process(activation)"
"ENTREZID","3912","ENTREZID","3691","directed","Process(activation)"
"ENTREZID","3912","ENTREZID","3696","directed","Process(activation)"
"ENTREZID","3912","ENTREZID","960","directed","Process(activation)"
"ENTREZID","3912","ENTREZID","9899","directed","Process(activation)"
"ENTREZID","3912","ENTREZID","9900","directed","Process(activation)"
"ENTREZID","3913","ENTREZID","1605","directed","Process(activation)"
"ENTREZID","3913","ENTREZID","22987","directed","Process(activation)"
"ENTREZID","3913","ENTREZID","3655","directed","Process(activation)"
"ENTREZID","3913","ENTREZID","3672","directed","Process(activation)"
"ENTREZID","3913","ENTREZID","3673","directed","Process(activation)"
"ENTREZID","3913","ENTREZID","3675","directed","Process(activation)"
"ENTREZID","3913","ENTREZID","3679","directed","Process(activation)"
"ENTREZID","3913","ENTREZID","3680","directed","Process(activation)"
"ENTREZID","3913","ENTREZID","3685","directed","Process(activation)"
"ENTREZID","3913","ENTREZID","3688","directed","Process(activation)"
"ENTREZID","3913","ENTREZID","3691","directed","Process(activation)"
"ENTREZID","3913","ENTREZID","3696","directed","Process(activation)"
"ENTREZID","3913","ENTREZID","960","directed","Process(activation)"
"ENTREZID","3913","ENTREZID","9899","directed","Process(activation)"
"ENTREZID","3913","ENTREZID","9900","directed","Process(activation)"
"ENTREZID","3914","ENTREZID","1605","directed","Process(activation)"
"ENTREZID","3914","ENTREZID","22987","directed","Process(activation)"
"ENTREZID","3914","ENTREZID","3655","directed","Process(activation)"
"ENTREZID","3914","ENTREZID","3672","directed","Process(activation)"
"ENTREZID","3914","ENTREZID","3673","directed","Process(activation)"
"ENTREZID","3914","ENTREZID","3675","directed","Process(activation)"
"ENTREZID","3914","ENTREZID","3679","directed","Process(activation)"
"ENTREZID","3914","ENTREZID","3680","directed","Process(activation)"
"ENTREZID","3914","ENTREZID","3685","directed","Process(activation)"
"ENTREZID","3914","ENTREZID","3688","directed","Process(activation)"
"ENTREZID","3914","ENTREZID","3691","directed","Process(activation)"
"ENTREZID","3914","ENTREZID","3696","directed","Process(activation)"
"ENTREZID","3914","ENTREZID","960","directed","Process(activation)"
"ENTREZID","3914","ENTREZID","9899","directed","Process(activation)"
"ENTREZID","3914","ENTREZID","9900","directed","Process(activation)"
"ENTREZID","3915","ENTREZID","1605","directed","Process(activation)"
"ENTREZID","3915","ENTREZID","22987","directed","Process(activation)"
"ENTREZID","3915","ENTREZID","3655","directed","Process(activation)"
"ENTREZID","3915","ENTREZID","3672","directed","Process(activation)"
"ENTREZID","3915","ENTREZID","3673","directed","Process(activation)"
"ENTREZID","3915","ENTREZID","3675","directed","Process(activation)"
"ENTREZID","3915","ENTREZID","3679","directed","Process(activation)"
"ENTREZID","3915","ENTREZID","3680","directed","Process(activation)"
"ENTREZID","3915","ENTREZID","3685","directed","Process(activation)"
"ENTREZID","3915","ENTREZID","3688","directed","Process(activation)"
"ENTREZID","3915","ENTREZID","3691","directed","Process(activation)"
"ENTREZID","3915","ENTREZID","3696","directed","Process(activation)"
"ENTREZID","3915","ENTREZID","960","directed","Process(activation)"
"ENTREZID","3915","ENTREZID","9899","directed","Process(activation)"
"ENTREZID","3915","ENTREZID","9900","directed","Process(activation)"
"ENTREZID","3918","ENTREZID","1605","directed","Process(activation)"
"ENTREZID","3918","ENTREZID","22987","directed","Process(activation)"
"ENTREZID","3918","ENTREZID","3655","directed","Process(activation)"
"ENTREZID","3918","ENTREZID","3672","directed","Process(activation)"
"ENTREZID","3918","ENTREZID","3673","directed","Process(activation)"
"ENTREZID","3918","ENTREZID","3675","directed","Process(activation)"
"ENTREZID","3918","ENTREZID","3679","directed","Process(activation)"
"ENTREZID","3918","ENTREZID","3680","directed","Process(activation)"
"ENTREZID","3918","ENTREZID","3685","directed","Process(activation)"
"ENTREZID","3918","ENTREZID","3688","directed","Process(activation)"
"ENTREZID","3918","ENTREZID","3691","directed","Process(activation)"
"ENTREZID","3918","ENTREZID","3696","directed","Process(activation)"
"ENTREZID","3918","ENTREZID","960","directed","Process(activation)"
"ENTREZID","3918","ENTREZID","9899","directed","Process(activation)"
"ENTREZID","3918","ENTREZID","9900","directed","Process(activation)"
"ENTREZID","5649","ENTREZID","3675","directed","Process(activation)"
"ENTREZID","5649","ENTREZID","3688","directed","Process(activation)"
"ENTREZID","63923","ENTREZID","3680","directed","Process(activation)"
"ENTREZID","63923","ENTREZID","3685","directed","Process(activation)"
"ENTREZID","63923","ENTREZID","3688","directed","Process(activation)"
"ENTREZID","63923","ENTREZID","3690","directed","Process(activation)"
"ENTREZID","63923","ENTREZID","3694","directed","Process(activation)"
"ENTREZID","63923","ENTREZID","6382","directed","Process(activation)"
"ENTREZID","63923","ENTREZID","6385","directed","Process(activation)"
"ENTREZID","63923","ENTREZID","8516","directed","Process(activation)"
"ENTREZID","6696","ENTREZID","3676","directed","Process(activation)"
"ENTREZID","6696","ENTREZID","3680","directed","Process(activation)"
"ENTREZID","6696","ENTREZID","3685","directed","Process(activation)"
"ENTREZID","6696","ENTREZID","3688","directed","Process(activation)"
"ENTREZID","6696","ENTREZID","3690","directed","Process(activation)"
"ENTREZID","6696","ENTREZID","3693","directed","Process(activation)"
"ENTREZID","7057","ENTREZID","3674","directed","Process(activation)"
"ENTREZID","7057","ENTREZID","3675","directed","Process(activation)"
"ENTREZID","7057","ENTREZID","3685","directed","Process(activation)"
"ENTREZID","7057","ENTREZID","3688","directed","Process(activation)"
"ENTREZID","7057","ENTREZID","3690","directed","Process(activation)"
"ENTREZID","7057","ENTREZID","6382","directed","Process(activation)"
"ENTREZID","7057","ENTREZID","6385","directed","Process(activation)"
"ENTREZID","7057","ENTREZID","948","directed","Process(activation)"
"ENTREZID","7057","ENTREZID","961","directed","Process(activation)"
"ENTREZID","7058","ENTREZID","3674","directed","Process(activation)"
"ENTREZID","7058","ENTREZID","3675","directed","Process(activation)"
"ENTREZID","7058","ENTREZID","3685","directed","Process(activation)"
"ENTREZID","7058","ENTREZID","3688","directed","Process(activation)"
"ENTREZID","7058","ENTREZID","3690","directed","Process(activation)"
"ENTREZID","7058","ENTREZID","6382","directed","Process(activation)"
"ENTREZID","7058","ENTREZID","6385","directed","Process(activation)"
"ENTREZID","7058","ENTREZID","948","directed","Process(activation)"
"ENTREZID","7058","ENTREZID","961","directed","Process(activation)"
"ENTREZID","7059","ENTREZID","3674","directed","Process(activation)"
"ENTREZID","7059","ENTREZID","3675","directed","Process(activation)"
"ENTREZID","7059","ENTREZID","3685","directed","Process(activation)"
"ENTREZID","7059","ENTREZID","3688","directed","Process(activation)"
"ENTREZID","7059","ENTREZID","3690","directed","Process(activation)"
"ENTREZID","7059","ENTREZID","6382","directed","Process(activation)"
"ENTREZID","7059","ENTREZID","6385","directed","Process(activation)"
"ENTREZID","7059","ENTREZID","948","directed","Process(activation)"
"ENTREZID","7059","ENTREZID","961","directed","Process(activation)"
"ENTREZID","7060","ENTREZID","3674","directed","Process(activation)"
"ENTREZID","7060","ENTREZID","3675","directed","Process(activation)"
"ENTREZID","7060","ENTREZID","3685","directed","Process(activation)"
"ENTREZID","7060","ENTREZID","3688","directed","Process(activation)"
"ENTREZID","7060","ENTREZID","3690","directed","Process(activation)"
"ENTREZID","7060","ENTREZID","6382","directed","Process(activation)"
"ENTREZID","7060","ENTREZID","6385","directed","Process(activation)"
"ENTREZID","7060","ENTREZID","948","directed","Process(activation)"
"ENTREZID","7060","ENTREZID","961","directed","Process(activation)"
"ENTREZID","7143","ENTREZID","3680","directed","Process(activation)"
"ENTREZID","7143","ENTREZID","3685","directed","Process(activation)"
"ENTREZID","7143","ENTREZID","3688","directed","Process(activation)"
"ENTREZID","7143","ENTREZID","3690","directed","Process(activation)"
"ENTREZID","7143","ENTREZID","3694","directed","Process(activation)"
"ENTREZID","7143","ENTREZID","6382","directed","Process(activation)"
"ENTREZID","7143","ENTREZID","6385","directed","Process(activation)"
"ENTREZID","7143","ENTREZID","8516","directed","Process(activation)"
"ENTREZID","7148","ENTREZID","3680","directed","Process(activation)"
"ENTREZID","7148","ENTREZID","3685","directed","Process(activation)"
"ENTREZID","7148","ENTREZID","3688","directed","Process(activation)"
"ENTREZID","7148","ENTREZID","3690","directed","Process(activation)"
"ENTREZID","7148","ENTREZID","3694","directed","Process(activation)"
"ENTREZID","7148","ENTREZID","6382","directed","Process(activation)"
"ENTREZID","7148","ENTREZID","6385","directed","Process(activation)"
"ENTREZID","7148","ENTREZID","8516","directed","Process(activation)"
"ENTREZID","7448","ENTREZID","3674","directed","Process(activation)"
"ENTREZID","7448","ENTREZID","3685","directed","Process(activation)"
"ENTREZID","7448","ENTREZID","3688","directed","Process(activation)"
"ENTREZID","7448","ENTREZID","3690","directed","Process(activation)"
"ENTREZID","7448","ENTREZID","3693","directed","Process(activation)"
"ENTREZID","7448","ENTREZID","3696","directed","Process(activation)"
"ENTREZID","7448","ENTREZID","8516","directed","Process(activation)"
"ENTREZID","7450","ENTREZID","2811","directed","Process(activation)"
"ENTREZID","7450","ENTREZID","2812","directed","Process(activation)"
"ENTREZID","7450","ENTREZID","2814","directed","Process(activation)"
"ENTREZID","7450","ENTREZID","2815","directed","Process(activation)"
"ENTREZID","7450","ENTREZID","3674","directed","Process(activation)"
"ENTREZID","7450","ENTREZID","3685","directed","Process(activation)"
"ENTREZID","7450","ENTREZID","3690","directed","Process(activation)"
"ENTREZID","80144","ENTREZID","3688","directed","Process(activation)"
"ENTREZID","80144","ENTREZID","8516","directed","Process(activation)"
