"src_type","src","dest_type","dest","direction","type"
"ENTREZID","100506742","ENTREZID","834","directed","Process(inhibition)"
"ENTREZID","10135","ENTREZID","1536","directed","Process(activation)"
"ENTREZID","10379","ENTREZID","6772","directed","Process(binding/association)"
"ENTREZID","10379","ENTREZID","6773","directed","Process(binding/association)"
"ENTREZID","10392","ENTREZID","55054","directed","Process(activation)"
"ENTREZID","10392","ENTREZID","8767","directed","Process(activation)"
"ENTREZID","10454","ENTREZID","6885","directed","Process(binding/association)"
"ENTREZID","10616","ENTREZID","8767","directed","Process(activation)"
"ENTREZID","10616","ENTREZID","8767","directed","Process(ubiquitination)"
"ENTREZID","10628","ENTREZID","114548","directed","Process(activation)"
"ENTREZID","10628","ENTREZID","25828","directed","Process(binding/association)"
"ENTREZID","10628","ENTREZID","7295","directed","Process(binding/association)"
"ENTREZID","107181291","ENTREZID","9447","directed","Process(inhibition)"
"ENTREZID","10910","ENTREZID","10392","directed","Process(activation)"
"ENTREZID","10910","ENTREZID","114548","directed","Process(activation)"
"ENTREZID","10910","ENTREZID","3320","directed","Process(binding/association)"
"ENTREZID","10910","ENTREZID","3326","directed","Process(binding/association)"
"ENTREZID","11035","ENTREZID","10059","directed","Process(activation)"
"ENTREZID","114548","ENTREZID","22900","directed","Process(binding/association)"
"ENTREZID","114548","ENTREZID","29108","directed","Process(binding/association)"
"ENTREZID","1147","ENTREZID","4792","directed","Process(phosphorylation)"
"ENTREZID","1147","ENTREZID","4792","directed","Process(activation)"
"ENTREZID","1147","ENTREZID","4793","directed","Process(phosphorylation)"
"ENTREZID","1147","ENTREZID","4793","directed","Process(activation)"
"ENTREZID","114769","ENTREZID","834","directed","Process(inhibition)"
"ENTREZID","140609","ENTREZID","114548","directed","Process(activation)"
"ENTREZID","1432","ENTREZID","3725","directed","Process(phosphorylation)"
"ENTREZID","1432","ENTREZID","3725","directed","Process(activation)"
"ENTREZID","148022","ENTREZID","3661","directed","Process(activation)"
"ENTREZID","148022","ENTREZID","3665","directed","Process(activation)"
"ENTREZID","1508","ENTREZID","114548","directed","Process(activation)"
"ENTREZID","152138","ENTREZID","29108","directed","Process(inhibition)"
"ENTREZID","1536","ENTREZID","1535","directed","Process(binding/association)"
"ENTREZID","171389","ENTREZID","29108","directed","Process(binding/association)"
"ENTREZID","199713","ENTREZID","29108","directed","Process(binding/association)"
"ENTREZID","222545","ENTREZID","23236","directed","Process(activation)"
"ENTREZID","222545","ENTREZID","5330","directed","Process(activation)"
"ENTREZID","222545","ENTREZID","5331","directed","Process(activation)"
"ENTREZID","222545","ENTREZID","5332","directed","Process(activation)"
"ENTREZID","22861","ENTREZID","29108","directed","Process(binding/association)"
"ENTREZID","23118","ENTREZID","6885","directed","Process(binding/association)"
"ENTREZID","257397","ENTREZID","6885","directed","Process(binding/association)"
"ENTREZID","260434","ENTREZID","29108","directed","Process(inhibition)"
"ENTREZID","29108","ENTREZID","834","directed","Process(activation)"
"ENTREZID","29108","ENTREZID","834","directed","Process(binding/association)"
"ENTREZID","29110","ENTREZID","3661","directed","Process(activation)"
"ENTREZID","29110","ENTREZID","3665","directed","Process(activation)"
"ENTREZID","29110","ENTREZID","4790","directed","Process(activation)"
"ENTREZID","29110","ENTREZID","5970","directed","Process(activation)"
"ENTREZID","329","ENTREZID","8767","directed","Process(activation)"
"ENTREZID","329","ENTREZID","8767","directed","Process(ubiquitination)"
"ENTREZID","330","ENTREZID","8767","directed","Process(activation)"
"ENTREZID","330","ENTREZID","8767","directed","Process(ubiquitination)"
"ENTREZID","331","ENTREZID","8767","directed","Process(activation)"
"ENTREZID","331","ENTREZID","8767","directed","Process(ubiquitination)"
"ENTREZID","3320","ENTREZID","114548","directed","Process(binding/association)"
"ENTREZID","3326","ENTREZID","114548","directed","Process(binding/association)"
"ENTREZID","340061","ENTREZID","29110","directed","Process(activation)"
"ENTREZID","3428","ENTREZID","29108","directed","Process(binding/association)"
"ENTREZID","3428","ENTREZID","340061","directed","Process(activation)"
"ENTREZID","3428","ENTREZID","9447","directed","Process(inhibition)"
"ENTREZID","3439","ENTREZID","3454","directed","Process(activation)"
"ENTREZID","3439","ENTREZID","3455","directed","Process(activation)"
"ENTREZID","3440","ENTREZID","3454","directed","Process(activation)"
"ENTREZID","3440","ENTREZID","3455","directed","Process(activation)"
"ENTREZID","3441","ENTREZID","3454","directed","Process(activation)"
"ENTREZID","3441","ENTREZID","3455","directed","Process(activation)"
"ENTREZID","3442","ENTREZID","3454","directed","Process(activation)"
"ENTREZID","3442","ENTREZID","3455","directed","Process(activation)"
"ENTREZID","3443","ENTREZID","3454","directed","Process(activation)"
"ENTREZID","3443","ENTREZID","3455","directed","Process(activation)"
"ENTREZID","3444","ENTREZID","3454","directed","Process(activation)"
"ENTREZID","3444","ENTREZID","3455","directed","Process(activation)"
"ENTREZID","3445","ENTREZID","3454","directed","Process(activation)"
"ENTREZID","3445","ENTREZID","3455","directed","Process(activation)"
"ENTREZID","3446","ENTREZID","3454","directed","Process(activation)"
"ENTREZID","3446","ENTREZID","3455","directed","Process(activation)"
"ENTREZID","3447","ENTREZID","3454","directed","Process(activation)"
"ENTREZID","3447","ENTREZID","3455","directed","Process(activation)"
"ENTREZID","3448","ENTREZID","3454","directed","Process(activation)"
"ENTREZID","3448","ENTREZID","3455","directed","Process(activation)"
"ENTREZID","3449","ENTREZID","3454","directed","Process(activation)"
"ENTREZID","3449","ENTREZID","3455","directed","Process(activation)"
"ENTREZID","3451","ENTREZID","3454","directed","Process(activation)"
"ENTREZID","3451","ENTREZID","3455","directed","Process(activation)"
"ENTREZID","3452","ENTREZID","3454","directed","Process(activation)"
"ENTREZID","3452","ENTREZID","3455","directed","Process(activation)"
"ENTREZID","3454","ENTREZID","3716","directed","Process(activation)"
"ENTREZID","3454","ENTREZID","7297","directed","Process(activation)"
"ENTREZID","3455","ENTREZID","3716","directed","Process(activation)"
"ENTREZID","3455","ENTREZID","7297","directed","Process(activation)"
"ENTREZID","3456","ENTREZID","3454","directed","Process(activation)"
"ENTREZID","3456","ENTREZID","3455","directed","Process(activation)"
"ENTREZID","3551","ENTREZID","4792","directed","Process(phosphorylation)"
"ENTREZID","3551","ENTREZID","4792","directed","Process(activation)"
"ENTREZID","3551","ENTREZID","4793","directed","Process(phosphorylation)"
"ENTREZID","3551","ENTREZID","4793","directed","Process(activation)"
"ENTREZID","3661","ENTREZID","3439","directed","Process(activation)"
"ENTREZID","3661","ENTREZID","3440","directed","Process(activation)"
"ENTREZID","3661","ENTREZID","3441","directed","Process(activation)"
"ENTREZID","3661","ENTREZID","3442","directed","Process(activation)"
"ENTREZID","3661","ENTREZID","3443","directed","Process(activation)"
"ENTREZID","3661","ENTREZID","3444","directed","Process(activation)"
"ENTREZID","3661","ENTREZID","3445","directed","Process(activation)"
"ENTREZID","3661","ENTREZID","3446","directed","Process(activation)"
"ENTREZID","3661","ENTREZID","3447","directed","Process(activation)"
"ENTREZID","3661","ENTREZID","3448","directed","Process(activation)"
"ENTREZID","3661","ENTREZID","3449","directed","Process(activation)"
"ENTREZID","3661","ENTREZID","3451","directed","Process(activation)"
"ENTREZID","3661","ENTREZID","3452","directed","Process(activation)"
"ENTREZID","3661","ENTREZID","3456","directed","Process(activation)"
"ENTREZID","3665","ENTREZID","3439","directed","Process(activation)"
"ENTREZID","3665","ENTREZID","3440","directed","Process(activation)"
"ENTREZID","3665","ENTREZID","3441","directed","Process(activation)"
"ENTREZID","3665","ENTREZID","3442","directed","Process(activation)"
"ENTREZID","3665","ENTREZID","3443","directed","Process(activation)"
"ENTREZID","3665","ENTREZID","3444","directed","Process(activation)"
"ENTREZID","3665","ENTREZID","3445","directed","Process(activation)"
"ENTREZID","3665","ENTREZID","3446","directed","Process(activation)"
"ENTREZID","3665","ENTREZID","3447","directed","Process(activation)"
"ENTREZID","3665","ENTREZID","3448","directed","Process(activation)"
"ENTREZID","3665","ENTREZID","3449","directed","Process(activation)"
"ENTREZID","3665","ENTREZID","3451","directed","Process(activation)"
"ENTREZID","3665","ENTREZID","3452","directed","Process(activation)"
"ENTREZID","3665","ENTREZID","3456","directed","Process(activation)"
"ENTREZID","3716","ENTREZID","6772","directed","Process(activation)"
"ENTREZID","3716","ENTREZID","6773","directed","Process(activation)"
"ENTREZID","3716","ENTREZID","7297","directed","Process(binding/association)"
"ENTREZID","3725","ENTREZID","2919","directed","Process(activation)"
"ENTREZID","3725","ENTREZID","2920","directed","Process(activation)"
"ENTREZID","3725","ENTREZID","2921","directed","Process(activation)"
"ENTREZID","3725","ENTREZID","3553","directed","Process(activation)"
"ENTREZID","3725","ENTREZID","3569","directed","Process(activation)"
"ENTREZID","3725","ENTREZID","3576","directed","Process(activation)"
"ENTREZID","3725","ENTREZID","3606","directed","Process(activation)"
"ENTREZID","3725","ENTREZID","6347","directed","Process(activation)"
"ENTREZID","3725","ENTREZID","6352","directed","Process(activation)"
"ENTREZID","3725","ENTREZID","7124","directed","Process(activation)"
"ENTREZID","3725","ENTREZID","820","directed","Process(activation)"
"ENTREZID","387","ENTREZID","5585","directed","Process(activation)"
"ENTREZID","387","ENTREZID","5586","directed","Process(activation)"
"ENTREZID","4210","ENTREZID","29108","directed","Process(inhibition)"
"ENTREZID","4210","ENTREZID","29108","directed","Process(binding/association)"
"ENTREZID","4210","ENTREZID","9051","directed","Process(binding/association)"
"ENTREZID","4615","ENTREZID","51135","directed","Process(activation)"
"ENTREZID","4671","ENTREZID","58484","directed","Process(activation)"
"ENTREZID","4790","ENTREZID","114548","directed","Process(activation)"
"ENTREZID","4790","ENTREZID","2919","directed","Process(activation)"
"ENTREZID","4790","ENTREZID","2920","directed","Process(activation)"
"ENTREZID","4790","ENTREZID","2921","directed","Process(activation)"
"ENTREZID","4790","ENTREZID","3439","directed","Process(activation)"
"ENTREZID","4790","ENTREZID","3440","directed","Process(activation)"
"ENTREZID","4790","ENTREZID","3441","directed","Process(activation)"
"ENTREZID","4790","ENTREZID","3442","directed","Process(activation)"
"ENTREZID","4790","ENTREZID","3443","directed","Process(activation)"
"ENTREZID","4790","ENTREZID","3444","directed","Process(activation)"
"ENTREZID","4790","ENTREZID","3445","directed","Process(activation)"
"ENTREZID","4790","ENTREZID","3446","directed","Process(activation)"
"ENTREZID","4790","ENTREZID","3447","directed","Process(activation)"
"ENTREZID","4790","ENTREZID","3448","directed","Process(activation)"
"ENTREZID","4790","ENTREZID","3449","directed","Process(activation)"
"ENTREZID","4790","ENTREZID","3451","directed","Process(activation)"
"ENTREZID","4790","ENTREZID","3452","directed","Process(activation)"
"ENTREZID","4790","ENTREZID","3456","directed","Process(activation)"
"ENTREZID","4790","ENTREZID","3553","directed","Process(activation)"
"ENTREZID","4790","ENTREZID","3569","directed","Process(activation)"
"ENTREZID","4790","ENTREZID","3576","directed","Process(activation)"
"ENTREZID","4790","ENTREZID","3606","directed","Process(activation)"
"ENTREZID","4790","ENTREZID","6347","directed","Process(activation)"
"ENTREZID","4790","ENTREZID","6352","directed","Process(activation)"
"ENTREZID","4790","ENTREZID","7124","directed","Process(activation)"
"ENTREZID","4790","ENTREZID","820","directed","Process(activation)"
"ENTREZID","4792","ENTREZID","4790","directed","Process(activation)"
"ENTREZID","4792","ENTREZID","4790","directed","Process(dissociation)"
"ENTREZID","4792","ENTREZID","5970","directed","Process(activation)"
"ENTREZID","4792","ENTREZID","5970","directed","Process(dissociation)"
"ENTREZID","4793","ENTREZID","4790","directed","Process(activation)"
"ENTREZID","4793","ENTREZID","4790","directed","Process(dissociation)"
"ENTREZID","4793","ENTREZID","5970","directed","Process(activation)"
"ENTREZID","4793","ENTREZID","5970","directed","Process(dissociation)"
"ENTREZID","51135","ENTREZID","7189","directed","Process(binding/association)"
"ENTREZID","51135","ENTREZID","8517","directed","Process(activation)"
"ENTREZID","55054","ENTREZID","11337","directed","Process(activation)"
"ENTREZID","55054","ENTREZID","11345","directed","Process(activation)"
"ENTREZID","55054","ENTREZID","23710","directed","Process(activation)"
"ENTREZID","55054","ENTREZID","440738","directed","Process(activation)"
"ENTREZID","55054","ENTREZID","643246","directed","Process(activation)"
"ENTREZID","55054","ENTREZID","81631","directed","Process(activation)"
"ENTREZID","55054","ENTREZID","84557","directed","Process(activation)"
"ENTREZID","55054","ENTREZID","9140","directed","Process(binding/association)"
"ENTREZID","55054","ENTREZID","9474","directed","Process(binding/association)"
"ENTREZID","55072","ENTREZID","8767","directed","Process(activation)"
"ENTREZID","55072","ENTREZID","8767","directed","Process(ubiquitination)"
"ENTREZID","5580","ENTREZID","58484","directed","Process(phosphorylation)"
"ENTREZID","5580","ENTREZID","58484","directed","Process(activation)"
"ENTREZID","5585","ENTREZID","4210","directed","Process(inhibition)"
"ENTREZID","5585","ENTREZID","4210","directed","Process(phosphorylation)"
"ENTREZID","5585","ENTREZID","5586","undirected","Binding"
"ENTREZID","5585","ENTREZID","7531","undirected","Binding"
"ENTREZID","5586","ENTREZID","4210","directed","Process(inhibition)"
"ENTREZID","5586","ENTREZID","4210","directed","Process(phosphorylation)"
"ENTREZID","5586","ENTREZID","7531","undirected","Binding"
"ENTREZID","55914","ENTREZID","64127","directed","Process(inhibition)"
"ENTREZID","5594","ENTREZID","3725","directed","Process(phosphorylation)"
"ENTREZID","5594","ENTREZID","3725","directed","Process(activation)"
"ENTREZID","5595","ENTREZID","3725","directed","Process(phosphorylation)"
"ENTREZID","5595","ENTREZID","3725","directed","Process(activation)"
"ENTREZID","5599","ENTREZID","3725","directed","Process(phosphorylation)"
"ENTREZID","5599","ENTREZID","3725","directed","Process(activation)"
"ENTREZID","5600","ENTREZID","3725","directed","Process(phosphorylation)"
"ENTREZID","5600","ENTREZID","3725","directed","Process(activation)"
"ENTREZID","5601","ENTREZID","3725","directed","Process(phosphorylation)"
"ENTREZID","5601","ENTREZID","3725","directed","Process(activation)"
"ENTREZID","5602","ENTREZID","3725","directed","Process(phosphorylation)"
"ENTREZID","5602","ENTREZID","3725","directed","Process(activation)"
"ENTREZID","5603","ENTREZID","3725","directed","Process(phosphorylation)"
"ENTREZID","5603","ENTREZID","3725","directed","Process(activation)"
"ENTREZID","56919","ENTREZID","57506","directed","Process(binding/association)"
"ENTREZID","57506","ENTREZID","114548","directed","Process(activation)"
"ENTREZID","57506","ENTREZID","114548","directed","Process(binding/association)"
"ENTREZID","57506","ENTREZID","55669","directed","Process(binding/association)"
"ENTREZID","57506","ENTREZID","7187","directed","Process(activation)"
"ENTREZID","57506","ENTREZID","9927","directed","Process(binding/association)"
"ENTREZID","58484","ENTREZID","29108","directed","Process(binding/association)"
"ENTREZID","59082","ENTREZID","834","directed","Process(inhibition)"
"ENTREZID","596","ENTREZID","22861","directed","Process(inhibition)"
"ENTREZID","5970","ENTREZID","114548","directed","Process(activation)"
"ENTREZID","5970","ENTREZID","2919","directed","Process(activation)"
"ENTREZID","5970","ENTREZID","2920","directed","Process(activation)"
"ENTREZID","5970","ENTREZID","2921","directed","Process(activation)"
"ENTREZID","5970","ENTREZID","3439","directed","Process(activation)"
"ENTREZID","5970","ENTREZID","3440","directed","Process(activation)"
"ENTREZID","5970","ENTREZID","3441","directed","Process(activation)"
"ENTREZID","5970","ENTREZID","3442","directed","Process(activation)"
"ENTREZID","5970","ENTREZID","3443","directed","Process(activation)"
"ENTREZID","5970","ENTREZID","3444","directed","Process(activation)"
"ENTREZID","5970","ENTREZID","3445","directed","Process(activation)"
"ENTREZID","5970","ENTREZID","3446","directed","Process(activation)"
"ENTREZID","5970","ENTREZID","3447","directed","Process(activation)"
"ENTREZID","5970","ENTREZID","3448","directed","Process(activation)"
"ENTREZID","5970","ENTREZID","3449","directed","Process(activation)"
"ENTREZID","5970","ENTREZID","3451","directed","Process(activation)"
"ENTREZID","5970","ENTREZID","3452","directed","Process(activation)"
"ENTREZID","5970","ENTREZID","3456","directed","Process(activation)"
"ENTREZID","5970","ENTREZID","3553","directed","Process(activation)"
"ENTREZID","5970","ENTREZID","3569","directed","Process(activation)"
"ENTREZID","5970","ENTREZID","3576","directed","Process(activation)"
"ENTREZID","5970","ENTREZID","3606","directed","Process(activation)"
"ENTREZID","5970","ENTREZID","6347","directed","Process(activation)"
"ENTREZID","5970","ENTREZID","6352","directed","Process(activation)"
"ENTREZID","5970","ENTREZID","7124","directed","Process(activation)"
"ENTREZID","5970","ENTREZID","820","directed","Process(activation)"
"ENTREZID","598","ENTREZID","22861","directed","Process(inhibition)"
"ENTREZID","6041","ENTREZID","56919","directed","Process(activation)"
"ENTREZID","6300","ENTREZID","3725","directed","Process(phosphorylation)"
"ENTREZID","6300","ENTREZID","3725","directed","Process(activation)"
"ENTREZID","64127","ENTREZID","22861","directed","Process(activation)"
"ENTREZID","64127","ENTREZID","55054","directed","Process(activation)"
"ENTREZID","64127","ENTREZID","57506","directed","Process(activation)"
"ENTREZID","64127","ENTREZID","8767","directed","Process(activation)"
"ENTREZID","64127","ENTREZID","9140","directed","Process(activation)"
"ENTREZID","64127","ENTREZID","9474","directed","Process(activation)"
"ENTREZID","64170","ENTREZID","8767","directed","Process(activation)"
"ENTREZID","6885","ENTREZID","1147","directed","Process(phosphorylation)"
"ENTREZID","6885","ENTREZID","1147","directed","Process(activation)"
"ENTREZID","6885","ENTREZID","1432","directed","Process(phosphorylation)"
"ENTREZID","6885","ENTREZID","1432","directed","Process(activation)"
"ENTREZID","6885","ENTREZID","3551","directed","Process(phosphorylation)"
"ENTREZID","6885","ENTREZID","3551","directed","Process(activation)"
"ENTREZID","6885","ENTREZID","5594","directed","Process(phosphorylation)"
"ENTREZID","6885","ENTREZID","5594","directed","Process(activation)"
"ENTREZID","6885","ENTREZID","5595","directed","Process(phosphorylation)"
"ENTREZID","6885","ENTREZID","5595","directed","Process(activation)"
"ENTREZID","6885","ENTREZID","5599","directed","Process(phosphorylation)"
"ENTREZID","6885","ENTREZID","5599","directed","Process(activation)"
"ENTREZID","6885","ENTREZID","5600","directed","Process(phosphorylation)"
"ENTREZID","6885","ENTREZID","5600","directed","Process(activation)"
"ENTREZID","6885","ENTREZID","5601","directed","Process(phosphorylation)"
"ENTREZID","6885","ENTREZID","5601","directed","Process(activation)"
"ENTREZID","6885","ENTREZID","5602","directed","Process(phosphorylation)"
"ENTREZID","6885","ENTREZID","5602","directed","Process(activation)"
"ENTREZID","6885","ENTREZID","5603","directed","Process(phosphorylation)"
"ENTREZID","6885","ENTREZID","5603","directed","Process(activation)"
"ENTREZID","6885","ENTREZID","6300","directed","Process(phosphorylation)"
"ENTREZID","6885","ENTREZID","6300","directed","Process(activation)"
"ENTREZID","7099","ENTREZID","148022","directed","Process(activation)"
"ENTREZID","7099","ENTREZID","4615","directed","Process(activation)"
"ENTREZID","7128","ENTREZID","8767","directed","Process(activation)"
"ENTREZID","7158","ENTREZID","9447","directed","Process(inhibition)"
"ENTREZID","7186","ENTREZID","8767","directed","Process(activation)"
"ENTREZID","7187","ENTREZID","9641","directed","Process(activation)"
"ENTREZID","7188","ENTREZID","8767","directed","Process(activation)"
"ENTREZID","7189","ENTREZID","8517","directed","Process(binding/association)"
"ENTREZID","7189","ENTREZID","8767","directed","Process(activation)"
"ENTREZID","7205","ENTREZID","8767","directed","Process(activation)"
"ENTREZID","7531","ENTREZID","4210","directed","Process(inhibition)"
"ENTREZID","7531","ENTREZID","4210","directed","Process(phosphorylation)"
"ENTREZID","79184","ENTREZID","114548","directed","Process(activation)"
"ENTREZID","79671","ENTREZID","57506","directed","Process(inhibition)"
"ENTREZID","79792","ENTREZID","114548","directed","Process(activation)"
"ENTREZID","81858","ENTREZID","8767","directed","Process(activation)"
"ENTREZID","81858","ENTREZID","8767","directed","Process(ubiquitination)"
"ENTREZID","834","ENTREZID","3553","directed","Process(activation)"
"ENTREZID","834","ENTREZID","3606","directed","Process(activation)"
"ENTREZID","834","ENTREZID","79792","directed","Process(activation)"
"ENTREZID","837","ENTREZID","79792","directed","Process(activation)"
"ENTREZID","838","ENTREZID","79792","directed","Process(activation)"
"ENTREZID","841","ENTREZID","834","directed","Process(activation)"
"ENTREZID","841","ENTREZID","8772","directed","Process(binding/association)"
"ENTREZID","846","ENTREZID","23236","directed","Process(activation)"
"ENTREZID","846","ENTREZID","5330","directed","Process(activation)"
"ENTREZID","846","ENTREZID","5331","directed","Process(activation)"
"ENTREZID","846","ENTREZID","5332","directed","Process(activation)"
"ENTREZID","84674","ENTREZID","8767","directed","Process(activation)"
"ENTREZID","8517","ENTREZID","1147","directed","Process(binding/association)"
"ENTREZID","8517","ENTREZID","3551","directed","Process(binding/association)"
"ENTREZID","8737","ENTREZID","10059","directed","Process(activation)"
"ENTREZID","8767","ENTREZID","10454","directed","Process(activation)"
"ENTREZID","8767","ENTREZID","23118","directed","Process(activation)"
"ENTREZID","8767","ENTREZID","257397","directed","Process(activation)"
"ENTREZID","8767","ENTREZID","7187","directed","Process(activation)"
"ENTREZID","8767","ENTREZID","8517","directed","Process(activation)"
"ENTREZID","9140","ENTREZID","11337","directed","Process(activation)"
"ENTREZID","9140","ENTREZID","11345","directed","Process(activation)"
"ENTREZID","9140","ENTREZID","23710","directed","Process(activation)"
"ENTREZID","9140","ENTREZID","440738","directed","Process(activation)"
"ENTREZID","9140","ENTREZID","643246","directed","Process(activation)"
"ENTREZID","9140","ENTREZID","81631","directed","Process(activation)"
"ENTREZID","9140","ENTREZID","84557","directed","Process(activation)"
"ENTREZID","91662","ENTREZID","29108","directed","Process(binding/association)"
"ENTREZID","91662","ENTREZID","4790","directed","Process(inhibition)"
"ENTREZID","91662","ENTREZID","5970","directed","Process(inhibition)"
"ENTREZID","9447","ENTREZID","29108","directed","Process(binding/association)"
"ENTREZID","9474","ENTREZID","11337","directed","Process(activation)"
"ENTREZID","9474","ENTREZID","11345","directed","Process(activation)"
"ENTREZID","9474","ENTREZID","23710","directed","Process(activation)"
"ENTREZID","9474","ENTREZID","440738","directed","Process(activation)"
"ENTREZID","9474","ENTREZID","643246","directed","Process(activation)"
"ENTREZID","9474","ENTREZID","81631","directed","Process(activation)"
"ENTREZID","9474","ENTREZID","84557","directed","Process(activation)"
"ENTREZID","9474","ENTREZID","9140","directed","Process(binding/association)"
"ENTREZID","9641","ENTREZID","10010","directed","Process(binding/association)"
"ENTREZID","9641","ENTREZID","29110","directed","Process(binding/association)"
"ENTREZID","9641","ENTREZID","3661","directed","Process(phosphorylation)"
"ENTREZID","9641","ENTREZID","3661","directed","Process(activation)"
"ENTREZID","9641","ENTREZID","3665","directed","Process(phosphorylation)"
"ENTREZID","9641","ENTREZID","3665","directed","Process(activation)"
