"src_type","src","dest_type","dest","direction","type"
"ENTREZID","1147","ENTREZID","4792","directed","Process(phosphorylation)"
"ENTREZID","1147","ENTREZID","4792","directed","Process(activation)"
"ENTREZID","1147","ENTREZID","4793","directed","Process(phosphorylation)"
"ENTREZID","1147","ENTREZID","4793","directed","Process(activation)"
"ENTREZID","23586","ENTREZID","57506","directed","Process(activation)"
"ENTREZID","29108","ENTREZID","834","directed","Process(binding/association)"
"ENTREZID","29110","ENTREZID","3661","directed","Process(binding/association)"
"ENTREZID","29110","ENTREZID","3665","directed","Process(binding/association)"
"ENTREZID","340061","ENTREZID","29110","directed","Process(activation)"
"ENTREZID","340061","ENTREZID","9641","directed","Process(activation)"
"ENTREZID","3551","ENTREZID","4792","directed","Process(phosphorylation)"
"ENTREZID","3551","ENTREZID","4792","directed","Process(activation)"
"ENTREZID","3551","ENTREZID","4793","directed","Process(phosphorylation)"
"ENTREZID","3551","ENTREZID","4793","directed","Process(activation)"
"ENTREZID","3661","ENTREZID","3439","directed","Process(expression)"
"ENTREZID","3661","ENTREZID","3440","directed","Process(expression)"
"ENTREZID","3661","ENTREZID","3441","directed","Process(expression)"
"ENTREZID","3661","ENTREZID","3442","directed","Process(expression)"
"ENTREZID","3661","ENTREZID","3443","directed","Process(expression)"
"ENTREZID","3661","ENTREZID","3444","directed","Process(expression)"
"ENTREZID","3661","ENTREZID","3445","directed","Process(expression)"
"ENTREZID","3661","ENTREZID","3446","directed","Process(expression)"
"ENTREZID","3661","ENTREZID","3447","directed","Process(expression)"
"ENTREZID","3661","ENTREZID","3448","directed","Process(expression)"
"ENTREZID","3661","ENTREZID","3449","directed","Process(expression)"
"ENTREZID","3661","ENTREZID","3451","directed","Process(expression)"
"ENTREZID","3661","ENTREZID","3452","directed","Process(expression)"
"ENTREZID","3661","ENTREZID","3456","directed","Process(expression)"
"ENTREZID","3665","ENTREZID","3439","directed","Process(expression)"
"ENTREZID","3665","ENTREZID","3440","directed","Process(expression)"
"ENTREZID","3665","ENTREZID","3441","directed","Process(expression)"
"ENTREZID","3665","ENTREZID","3442","directed","Process(expression)"
"ENTREZID","3665","ENTREZID","3443","directed","Process(expression)"
"ENTREZID","3665","ENTREZID","3444","directed","Process(expression)"
"ENTREZID","3665","ENTREZID","3445","directed","Process(expression)"
"ENTREZID","3665","ENTREZID","3446","directed","Process(expression)"
"ENTREZID","3665","ENTREZID","3447","directed","Process(expression)"
"ENTREZID","3665","ENTREZID","3448","directed","Process(expression)"
"ENTREZID","3665","ENTREZID","3449","directed","Process(expression)"
"ENTREZID","3665","ENTREZID","3451","directed","Process(expression)"
"ENTREZID","3665","ENTREZID","3452","directed","Process(expression)"
"ENTREZID","3665","ENTREZID","3456","directed","Process(expression)"
"ENTREZID","4790","ENTREZID","3569","directed","Process(expression)"
"ENTREZID","4790","ENTREZID","3627","directed","Process(expression)"
"ENTREZID","4790","ENTREZID","388372","directed","Process(expression)"
"ENTREZID","4790","ENTREZID","6351","directed","Process(expression)"
"ENTREZID","4790","ENTREZID","6352","directed","Process(expression)"
"ENTREZID","4790","ENTREZID","9560","directed","Process(expression)"
"ENTREZID","4792","ENTREZID","4790","directed","Process(dissociation)"
"ENTREZID","4792","ENTREZID","5970","directed","Process(dissociation)"
"ENTREZID","4793","ENTREZID","4790","directed","Process(dissociation)"
"ENTREZID","4793","ENTREZID","5970","directed","Process(dissociation)"
"ENTREZID","57506","ENTREZID","340061","directed","Process(binding/association)"
"ENTREZID","57506","ENTREZID","4790","directed","Process(activation)"
"ENTREZID","57506","ENTREZID","4790","directed","Process(indirect effect)"
"ENTREZID","57506","ENTREZID","5970","directed","Process(activation)"
"ENTREZID","57506","ENTREZID","5970","directed","Process(indirect effect)"
"ENTREZID","5970","ENTREZID","3569","directed","Process(expression)"
"ENTREZID","5970","ENTREZID","3627","directed","Process(expression)"
"ENTREZID","5970","ENTREZID","388372","directed","Process(expression)"
"ENTREZID","5970","ENTREZID","6351","directed","Process(expression)"
"ENTREZID","5970","ENTREZID","6352","directed","Process(expression)"
"ENTREZID","5970","ENTREZID","9560","directed","Process(expression)"
"ENTREZID","81030","ENTREZID","11035","directed","Process(binding/association)"
"ENTREZID","81030","ENTREZID","29110","directed","Process(activation)"
"ENTREZID","81030","ENTREZID","3661","directed","Process(binding/association)"
"ENTREZID","81030","ENTREZID","3665","directed","Process(binding/association)"
"ENTREZID","81030","ENTREZID","8737","directed","Process(binding/association)"
"ENTREZID","81030","ENTREZID","9641","directed","Process(activation)"
"ENTREZID","834","ENTREZID","3553","directed","Process(activation)"
"ENTREZID","834","ENTREZID","3606","directed","Process(activation)"
"ENTREZID","834","ENTREZID","90865","directed","Process(activation)"
"ENTREZID","8517","ENTREZID","4792","directed","Process(phosphorylation)"
"ENTREZID","8517","ENTREZID","4792","directed","Process(activation)"
"ENTREZID","8517","ENTREZID","4793","directed","Process(phosphorylation)"
"ENTREZID","8517","ENTREZID","4793","directed","Process(activation)"
"ENTREZID","8737","ENTREZID","1147","directed","Process(phosphorylation)"
"ENTREZID","8737","ENTREZID","1147","directed","Process(activation)"
"ENTREZID","8737","ENTREZID","3551","directed","Process(phosphorylation)"
"ENTREZID","8737","ENTREZID","3551","directed","Process(activation)"
"ENTREZID","8737","ENTREZID","8517","directed","Process(phosphorylation)"
"ENTREZID","8737","ENTREZID","8517","directed","Process(activation)"
"ENTREZID","9447","ENTREZID","29108","directed","Process(binding/association)"
"ENTREZID","9641","ENTREZID","3661","directed","Process(binding/association)"
"ENTREZID","9641","ENTREZID","3665","directed","Process(binding/association)"
