"src_type","src","dest_type","dest","direction","type"
"ENTREZID","10683","ENTREZID","4854","directed","Process(activation)"
"ENTREZID","11317","ENTREZID","2625","directed","Process(expression)"
"ENTREZID","11317","ENTREZID","30009","directed","Process(expression)"
"ENTREZID","11317","ENTREZID","3516","undirected","Binding"
"ENTREZID","11317","ENTREZID","3565","directed","Process(expression)"
"ENTREZID","11317","ENTREZID","55534","undirected","Binding"
"ENTREZID","11317","ENTREZID","84441","undirected","Binding"
"ENTREZID","11317","ENTREZID","9794","undirected","Binding"
"ENTREZID","1147","ENTREZID","4792","directed","Process(phosphorylation)"
"ENTREZID","1147","ENTREZID","4792","directed","Process(activation)"
"ENTREZID","1147","ENTREZID","4793","directed","Process(phosphorylation)"
"ENTREZID","1147","ENTREZID","4793","directed","Process(activation)"
"ENTREZID","1147","ENTREZID","4794","directed","Process(phosphorylation)"
"ENTREZID","1147","ENTREZID","4794","directed","Process(activation)"
"ENTREZID","1432","ENTREZID","3725","directed","Process(phosphorylation)"
"ENTREZID","1432","ENTREZID","3725","directed","Process(activation)"
"ENTREZID","182","ENTREZID","4851","directed","Process(activation)"
"ENTREZID","182","ENTREZID","4853","directed","Process(activation)"
"ENTREZID","2353","ENTREZID","2625","directed","Process(expression)"
"ENTREZID","2353","ENTREZID","30009","directed","Process(expression)"
"ENTREZID","2353","ENTREZID","3458","directed","Process(expression)"
"ENTREZID","2353","ENTREZID","3558","directed","Process(expression)"
"ENTREZID","2353","ENTREZID","3559","directed","Process(expression)"
"ENTREZID","2353","ENTREZID","3565","directed","Process(expression)"
"ENTREZID","2353","ENTREZID","3566","directed","Process(expression)"
"ENTREZID","2353","ENTREZID","3567","directed","Process(expression)"
"ENTREZID","2353","ENTREZID","3594","directed","Process(expression)"
"ENTREZID","2353","ENTREZID","3595","directed","Process(expression)"
"ENTREZID","2353","ENTREZID","3596","directed","Process(expression)"
"ENTREZID","2625","ENTREZID","30009","directed","Process(inhibition)"
"ENTREZID","2625","ENTREZID","3558","directed","Process(expression)"
"ENTREZID","2625","ENTREZID","3559","directed","Process(expression)"
"ENTREZID","2625","ENTREZID","3565","directed","Process(expression)"
"ENTREZID","2625","ENTREZID","3566","directed","Process(expression)"
"ENTREZID","2625","ENTREZID","3567","directed","Process(expression)"
"ENTREZID","2625","ENTREZID","3594","directed","Process(repression)"
"ENTREZID","2625","ENTREZID","3595","directed","Process(repression)"
"ENTREZID","2625","ENTREZID","3596","directed","Process(expression)"
"ENTREZID","2625","ENTREZID","4094","directed","Process(expression)"
"ENTREZID","27040","ENTREZID","5335","directed","Process(activation)"
"ENTREZID","28514","ENTREZID","4854","directed","Process(activation)"
"ENTREZID","30009","ENTREZID","2625","directed","Process(repression)"
"ENTREZID","30009","ENTREZID","3458","directed","Process(expression)"
"ENTREZID","30009","ENTREZID","3565","directed","Process(repression)"
"ENTREZID","30009","ENTREZID","3594","directed","Process(expression)"
"ENTREZID","30009","ENTREZID","3595","directed","Process(expression)"
"ENTREZID","30009","ENTREZID","864","directed","Process(binding/association)"
"ENTREZID","3108","ENTREZID","919","directed","Process(activation)"
"ENTREZID","3109","ENTREZID","919","directed","Process(activation)"
"ENTREZID","3111","ENTREZID","919","directed","Process(activation)"
"ENTREZID","3112","ENTREZID","919","directed","Process(activation)"
"ENTREZID","3113","ENTREZID","919","directed","Process(activation)"
"ENTREZID","3115","ENTREZID","919","directed","Process(activation)"
"ENTREZID","3117","ENTREZID","919","directed","Process(activation)"
"ENTREZID","3118","ENTREZID","919","directed","Process(activation)"
"ENTREZID","3119","ENTREZID","919","directed","Process(activation)"
"ENTREZID","3122","ENTREZID","919","directed","Process(activation)"
"ENTREZID","3123","ENTREZID","919","directed","Process(activation)"
"ENTREZID","3125","ENTREZID","919","directed","Process(activation)"
"ENTREZID","3126","ENTREZID","919","directed","Process(activation)"
"ENTREZID","3127","ENTREZID","919","directed","Process(activation)"
"ENTREZID","3458","ENTREZID","3459","directed","Process(activation)"
"ENTREZID","3458","ENTREZID","3460","directed","Process(activation)"
"ENTREZID","3459","ENTREZID","3716","directed","Process(binding/association)"
"ENTREZID","3459","ENTREZID","3717","directed","Process(binding/association)"
"ENTREZID","3459","ENTREZID","6772","directed","Process(activation)"
"ENTREZID","3460","ENTREZID","3716","directed","Process(binding/association)"
"ENTREZID","3460","ENTREZID","3717","directed","Process(binding/association)"
"ENTREZID","3460","ENTREZID","6772","directed","Process(activation)"
"ENTREZID","3516","ENTREZID","2625","directed","Process(expression)"
"ENTREZID","3516","ENTREZID","30009","directed","Process(expression)"
"ENTREZID","3516","ENTREZID","3565","directed","Process(expression)"
"ENTREZID","3516","ENTREZID","55534","undirected","Binding"
"ENTREZID","3516","ENTREZID","84441","undirected","Binding"
"ENTREZID","3516","ENTREZID","9794","undirected","Binding"
"ENTREZID","3551","ENTREZID","4792","directed","Process(phosphorylation)"
"ENTREZID","3551","ENTREZID","4792","directed","Process(activation)"
"ENTREZID","3551","ENTREZID","4793","directed","Process(phosphorylation)"
"ENTREZID","3551","ENTREZID","4793","directed","Process(activation)"
"ENTREZID","3551","ENTREZID","4794","directed","Process(phosphorylation)"
"ENTREZID","3551","ENTREZID","4794","directed","Process(activation)"
"ENTREZID","3558","ENTREZID","3559","directed","Process(activation)"
"ENTREZID","3558","ENTREZID","3560","directed","Process(activation)"
"ENTREZID","3558","ENTREZID","3561","directed","Process(activation)"
"ENTREZID","3559","ENTREZID","3716","directed","Process(binding/association)"
"ENTREZID","3559","ENTREZID","3718","directed","Process(binding/association)"
"ENTREZID","3559","ENTREZID","6776","directed","Process(activation)"
"ENTREZID","3559","ENTREZID","6777","directed","Process(activation)"
"ENTREZID","3560","ENTREZID","3716","directed","Process(binding/association)"
"ENTREZID","3560","ENTREZID","3718","directed","Process(binding/association)"
"ENTREZID","3560","ENTREZID","6776","directed","Process(activation)"
"ENTREZID","3560","ENTREZID","6777","directed","Process(activation)"
"ENTREZID","3561","ENTREZID","3716","directed","Process(binding/association)"
"ENTREZID","3561","ENTREZID","3718","directed","Process(binding/association)"
"ENTREZID","3561","ENTREZID","6776","directed","Process(activation)"
"ENTREZID","3561","ENTREZID","6777","directed","Process(activation)"
"ENTREZID","3565","ENTREZID","3566","directed","Process(activation)"
"ENTREZID","3566","ENTREZID","3716","directed","Process(binding/association)"
"ENTREZID","3566","ENTREZID","3718","directed","Process(binding/association)"
"ENTREZID","3566","ENTREZID","6778","directed","Process(activation)"
"ENTREZID","3592","ENTREZID","3594","directed","Process(activation)"
"ENTREZID","3592","ENTREZID","3595","directed","Process(activation)"
"ENTREZID","3593","ENTREZID","3594","directed","Process(activation)"
"ENTREZID","3593","ENTREZID","3595","directed","Process(activation)"
"ENTREZID","3594","ENTREZID","3717","directed","Process(binding/association)"
"ENTREZID","3594","ENTREZID","6775","directed","Process(activation)"
"ENTREZID","3594","ENTREZID","7297","directed","Process(binding/association)"
"ENTREZID","3595","ENTREZID","3717","directed","Process(binding/association)"
"ENTREZID","3595","ENTREZID","6775","directed","Process(activation)"
"ENTREZID","3595","ENTREZID","7297","directed","Process(binding/association)"
"ENTREZID","3714","ENTREZID","4851","directed","Process(activation)"
"ENTREZID","3714","ENTREZID","4853","directed","Process(activation)"
"ENTREZID","3725","ENTREZID","2625","directed","Process(expression)"
"ENTREZID","3725","ENTREZID","30009","directed","Process(expression)"
"ENTREZID","3725","ENTREZID","3458","directed","Process(expression)"
"ENTREZID","3725","ENTREZID","3558","directed","Process(expression)"
"ENTREZID","3725","ENTREZID","3559","directed","Process(expression)"
"ENTREZID","3725","ENTREZID","3565","directed","Process(expression)"
"ENTREZID","3725","ENTREZID","3566","directed","Process(expression)"
"ENTREZID","3725","ENTREZID","3567","directed","Process(expression)"
"ENTREZID","3725","ENTREZID","3594","directed","Process(expression)"
"ENTREZID","3725","ENTREZID","3595","directed","Process(expression)"
"ENTREZID","3725","ENTREZID","3596","directed","Process(expression)"
"ENTREZID","3932","ENTREZID","7535","directed","Process(activation)"
"ENTREZID","4094","ENTREZID","3559","directed","Process(expression)"
"ENTREZID","4094","ENTREZID","3565","directed","Process(expression)"
"ENTREZID","4094","ENTREZID","3566","directed","Process(expression)"
"ENTREZID","4772","ENTREZID","2625","directed","Process(expression)"
"ENTREZID","4772","ENTREZID","30009","directed","Process(expression)"
"ENTREZID","4772","ENTREZID","3458","directed","Process(expression)"
"ENTREZID","4772","ENTREZID","3558","directed","Process(expression)"
"ENTREZID","4772","ENTREZID","3559","directed","Process(expression)"
"ENTREZID","4772","ENTREZID","3565","directed","Process(expression)"
"ENTREZID","4772","ENTREZID","3566","directed","Process(expression)"
"ENTREZID","4772","ENTREZID","3567","directed","Process(expression)"
"ENTREZID","4772","ENTREZID","3594","directed","Process(expression)"
"ENTREZID","4772","ENTREZID","3595","directed","Process(expression)"
"ENTREZID","4772","ENTREZID","3596","directed","Process(expression)"
"ENTREZID","4773","ENTREZID","2625","directed","Process(expression)"
"ENTREZID","4773","ENTREZID","30009","directed","Process(expression)"
"ENTREZID","4773","ENTREZID","3458","directed","Process(expression)"
"ENTREZID","4773","ENTREZID","3558","directed","Process(expression)"
"ENTREZID","4773","ENTREZID","3559","directed","Process(expression)"
"ENTREZID","4773","ENTREZID","3565","directed","Process(expression)"
"ENTREZID","4773","ENTREZID","3566","directed","Process(expression)"
"ENTREZID","4773","ENTREZID","3567","directed","Process(expression)"
"ENTREZID","4773","ENTREZID","3594","directed","Process(expression)"
"ENTREZID","4773","ENTREZID","3595","directed","Process(expression)"
"ENTREZID","4773","ENTREZID","3596","directed","Process(expression)"
"ENTREZID","4775","ENTREZID","2625","directed","Process(expression)"
"ENTREZID","4775","ENTREZID","30009","directed","Process(expression)"
"ENTREZID","4775","ENTREZID","3458","directed","Process(expression)"
"ENTREZID","4775","ENTREZID","3558","directed","Process(expression)"
"ENTREZID","4775","ENTREZID","3559","directed","Process(expression)"
"ENTREZID","4775","ENTREZID","3565","directed","Process(expression)"
"ENTREZID","4775","ENTREZID","3566","directed","Process(expression)"
"ENTREZID","4775","ENTREZID","3567","directed","Process(expression)"
"ENTREZID","4775","ENTREZID","3594","directed","Process(expression)"
"ENTREZID","4775","ENTREZID","3595","directed","Process(expression)"
"ENTREZID","4775","ENTREZID","3596","directed","Process(expression)"
"ENTREZID","4790","ENTREZID","2625","directed","Process(expression)"
"ENTREZID","4790","ENTREZID","30009","directed","Process(expression)"
"ENTREZID","4790","ENTREZID","3458","directed","Process(expression)"
"ENTREZID","4790","ENTREZID","3558","directed","Process(expression)"
"ENTREZID","4790","ENTREZID","3559","directed","Process(expression)"
"ENTREZID","4790","ENTREZID","3565","directed","Process(expression)"
"ENTREZID","4790","ENTREZID","3566","directed","Process(expression)"
"ENTREZID","4790","ENTREZID","3567","directed","Process(expression)"
"ENTREZID","4790","ENTREZID","3594","directed","Process(expression)"
"ENTREZID","4790","ENTREZID","3595","directed","Process(expression)"
"ENTREZID","4790","ENTREZID","3596","directed","Process(expression)"
"ENTREZID","4790","ENTREZID","4792","directed","Process(dissociation)"
"ENTREZID","4790","ENTREZID","4793","directed","Process(dissociation)"
"ENTREZID","4790","ENTREZID","4794","directed","Process(dissociation)"
"ENTREZID","4790","ENTREZID","5970","undirected","Binding"
"ENTREZID","4851","ENTREZID","11317","directed","Process(activation)"
"ENTREZID","4851","ENTREZID","3516","directed","Process(activation)"
"ENTREZID","4851","ENTREZID","55534","directed","Process(activation)"
"ENTREZID","4851","ENTREZID","84441","directed","Process(activation)"
"ENTREZID","4851","ENTREZID","9794","directed","Process(activation)"
"ENTREZID","4853","ENTREZID","11317","directed","Process(activation)"
"ENTREZID","4853","ENTREZID","3516","directed","Process(activation)"
"ENTREZID","4853","ENTREZID","55534","directed","Process(activation)"
"ENTREZID","4853","ENTREZID","84441","directed","Process(activation)"
"ENTREZID","4853","ENTREZID","9794","directed","Process(activation)"
"ENTREZID","4854","ENTREZID","11317","directed","Process(activation)"
"ENTREZID","4854","ENTREZID","3516","directed","Process(activation)"
"ENTREZID","4854","ENTREZID","4790","directed","Process(activation)"
"ENTREZID","4854","ENTREZID","55534","directed","Process(activation)"
"ENTREZID","4854","ENTREZID","5970","directed","Process(activation)"
"ENTREZID","4854","ENTREZID","84441","directed","Process(activation)"
"ENTREZID","4854","ENTREZID","9794","directed","Process(activation)"
"ENTREZID","54567","ENTREZID","4854","directed","Process(activation)"
"ENTREZID","5530","ENTREZID","4772","directed","Process(activation)"
"ENTREZID","5530","ENTREZID","4772","directed","Process(dephosphorylation)"
"ENTREZID","5530","ENTREZID","4773","directed","Process(activation)"
"ENTREZID","5530","ENTREZID","4773","directed","Process(dephosphorylation)"
"ENTREZID","5530","ENTREZID","4775","directed","Process(activation)"
"ENTREZID","5530","ENTREZID","4775","directed","Process(dephosphorylation)"
"ENTREZID","5532","ENTREZID","4772","directed","Process(activation)"
"ENTREZID","5532","ENTREZID","4772","directed","Process(dephosphorylation)"
"ENTREZID","5532","ENTREZID","4773","directed","Process(activation)"
"ENTREZID","5532","ENTREZID","4773","directed","Process(dephosphorylation)"
"ENTREZID","5532","ENTREZID","4775","directed","Process(activation)"
"ENTREZID","5532","ENTREZID","4775","directed","Process(dephosphorylation)"
"ENTREZID","5533","ENTREZID","4772","directed","Process(activation)"
"ENTREZID","5533","ENTREZID","4772","directed","Process(dephosphorylation)"
"ENTREZID","5533","ENTREZID","4773","directed","Process(activation)"
"ENTREZID","5533","ENTREZID","4773","directed","Process(dephosphorylation)"
"ENTREZID","5533","ENTREZID","4775","directed","Process(activation)"
"ENTREZID","5533","ENTREZID","4775","directed","Process(dephosphorylation)"
"ENTREZID","5534","ENTREZID","4772","directed","Process(activation)"
"ENTREZID","5534","ENTREZID","4772","directed","Process(dephosphorylation)"
"ENTREZID","5534","ENTREZID","4773","directed","Process(activation)"
"ENTREZID","5534","ENTREZID","4773","directed","Process(dephosphorylation)"
"ENTREZID","5534","ENTREZID","4775","directed","Process(activation)"
"ENTREZID","5534","ENTREZID","4775","directed","Process(dephosphorylation)"
"ENTREZID","5535","ENTREZID","4772","directed","Process(activation)"
"ENTREZID","5535","ENTREZID","4772","directed","Process(dephosphorylation)"
"ENTREZID","5535","ENTREZID","4773","directed","Process(activation)"
"ENTREZID","5535","ENTREZID","4773","directed","Process(dephosphorylation)"
"ENTREZID","5535","ENTREZID","4775","directed","Process(activation)"
"ENTREZID","5535","ENTREZID","4775","directed","Process(dephosphorylation)"
"ENTREZID","55534","ENTREZID","2625","directed","Process(expression)"
"ENTREZID","55534","ENTREZID","30009","directed","Process(expression)"
"ENTREZID","55534","ENTREZID","3565","directed","Process(expression)"
"ENTREZID","55534","ENTREZID","84441","undirected","Binding"
"ENTREZID","55534","ENTREZID","9794","undirected","Binding"
"ENTREZID","5588","ENTREZID","1147","directed","Process(activation)"
"ENTREZID","5588","ENTREZID","1147","directed","Process(indirect effect)"
"ENTREZID","5588","ENTREZID","3551","directed","Process(activation)"
"ENTREZID","5588","ENTREZID","3551","directed","Process(indirect effect)"
"ENTREZID","5588","ENTREZID","8517","directed","Process(activation)"
"ENTREZID","5588","ENTREZID","8517","directed","Process(indirect effect)"
"ENTREZID","5594","ENTREZID","2353","directed","Process(phosphorylation)"
"ENTREZID","5594","ENTREZID","2353","directed","Process(activation)"
"ENTREZID","5595","ENTREZID","2353","directed","Process(phosphorylation)"
"ENTREZID","5595","ENTREZID","2353","directed","Process(activation)"
"ENTREZID","5599","ENTREZID","3725","directed","Process(phosphorylation)"
"ENTREZID","5599","ENTREZID","3725","directed","Process(activation)"
"ENTREZID","5600","ENTREZID","3725","directed","Process(phosphorylation)"
"ENTREZID","5600","ENTREZID","3725","directed","Process(activation)"
"ENTREZID","5601","ENTREZID","3725","directed","Process(phosphorylation)"
"ENTREZID","5601","ENTREZID","3725","directed","Process(activation)"
"ENTREZID","5602","ENTREZID","3725","directed","Process(phosphorylation)"
"ENTREZID","5602","ENTREZID","3725","directed","Process(activation)"
"ENTREZID","5603","ENTREZID","3725","directed","Process(phosphorylation)"
"ENTREZID","5603","ENTREZID","3725","directed","Process(activation)"
"ENTREZID","5970","ENTREZID","2625","directed","Process(expression)"
"ENTREZID","5970","ENTREZID","30009","directed","Process(expression)"
"ENTREZID","5970","ENTREZID","3458","directed","Process(expression)"
"ENTREZID","5970","ENTREZID","3558","directed","Process(expression)"
"ENTREZID","5970","ENTREZID","3559","directed","Process(expression)"
"ENTREZID","5970","ENTREZID","3565","directed","Process(expression)"
"ENTREZID","5970","ENTREZID","3566","directed","Process(expression)"
"ENTREZID","5970","ENTREZID","3567","directed","Process(expression)"
"ENTREZID","5970","ENTREZID","3594","directed","Process(expression)"
"ENTREZID","5970","ENTREZID","3595","directed","Process(expression)"
"ENTREZID","5970","ENTREZID","3596","directed","Process(expression)"
"ENTREZID","5970","ENTREZID","4792","directed","Process(dissociation)"
"ENTREZID","5970","ENTREZID","4793","directed","Process(dissociation)"
"ENTREZID","5970","ENTREZID","4794","directed","Process(dissociation)"
"ENTREZID","6300","ENTREZID","3725","directed","Process(phosphorylation)"
"ENTREZID","6300","ENTREZID","3725","directed","Process(activation)"
"ENTREZID","6772","ENTREZID","30009","directed","Process(expression)"
"ENTREZID","6772","ENTREZID","3458","directed","Process(expression)"
"ENTREZID","6772","ENTREZID","3594","directed","Process(expression)"
"ENTREZID","6772","ENTREZID","3595","directed","Process(expression)"
"ENTREZID","6775","ENTREZID","30009","directed","Process(expression)"
"ENTREZID","6775","ENTREZID","3458","directed","Process(expression)"
"ENTREZID","6775","ENTREZID","3594","directed","Process(expression)"
"ENTREZID","6775","ENTREZID","3595","directed","Process(expression)"
"ENTREZID","6776","ENTREZID","2625","directed","Process(expression)"
"ENTREZID","6776","ENTREZID","3558","directed","Process(expression)"
"ENTREZID","6776","ENTREZID","3559","directed","Process(expression)"
"ENTREZID","6776","ENTREZID","3565","directed","Process(expression)"
"ENTREZID","6776","ENTREZID","3566","directed","Process(expression)"
"ENTREZID","6777","ENTREZID","2625","directed","Process(expression)"
"ENTREZID","6777","ENTREZID","3558","directed","Process(expression)"
"ENTREZID","6777","ENTREZID","3559","directed","Process(expression)"
"ENTREZID","6777","ENTREZID","3565","directed","Process(expression)"
"ENTREZID","6777","ENTREZID","3566","directed","Process(expression)"
"ENTREZID","6778","ENTREZID","2625","directed","Process(expression)"
"ENTREZID","6778","ENTREZID","3558","directed","Process(expression)"
"ENTREZID","6778","ENTREZID","3559","directed","Process(expression)"
"ENTREZID","6778","ENTREZID","3565","directed","Process(expression)"
"ENTREZID","6778","ENTREZID","3566","directed","Process(expression)"
"ENTREZID","7535","ENTREZID","27040","directed","Process(activation)"
"ENTREZID","84441","ENTREZID","2625","directed","Process(expression)"
"ENTREZID","84441","ENTREZID","30009","directed","Process(expression)"
"ENTREZID","84441","ENTREZID","3565","directed","Process(expression)"
"ENTREZID","84441","ENTREZID","9794","undirected","Binding"
"ENTREZID","8517","ENTREZID","4792","directed","Process(phosphorylation)"
"ENTREZID","8517","ENTREZID","4792","directed","Process(activation)"
"ENTREZID","8517","ENTREZID","4793","directed","Process(phosphorylation)"
"ENTREZID","8517","ENTREZID","4793","directed","Process(activation)"
"ENTREZID","8517","ENTREZID","4794","directed","Process(phosphorylation)"
"ENTREZID","8517","ENTREZID","4794","directed","Process(activation)"
"ENTREZID","919","ENTREZID","7535","directed","Process(binding/association)"
"ENTREZID","920","ENTREZID","3932","directed","Process(binding/association)"
"ENTREZID","9794","ENTREZID","2625","directed","Process(expression)"
"ENTREZID","9794","ENTREZID","30009","directed","Process(expression)"
"ENTREZID","9794","ENTREZID","3565","directed","Process(expression)"
