"src_type","src","dest_type","dest","direction","type"
"ENTREZID","10148","ENTREZID","3716","directed","Process(activation)"
"ENTREZID","10148","ENTREZID","3717","directed","Process(activation)"
"ENTREZID","10148","ENTREZID","7297","directed","Process(activation)"
"ENTREZID","10148","ENTREZID","9466","directed","Process(activation)"
"ENTREZID","1147","ENTREZID","4792","directed","Process(phosphorylation)"
"ENTREZID","1147","ENTREZID","4792","directed","Process(activation)"
"ENTREZID","1147","ENTREZID","4793","directed","Process(phosphorylation)"
"ENTREZID","1147","ENTREZID","4793","directed","Process(activation)"
"ENTREZID","1147","ENTREZID","4794","directed","Process(phosphorylation)"
"ENTREZID","1147","ENTREZID","4794","directed","Process(activation)"
"ENTREZID","1432","ENTREZID","3662","directed","Process(expression)"
"ENTREZID","1432","ENTREZID","3662","directed","Process(indirect effect)"
"ENTREZID","1432","ENTREZID","3725","directed","Process(phosphorylation)"
"ENTREZID","1432","ENTREZID","3725","directed","Process(activation)"
"ENTREZID","1432","ENTREZID","6095","directed","Process(expression)"
"ENTREZID","1432","ENTREZID","6095","directed","Process(indirect effect)"
"ENTREZID","1432","ENTREZID","6097","directed","Process(expression)"
"ENTREZID","1432","ENTREZID","6097","directed","Process(indirect effect)"
"ENTREZID","149233","ENTREZID","3594","undirected","Binding"
"ENTREZID","149233","ENTREZID","3717","undirected","Binding"
"ENTREZID","149233","ENTREZID","6774","directed","Process(activation)"
"ENTREZID","149233","ENTREZID","7297","undirected","Binding"
"ENTREZID","196","ENTREZID","112744","directed","Process(activation)"
"ENTREZID","196","ENTREZID","112744","directed","Process(indirect effect)"
"ENTREZID","196","ENTREZID","3320","undirected","Binding"
"ENTREZID","196","ENTREZID","3326","undirected","Binding"
"ENTREZID","196","ENTREZID","3605","directed","Process(activation)"
"ENTREZID","196","ENTREZID","3605","directed","Process(indirect effect)"
"ENTREZID","196","ENTREZID","50616","directed","Process(activation)"
"ENTREZID","196","ENTREZID","50616","directed","Process(indirect effect)"
"ENTREZID","196","ENTREZID","59067","directed","Process(activation)"
"ENTREZID","196","ENTREZID","59067","directed","Process(indirect effect)"
"ENTREZID","246778","ENTREZID","3716","directed","Process(activation)"
"ENTREZID","246778","ENTREZID","3717","directed","Process(activation)"
"ENTREZID","246778","ENTREZID","7297","directed","Process(activation)"
"ENTREZID","246778","ENTREZID","9466","directed","Process(activation)"
"ENTREZID","2475","ENTREZID","3662","directed","Process(expression)"
"ENTREZID","2475","ENTREZID","3662","directed","Process(indirect effect)"
"ENTREZID","2475","ENTREZID","6095","directed","Process(expression)"
"ENTREZID","2475","ENTREZID","6095","directed","Process(indirect effect)"
"ENTREZID","2475","ENTREZID","6097","directed","Process(expression)"
"ENTREZID","2475","ENTREZID","6097","directed","Process(indirect effect)"
"ENTREZID","2625","ENTREZID","6097","directed","Process(repression)"
"ENTREZID","27040","ENTREZID","1432","directed","Process(activation)"
"ENTREZID","27040","ENTREZID","1432","directed","Process(indirect effect)"
"ENTREZID","27040","ENTREZID","5335","directed","Process(activation)"
"ENTREZID","27040","ENTREZID","5594","directed","Process(activation)"
"ENTREZID","27040","ENTREZID","5594","directed","Process(indirect effect)"
"ENTREZID","27040","ENTREZID","5595","directed","Process(activation)"
"ENTREZID","27040","ENTREZID","5595","directed","Process(indirect effect)"
"ENTREZID","27040","ENTREZID","5599","directed","Process(activation)"
"ENTREZID","27040","ENTREZID","5599","directed","Process(indirect effect)"
"ENTREZID","27040","ENTREZID","5600","directed","Process(activation)"
"ENTREZID","27040","ENTREZID","5600","directed","Process(indirect effect)"
"ENTREZID","27040","ENTREZID","5601","directed","Process(activation)"
"ENTREZID","27040","ENTREZID","5601","directed","Process(indirect effect)"
"ENTREZID","27040","ENTREZID","5602","directed","Process(activation)"
"ENTREZID","27040","ENTREZID","5602","directed","Process(indirect effect)"
"ENTREZID","27040","ENTREZID","5603","directed","Process(activation)"
"ENTREZID","27040","ENTREZID","5603","directed","Process(indirect effect)"
"ENTREZID","27040","ENTREZID","6300","directed","Process(activation)"
"ENTREZID","27040","ENTREZID","6300","directed","Process(indirect effect)"
"ENTREZID","30009","ENTREZID","861","directed","Process(inhibition)"
"ENTREZID","3320","ENTREZID","112744","directed","Process(activation)"
"ENTREZID","3320","ENTREZID","112744","directed","Process(indirect effect)"
"ENTREZID","3320","ENTREZID","3326","undirected","Binding"
"ENTREZID","3320","ENTREZID","3605","directed","Process(activation)"
"ENTREZID","3320","ENTREZID","3605","directed","Process(indirect effect)"
"ENTREZID","3320","ENTREZID","50616","directed","Process(activation)"
"ENTREZID","3320","ENTREZID","50616","directed","Process(indirect effect)"
"ENTREZID","3320","ENTREZID","59067","directed","Process(activation)"
"ENTREZID","3320","ENTREZID","59067","directed","Process(indirect effect)"
"ENTREZID","3326","ENTREZID","112744","directed","Process(activation)"
"ENTREZID","3326","ENTREZID","112744","directed","Process(indirect effect)"
"ENTREZID","3326","ENTREZID","3605","directed","Process(activation)"
"ENTREZID","3326","ENTREZID","3605","directed","Process(indirect effect)"
"ENTREZID","3326","ENTREZID","50616","directed","Process(activation)"
"ENTREZID","3326","ENTREZID","50616","directed","Process(indirect effect)"
"ENTREZID","3326","ENTREZID","59067","directed","Process(activation)"
"ENTREZID","3326","ENTREZID","59067","directed","Process(indirect effect)"
"ENTREZID","3458","ENTREZID","3459","directed","Process(activation)"
"ENTREZID","3458","ENTREZID","3460","directed","Process(activation)"
"ENTREZID","3458","ENTREZID","3716","directed","Process(activation)"
"ENTREZID","3458","ENTREZID","3717","directed","Process(activation)"
"ENTREZID","3459","ENTREZID","3460","undirected","Binding"
"ENTREZID","3459","ENTREZID","3716","undirected","Binding"
"ENTREZID","3459","ENTREZID","3717","undirected","Binding"
"ENTREZID","3459","ENTREZID","6772","directed","Process(activation)"
"ENTREZID","3460","ENTREZID","3716","undirected","Binding"
"ENTREZID","3460","ENTREZID","3717","undirected","Binding"
"ENTREZID","3460","ENTREZID","6772","directed","Process(activation)"
"ENTREZID","3551","ENTREZID","4792","directed","Process(phosphorylation)"
"ENTREZID","3551","ENTREZID","4792","directed","Process(activation)"
"ENTREZID","3551","ENTREZID","4793","directed","Process(phosphorylation)"
"ENTREZID","3551","ENTREZID","4793","directed","Process(activation)"
"ENTREZID","3551","ENTREZID","4794","directed","Process(phosphorylation)"
"ENTREZID","3551","ENTREZID","4794","directed","Process(activation)"
"ENTREZID","3553","ENTREZID","3554","directed","Process(activation)"
"ENTREZID","3553","ENTREZID","3556","directed","Process(activation)"
"ENTREZID","3554","ENTREZID","1432","directed","Process(activation)"
"ENTREZID","3554","ENTREZID","1432","directed","Process(indirect effect)"
"ENTREZID","3554","ENTREZID","2475","directed","Process(activation)"
"ENTREZID","3554","ENTREZID","2475","directed","Process(indirect effect)"
"ENTREZID","3554","ENTREZID","5600","directed","Process(activation)"
"ENTREZID","3554","ENTREZID","5600","directed","Process(indirect effect)"
"ENTREZID","3554","ENTREZID","5603","directed","Process(activation)"
"ENTREZID","3554","ENTREZID","5603","directed","Process(indirect effect)"
"ENTREZID","3554","ENTREZID","6300","directed","Process(activation)"
"ENTREZID","3554","ENTREZID","6300","directed","Process(indirect effect)"
"ENTREZID","3556","ENTREZID","1432","directed","Process(activation)"
"ENTREZID","3556","ENTREZID","1432","directed","Process(indirect effect)"
"ENTREZID","3556","ENTREZID","2475","directed","Process(activation)"
"ENTREZID","3556","ENTREZID","2475","directed","Process(indirect effect)"
"ENTREZID","3556","ENTREZID","5600","directed","Process(activation)"
"ENTREZID","3556","ENTREZID","5600","directed","Process(indirect effect)"
"ENTREZID","3556","ENTREZID","5603","directed","Process(activation)"
"ENTREZID","3556","ENTREZID","5603","directed","Process(indirect effect)"
"ENTREZID","3556","ENTREZID","6300","directed","Process(activation)"
"ENTREZID","3556","ENTREZID","6300","directed","Process(indirect effect)"
"ENTREZID","3558","ENTREZID","3559","directed","Process(activation)"
"ENTREZID","3558","ENTREZID","3560","directed","Process(activation)"
"ENTREZID","3558","ENTREZID","3561","directed","Process(activation)"
"ENTREZID","3558","ENTREZID","3716","directed","Process(activation)"
"ENTREZID","3558","ENTREZID","3718","directed","Process(activation)"
"ENTREZID","3559","ENTREZID","3560","undirected","Binding"
"ENTREZID","3559","ENTREZID","3561","undirected","Binding"
"ENTREZID","3559","ENTREZID","3716","undirected","Binding"
"ENTREZID","3559","ENTREZID","3718","undirected","Binding"
"ENTREZID","3559","ENTREZID","6776","directed","Process(activation)"
"ENTREZID","3559","ENTREZID","6777","directed","Process(activation)"
"ENTREZID","3560","ENTREZID","3561","undirected","Binding"
"ENTREZID","3560","ENTREZID","3716","undirected","Binding"
"ENTREZID","3560","ENTREZID","3718","undirected","Binding"
"ENTREZID","3560","ENTREZID","6776","directed","Process(activation)"
"ENTREZID","3560","ENTREZID","6777","directed","Process(activation)"
"ENTREZID","3561","ENTREZID","3566","undirected","Binding"
"ENTREZID","3561","ENTREZID","3716","undirected","Binding"
"ENTREZID","3561","ENTREZID","3718","undirected","Binding"
"ENTREZID","3561","ENTREZID","50615","undirected","Binding"
"ENTREZID","3561","ENTREZID","6774","directed","Process(activation)"
"ENTREZID","3561","ENTREZID","6776","directed","Process(activation)"
"ENTREZID","3561","ENTREZID","6777","directed","Process(activation)"
"ENTREZID","3561","ENTREZID","6778","directed","Process(activation)"
"ENTREZID","3565","ENTREZID","3561","directed","Process(activation)"
"ENTREZID","3565","ENTREZID","3566","directed","Process(activation)"
"ENTREZID","3565","ENTREZID","3716","directed","Process(activation)"
"ENTREZID","3565","ENTREZID","3718","directed","Process(activation)"
"ENTREZID","3566","ENTREZID","3716","undirected","Binding"
"ENTREZID","3566","ENTREZID","3718","undirected","Binding"
"ENTREZID","3566","ENTREZID","6778","directed","Process(activation)"
"ENTREZID","3569","ENTREZID","3570","directed","Process(activation)"
"ENTREZID","3569","ENTREZID","3572","directed","Process(activation)"
"ENTREZID","3569","ENTREZID","3716","directed","Process(activation)"
"ENTREZID","3569","ENTREZID","3717","directed","Process(activation)"
"ENTREZID","3570","ENTREZID","3572","undirected","Binding"
"ENTREZID","3570","ENTREZID","3716","undirected","Binding"
"ENTREZID","3570","ENTREZID","3717","undirected","Binding"
"ENTREZID","3570","ENTREZID","6774","directed","Process(activation)"
"ENTREZID","3572","ENTREZID","3716","undirected","Binding"
"ENTREZID","3572","ENTREZID","3717","undirected","Binding"
"ENTREZID","3572","ENTREZID","6774","directed","Process(activation)"
"ENTREZID","3594","ENTREZID","3717","undirected","Binding"
"ENTREZID","3594","ENTREZID","6774","directed","Process(activation)"
"ENTREZID","3594","ENTREZID","7297","undirected","Binding"
"ENTREZID","3716","ENTREZID","3717","undirected","Binding"
"ENTREZID","3716","ENTREZID","3718","undirected","Binding"
"ENTREZID","3716","ENTREZID","50615","undirected","Binding"
"ENTREZID","3716","ENTREZID","7297","undirected","Binding"
"ENTREZID","3716","ENTREZID","9466","undirected","Binding"
"ENTREZID","3717","ENTREZID","7297","undirected","Binding"
"ENTREZID","3717","ENTREZID","9466","undirected","Binding"
"ENTREZID","3718","ENTREZID","50615","undirected","Binding"
"ENTREZID","3932","ENTREZID","7535","directed","Process(activation)"
"ENTREZID","4087","ENTREZID","149233","directed","Process(expression)"
"ENTREZID","4087","ENTREZID","3594","directed","Process(expression)"
"ENTREZID","4087","ENTREZID","50943","directed","Process(expression)"
"ENTREZID","4087","ENTREZID","6095","directed","Process(expression)"
"ENTREZID","4087","ENTREZID","6097","directed","Process(expression)"
"ENTREZID","4088","ENTREZID","149233","directed","Process(expression)"
"ENTREZID","4088","ENTREZID","3594","directed","Process(expression)"
"ENTREZID","4088","ENTREZID","50943","directed","Process(expression)"
"ENTREZID","4088","ENTREZID","6095","directed","Process(expression)"
"ENTREZID","4088","ENTREZID","6097","directed","Process(expression)"
"ENTREZID","4089","ENTREZID","149233","directed","Process(expression)"
"ENTREZID","4089","ENTREZID","3594","directed","Process(expression)"
"ENTREZID","4089","ENTREZID","50943","directed","Process(expression)"
"ENTREZID","4089","ENTREZID","6095","directed","Process(expression)"
"ENTREZID","4089","ENTREZID","6097","directed","Process(expression)"
"ENTREZID","4772","ENTREZID","112744","directed","Process(expression)"
"ENTREZID","4772","ENTREZID","3605","directed","Process(expression)"
"ENTREZID","4772","ENTREZID","50616","directed","Process(expression)"
"ENTREZID","4772","ENTREZID","59067","directed","Process(expression)"
"ENTREZID","4773","ENTREZID","112744","directed","Process(expression)"
"ENTREZID","4773","ENTREZID","3605","directed","Process(expression)"
"ENTREZID","4773","ENTREZID","50616","directed","Process(expression)"
"ENTREZID","4773","ENTREZID","59067","directed","Process(expression)"
"ENTREZID","4775","ENTREZID","112744","directed","Process(expression)"
"ENTREZID","4775","ENTREZID","3605","directed","Process(expression)"
"ENTREZID","4775","ENTREZID","50616","directed","Process(expression)"
"ENTREZID","4775","ENTREZID","59067","directed","Process(expression)"
"ENTREZID","50615","ENTREZID","6774","directed","Process(activation)"
"ENTREZID","50943","ENTREZID","6097","directed","Process(inhibition)"
"ENTREZID","50943","ENTREZID","861","directed","Process(binding/association)"
"ENTREZID","51561","ENTREZID","149233","directed","Process(activation)"
"ENTREZID","51561","ENTREZID","3594","directed","Process(activation)"
"ENTREZID","51561","ENTREZID","3717","directed","Process(activation)"
"ENTREZID","51561","ENTREZID","7297","directed","Process(activation)"
"ENTREZID","5530","ENTREZID","4772","directed","Process(activation)"
"ENTREZID","5530","ENTREZID","4772","directed","Process(dephosphorylation)"
"ENTREZID","5530","ENTREZID","4773","directed","Process(activation)"
"ENTREZID","5530","ENTREZID","4773","directed","Process(dephosphorylation)"
"ENTREZID","5530","ENTREZID","4775","directed","Process(activation)"
"ENTREZID","5530","ENTREZID","4775","directed","Process(dephosphorylation)"
"ENTREZID","5532","ENTREZID","4772","directed","Process(activation)"
"ENTREZID","5532","ENTREZID","4772","directed","Process(dephosphorylation)"
"ENTREZID","5532","ENTREZID","4773","directed","Process(activation)"
"ENTREZID","5532","ENTREZID","4773","directed","Process(dephosphorylation)"
"ENTREZID","5532","ENTREZID","4775","directed","Process(activation)"
"ENTREZID","5532","ENTREZID","4775","directed","Process(dephosphorylation)"
"ENTREZID","5533","ENTREZID","4772","directed","Process(activation)"
"ENTREZID","5533","ENTREZID","4772","directed","Process(dephosphorylation)"
"ENTREZID","5533","ENTREZID","4773","directed","Process(activation)"
"ENTREZID","5533","ENTREZID","4773","directed","Process(dephosphorylation)"
"ENTREZID","5533","ENTREZID","4775","directed","Process(activation)"
"ENTREZID","5533","ENTREZID","4775","directed","Process(dephosphorylation)"
"ENTREZID","5534","ENTREZID","4772","directed","Process(activation)"
"ENTREZID","5534","ENTREZID","4772","directed","Process(dephosphorylation)"
"ENTREZID","5534","ENTREZID","4773","directed","Process(activation)"
"ENTREZID","5534","ENTREZID","4773","directed","Process(dephosphorylation)"
"ENTREZID","5534","ENTREZID","4775","directed","Process(activation)"
"ENTREZID","5534","ENTREZID","4775","directed","Process(dephosphorylation)"
"ENTREZID","5535","ENTREZID","4772","directed","Process(activation)"
"ENTREZID","5535","ENTREZID","4772","directed","Process(dephosphorylation)"
"ENTREZID","5535","ENTREZID","4773","directed","Process(activation)"
"ENTREZID","5535","ENTREZID","4773","directed","Process(dephosphorylation)"
"ENTREZID","5535","ENTREZID","4775","directed","Process(activation)"
"ENTREZID","5535","ENTREZID","4775","directed","Process(dephosphorylation)"
"ENTREZID","5594","ENTREZID","2353","directed","Process(phosphorylation)"
"ENTREZID","5594","ENTREZID","2353","directed","Process(activation)"
"ENTREZID","5595","ENTREZID","2353","directed","Process(phosphorylation)"
"ENTREZID","5595","ENTREZID","2353","directed","Process(activation)"
"ENTREZID","5599","ENTREZID","3725","directed","Process(phosphorylation)"
"ENTREZID","5599","ENTREZID","3725","directed","Process(activation)"
"ENTREZID","5600","ENTREZID","3662","directed","Process(expression)"
"ENTREZID","5600","ENTREZID","3662","directed","Process(indirect effect)"
"ENTREZID","5600","ENTREZID","3725","directed","Process(phosphorylation)"
"ENTREZID","5600","ENTREZID","3725","directed","Process(activation)"
"ENTREZID","5600","ENTREZID","6095","directed","Process(expression)"
"ENTREZID","5600","ENTREZID","6095","directed","Process(indirect effect)"
"ENTREZID","5600","ENTREZID","6097","directed","Process(expression)"
"ENTREZID","5600","ENTREZID","6097","directed","Process(indirect effect)"
"ENTREZID","5601","ENTREZID","3725","directed","Process(phosphorylation)"
"ENTREZID","5601","ENTREZID","3725","directed","Process(activation)"
"ENTREZID","5602","ENTREZID","3725","directed","Process(phosphorylation)"
"ENTREZID","5602","ENTREZID","3725","directed","Process(activation)"
"ENTREZID","5603","ENTREZID","3662","directed","Process(expression)"
"ENTREZID","5603","ENTREZID","3662","directed","Process(indirect effect)"
"ENTREZID","5603","ENTREZID","3725","directed","Process(phosphorylation)"
"ENTREZID","5603","ENTREZID","3725","directed","Process(activation)"
"ENTREZID","5603","ENTREZID","6095","directed","Process(expression)"
"ENTREZID","5603","ENTREZID","6095","directed","Process(indirect effect)"
"ENTREZID","5603","ENTREZID","6097","directed","Process(expression)"
"ENTREZID","5603","ENTREZID","6097","directed","Process(indirect effect)"
"ENTREZID","59067","ENTREZID","3561","directed","Process(activation)"
"ENTREZID","59067","ENTREZID","3716","directed","Process(activation)"
"ENTREZID","59067","ENTREZID","3718","directed","Process(activation)"
"ENTREZID","59067","ENTREZID","50615","directed","Process(activation)"
"ENTREZID","5914","ENTREZID","50943","directed","Process(expression)"
"ENTREZID","5914","ENTREZID","6256","undirected","Binding"
"ENTREZID","5914","ENTREZID","6257","undirected","Binding"
"ENTREZID","5914","ENTREZID","6258","undirected","Binding"
"ENTREZID","6095","ENTREZID","112744","directed","Process(expression)"
"ENTREZID","6095","ENTREZID","3605","directed","Process(expression)"
"ENTREZID","6095","ENTREZID","50616","directed","Process(expression)"
"ENTREZID","6095","ENTREZID","59067","directed","Process(expression)"
"ENTREZID","6095","ENTREZID","6097","undirected","Binding"
"ENTREZID","6097","ENTREZID","112744","directed","Process(expression)"
"ENTREZID","6097","ENTREZID","3605","directed","Process(expression)"
"ENTREZID","6097","ENTREZID","50616","directed","Process(expression)"
"ENTREZID","6097","ENTREZID","59067","directed","Process(expression)"
"ENTREZID","6256","ENTREZID","50943","directed","Process(expression)"
"ENTREZID","6256","ENTREZID","6257","undirected","Binding"
"ENTREZID","6256","ENTREZID","6258","undirected","Binding"
"ENTREZID","6257","ENTREZID","50943","directed","Process(expression)"
"ENTREZID","6257","ENTREZID","6258","undirected","Binding"
"ENTREZID","6258","ENTREZID","50943","directed","Process(expression)"
"ENTREZID","6300","ENTREZID","3662","directed","Process(expression)"
"ENTREZID","6300","ENTREZID","3662","directed","Process(indirect effect)"
"ENTREZID","6300","ENTREZID","3725","directed","Process(phosphorylation)"
"ENTREZID","6300","ENTREZID","3725","directed","Process(activation)"
"ENTREZID","6300","ENTREZID","6095","directed","Process(expression)"
"ENTREZID","6300","ENTREZID","6095","directed","Process(indirect effect)"
"ENTREZID","6300","ENTREZID","6097","directed","Process(expression)"
"ENTREZID","6300","ENTREZID","6097","directed","Process(indirect effect)"
"ENTREZID","6772","ENTREZID","30009","directed","Process(expression)"
"ENTREZID","6774","ENTREZID","112744","directed","Process(expression)"
"ENTREZID","6774","ENTREZID","149233","directed","Process(expression)"
"ENTREZID","6774","ENTREZID","3091","directed","Process(expression)"
"ENTREZID","6774","ENTREZID","3594","directed","Process(expression)"
"ENTREZID","6774","ENTREZID","3605","directed","Process(expression)"
"ENTREZID","6774","ENTREZID","50616","directed","Process(expression)"
"ENTREZID","6774","ENTREZID","59067","directed","Process(expression)"
"ENTREZID","6774","ENTREZID","6095","directed","Process(expression)"
"ENTREZID","6774","ENTREZID","6097","directed","Process(expression)"
"ENTREZID","6776","ENTREZID","50943","directed","Process(expression)"
"ENTREZID","6777","ENTREZID","50943","directed","Process(expression)"
"ENTREZID","6778","ENTREZID","2625","directed","Process(expression)"
"ENTREZID","7040","ENTREZID","7046","directed","Process(activation)"
"ENTREZID","7040","ENTREZID","7048","directed","Process(activation)"
"ENTREZID","7046","ENTREZID","4087","directed","Process(activation)"
"ENTREZID","7046","ENTREZID","4088","directed","Process(activation)"
"ENTREZID","7046","ENTREZID","4089","directed","Process(activation)"
"ENTREZID","7048","ENTREZID","4087","directed","Process(activation)"
"ENTREZID","7048","ENTREZID","4088","directed","Process(activation)"
"ENTREZID","7048","ENTREZID","4089","directed","Process(activation)"
"ENTREZID","7297","ENTREZID","9466","undirected","Binding"
"ENTREZID","7535","ENTREZID","27040","directed","Process(activation)"
"ENTREZID","8517","ENTREZID","4792","directed","Process(phosphorylation)"
"ENTREZID","8517","ENTREZID","4792","directed","Process(activation)"
"ENTREZID","8517","ENTREZID","4793","directed","Process(phosphorylation)"
"ENTREZID","8517","ENTREZID","4793","directed","Process(activation)"
"ENTREZID","8517","ENTREZID","4794","directed","Process(phosphorylation)"
"ENTREZID","8517","ENTREZID","4794","directed","Process(activation)"
"ENTREZID","861","ENTREZID","6097","directed","Process(expression)"
"ENTREZID","915","ENTREZID","7535","directed","Process(binding/association)"
"ENTREZID","915","ENTREZID","916","undirected","Binding"
"ENTREZID","915","ENTREZID","917","undirected","Binding"
"ENTREZID","915","ENTREZID","919","undirected","Binding"
"ENTREZID","916","ENTREZID","7535","directed","Process(binding/association)"
"ENTREZID","916","ENTREZID","917","undirected","Binding"
"ENTREZID","916","ENTREZID","919","undirected","Binding"
"ENTREZID","917","ENTREZID","7535","directed","Process(binding/association)"
"ENTREZID","917","ENTREZID","919","undirected","Binding"
"ENTREZID","919","ENTREZID","7535","directed","Process(binding/association)"
"ENTREZID","920","ENTREZID","3932","directed","Process(binding/association)"
"ENTREZID","9466","ENTREZID","6772","directed","Process(activation)"
