"src_type","src","dest_type","dest","direction","type"
"ENTREZID","10000","ENTREZID","1326","directed","Process(phosphorylation)"
"ENTREZID","10000","ENTREZID","1326","directed","Process(activation)"
"ENTREZID","10000","ENTREZID","2932","directed","Process(inhibition)"
"ENTREZID","10000","ENTREZID","2932","directed","Process(phosphorylation)"
"ENTREZID","10125","ENTREZID","3265","directed","Process(activation)"
"ENTREZID","10125","ENTREZID","3845","directed","Process(activation)"
"ENTREZID","10125","ENTREZID","4893","directed","Process(activation)"
"ENTREZID","10451","ENTREZID","387","directed","Process(activation)"
"ENTREZID","10451","ENTREZID","3937","directed","Process(binding/association)"
"ENTREZID","10451","ENTREZID","998","directed","Process(activation)"
"ENTREZID","10892","ENTREZID","84433","undirected","Binding"
"ENTREZID","10892","ENTREZID","8517","directed","Process(activation)"
"ENTREZID","10892","ENTREZID","8517","directed","Process(ubiquitination)"
"ENTREZID","10892","ENTREZID","8915","undirected","Binding"
"ENTREZID","1147","ENTREZID","3551","undirected","Binding"
"ENTREZID","1147","ENTREZID","8517","undirected","Binding"
"ENTREZID","1326","ENTREZID","9020","directed","Process(phosphorylation)"
"ENTREZID","1326","ENTREZID","9020","directed","Process(activation)"
"ENTREZID","1432","ENTREZID","4772","directed","Process(activation)"
"ENTREZID","1432","ENTREZID","4772","directed","Process(indirect effect)"
"ENTREZID","1432","ENTREZID","4773","directed","Process(activation)"
"ENTREZID","1432","ENTREZID","4773","directed","Process(indirect effect)"
"ENTREZID","1432","ENTREZID","4775","directed","Process(activation)"
"ENTREZID","1432","ENTREZID","4775","directed","Process(indirect effect)"
"ENTREZID","1739","ENTREZID","1432","directed","Process(binding/association)"
"ENTREZID","1739","ENTREZID","5600","directed","Process(binding/association)"
"ENTREZID","1739","ENTREZID","5603","directed","Process(binding/association)"
"ENTREZID","1739","ENTREZID","6300","directed","Process(binding/association)"
"ENTREZID","207","ENTREZID","1326","directed","Process(phosphorylation)"
"ENTREZID","207","ENTREZID","1326","directed","Process(activation)"
"ENTREZID","207","ENTREZID","2932","directed","Process(inhibition)"
"ENTREZID","207","ENTREZID","2932","directed","Process(phosphorylation)"
"ENTREZID","208","ENTREZID","1326","directed","Process(phosphorylation)"
"ENTREZID","208","ENTREZID","1326","directed","Process(activation)"
"ENTREZID","208","ENTREZID","2932","directed","Process(inhibition)"
"ENTREZID","208","ENTREZID","2932","directed","Process(phosphorylation)"
"ENTREZID","2353","ENTREZID","1019","directed","Process(expression)"
"ENTREZID","2353","ENTREZID","1437","directed","Process(expression)"
"ENTREZID","2353","ENTREZID","3458","directed","Process(expression)"
"ENTREZID","2353","ENTREZID","3558","directed","Process(expression)"
"ENTREZID","2353","ENTREZID","3565","directed","Process(expression)"
"ENTREZID","2353","ENTREZID","3567","directed","Process(expression)"
"ENTREZID","2353","ENTREZID","3586","directed","Process(expression)"
"ENTREZID","2353","ENTREZID","7124","directed","Process(expression)"
"ENTREZID","2534","ENTREZID","3932","directed","Process(phosphorylation)"
"ENTREZID","2534","ENTREZID","3932","directed","Process(activation)"
"ENTREZID","2534","ENTREZID","7535","directed","Process(phosphorylation)"
"ENTREZID","2534","ENTREZID","7535","directed","Process(activation)"
"ENTREZID","27040","ENTREZID","9402","directed","Process(binding/association)"
"ENTREZID","2885","ENTREZID","27040","directed","Process(binding/association)"
"ENTREZID","2885","ENTREZID","6654","directed","Process(activation)"
"ENTREZID","2885","ENTREZID","6655","directed","Process(activation)"
"ENTREZID","2932","ENTREZID","4772","directed","Process(inhibition)"
"ENTREZID","2932","ENTREZID","4772","directed","Process(phosphorylation)"
"ENTREZID","2932","ENTREZID","4773","directed","Process(inhibition)"
"ENTREZID","2932","ENTREZID","4773","directed","Process(phosphorylation)"
"ENTREZID","2932","ENTREZID","4775","directed","Process(inhibition)"
"ENTREZID","2932","ENTREZID","4775","directed","Process(phosphorylation)"
"ENTREZID","29851","ENTREZID","5290","directed","Process(activation)"
"ENTREZID","29851","ENTREZID","5291","directed","Process(activation)"
"ENTREZID","29851","ENTREZID","5293","directed","Process(activation)"
"ENTREZID","29851","ENTREZID","5295","directed","Process(activation)"
"ENTREZID","29851","ENTREZID","5296","directed","Process(activation)"
"ENTREZID","29851","ENTREZID","8503","directed","Process(activation)"
"ENTREZID","29851","ENTREZID","959","directed","Process(activation)"
"ENTREZID","3265","ENTREZID","2353","directed","Process(indirect effect)"
"ENTREZID","3265","ENTREZID","3725","directed","Process(indirect effect)"
"ENTREZID","3265","ENTREZID","5894","directed","Process(activation)"
"ENTREZID","3551","ENTREZID","4792","directed","Process(phosphorylation)"
"ENTREZID","3551","ENTREZID","4792","directed","Process(activation)"
"ENTREZID","3551","ENTREZID","4793","directed","Process(phosphorylation)"
"ENTREZID","3551","ENTREZID","4793","directed","Process(activation)"
"ENTREZID","3551","ENTREZID","4794","directed","Process(phosphorylation)"
"ENTREZID","3551","ENTREZID","4794","directed","Process(activation)"
"ENTREZID","3551","ENTREZID","8517","undirected","Binding"
"ENTREZID","3702","ENTREZID","10451","directed","Process(phosphorylation)"
"ENTREZID","3702","ENTREZID","10451","directed","Process(activation)"
"ENTREZID","3702","ENTREZID","3937","directed","Process(binding/association)"
"ENTREZID","3702","ENTREZID","5335","directed","Process(phosphorylation)"
"ENTREZID","3702","ENTREZID","5335","directed","Process(activation)"
"ENTREZID","3702","ENTREZID","7409","directed","Process(phosphorylation)"
"ENTREZID","3702","ENTREZID","7409","directed","Process(activation)"
"ENTREZID","3702","ENTREZID","7410","directed","Process(phosphorylation)"
"ENTREZID","3702","ENTREZID","7410","directed","Process(activation)"
"ENTREZID","3725","ENTREZID","1019","directed","Process(expression)"
"ENTREZID","3725","ENTREZID","1437","directed","Process(expression)"
"ENTREZID","3725","ENTREZID","3458","directed","Process(expression)"
"ENTREZID","3725","ENTREZID","3558","directed","Process(expression)"
"ENTREZID","3725","ENTREZID","3565","directed","Process(expression)"
"ENTREZID","3725","ENTREZID","3567","directed","Process(expression)"
"ENTREZID","3725","ENTREZID","3586","directed","Process(expression)"
"ENTREZID","3725","ENTREZID","7124","directed","Process(expression)"
"ENTREZID","3845","ENTREZID","2353","directed","Process(indirect effect)"
"ENTREZID","3845","ENTREZID","3725","directed","Process(indirect effect)"
"ENTREZID","3845","ENTREZID","5894","directed","Process(activation)"
"ENTREZID","3932","ENTREZID","7535","directed","Process(phosphorylation)"
"ENTREZID","3932","ENTREZID","7535","directed","Process(activation)"
"ENTREZID","4690","ENTREZID","10298","directed","Process(phosphorylation)"
"ENTREZID","4690","ENTREZID","10298","directed","Process(activation)"
"ENTREZID","4690","ENTREZID","106821730","directed","Process(phosphorylation)"
"ENTREZID","4690","ENTREZID","106821730","directed","Process(activation)"
"ENTREZID","4690","ENTREZID","3937","directed","Process(binding/association)"
"ENTREZID","4690","ENTREZID","5058","directed","Process(phosphorylation)"
"ENTREZID","4690","ENTREZID","5058","directed","Process(activation)"
"ENTREZID","4690","ENTREZID","5062","directed","Process(phosphorylation)"
"ENTREZID","4690","ENTREZID","5062","directed","Process(activation)"
"ENTREZID","4690","ENTREZID","5063","directed","Process(phosphorylation)"
"ENTREZID","4690","ENTREZID","5063","directed","Process(activation)"
"ENTREZID","4690","ENTREZID","56924","directed","Process(phosphorylation)"
"ENTREZID","4690","ENTREZID","56924","directed","Process(activation)"
"ENTREZID","4690","ENTREZID","57144","directed","Process(phosphorylation)"
"ENTREZID","4690","ENTREZID","57144","directed","Process(activation)"
"ENTREZID","4772","ENTREZID","1019","directed","Process(expression)"
"ENTREZID","4772","ENTREZID","1437","directed","Process(expression)"
"ENTREZID","4772","ENTREZID","3458","directed","Process(expression)"
"ENTREZID","4772","ENTREZID","3558","directed","Process(expression)"
"ENTREZID","4772","ENTREZID","3565","directed","Process(expression)"
"ENTREZID","4772","ENTREZID","3567","directed","Process(expression)"
"ENTREZID","4772","ENTREZID","3586","directed","Process(expression)"
"ENTREZID","4772","ENTREZID","7124","directed","Process(expression)"
"ENTREZID","4773","ENTREZID","1019","directed","Process(expression)"
"ENTREZID","4773","ENTREZID","1437","directed","Process(expression)"
"ENTREZID","4773","ENTREZID","3458","directed","Process(expression)"
"ENTREZID","4773","ENTREZID","3558","directed","Process(expression)"
"ENTREZID","4773","ENTREZID","3565","directed","Process(expression)"
"ENTREZID","4773","ENTREZID","3567","directed","Process(expression)"
"ENTREZID","4773","ENTREZID","3586","directed","Process(expression)"
"ENTREZID","4773","ENTREZID","7124","directed","Process(expression)"
"ENTREZID","4775","ENTREZID","1019","directed","Process(expression)"
"ENTREZID","4775","ENTREZID","1437","directed","Process(expression)"
"ENTREZID","4775","ENTREZID","3458","directed","Process(expression)"
"ENTREZID","4775","ENTREZID","3558","directed","Process(expression)"
"ENTREZID","4775","ENTREZID","3565","directed","Process(expression)"
"ENTREZID","4775","ENTREZID","3567","directed","Process(expression)"
"ENTREZID","4775","ENTREZID","3586","directed","Process(expression)"
"ENTREZID","4775","ENTREZID","7124","directed","Process(expression)"
"ENTREZID","4790","ENTREZID","1019","directed","Process(expression)"
"ENTREZID","4790","ENTREZID","1437","directed","Process(expression)"
"ENTREZID","4790","ENTREZID","3458","directed","Process(expression)"
"ENTREZID","4790","ENTREZID","3558","directed","Process(expression)"
"ENTREZID","4790","ENTREZID","3565","directed","Process(expression)"
"ENTREZID","4790","ENTREZID","3567","directed","Process(expression)"
"ENTREZID","4790","ENTREZID","3586","directed","Process(expression)"
"ENTREZID","4790","ENTREZID","7124","directed","Process(expression)"
"ENTREZID","4792","ENTREZID","4790","directed","Process(dissociation)"
"ENTREZID","4792","ENTREZID","5970","directed","Process(dissociation)"
"ENTREZID","4793","ENTREZID","4790","directed","Process(dissociation)"
"ENTREZID","4793","ENTREZID","5970","directed","Process(dissociation)"
"ENTREZID","4794","ENTREZID","4790","directed","Process(dissociation)"
"ENTREZID","4794","ENTREZID","5970","directed","Process(dissociation)"
"ENTREZID","4893","ENTREZID","2353","directed","Process(indirect effect)"
"ENTREZID","4893","ENTREZID","3725","directed","Process(indirect effect)"
"ENTREZID","4893","ENTREZID","5894","directed","Process(activation)"
"ENTREZID","5170","ENTREZID","10000","directed","Process(phosphorylation)"
"ENTREZID","5170","ENTREZID","10000","directed","Process(activation)"
"ENTREZID","5170","ENTREZID","207","directed","Process(phosphorylation)"
"ENTREZID","5170","ENTREZID","207","directed","Process(activation)"
"ENTREZID","5170","ENTREZID","208","directed","Process(phosphorylation)"
"ENTREZID","5170","ENTREZID","208","directed","Process(activation)"
"ENTREZID","5290","ENTREZID","5170","directed","Process(missing)"
"ENTREZID","5291","ENTREZID","5170","directed","Process(missing)"
"ENTREZID","5293","ENTREZID","5170","directed","Process(missing)"
"ENTREZID","5295","ENTREZID","5170","directed","Process(missing)"
"ENTREZID","5296","ENTREZID","5170","directed","Process(missing)"
"ENTREZID","5335","ENTREZID","27040","directed","Process(binding/association)"
"ENTREZID","5335","ENTREZID","3937","directed","Process(binding/association)"
"ENTREZID","5530","ENTREZID","4772","directed","Process(activation)"
"ENTREZID","5530","ENTREZID","4772","directed","Process(dephosphorylation)"
"ENTREZID","5530","ENTREZID","4773","directed","Process(activation)"
"ENTREZID","5530","ENTREZID","4773","directed","Process(dephosphorylation)"
"ENTREZID","5530","ENTREZID","4775","directed","Process(activation)"
"ENTREZID","5530","ENTREZID","4775","directed","Process(dephosphorylation)"
"ENTREZID","5532","ENTREZID","4772","directed","Process(activation)"
"ENTREZID","5532","ENTREZID","4772","directed","Process(dephosphorylation)"
"ENTREZID","5532","ENTREZID","4773","directed","Process(activation)"
"ENTREZID","5532","ENTREZID","4773","directed","Process(dephosphorylation)"
"ENTREZID","5532","ENTREZID","4775","directed","Process(activation)"
"ENTREZID","5532","ENTREZID","4775","directed","Process(dephosphorylation)"
"ENTREZID","5533","ENTREZID","4772","directed","Process(activation)"
"ENTREZID","5533","ENTREZID","4772","directed","Process(dephosphorylation)"
"ENTREZID","5533","ENTREZID","4773","directed","Process(activation)"
"ENTREZID","5533","ENTREZID","4773","directed","Process(dephosphorylation)"
"ENTREZID","5533","ENTREZID","4775","directed","Process(activation)"
"ENTREZID","5533","ENTREZID","4775","directed","Process(dephosphorylation)"
"ENTREZID","5534","ENTREZID","4772","directed","Process(activation)"
"ENTREZID","5534","ENTREZID","4772","directed","Process(dephosphorylation)"
"ENTREZID","5534","ENTREZID","4773","directed","Process(activation)"
"ENTREZID","5534","ENTREZID","4773","directed","Process(dephosphorylation)"
"ENTREZID","5534","ENTREZID","4775","directed","Process(activation)"
"ENTREZID","5534","ENTREZID","4775","directed","Process(dephosphorylation)"
"ENTREZID","5535","ENTREZID","4772","directed","Process(activation)"
"ENTREZID","5535","ENTREZID","4772","directed","Process(dephosphorylation)"
"ENTREZID","5535","ENTREZID","4773","directed","Process(activation)"
"ENTREZID","5535","ENTREZID","4773","directed","Process(dephosphorylation)"
"ENTREZID","5535","ENTREZID","4775","directed","Process(activation)"
"ENTREZID","5535","ENTREZID","4775","directed","Process(dephosphorylation)"
"ENTREZID","5588","ENTREZID","6885","directed","Process(activation)"
"ENTREZID","5588","ENTREZID","84433","directed","Process(phosphorylation)"
"ENTREZID","5588","ENTREZID","84433","directed","Process(activation)"
"ENTREZID","5594","ENTREZID","2353","directed","Process(phosphorylation)"
"ENTREZID","5594","ENTREZID","2353","directed","Process(activation)"
"ENTREZID","5594","ENTREZID","3725","directed","Process(phosphorylation)"
"ENTREZID","5594","ENTREZID","3725","directed","Process(activation)"
"ENTREZID","5595","ENTREZID","2353","directed","Process(phosphorylation)"
"ENTREZID","5595","ENTREZID","2353","directed","Process(activation)"
"ENTREZID","5595","ENTREZID","3725","directed","Process(phosphorylation)"
"ENTREZID","5595","ENTREZID","3725","directed","Process(activation)"
"ENTREZID","5599","ENTREZID","2353","directed","Process(phosphorylation)"
"ENTREZID","5599","ENTREZID","2353","directed","Process(activation)"
"ENTREZID","5599","ENTREZID","3725","directed","Process(phosphorylation)"
"ENTREZID","5599","ENTREZID","3725","directed","Process(activation)"
"ENTREZID","5600","ENTREZID","4772","directed","Process(activation)"
"ENTREZID","5600","ENTREZID","4772","directed","Process(indirect effect)"
"ENTREZID","5600","ENTREZID","4773","directed","Process(activation)"
"ENTREZID","5600","ENTREZID","4773","directed","Process(indirect effect)"
"ENTREZID","5600","ENTREZID","4775","directed","Process(activation)"
"ENTREZID","5600","ENTREZID","4775","directed","Process(indirect effect)"
"ENTREZID","5601","ENTREZID","2353","directed","Process(phosphorylation)"
"ENTREZID","5601","ENTREZID","2353","directed","Process(activation)"
"ENTREZID","5601","ENTREZID","3725","directed","Process(phosphorylation)"
"ENTREZID","5601","ENTREZID","3725","directed","Process(activation)"
"ENTREZID","5602","ENTREZID","2353","directed","Process(phosphorylation)"
"ENTREZID","5602","ENTREZID","2353","directed","Process(activation)"
"ENTREZID","5602","ENTREZID","3725","directed","Process(phosphorylation)"
"ENTREZID","5602","ENTREZID","3725","directed","Process(activation)"
"ENTREZID","5603","ENTREZID","4772","directed","Process(activation)"
"ENTREZID","5603","ENTREZID","4772","directed","Process(indirect effect)"
"ENTREZID","5603","ENTREZID","4773","directed","Process(activation)"
"ENTREZID","5603","ENTREZID","4773","directed","Process(indirect effect)"
"ENTREZID","5603","ENTREZID","4775","directed","Process(activation)"
"ENTREZID","5603","ENTREZID","4775","directed","Process(indirect effect)"
"ENTREZID","5604","ENTREZID","5594","directed","Process(phosphorylation)"
"ENTREZID","5604","ENTREZID","5594","directed","Process(activation)"
"ENTREZID","5604","ENTREZID","5595","directed","Process(phosphorylation)"
"ENTREZID","5604","ENTREZID","5595","directed","Process(activation)"
"ENTREZID","5605","ENTREZID","5594","directed","Process(phosphorylation)"
"ENTREZID","5605","ENTREZID","5594","directed","Process(activation)"
"ENTREZID","5605","ENTREZID","5595","directed","Process(phosphorylation)"
"ENTREZID","5605","ENTREZID","5595","directed","Process(activation)"
"ENTREZID","5609","ENTREZID","5599","directed","Process(phosphorylation)"
"ENTREZID","5609","ENTREZID","5599","directed","Process(activation)"
"ENTREZID","5609","ENTREZID","5601","directed","Process(phosphorylation)"
"ENTREZID","5609","ENTREZID","5601","directed","Process(activation)"
"ENTREZID","5609","ENTREZID","5602","directed","Process(phosphorylation)"
"ENTREZID","5609","ENTREZID","5602","directed","Process(activation)"
"ENTREZID","5609","ENTREZID","6885","directed","Process(phosphorylation)"
"ENTREZID","5609","ENTREZID","6885","directed","Process(activation)"
"ENTREZID","5777","ENTREZID","1493","directed","Process(binding/association)"
"ENTREZID","5777","ENTREZID","5133","directed","Process(binding/association)"
"ENTREZID","5777","ENTREZID","7535","directed","Process(inhibition)"
"ENTREZID","5777","ENTREZID","7535","directed","Process(dephosphorylation)"
"ENTREZID","5777","ENTREZID","919","directed","Process(inhibition)"
"ENTREZID","5777","ENTREZID","919","directed","Process(dephosphorylation)"
"ENTREZID","5788","ENTREZID","2534","directed","Process(activation)"
"ENTREZID","5788","ENTREZID","2534","directed","Process(dephosphorylation)"
"ENTREZID","5788","ENTREZID","3932","directed","Process(activation)"
"ENTREZID","5788","ENTREZID","3932","directed","Process(dephosphorylation)"
"ENTREZID","5894","ENTREZID","5604","directed","Process(phosphorylation)"
"ENTREZID","5894","ENTREZID","5604","directed","Process(activation)"
"ENTREZID","5894","ENTREZID","5605","directed","Process(phosphorylation)"
"ENTREZID","5894","ENTREZID","5605","directed","Process(activation)"
"ENTREZID","5970","ENTREZID","1019","directed","Process(expression)"
"ENTREZID","5970","ENTREZID","1437","directed","Process(expression)"
"ENTREZID","5970","ENTREZID","3458","directed","Process(expression)"
"ENTREZID","5970","ENTREZID","3558","directed","Process(expression)"
"ENTREZID","5970","ENTREZID","3565","directed","Process(expression)"
"ENTREZID","5970","ENTREZID","3567","directed","Process(expression)"
"ENTREZID","5970","ENTREZID","3586","directed","Process(expression)"
"ENTREZID","5970","ENTREZID","7124","directed","Process(expression)"
"ENTREZID","6300","ENTREZID","4772","directed","Process(activation)"
"ENTREZID","6300","ENTREZID","4772","directed","Process(indirect effect)"
"ENTREZID","6300","ENTREZID","4773","directed","Process(activation)"
"ENTREZID","6300","ENTREZID","4773","directed","Process(indirect effect)"
"ENTREZID","6300","ENTREZID","4775","directed","Process(activation)"
"ENTREZID","6300","ENTREZID","4775","directed","Process(indirect effect)"
"ENTREZID","6654","ENTREZID","10125","directed","Process(activation)"
"ENTREZID","6655","ENTREZID","10125","directed","Process(activation)"
"ENTREZID","6885","ENTREZID","3551","directed","Process(phosphorylation)"
"ENTREZID","6885","ENTREZID","3551","directed","Process(activation)"
"ENTREZID","7006","ENTREZID","10451","directed","Process(phosphorylation)"
"ENTREZID","7006","ENTREZID","10451","directed","Process(activation)"
"ENTREZID","7006","ENTREZID","3937","directed","Process(binding/association)"
"ENTREZID","7006","ENTREZID","5335","directed","Process(phosphorylation)"
"ENTREZID","7006","ENTREZID","5335","directed","Process(activation)"
"ENTREZID","7006","ENTREZID","7409","directed","Process(phosphorylation)"
"ENTREZID","7006","ENTREZID","7409","directed","Process(activation)"
"ENTREZID","7006","ENTREZID","7410","directed","Process(phosphorylation)"
"ENTREZID","7006","ENTREZID","7410","directed","Process(activation)"
"ENTREZID","7409","ENTREZID","387","directed","Process(activation)"
"ENTREZID","7409","ENTREZID","3937","directed","Process(binding/association)"
"ENTREZID","7409","ENTREZID","998","directed","Process(activation)"
"ENTREZID","7410","ENTREZID","387","directed","Process(activation)"
"ENTREZID","7410","ENTREZID","3937","directed","Process(binding/association)"
"ENTREZID","7410","ENTREZID","998","directed","Process(activation)"
"ENTREZID","7535","ENTREZID","1432","directed","Process(phosphorylation)"
"ENTREZID","7535","ENTREZID","1432","directed","Process(activation)"
"ENTREZID","7535","ENTREZID","1739","directed","Process(binding/association)"
"ENTREZID","7535","ENTREZID","27040","directed","Process(phosphorylation)"
"ENTREZID","7535","ENTREZID","27040","directed","Process(activation)"
"ENTREZID","7535","ENTREZID","3937","directed","Process(phosphorylation)"
"ENTREZID","7535","ENTREZID","3937","directed","Process(activation)"
"ENTREZID","7535","ENTREZID","5600","directed","Process(phosphorylation)"
"ENTREZID","7535","ENTREZID","5600","directed","Process(activation)"
"ENTREZID","7535","ENTREZID","5603","directed","Process(phosphorylation)"
"ENTREZID","7535","ENTREZID","5603","directed","Process(activation)"
"ENTREZID","7535","ENTREZID","6300","directed","Process(phosphorylation)"
"ENTREZID","7535","ENTREZID","6300","directed","Process(activation)"
"ENTREZID","7535","ENTREZID","919","directed","Process(binding/association)"
"ENTREZID","8440","ENTREZID","10298","directed","Process(phosphorylation)"
"ENTREZID","8440","ENTREZID","10298","directed","Process(activation)"
"ENTREZID","8440","ENTREZID","106821730","directed","Process(phosphorylation)"
"ENTREZID","8440","ENTREZID","106821730","directed","Process(activation)"
"ENTREZID","8440","ENTREZID","3937","directed","Process(binding/association)"
"ENTREZID","8440","ENTREZID","5058","directed","Process(phosphorylation)"
"ENTREZID","8440","ENTREZID","5058","directed","Process(activation)"
"ENTREZID","8440","ENTREZID","5062","directed","Process(phosphorylation)"
"ENTREZID","8440","ENTREZID","5062","directed","Process(activation)"
"ENTREZID","8440","ENTREZID","5063","directed","Process(phosphorylation)"
"ENTREZID","8440","ENTREZID","5063","directed","Process(activation)"
"ENTREZID","8440","ENTREZID","56924","directed","Process(phosphorylation)"
"ENTREZID","8440","ENTREZID","56924","directed","Process(activation)"
"ENTREZID","8440","ENTREZID","57144","directed","Process(phosphorylation)"
"ENTREZID","8440","ENTREZID","57144","directed","Process(activation)"
"ENTREZID","84433","ENTREZID","8517","directed","Process(activation)"
"ENTREZID","84433","ENTREZID","8517","directed","Process(ubiquitination)"
"ENTREZID","84433","ENTREZID","8915","undirected","Binding"
"ENTREZID","8503","ENTREZID","5170","directed","Process(missing)"
"ENTREZID","868","ENTREZID","2534","directed","Process(inhibition)"
"ENTREZID","868","ENTREZID","2534","directed","Process(ubiquitination)"
"ENTREZID","868","ENTREZID","3932","directed","Process(inhibition)"
"ENTREZID","868","ENTREZID","3932","directed","Process(ubiquitination)"
"ENTREZID","868","ENTREZID","7535","directed","Process(inhibition)"
"ENTREZID","868","ENTREZID","7535","directed","Process(ubiquitination)"
"ENTREZID","8915","ENTREZID","6885","directed","Process(binding/association)"
"ENTREZID","8915","ENTREZID","8517","directed","Process(activation)"
"ENTREZID","8915","ENTREZID","8517","directed","Process(ubiquitination)"
"ENTREZID","9020","ENTREZID","1147","directed","Process(phosphorylation)"
"ENTREZID","9020","ENTREZID","1147","directed","Process(activation)"
"ENTREZID","9020","ENTREZID","3551","directed","Process(phosphorylation)"
"ENTREZID","9020","ENTREZID","3551","directed","Process(activation)"
"ENTREZID","9020","ENTREZID","8517","directed","Process(phosphorylation)"
"ENTREZID","9020","ENTREZID","8517","directed","Process(activation)"
"ENTREZID","916","ENTREZID","2534","directed","Process(phosphorylation)"
"ENTREZID","916","ENTREZID","2534","directed","Process(binding/association)"
"ENTREZID","919","ENTREZID","2534","directed","Process(phosphorylation)"
"ENTREZID","919","ENTREZID","2534","directed","Process(binding/association)"
"ENTREZID","920","ENTREZID","3932","directed","Process(binding/association)"
"ENTREZID","925","ENTREZID","3932","directed","Process(binding/association)"
"ENTREZID","926","ENTREZID","3932","directed","Process(binding/association)"
"ENTREZID","927","ENTREZID","3932","directed","Process(binding/association)"
"ENTREZID","940","ENTREZID","2885","directed","Process(activation)"
"ENTREZID","940","ENTREZID","5290","directed","Process(activation)"
"ENTREZID","940","ENTREZID","5291","directed","Process(activation)"
"ENTREZID","940","ENTREZID","5293","directed","Process(activation)"
"ENTREZID","940","ENTREZID","5295","directed","Process(activation)"
"ENTREZID","940","ENTREZID","5296","directed","Process(activation)"
"ENTREZID","940","ENTREZID","8503","directed","Process(activation)"
"ENTREZID","9402","ENTREZID","3937","directed","Process(binding/association)"
