"src_type","src","dest_type","dest","direction","type"
"ENTREZID","102723407","ENTREZID","2205","directed","Process(activation)"
"ENTREZID","102723407","ENTREZID","2206","directed","Process(activation)"
"ENTREZID","102723407","ENTREZID","2207","directed","Process(activation)"
"ENTREZID","10451","ENTREZID","5879","directed","Process(activation)"
"ENTREZID","10451","ENTREZID","5880","directed","Process(activation)"
"ENTREZID","10451","ENTREZID","5881","directed","Process(activation)"
"ENTREZID","2205","ENTREZID","2206","undirected","Binding"
"ENTREZID","2205","ENTREZID","2207","undirected","Binding"
"ENTREZID","2206","ENTREZID","2207","undirected","Binding"
"ENTREZID","2534","ENTREZID","9846","directed","Process(phosphorylation)"
"ENTREZID","2534","ENTREZID","9846","directed","Process(activation)"
"ENTREZID","27040","ENTREZID","2885","directed","Process(activation)"
"ENTREZID","2885","ENTREZID","6654","directed","Process(activation)"
"ENTREZID","2885","ENTREZID","6655","directed","Process(activation)"
"ENTREZID","3265","ENTREZID","5894","directed","Process(activation)"
"ENTREZID","3845","ENTREZID","5894","directed","Process(activation)"
"ENTREZID","3937","ENTREZID","10451","directed","Process(activation)"
"ENTREZID","3937","ENTREZID","5335","directed","Process(activation)"
"ENTREZID","3937","ENTREZID","5336","directed","Process(activation)"
"ENTREZID","3937","ENTREZID","7409","directed","Process(activation)"
"ENTREZID","3937","ENTREZID","7410","directed","Process(activation)"
"ENTREZID","4067","ENTREZID","2206","directed","Process(phosphorylation)"
"ENTREZID","4067","ENTREZID","2206","directed","Process(activation)"
"ENTREZID","4067","ENTREZID","2207","directed","Process(phosphorylation)"
"ENTREZID","4067","ENTREZID","2207","directed","Process(activation)"
"ENTREZID","4067","ENTREZID","2534","directed","Process(inhibition)"
"ENTREZID","4067","ENTREZID","6850","directed","Process(phosphorylation)"
"ENTREZID","4067","ENTREZID","6850","directed","Process(activation)"
"ENTREZID","4067","ENTREZID","695","directed","Process(phosphorylation)"
"ENTREZID","4067","ENTREZID","695","directed","Process(activation)"
"ENTREZID","4893","ENTREZID","5894","directed","Process(activation)"
"ENTREZID","5170","ENTREZID","10000","directed","Process(activation)"
"ENTREZID","5170","ENTREZID","207","directed","Process(activation)"
"ENTREZID","5170","ENTREZID","208","directed","Process(activation)"
"ENTREZID","5290","ENTREZID","5170","directed","Process(activation)"
"ENTREZID","5290","ENTREZID","5879","directed","Process(activation)"
"ENTREZID","5290","ENTREZID","5880","directed","Process(activation)"
"ENTREZID","5290","ENTREZID","5881","directed","Process(activation)"
"ENTREZID","5291","ENTREZID","5170","directed","Process(activation)"
"ENTREZID","5291","ENTREZID","5879","directed","Process(activation)"
"ENTREZID","5291","ENTREZID","5880","directed","Process(activation)"
"ENTREZID","5291","ENTREZID","5881","directed","Process(activation)"
"ENTREZID","5293","ENTREZID","5170","directed","Process(activation)"
"ENTREZID","5293","ENTREZID","5879","directed","Process(activation)"
"ENTREZID","5293","ENTREZID","5880","directed","Process(activation)"
"ENTREZID","5293","ENTREZID","5881","directed","Process(activation)"
"ENTREZID","5295","ENTREZID","5170","directed","Process(activation)"
"ENTREZID","5295","ENTREZID","5879","directed","Process(activation)"
"ENTREZID","5295","ENTREZID","5880","directed","Process(activation)"
"ENTREZID","5295","ENTREZID","5881","directed","Process(activation)"
"ENTREZID","5296","ENTREZID","5170","directed","Process(activation)"
"ENTREZID","5296","ENTREZID","5879","directed","Process(activation)"
"ENTREZID","5296","ENTREZID","5880","directed","Process(activation)"
"ENTREZID","5296","ENTREZID","5881","directed","Process(activation)"
"ENTREZID","5594","ENTREZID","100137049","directed","Process(activation)"
"ENTREZID","5594","ENTREZID","123745","directed","Process(activation)"
"ENTREZID","5594","ENTREZID","255189","directed","Process(activation)"
"ENTREZID","5594","ENTREZID","283748","directed","Process(activation)"
"ENTREZID","5594","ENTREZID","5321","directed","Process(activation)"
"ENTREZID","5594","ENTREZID","8605","directed","Process(activation)"
"ENTREZID","5594","ENTREZID","8681","directed","Process(activation)"
"ENTREZID","5595","ENTREZID","100137049","directed","Process(activation)"
"ENTREZID","5595","ENTREZID","123745","directed","Process(activation)"
"ENTREZID","5595","ENTREZID","255189","directed","Process(activation)"
"ENTREZID","5595","ENTREZID","283748","directed","Process(activation)"
"ENTREZID","5595","ENTREZID","5321","directed","Process(activation)"
"ENTREZID","5595","ENTREZID","8605","directed","Process(activation)"
"ENTREZID","5595","ENTREZID","8681","directed","Process(activation)"
"ENTREZID","5604","ENTREZID","5594","directed","Process(phosphorylation)"
"ENTREZID","5604","ENTREZID","5594","directed","Process(activation)"
"ENTREZID","5604","ENTREZID","5595","directed","Process(phosphorylation)"
"ENTREZID","5604","ENTREZID","5595","directed","Process(activation)"
"ENTREZID","5605","ENTREZID","5594","directed","Process(phosphorylation)"
"ENTREZID","5605","ENTREZID","5594","directed","Process(activation)"
"ENTREZID","5605","ENTREZID","5595","directed","Process(phosphorylation)"
"ENTREZID","5605","ENTREZID","5595","directed","Process(activation)"
"ENTREZID","5606","ENTREZID","1432","directed","Process(activation)"
"ENTREZID","5606","ENTREZID","5600","directed","Process(activation)"
"ENTREZID","5606","ENTREZID","5603","directed","Process(activation)"
"ENTREZID","5606","ENTREZID","6300","directed","Process(activation)"
"ENTREZID","5608","ENTREZID","1432","directed","Process(activation)"
"ENTREZID","5608","ENTREZID","5600","directed","Process(activation)"
"ENTREZID","5608","ENTREZID","5603","directed","Process(activation)"
"ENTREZID","5608","ENTREZID","6300","directed","Process(activation)"
"ENTREZID","5609","ENTREZID","5599","directed","Process(activation)"
"ENTREZID","5609","ENTREZID","5601","directed","Process(activation)"
"ENTREZID","5609","ENTREZID","5602","directed","Process(activation)"
"ENTREZID","5879","ENTREZID","5606","directed","Process(activation)"
"ENTREZID","5879","ENTREZID","5608","directed","Process(activation)"
"ENTREZID","5879","ENTREZID","5609","directed","Process(activation)"
"ENTREZID","5879","ENTREZID","6416","directed","Process(activation)"
"ENTREZID","5880","ENTREZID","5606","directed","Process(activation)"
"ENTREZID","5880","ENTREZID","5608","directed","Process(activation)"
"ENTREZID","5880","ENTREZID","5609","directed","Process(activation)"
"ENTREZID","5880","ENTREZID","6416","directed","Process(activation)"
"ENTREZID","5881","ENTREZID","5606","directed","Process(activation)"
"ENTREZID","5881","ENTREZID","5608","directed","Process(activation)"
"ENTREZID","5881","ENTREZID","5609","directed","Process(activation)"
"ENTREZID","5881","ENTREZID","6416","directed","Process(activation)"
"ENTREZID","5894","ENTREZID","5604","directed","Process(activation)"
"ENTREZID","5894","ENTREZID","5605","directed","Process(activation)"
"ENTREZID","6416","ENTREZID","5599","directed","Process(activation)"
"ENTREZID","6416","ENTREZID","5601","directed","Process(activation)"
"ENTREZID","6416","ENTREZID","5602","directed","Process(activation)"
"ENTREZID","6654","ENTREZID","3265","directed","Process(activation)"
"ENTREZID","6654","ENTREZID","3845","directed","Process(activation)"
"ENTREZID","6654","ENTREZID","4893","directed","Process(activation)"
"ENTREZID","6655","ENTREZID","3265","directed","Process(activation)"
"ENTREZID","6655","ENTREZID","3845","directed","Process(activation)"
"ENTREZID","6655","ENTREZID","4893","directed","Process(activation)"
"ENTREZID","6850","ENTREZID","10451","directed","Process(phosphorylation)"
"ENTREZID","6850","ENTREZID","10451","directed","Process(activation)"
"ENTREZID","6850","ENTREZID","2207","directed","Process(binding/association)"
"ENTREZID","6850","ENTREZID","27040","directed","Process(phosphorylation)"
"ENTREZID","6850","ENTREZID","27040","directed","Process(activation)"
"ENTREZID","6850","ENTREZID","3937","directed","Process(phosphorylation)"
"ENTREZID","6850","ENTREZID","3937","directed","Process(activation)"
"ENTREZID","6850","ENTREZID","5290","directed","Process(phosphorylation)"
"ENTREZID","6850","ENTREZID","5290","directed","Process(activation)"
"ENTREZID","6850","ENTREZID","5291","directed","Process(phosphorylation)"
"ENTREZID","6850","ENTREZID","5291","directed","Process(activation)"
"ENTREZID","6850","ENTREZID","5293","directed","Process(phosphorylation)"
"ENTREZID","6850","ENTREZID","5293","directed","Process(activation)"
"ENTREZID","6850","ENTREZID","5295","directed","Process(phosphorylation)"
"ENTREZID","6850","ENTREZID","5295","directed","Process(activation)"
"ENTREZID","6850","ENTREZID","5296","directed","Process(phosphorylation)"
"ENTREZID","6850","ENTREZID","5296","directed","Process(activation)"
"ENTREZID","6850","ENTREZID","5335","directed","Process(phosphorylation)"
"ENTREZID","6850","ENTREZID","5335","directed","Process(activation)"
"ENTREZID","6850","ENTREZID","5336","directed","Process(phosphorylation)"
"ENTREZID","6850","ENTREZID","5336","directed","Process(activation)"
"ENTREZID","6850","ENTREZID","7409","directed","Process(phosphorylation)"
"ENTREZID","6850","ENTREZID","7409","directed","Process(activation)"
"ENTREZID","6850","ENTREZID","7410","directed","Process(phosphorylation)"
"ENTREZID","6850","ENTREZID","7410","directed","Process(activation)"
"ENTREZID","6850","ENTREZID","8503","directed","Process(phosphorylation)"
"ENTREZID","6850","ENTREZID","8503","directed","Process(activation)"
"ENTREZID","6850","ENTREZID","9846","directed","Process(activation)"
"ENTREZID","695","ENTREZID","5335","directed","Process(phosphorylation)"
"ENTREZID","695","ENTREZID","5335","directed","Process(activation)"
"ENTREZID","695","ENTREZID","5336","directed","Process(phosphorylation)"
"ENTREZID","695","ENTREZID","5336","directed","Process(activation)"
"ENTREZID","7409","ENTREZID","5879","directed","Process(activation)"
"ENTREZID","7409","ENTREZID","5880","directed","Process(activation)"
"ENTREZID","7409","ENTREZID","5881","directed","Process(activation)"
"ENTREZID","7410","ENTREZID","5879","directed","Process(activation)"
"ENTREZID","7410","ENTREZID","5880","directed","Process(activation)"
"ENTREZID","7410","ENTREZID","5881","directed","Process(activation)"
"ENTREZID","8503","ENTREZID","5170","directed","Process(activation)"
"ENTREZID","8503","ENTREZID","5879","directed","Process(activation)"
"ENTREZID","8503","ENTREZID","5880","directed","Process(activation)"
"ENTREZID","8503","ENTREZID","5881","directed","Process(activation)"
"ENTREZID","9846","ENTREZID","5290","directed","Process(activation)"
"ENTREZID","9846","ENTREZID","5291","directed","Process(activation)"
"ENTREZID","9846","ENTREZID","5293","directed","Process(activation)"
"ENTREZID","9846","ENTREZID","5295","directed","Process(activation)"
"ENTREZID","9846","ENTREZID","5296","directed","Process(activation)"
"ENTREZID","9846","ENTREZID","8503","directed","Process(activation)"
