"src_type","src","dest_type","dest","direction","type"
"ENTREZID","10488","ENTREZID","7350","directed","Process(expression)"
"ENTREZID","10488","ENTREZID","9658","directed","Process(expression)"
"ENTREZID","10818","ENTREZID","2885","directed","Process(activation)"
"ENTREZID","10891","ENTREZID","7350","directed","Process(expression)"
"ENTREZID","1268","ENTREZID","107","directed","Process(inhibition)"
"ENTREZID","1268","ENTREZID","108","directed","Process(inhibition)"
"ENTREZID","1268","ENTREZID","109","directed","Process(inhibition)"
"ENTREZID","1268","ENTREZID","111","directed","Process(inhibition)"
"ENTREZID","1268","ENTREZID","112","directed","Process(inhibition)"
"ENTREZID","1268","ENTREZID","113","directed","Process(inhibition)"
"ENTREZID","1268","ENTREZID","114","directed","Process(inhibition)"
"ENTREZID","1268","ENTREZID","115","directed","Process(inhibition)"
"ENTREZID","1268","ENTREZID","196883","directed","Process(inhibition)"
"ENTREZID","1268","ENTREZID","55811","directed","Process(inhibition)"
"ENTREZID","1385","ENTREZID","7350","directed","Process(expression)"
"ENTREZID","1385","ENTREZID","9658","directed","Process(expression)"
"ENTREZID","1386","ENTREZID","10891","directed","Process(expression)"
"ENTREZID","1386","ENTREZID","26291","directed","Process(expression)"
"ENTREZID","1386","ENTREZID","7350","directed","Process(expression)"
"ENTREZID","1386","ENTREZID","9658","directed","Process(expression)"
"ENTREZID","1432","ENTREZID","10891","directed","Process(phosphorylation)"
"ENTREZID","1432","ENTREZID","10891","directed","Process(activation)"
"ENTREZID","1432","ENTREZID","1386","directed","Process(phosphorylation)"
"ENTREZID","1432","ENTREZID","1386","directed","Process(activation)"
"ENTREZID","148327","ENTREZID","7350","directed","Process(expression)"
"ENTREZID","148327","ENTREZID","9658","directed","Process(expression)"
"ENTREZID","152831","ENTREZID","2260","directed","Process(binding/association)"
"ENTREZID","155","ENTREZID","2778","directed","Process(activation)"
"ENTREZID","2260","ENTREZID","10818","directed","Process(activation)"
"ENTREZID","2475","ENTREZID","6198","directed","Process(phosphorylation)"
"ENTREZID","2475","ENTREZID","6198","directed","Process(activation)"
"ENTREZID","2475","ENTREZID","6199","directed","Process(phosphorylation)"
"ENTREZID","2475","ENTREZID","6199","directed","Process(activation)"
"ENTREZID","2475","ENTREZID","64223","directed","Process(binding/association)"
"ENTREZID","26291","ENTREZID","2260","directed","Process(activation)"
"ENTREZID","2641","ENTREZID","51422","directed","Process(inhibition)"
"ENTREZID","2641","ENTREZID","51422","directed","Process(indirect effect)"
"ENTREZID","2641","ENTREZID","53632","directed","Process(inhibition)"
"ENTREZID","2641","ENTREZID","53632","directed","Process(indirect effect)"
"ENTREZID","2641","ENTREZID","5562","directed","Process(inhibition)"
"ENTREZID","2641","ENTREZID","5562","directed","Process(indirect effect)"
"ENTREZID","2641","ENTREZID","5563","directed","Process(inhibition)"
"ENTREZID","2641","ENTREZID","5563","directed","Process(indirect effect)"
"ENTREZID","2641","ENTREZID","5564","directed","Process(inhibition)"
"ENTREZID","2641","ENTREZID","5564","directed","Process(indirect effect)"
"ENTREZID","2641","ENTREZID","5565","directed","Process(inhibition)"
"ENTREZID","2641","ENTREZID","5565","directed","Process(indirect effect)"
"ENTREZID","2641","ENTREZID","5571","directed","Process(inhibition)"
"ENTREZID","2641","ENTREZID","5571","directed","Process(indirect effect)"
"ENTREZID","27330","ENTREZID","7248","directed","Process(inhibition)"
"ENTREZID","27330","ENTREZID","7248","directed","Process(phosphorylation)"
"ENTREZID","27330","ENTREZID","7249","directed","Process(inhibition)"
"ENTREZID","27330","ENTREZID","7249","directed","Process(phosphorylation)"
"ENTREZID","2778","ENTREZID","107","directed","Process(activation)"
"ENTREZID","2778","ENTREZID","108","directed","Process(activation)"
"ENTREZID","2778","ENTREZID","109","directed","Process(activation)"
"ENTREZID","2778","ENTREZID","111","directed","Process(activation)"
"ENTREZID","2778","ENTREZID","112","directed","Process(activation)"
"ENTREZID","2778","ENTREZID","113","directed","Process(activation)"
"ENTREZID","2778","ENTREZID","114","directed","Process(activation)"
"ENTREZID","2778","ENTREZID","115","directed","Process(activation)"
"ENTREZID","2778","ENTREZID","196883","directed","Process(activation)"
"ENTREZID","2778","ENTREZID","55811","directed","Process(activation)"
"ENTREZID","2885","ENTREZID","6654","directed","Process(activation)"
"ENTREZID","2885","ENTREZID","6655","directed","Process(activation)"
"ENTREZID","3265","ENTREZID","27330","directed","Process(activation)"
"ENTREZID","3265","ENTREZID","27330","directed","Process(indirect effect)"
"ENTREZID","3265","ENTREZID","6195","directed","Process(activation)"
"ENTREZID","3265","ENTREZID","6195","directed","Process(indirect effect)"
"ENTREZID","3265","ENTREZID","6196","directed","Process(activation)"
"ENTREZID","3265","ENTREZID","6196","directed","Process(indirect effect)"
"ENTREZID","3265","ENTREZID","6197","directed","Process(activation)"
"ENTREZID","3265","ENTREZID","6197","directed","Process(indirect effect)"
"ENTREZID","353500","ENTREZID","51422","directed","Process(inhibition)"
"ENTREZID","353500","ENTREZID","51422","directed","Process(indirect effect)"
"ENTREZID","353500","ENTREZID","53632","directed","Process(inhibition)"
"ENTREZID","353500","ENTREZID","53632","directed","Process(indirect effect)"
"ENTREZID","353500","ENTREZID","5562","directed","Process(inhibition)"
"ENTREZID","353500","ENTREZID","5562","directed","Process(indirect effect)"
"ENTREZID","353500","ENTREZID","5563","directed","Process(inhibition)"
"ENTREZID","353500","ENTREZID","5563","directed","Process(indirect effect)"
"ENTREZID","353500","ENTREZID","5564","directed","Process(inhibition)"
"ENTREZID","353500","ENTREZID","5564","directed","Process(indirect effect)"
"ENTREZID","353500","ENTREZID","5565","directed","Process(inhibition)"
"ENTREZID","353500","ENTREZID","5565","directed","Process(indirect effect)"
"ENTREZID","353500","ENTREZID","5571","directed","Process(inhibition)"
"ENTREZID","353500","ENTREZID","5571","directed","Process(indirect effect)"
"ENTREZID","3845","ENTREZID","27330","directed","Process(activation)"
"ENTREZID","3845","ENTREZID","27330","directed","Process(indirect effect)"
"ENTREZID","3845","ENTREZID","6195","directed","Process(activation)"
"ENTREZID","3845","ENTREZID","6195","directed","Process(indirect effect)"
"ENTREZID","3845","ENTREZID","6196","directed","Process(activation)"
"ENTREZID","3845","ENTREZID","6196","directed","Process(indirect effect)"
"ENTREZID","3845","ENTREZID","6197","directed","Process(activation)"
"ENTREZID","3845","ENTREZID","6197","directed","Process(indirect effect)"
"ENTREZID","4217","ENTREZID","5606","directed","Process(phosphorylation)"
"ENTREZID","4217","ENTREZID","5606","directed","Process(activation)"
"ENTREZID","4893","ENTREZID","27330","directed","Process(activation)"
"ENTREZID","4893","ENTREZID","27330","directed","Process(indirect effect)"
"ENTREZID","4893","ENTREZID","6195","directed","Process(activation)"
"ENTREZID","4893","ENTREZID","6195","directed","Process(indirect effect)"
"ENTREZID","4893","ENTREZID","6196","directed","Process(activation)"
"ENTREZID","4893","ENTREZID","6196","directed","Process(indirect effect)"
"ENTREZID","4893","ENTREZID","6197","directed","Process(activation)"
"ENTREZID","4893","ENTREZID","6197","directed","Process(indirect effect)"
"ENTREZID","51412","ENTREZID","5468","directed","Process(binding/association)"
"ENTREZID","51780","ENTREZID","51412","directed","Process(binding/association)"
"ENTREZID","51780","ENTREZID","5468","directed","Process(binding/association)"
"ENTREZID","51780","ENTREZID","57492","directed","Process(binding/association)"
"ENTREZID","51780","ENTREZID","60","directed","Process(binding/association)"
"ENTREZID","51780","ENTREZID","6595","directed","Process(binding/association)"
"ENTREZID","51780","ENTREZID","6597","directed","Process(binding/association)"
"ENTREZID","51780","ENTREZID","6598","directed","Process(binding/association)"
"ENTREZID","51780","ENTREZID","6599","directed","Process(binding/association)"
"ENTREZID","51780","ENTREZID","6601","directed","Process(binding/association)"
"ENTREZID","51780","ENTREZID","6602","directed","Process(binding/association)"
"ENTREZID","51780","ENTREZID","6603","directed","Process(binding/association)"
"ENTREZID","51780","ENTREZID","6604","directed","Process(binding/association)"
"ENTREZID","51780","ENTREZID","6605","directed","Process(binding/association)"
"ENTREZID","51780","ENTREZID","71","directed","Process(binding/association)"
"ENTREZID","51780","ENTREZID","7350","directed","Process(expression)"
"ENTREZID","51780","ENTREZID","8110","directed","Process(binding/association)"
"ENTREZID","51780","ENTREZID","8193","directed","Process(binding/association)"
"ENTREZID","51780","ENTREZID","8289","directed","Process(binding/association)"
"ENTREZID","51780","ENTREZID","86","directed","Process(binding/association)"
"ENTREZID","5346","ENTREZID","3991","directed","Process(indirect effect)"
"ENTREZID","5566","ENTREZID","10488","directed","Process(phosphorylation)"
"ENTREZID","5566","ENTREZID","10488","directed","Process(activation)"
"ENTREZID","5566","ENTREZID","1385","directed","Process(phosphorylation)"
"ENTREZID","5566","ENTREZID","1385","directed","Process(activation)"
"ENTREZID","5566","ENTREZID","148327","directed","Process(phosphorylation)"
"ENTREZID","5566","ENTREZID","148327","directed","Process(activation)"
"ENTREZID","5566","ENTREZID","3991","directed","Process(phosphorylation)"
"ENTREZID","5566","ENTREZID","3991","directed","Process(activation)"
"ENTREZID","5566","ENTREZID","4217","directed","Process(phosphorylation)"
"ENTREZID","5566","ENTREZID","4217","directed","Process(activation)"
"ENTREZID","5566","ENTREZID","51780","directed","Process(phosphorylation)"
"ENTREZID","5566","ENTREZID","51780","directed","Process(activation)"
"ENTREZID","5566","ENTREZID","5346","directed","Process(phosphorylation)"
"ENTREZID","5566","ENTREZID","5346","directed","Process(activation)"
"ENTREZID","5566","ENTREZID","55818","directed","Process(phosphorylation)"
"ENTREZID","5566","ENTREZID","55818","directed","Process(activation)"
"ENTREZID","5566","ENTREZID","64764","directed","Process(phosphorylation)"
"ENTREZID","5566","ENTREZID","64764","directed","Process(activation)"
"ENTREZID","5566","ENTREZID","84699","directed","Process(phosphorylation)"
"ENTREZID","5566","ENTREZID","84699","directed","Process(activation)"
"ENTREZID","5566","ENTREZID","90993","directed","Process(phosphorylation)"
"ENTREZID","5566","ENTREZID","90993","directed","Process(activation)"
"ENTREZID","5566","ENTREZID","9586","directed","Process(phosphorylation)"
"ENTREZID","5566","ENTREZID","9586","directed","Process(activation)"
"ENTREZID","5567","ENTREZID","10488","directed","Process(phosphorylation)"
"ENTREZID","5567","ENTREZID","10488","directed","Process(activation)"
"ENTREZID","5567","ENTREZID","1385","directed","Process(phosphorylation)"
"ENTREZID","5567","ENTREZID","1385","directed","Process(activation)"
"ENTREZID","5567","ENTREZID","148327","directed","Process(phosphorylation)"
"ENTREZID","5567","ENTREZID","148327","directed","Process(activation)"
"ENTREZID","5567","ENTREZID","3991","directed","Process(phosphorylation)"
"ENTREZID","5567","ENTREZID","3991","directed","Process(activation)"
"ENTREZID","5567","ENTREZID","4217","directed","Process(phosphorylation)"
"ENTREZID","5567","ENTREZID","4217","directed","Process(activation)"
"ENTREZID","5567","ENTREZID","51780","directed","Process(phosphorylation)"
"ENTREZID","5567","ENTREZID","51780","directed","Process(activation)"
"ENTREZID","5567","ENTREZID","5346","directed","Process(phosphorylation)"
"ENTREZID","5567","ENTREZID","5346","directed","Process(activation)"
"ENTREZID","5567","ENTREZID","55818","directed","Process(phosphorylation)"
"ENTREZID","5567","ENTREZID","55818","directed","Process(activation)"
"ENTREZID","5567","ENTREZID","64764","directed","Process(phosphorylation)"
"ENTREZID","5567","ENTREZID","64764","directed","Process(activation)"
"ENTREZID","5567","ENTREZID","84699","directed","Process(phosphorylation)"
"ENTREZID","5567","ENTREZID","84699","directed","Process(activation)"
"ENTREZID","5567","ENTREZID","90993","directed","Process(phosphorylation)"
"ENTREZID","5567","ENTREZID","90993","directed","Process(activation)"
"ENTREZID","5567","ENTREZID","9586","directed","Process(phosphorylation)"
"ENTREZID","5567","ENTREZID","9586","directed","Process(activation)"
"ENTREZID","5568","ENTREZID","10488","directed","Process(phosphorylation)"
"ENTREZID","5568","ENTREZID","10488","directed","Process(activation)"
"ENTREZID","5568","ENTREZID","1385","directed","Process(phosphorylation)"
"ENTREZID","5568","ENTREZID","1385","directed","Process(activation)"
"ENTREZID","5568","ENTREZID","148327","directed","Process(phosphorylation)"
"ENTREZID","5568","ENTREZID","148327","directed","Process(activation)"
"ENTREZID","5568","ENTREZID","3991","directed","Process(phosphorylation)"
"ENTREZID","5568","ENTREZID","3991","directed","Process(activation)"
"ENTREZID","5568","ENTREZID","4217","directed","Process(phosphorylation)"
"ENTREZID","5568","ENTREZID","4217","directed","Process(activation)"
"ENTREZID","5568","ENTREZID","51780","directed","Process(phosphorylation)"
"ENTREZID","5568","ENTREZID","51780","directed","Process(activation)"
"ENTREZID","5568","ENTREZID","5346","directed","Process(phosphorylation)"
"ENTREZID","5568","ENTREZID","5346","directed","Process(activation)"
"ENTREZID","5568","ENTREZID","55818","directed","Process(phosphorylation)"
"ENTREZID","5568","ENTREZID","55818","directed","Process(activation)"
"ENTREZID","5568","ENTREZID","64764","directed","Process(phosphorylation)"
"ENTREZID","5568","ENTREZID","64764","directed","Process(activation)"
"ENTREZID","5568","ENTREZID","84699","directed","Process(phosphorylation)"
"ENTREZID","5568","ENTREZID","84699","directed","Process(activation)"
"ENTREZID","5568","ENTREZID","90993","directed","Process(phosphorylation)"
"ENTREZID","5568","ENTREZID","90993","directed","Process(activation)"
"ENTREZID","5568","ENTREZID","9586","directed","Process(phosphorylation)"
"ENTREZID","5568","ENTREZID","9586","directed","Process(activation)"
"ENTREZID","55818","ENTREZID","51412","directed","Process(binding/association)"
"ENTREZID","55818","ENTREZID","5468","directed","Process(binding/association)"
"ENTREZID","55818","ENTREZID","57492","directed","Process(binding/association)"
"ENTREZID","55818","ENTREZID","60","directed","Process(binding/association)"
"ENTREZID","55818","ENTREZID","6595","directed","Process(binding/association)"
"ENTREZID","55818","ENTREZID","6597","directed","Process(binding/association)"
"ENTREZID","55818","ENTREZID","6598","directed","Process(binding/association)"
"ENTREZID","55818","ENTREZID","6599","directed","Process(binding/association)"
"ENTREZID","55818","ENTREZID","6601","directed","Process(binding/association)"
"ENTREZID","55818","ENTREZID","6602","directed","Process(binding/association)"
"ENTREZID","55818","ENTREZID","6603","directed","Process(binding/association)"
"ENTREZID","55818","ENTREZID","6604","directed","Process(binding/association)"
"ENTREZID","55818","ENTREZID","6605","directed","Process(binding/association)"
"ENTREZID","55818","ENTREZID","71","directed","Process(binding/association)"
"ENTREZID","55818","ENTREZID","7350","directed","Process(expression)"
"ENTREZID","55818","ENTREZID","8110","directed","Process(binding/association)"
"ENTREZID","55818","ENTREZID","8193","directed","Process(binding/association)"
"ENTREZID","55818","ENTREZID","8289","directed","Process(binding/association)"
"ENTREZID","55818","ENTREZID","86","directed","Process(binding/association)"
"ENTREZID","5592","ENTREZID","1432","directed","Process(phosphorylation)"
"ENTREZID","5592","ENTREZID","1432","directed","Process(activation)"
"ENTREZID","5592","ENTREZID","3991","directed","Process(phosphorylation)"
"ENTREZID","5592","ENTREZID","3991","directed","Process(activation)"
"ENTREZID","5592","ENTREZID","5346","directed","Process(phosphorylation)"
"ENTREZID","5592","ENTREZID","5346","directed","Process(activation)"
"ENTREZID","5592","ENTREZID","5600","directed","Process(phosphorylation)"
"ENTREZID","5592","ENTREZID","5600","directed","Process(activation)"
"ENTREZID","5592","ENTREZID","5603","directed","Process(phosphorylation)"
"ENTREZID","5592","ENTREZID","5603","directed","Process(activation)"
"ENTREZID","5592","ENTREZID","6300","directed","Process(phosphorylation)"
"ENTREZID","5592","ENTREZID","6300","directed","Process(activation)"
"ENTREZID","5593","ENTREZID","1432","directed","Process(phosphorylation)"
"ENTREZID","5593","ENTREZID","1432","directed","Process(activation)"
"ENTREZID","5593","ENTREZID","3991","directed","Process(phosphorylation)"
"ENTREZID","5593","ENTREZID","3991","directed","Process(activation)"
"ENTREZID","5593","ENTREZID","5346","directed","Process(phosphorylation)"
"ENTREZID","5593","ENTREZID","5346","directed","Process(activation)"
"ENTREZID","5593","ENTREZID","5600","directed","Process(phosphorylation)"
"ENTREZID","5593","ENTREZID","5600","directed","Process(activation)"
"ENTREZID","5593","ENTREZID","5603","directed","Process(phosphorylation)"
"ENTREZID","5593","ENTREZID","5603","directed","Process(activation)"
"ENTREZID","5593","ENTREZID","6300","directed","Process(phosphorylation)"
"ENTREZID","5593","ENTREZID","6300","directed","Process(activation)"
"ENTREZID","5600","ENTREZID","10891","directed","Process(phosphorylation)"
"ENTREZID","5600","ENTREZID","10891","directed","Process(activation)"
"ENTREZID","5600","ENTREZID","1386","directed","Process(phosphorylation)"
"ENTREZID","5600","ENTREZID","1386","directed","Process(activation)"
"ENTREZID","5603","ENTREZID","10891","directed","Process(phosphorylation)"
"ENTREZID","5603","ENTREZID","10891","directed","Process(activation)"
"ENTREZID","5603","ENTREZID","1386","directed","Process(phosphorylation)"
"ENTREZID","5603","ENTREZID","1386","directed","Process(activation)"
"ENTREZID","5606","ENTREZID","1432","directed","Process(phosphorylation)"
"ENTREZID","5606","ENTREZID","1432","directed","Process(activation)"
"ENTREZID","5606","ENTREZID","5600","directed","Process(phosphorylation)"
"ENTREZID","5606","ENTREZID","5600","directed","Process(activation)"
"ENTREZID","5606","ENTREZID","5603","directed","Process(phosphorylation)"
"ENTREZID","5606","ENTREZID","5603","directed","Process(activation)"
"ENTREZID","5606","ENTREZID","6300","directed","Process(phosphorylation)"
"ENTREZID","5606","ENTREZID","6300","directed","Process(activation)"
"ENTREZID","57492","ENTREZID","5468","directed","Process(binding/association)"
"ENTREZID","57521","ENTREZID","2475","directed","Process(binding/association)"
"ENTREZID","60","ENTREZID","5468","directed","Process(binding/association)"
"ENTREZID","6009","ENTREZID","2475","directed","Process(activation)"
"ENTREZID","6009","ENTREZID","57521","directed","Process(activation)"
"ENTREZID","6009","ENTREZID","64223","directed","Process(activation)"
"ENTREZID","6194","ENTREZID","26291","directed","Process(expression)"
"ENTREZID","6194","ENTREZID","7350","directed","Process(expression)"
"ENTREZID","6195","ENTREZID","7248","directed","Process(inhibition)"
"ENTREZID","6195","ENTREZID","7248","directed","Process(phosphorylation)"
"ENTREZID","6195","ENTREZID","7249","directed","Process(inhibition)"
"ENTREZID","6195","ENTREZID","7249","directed","Process(phosphorylation)"
"ENTREZID","6196","ENTREZID","7248","directed","Process(inhibition)"
"ENTREZID","6196","ENTREZID","7248","directed","Process(phosphorylation)"
"ENTREZID","6196","ENTREZID","7249","directed","Process(inhibition)"
"ENTREZID","6196","ENTREZID","7249","directed","Process(phosphorylation)"
"ENTREZID","6197","ENTREZID","7248","directed","Process(inhibition)"
"ENTREZID","6197","ENTREZID","7248","directed","Process(phosphorylation)"
"ENTREZID","6197","ENTREZID","7249","directed","Process(inhibition)"
"ENTREZID","6197","ENTREZID","7249","directed","Process(phosphorylation)"
"ENTREZID","6198","ENTREZID","6194","directed","Process(phosphorylation)"
"ENTREZID","6198","ENTREZID","6194","directed","Process(activation)"
"ENTREZID","6199","ENTREZID","6194","directed","Process(phosphorylation)"
"ENTREZID","6199","ENTREZID","6194","directed","Process(activation)"
"ENTREZID","6300","ENTREZID","10891","directed","Process(phosphorylation)"
"ENTREZID","6300","ENTREZID","10891","directed","Process(activation)"
"ENTREZID","6300","ENTREZID","1386","directed","Process(phosphorylation)"
"ENTREZID","6300","ENTREZID","1386","directed","Process(activation)"
"ENTREZID","63976","ENTREZID","23028","directed","Process(binding/association)"
"ENTREZID","63976","ENTREZID","9658","directed","Process(binding/association)"
"ENTREZID","64764","ENTREZID","7350","directed","Process(expression)"
"ENTREZID","64764","ENTREZID","9658","directed","Process(expression)"
"ENTREZID","656","ENTREZID","51422","directed","Process(inhibition)"
"ENTREZID","656","ENTREZID","51422","directed","Process(indirect effect)"
"ENTREZID","656","ENTREZID","53632","directed","Process(inhibition)"
"ENTREZID","656","ENTREZID","53632","directed","Process(indirect effect)"
"ENTREZID","656","ENTREZID","5562","directed","Process(inhibition)"
"ENTREZID","656","ENTREZID","5562","directed","Process(indirect effect)"
"ENTREZID","656","ENTREZID","5563","directed","Process(inhibition)"
"ENTREZID","656","ENTREZID","5563","directed","Process(indirect effect)"
"ENTREZID","656","ENTREZID","5564","directed","Process(inhibition)"
"ENTREZID","656","ENTREZID","5564","directed","Process(indirect effect)"
"ENTREZID","656","ENTREZID","5565","directed","Process(inhibition)"
"ENTREZID","656","ENTREZID","5565","directed","Process(indirect effect)"
"ENTREZID","656","ENTREZID","5571","directed","Process(inhibition)"
"ENTREZID","656","ENTREZID","5571","directed","Process(indirect effect)"
"ENTREZID","6595","ENTREZID","5468","directed","Process(binding/association)"
"ENTREZID","6597","ENTREZID","5468","directed","Process(binding/association)"
"ENTREZID","6598","ENTREZID","5468","directed","Process(binding/association)"
"ENTREZID","6599","ENTREZID","5468","directed","Process(binding/association)"
"ENTREZID","6601","ENTREZID","5468","directed","Process(binding/association)"
"ENTREZID","6602","ENTREZID","5468","directed","Process(binding/association)"
"ENTREZID","6603","ENTREZID","5468","directed","Process(binding/association)"
"ENTREZID","6604","ENTREZID","5468","directed","Process(binding/association)"
"ENTREZID","6605","ENTREZID","5468","directed","Process(binding/association)"
"ENTREZID","6654","ENTREZID","3265","directed","Process(activation)"
"ENTREZID","6654","ENTREZID","3845","directed","Process(activation)"
"ENTREZID","6654","ENTREZID","4893","directed","Process(activation)"
"ENTREZID","6655","ENTREZID","3265","directed","Process(activation)"
"ENTREZID","6655","ENTREZID","3845","directed","Process(activation)"
"ENTREZID","6655","ENTREZID","4893","directed","Process(activation)"
"ENTREZID","71","ENTREZID","5468","directed","Process(binding/association)"
"ENTREZID","7248","ENTREZID","6009","directed","Process(inhibition)"
"ENTREZID","7249","ENTREZID","6009","directed","Process(inhibition)"
"ENTREZID","8110","ENTREZID","5468","directed","Process(binding/association)"
"ENTREZID","8193","ENTREZID","5468","directed","Process(binding/association)"
"ENTREZID","8289","ENTREZID","5468","directed","Process(binding/association)"
"ENTREZID","84335","ENTREZID","2475","directed","Process(inhibition)"
"ENTREZID","84335","ENTREZID","57521","directed","Process(inhibition)"
"ENTREZID","84699","ENTREZID","7350","directed","Process(expression)"
"ENTREZID","84699","ENTREZID","9658","directed","Process(expression)"
"ENTREZID","86","ENTREZID","5468","directed","Process(binding/association)"
"ENTREZID","90993","ENTREZID","7350","directed","Process(expression)"
"ENTREZID","90993","ENTREZID","9658","directed","Process(expression)"
"ENTREZID","9586","ENTREZID","7350","directed","Process(expression)"
"ENTREZID","9586","ENTREZID","9658","directed","Process(expression)"
"ENTREZID","9658","ENTREZID","23028","directed","Process(binding/association)"
