"src_type","src","dest_type","dest","direction","type"
"ENTREZID","1131","ENTREZID","255022","directed","Process(activation)"
"ENTREZID","1131","ENTREZID","255022","directed","Process(indirect effect)"
"ENTREZID","2784","ENTREZID","23236","directed","Process(activation)"
"ENTREZID","2784","ENTREZID","5136","directed","Process(activation)"
"ENTREZID","2784","ENTREZID","5137","directed","Process(activation)"
"ENTREZID","2784","ENTREZID","5153","directed","Process(activation)"
"ENTREZID","2784","ENTREZID","5330","directed","Process(activation)"
"ENTREZID","2784","ENTREZID","5331","directed","Process(activation)"
"ENTREZID","2784","ENTREZID","5332","directed","Process(activation)"
"ENTREZID","342372","ENTREZID","9033","directed","Process(binding/association)"
"ENTREZID","342372","ENTREZID","9033","undirected","Binding"
"ENTREZID","346562","ENTREZID","23236","directed","Process(activation)"
"ENTREZID","346562","ENTREZID","5136","directed","Process(activation)"
"ENTREZID","346562","ENTREZID","5137","directed","Process(activation)"
"ENTREZID","346562","ENTREZID","5153","directed","Process(activation)"
"ENTREZID","346562","ENTREZID","5330","directed","Process(activation)"
"ENTREZID","346562","ENTREZID","5331","directed","Process(activation)"
"ENTREZID","346562","ENTREZID","5332","directed","Process(activation)"
"ENTREZID","51764","ENTREZID","23236","directed","Process(activation)"
"ENTREZID","51764","ENTREZID","5136","directed","Process(activation)"
"ENTREZID","51764","ENTREZID","5137","directed","Process(activation)"
"ENTREZID","51764","ENTREZID","5153","directed","Process(activation)"
"ENTREZID","51764","ENTREZID","5330","directed","Process(activation)"
"ENTREZID","51764","ENTREZID","5331","directed","Process(activation)"
"ENTREZID","51764","ENTREZID","5332","directed","Process(activation)"
"ENTREZID","6326","ENTREZID","255022","directed","Process(activation)"
"ENTREZID","6328","ENTREZID","255022","directed","Process(activation)"
"ENTREZID","6335","ENTREZID","255022","directed","Process(activation)"
"ENTREZID","80834","ENTREZID","2784","directed","Process(activation)"
"ENTREZID","80834","ENTREZID","346562","directed","Process(activation)"
"ENTREZID","80834","ENTREZID","51764","directed","Process(activation)"
"ENTREZID","80834","ENTREZID","83756","directed","Process(binding/association)"
"ENTREZID","80834","ENTREZID","83756","undirected","Binding"
"ENTREZID","80835","ENTREZID","2784","directed","Process(activation)"
"ENTREZID","80835","ENTREZID","346562","directed","Process(activation)"
"ENTREZID","80835","ENTREZID","51764","directed","Process(activation)"
"ENTREZID","80835","ENTREZID","83756","directed","Process(binding/association)"
"ENTREZID","80835","ENTREZID","83756","undirected","Binding"
"ENTREZID","83756","ENTREZID","2784","directed","Process(activation)"
"ENTREZID","83756","ENTREZID","346562","directed","Process(activation)"
"ENTREZID","83756","ENTREZID","51764","directed","Process(activation)"
