"src_type","src","dest_type","dest","direction","type"
"ENTREZID","118142757","ENTREZID","2986","directed","Process(inhibition)"
"ENTREZID","118142757","ENTREZID","2986","directed","Process(activation)"
"ENTREZID","118142757","ENTREZID","3000","directed","Process(inhibition)"
"ENTREZID","118142757","ENTREZID","3000","directed","Process(activation)"
"ENTREZID","131890","ENTREZID","6010","directed","Process(inhibition)"
"ENTREZID","131890","ENTREZID","6010","directed","Process(phosphorylation)"
"ENTREZID","163688","ENTREZID","1258","directed","Process(inhibition)"
"ENTREZID","163688","ENTREZID","1259","directed","Process(inhibition)"
"ENTREZID","2779","ENTREZID","5145","directed","Process(activation)"
"ENTREZID","2779","ENTREZID","5148","directed","Process(activation)"
"ENTREZID","2779","ENTREZID","5158","directed","Process(activation)"
"ENTREZID","2780","ENTREZID","5145","directed","Process(activation)"
"ENTREZID","2780","ENTREZID","5148","directed","Process(activation)"
"ENTREZID","2780","ENTREZID","5158","directed","Process(activation)"
"ENTREZID","2782","ENTREZID","5145","directed","Process(activation)"
"ENTREZID","2782","ENTREZID","5148","directed","Process(activation)"
"ENTREZID","2782","ENTREZID","5158","directed","Process(activation)"
"ENTREZID","2792","ENTREZID","5145","directed","Process(activation)"
"ENTREZID","2792","ENTREZID","5148","directed","Process(activation)"
"ENTREZID","2792","ENTREZID","5158","directed","Process(activation)"
"ENTREZID","2978","ENTREZID","2986","directed","Process(inhibition)"
"ENTREZID","2978","ENTREZID","2986","directed","Process(activation)"
"ENTREZID","2978","ENTREZID","3000","directed","Process(inhibition)"
"ENTREZID","2978","ENTREZID","3000","directed","Process(activation)"
"ENTREZID","2979","ENTREZID","2986","directed","Process(inhibition)"
"ENTREZID","2979","ENTREZID","2986","directed","Process(activation)"
"ENTREZID","2979","ENTREZID","3000","directed","Process(inhibition)"
"ENTREZID","2979","ENTREZID","3000","directed","Process(activation)"
"ENTREZID","51806","ENTREZID","1258","directed","Process(inhibition)"
"ENTREZID","51806","ENTREZID","1259","directed","Process(inhibition)"
"ENTREZID","5957","ENTREZID","131890","directed","Process(inhibition)"
"ENTREZID","5957","ENTREZID","6011","directed","Process(inhibition)"
"ENTREZID","6010","ENTREZID","2779","directed","Process(activation)"
"ENTREZID","6010","ENTREZID","2780","directed","Process(activation)"
"ENTREZID","6010","ENTREZID","2782","directed","Process(activation)"
"ENTREZID","6010","ENTREZID","2792","directed","Process(activation)"
"ENTREZID","6011","ENTREZID","6010","directed","Process(inhibition)"
"ENTREZID","6011","ENTREZID","6010","directed","Process(phosphorylation)"
"ENTREZID","6295","ENTREZID","6010","directed","Process(inhibition)"
"ENTREZID","801","ENTREZID","1258","directed","Process(inhibition)"
"ENTREZID","801","ENTREZID","1259","directed","Process(inhibition)"
"ENTREZID","805","ENTREZID","1258","directed","Process(inhibition)"
"ENTREZID","805","ENTREZID","1259","directed","Process(inhibition)"
"ENTREZID","808","ENTREZID","1258","directed","Process(inhibition)"
"ENTREZID","808","ENTREZID","1259","directed","Process(inhibition)"
"ENTREZID","810","ENTREZID","1258","directed","Process(inhibition)"
"ENTREZID","810","ENTREZID","1259","directed","Process(inhibition)"
"ENTREZID","8787","ENTREZID","2779","directed","Process(inhibition)"
"ENTREZID","8787","ENTREZID","2780","directed","Process(inhibition)"
"ENTREZID","8787","ENTREZID","2782","directed","Process(inhibition)"
"ENTREZID","8787","ENTREZID","2792","directed","Process(inhibition)"
"ENTREZID","91860","ENTREZID","1258","directed","Process(inhibition)"
"ENTREZID","91860","ENTREZID","1259","directed","Process(inhibition)"
"ENTREZID","9626","ENTREZID","2986","directed","Process(inhibition)"
"ENTREZID","9626","ENTREZID","2986","directed","Process(activation)"
"ENTREZID","9626","ENTREZID","3000","directed","Process(inhibition)"
"ENTREZID","9626","ENTREZID","3000","directed","Process(activation)"
