"src_type","src","dest_type","dest","direction","type"
"ENTREZID","1432","ENTREZID","7442","directed","Process(activation)"
"ENTREZID","1432","ENTREZID","7442","directed","Process(indirect effect)"
"ENTREZID","163688","ENTREZID","815","directed","Process(activation)"
"ENTREZID","163688","ENTREZID","816","directed","Process(activation)"
"ENTREZID","163688","ENTREZID","817","directed","Process(activation)"
"ENTREZID","163688","ENTREZID","818","directed","Process(activation)"
"ENTREZID","2150","ENTREZID","2776","directed","Process(activation)"
"ENTREZID","2776","ENTREZID","100137049","directed","Process(activation)"
"ENTREZID","2776","ENTREZID","123745","directed","Process(activation)"
"ENTREZID","2776","ENTREZID","23236","directed","Process(activation)"
"ENTREZID","2776","ENTREZID","255189","directed","Process(activation)"
"ENTREZID","2776","ENTREZID","283748","directed","Process(activation)"
"ENTREZID","2776","ENTREZID","5321","directed","Process(activation)"
"ENTREZID","2776","ENTREZID","5330","directed","Process(activation)"
"ENTREZID","2776","ENTREZID","5331","directed","Process(activation)"
"ENTREZID","2776","ENTREZID","5332","directed","Process(activation)"
"ENTREZID","2776","ENTREZID","8398","directed","Process(activation)"
"ENTREZID","2776","ENTREZID","8605","directed","Process(activation)"
"ENTREZID","2776","ENTREZID","8681","directed","Process(activation)"
"ENTREZID","2778","ENTREZID","107","directed","Process(activation)"
"ENTREZID","2778","ENTREZID","108","directed","Process(activation)"
"ENTREZID","2778","ENTREZID","109","directed","Process(activation)"
"ENTREZID","2778","ENTREZID","111","directed","Process(activation)"
"ENTREZID","2778","ENTREZID","112","directed","Process(activation)"
"ENTREZID","2778","ENTREZID","113","directed","Process(activation)"
"ENTREZID","2778","ENTREZID","114","directed","Process(activation)"
"ENTREZID","2778","ENTREZID","115","directed","Process(activation)"
"ENTREZID","2778","ENTREZID","196883","directed","Process(activation)"
"ENTREZID","3269","ENTREZID","2776","directed","Process(activation)"
"ENTREZID","3356","ENTREZID","2776","directed","Process(activation)"
"ENTREZID","3357","ENTREZID","2776","directed","Process(activation)"
"ENTREZID","3358","ENTREZID","2776","directed","Process(activation)"
"ENTREZID","3479","ENTREZID","51393","directed","Process(activation)"
"ENTREZID","3553","ENTREZID","3554","directed","Process(activation)"
"ENTREZID","3553","ENTREZID","3556","directed","Process(activation)"
"ENTREZID","3554","ENTREZID","5606","directed","Process(activation)"
"ENTREZID","3554","ENTREZID","5606","directed","Process(indirect effect)"
"ENTREZID","3554","ENTREZID","5608","directed","Process(activation)"
"ENTREZID","3554","ENTREZID","5608","directed","Process(indirect effect)"
"ENTREZID","3556","ENTREZID","5606","directed","Process(activation)"
"ENTREZID","3556","ENTREZID","5606","directed","Process(indirect effect)"
"ENTREZID","3556","ENTREZID","5608","directed","Process(activation)"
"ENTREZID","3556","ENTREZID","5608","directed","Process(indirect effect)"
"ENTREZID","3827","ENTREZID","623","directed","Process(activation)"
"ENTREZID","3827","ENTREZID","624","directed","Process(activation)"
"ENTREZID","4803","ENTREZID","4914","directed","Process(activation)"
"ENTREZID","4914","ENTREZID","5290","directed","Process(activation)"
"ENTREZID","4914","ENTREZID","5291","directed","Process(activation)"
"ENTREZID","4914","ENTREZID","5293","directed","Process(activation)"
"ENTREZID","4914","ENTREZID","5295","directed","Process(activation)"
"ENTREZID","4914","ENTREZID","5296","directed","Process(activation)"
"ENTREZID","4914","ENTREZID","5335","directed","Process(activation)"
"ENTREZID","4914","ENTREZID","5336","directed","Process(activation)"
"ENTREZID","4914","ENTREZID","8503","directed","Process(activation)"
"ENTREZID","5029","ENTREZID","2776","directed","Process(activation)"
"ENTREZID","51806","ENTREZID","815","directed","Process(activation)"
"ENTREZID","51806","ENTREZID","816","directed","Process(activation)"
"ENTREZID","51806","ENTREZID","817","directed","Process(activation)"
"ENTREZID","51806","ENTREZID","818","directed","Process(activation)"
"ENTREZID","5290","ENTREZID","5580","directed","Process(activation)"
"ENTREZID","5291","ENTREZID","5580","directed","Process(activation)"
"ENTREZID","5293","ENTREZID","5580","directed","Process(activation)"
"ENTREZID","5295","ENTREZID","5580","directed","Process(activation)"
"ENTREZID","5296","ENTREZID","5580","directed","Process(activation)"
"ENTREZID","5499","ENTREZID","79054","directed","Process(inhibition)"
"ENTREZID","5499","ENTREZID","79054","directed","Process(dephosphorylation)"
"ENTREZID","5500","ENTREZID","79054","directed","Process(inhibition)"
"ENTREZID","5500","ENTREZID","79054","directed","Process(dephosphorylation)"
"ENTREZID","5501","ENTREZID","79054","directed","Process(inhibition)"
"ENTREZID","5501","ENTREZID","79054","directed","Process(dephosphorylation)"
"ENTREZID","5566","ENTREZID","59341","directed","Process(activation)"
"ENTREZID","5566","ENTREZID","59341","directed","Process(indirect effect)"
"ENTREZID","5566","ENTREZID","7442","directed","Process(phosphorylation)"
"ENTREZID","5566","ENTREZID","7442","directed","Process(activation)"
"ENTREZID","5566","ENTREZID","79054","directed","Process(inhibition)"
"ENTREZID","5566","ENTREZID","79054","directed","Process(indirect effect)"
"ENTREZID","5567","ENTREZID","59341","directed","Process(activation)"
"ENTREZID","5567","ENTREZID","59341","directed","Process(indirect effect)"
"ENTREZID","5567","ENTREZID","7442","directed","Process(phosphorylation)"
"ENTREZID","5567","ENTREZID","7442","directed","Process(activation)"
"ENTREZID","5567","ENTREZID","79054","directed","Process(inhibition)"
"ENTREZID","5567","ENTREZID","79054","directed","Process(indirect effect)"
"ENTREZID","5568","ENTREZID","59341","directed","Process(activation)"
"ENTREZID","5568","ENTREZID","59341","directed","Process(indirect effect)"
"ENTREZID","5568","ENTREZID","7442","directed","Process(phosphorylation)"
"ENTREZID","5568","ENTREZID","7442","directed","Process(activation)"
"ENTREZID","5568","ENTREZID","79054","directed","Process(inhibition)"
"ENTREZID","5568","ENTREZID","79054","directed","Process(indirect effect)"
"ENTREZID","5578","ENTREZID","59341","directed","Process(phosphorylation)"
"ENTREZID","5578","ENTREZID","59341","directed","Process(activation)"
"ENTREZID","5579","ENTREZID","59341","directed","Process(phosphorylation)"
"ENTREZID","5579","ENTREZID","59341","directed","Process(activation)"
"ENTREZID","5580","ENTREZID","59341","directed","Process(phosphorylation)"
"ENTREZID","5580","ENTREZID","59341","directed","Process(activation)"
"ENTREZID","5580","ENTREZID","6714","directed","Process(activation)"
"ENTREZID","5581","ENTREZID","5499","directed","Process(activation)"
"ENTREZID","5581","ENTREZID","5500","directed","Process(activation)"
"ENTREZID","5581","ENTREZID","5501","directed","Process(activation)"
"ENTREZID","5581","ENTREZID","59341","directed","Process(phosphorylation)"
"ENTREZID","5581","ENTREZID","59341","directed","Process(activation)"
"ENTREZID","5581","ENTREZID","7442","directed","Process(phosphorylation)"
"ENTREZID","5581","ENTREZID","7442","directed","Process(activation)"
"ENTREZID","5581","ENTREZID","8989","directed","Process(phosphorylation)"
"ENTREZID","5581","ENTREZID","8989","directed","Process(activation)"
"ENTREZID","5582","ENTREZID","59341","directed","Process(phosphorylation)"
"ENTREZID","5582","ENTREZID","59341","directed","Process(activation)"
"ENTREZID","5583","ENTREZID","59341","directed","Process(phosphorylation)"
"ENTREZID","5583","ENTREZID","59341","directed","Process(activation)"
"ENTREZID","5588","ENTREZID","59341","directed","Process(phosphorylation)"
"ENTREZID","5588","ENTREZID","59341","directed","Process(activation)"
"ENTREZID","5599","ENTREZID","7442","directed","Process(activation)"
"ENTREZID","5599","ENTREZID","7442","directed","Process(indirect effect)"
"ENTREZID","5600","ENTREZID","7442","directed","Process(activation)"
"ENTREZID","5600","ENTREZID","7442","directed","Process(indirect effect)"
"ENTREZID","5601","ENTREZID","7442","directed","Process(activation)"
"ENTREZID","5601","ENTREZID","7442","directed","Process(indirect effect)"
"ENTREZID","5602","ENTREZID","7442","directed","Process(activation)"
"ENTREZID","5602","ENTREZID","7442","directed","Process(indirect effect)"
"ENTREZID","5603","ENTREZID","7442","directed","Process(activation)"
"ENTREZID","5603","ENTREZID","7442","directed","Process(indirect effect)"
"ENTREZID","5606","ENTREZID","1432","directed","Process(activation)"
"ENTREZID","5606","ENTREZID","5599","directed","Process(activation)"
"ENTREZID","5606","ENTREZID","5600","directed","Process(activation)"
"ENTREZID","5606","ENTREZID","5601","directed","Process(activation)"
"ENTREZID","5606","ENTREZID","5602","directed","Process(activation)"
"ENTREZID","5606","ENTREZID","5603","directed","Process(activation)"
"ENTREZID","5606","ENTREZID","6300","directed","Process(activation)"
"ENTREZID","5608","ENTREZID","1432","directed","Process(activation)"
"ENTREZID","5608","ENTREZID","5599","directed","Process(activation)"
"ENTREZID","5608","ENTREZID","5600","directed","Process(activation)"
"ENTREZID","5608","ENTREZID","5601","directed","Process(activation)"
"ENTREZID","5608","ENTREZID","5602","directed","Process(activation)"
"ENTREZID","5608","ENTREZID","5603","directed","Process(activation)"
"ENTREZID","5608","ENTREZID","6300","directed","Process(activation)"
"ENTREZID","5732","ENTREZID","2778","directed","Process(activation)"
"ENTREZID","5734","ENTREZID","2778","directed","Process(activation)"
"ENTREZID","623","ENTREZID","2776","directed","Process(activation)"
"ENTREZID","624","ENTREZID","2776","directed","Process(activation)"
"ENTREZID","6300","ENTREZID","7442","directed","Process(activation)"
"ENTREZID","6300","ENTREZID","7442","directed","Process(indirect effect)"
"ENTREZID","6714","ENTREZID","7442","directed","Process(phosphorylation)"
"ENTREZID","6714","ENTREZID","7442","directed","Process(activation)"
"ENTREZID","801","ENTREZID","815","directed","Process(activation)"
"ENTREZID","801","ENTREZID","816","directed","Process(activation)"
"ENTREZID","801","ENTREZID","817","directed","Process(activation)"
"ENTREZID","801","ENTREZID","818","directed","Process(activation)"
"ENTREZID","805","ENTREZID","815","directed","Process(activation)"
"ENTREZID","805","ENTREZID","816","directed","Process(activation)"
"ENTREZID","805","ENTREZID","817","directed","Process(activation)"
"ENTREZID","805","ENTREZID","818","directed","Process(activation)"
"ENTREZID","808","ENTREZID","815","directed","Process(activation)"
"ENTREZID","808","ENTREZID","816","directed","Process(activation)"
"ENTREZID","808","ENTREZID","817","directed","Process(activation)"
"ENTREZID","808","ENTREZID","818","directed","Process(activation)"
"ENTREZID","810","ENTREZID","815","directed","Process(activation)"
"ENTREZID","810","ENTREZID","816","directed","Process(activation)"
"ENTREZID","810","ENTREZID","817","directed","Process(activation)"
"ENTREZID","810","ENTREZID","818","directed","Process(activation)"
"ENTREZID","815","ENTREZID","7442","directed","Process(phosphorylation)"
"ENTREZID","815","ENTREZID","7442","directed","Process(activation)"
"ENTREZID","816","ENTREZID","7442","directed","Process(phosphorylation)"
"ENTREZID","816","ENTREZID","7442","directed","Process(activation)"
"ENTREZID","817","ENTREZID","7442","directed","Process(phosphorylation)"
"ENTREZID","817","ENTREZID","7442","directed","Process(activation)"
"ENTREZID","818","ENTREZID","7442","directed","Process(phosphorylation)"
"ENTREZID","818","ENTREZID","7442","directed","Process(activation)"
"ENTREZID","8503","ENTREZID","5580","directed","Process(activation)"
"ENTREZID","91860","ENTREZID","815","directed","Process(activation)"
"ENTREZID","91860","ENTREZID","816","directed","Process(activation)"
"ENTREZID","91860","ENTREZID","817","directed","Process(activation)"
"ENTREZID","91860","ENTREZID","818","directed","Process(activation)"
