"src_type","src","dest_type","dest","direction","type"
"ENTREZID","10746","ENTREZID","5606","directed","Process(phosphorylation)"
"ENTREZID","10746","ENTREZID","5606","directed","Process(activation)"
"ENTREZID","10746","ENTREZID","5608","directed","Process(phosphorylation)"
"ENTREZID","10746","ENTREZID","5608","directed","Process(activation)"
"ENTREZID","163688","ENTREZID","815","directed","Process(activation)"
"ENTREZID","163688","ENTREZID","816","directed","Process(activation)"
"ENTREZID","163688","ENTREZID","817","directed","Process(activation)"
"ENTREZID","163688","ENTREZID","818","directed","Process(activation)"
"ENTREZID","1839","ENTREZID","1956","directed","Process(activation)"
"ENTREZID","1956","ENTREZID","2885","directed","Process(activation)"
"ENTREZID","2767","ENTREZID","23236","directed","Process(activation)"
"ENTREZID","2767","ENTREZID","5330","directed","Process(activation)"
"ENTREZID","2767","ENTREZID","5331","directed","Process(activation)"
"ENTREZID","2767","ENTREZID","5332","directed","Process(activation)"
"ENTREZID","2776","ENTREZID","23236","directed","Process(activation)"
"ENTREZID","2776","ENTREZID","5330","directed","Process(activation)"
"ENTREZID","2776","ENTREZID","5331","directed","Process(activation)"
"ENTREZID","2776","ENTREZID","5332","directed","Process(activation)"
"ENTREZID","2778","ENTREZID","107","directed","Process(activation)"
"ENTREZID","2778","ENTREZID","108","directed","Process(activation)"
"ENTREZID","2778","ENTREZID","109","directed","Process(activation)"
"ENTREZID","2778","ENTREZID","111","directed","Process(activation)"
"ENTREZID","2778","ENTREZID","112","directed","Process(activation)"
"ENTREZID","2778","ENTREZID","113","directed","Process(activation)"
"ENTREZID","2778","ENTREZID","114","directed","Process(activation)"
"ENTREZID","2778","ENTREZID","115","directed","Process(activation)"
"ENTREZID","2778","ENTREZID","196883","directed","Process(activation)"
"ENTREZID","2796","ENTREZID","2798","directed","Process(activation)"
"ENTREZID","2797","ENTREZID","2798","directed","Process(activation)"
"ENTREZID","2798","ENTREZID","2767","directed","Process(activation)"
"ENTREZID","2798","ENTREZID","2776","directed","Process(activation)"
"ENTREZID","2798","ENTREZID","2778","directed","Process(activation)"
"ENTREZID","2885","ENTREZID","6654","directed","Process(activation)"
"ENTREZID","2885","ENTREZID","6655","directed","Process(activation)"
"ENTREZID","3265","ENTREZID","5894","directed","Process(activation)"
"ENTREZID","3845","ENTREZID","5894","directed","Process(activation)"
"ENTREZID","4214","ENTREZID","5606","directed","Process(phosphorylation)"
"ENTREZID","4214","ENTREZID","5606","directed","Process(activation)"
"ENTREZID","4214","ENTREZID","5608","directed","Process(phosphorylation)"
"ENTREZID","4214","ENTREZID","5608","directed","Process(activation)"
"ENTREZID","4214","ENTREZID","5609","directed","Process(phosphorylation)"
"ENTREZID","4214","ENTREZID","5609","directed","Process(activation)"
"ENTREZID","4214","ENTREZID","6416","directed","Process(phosphorylation)"
"ENTREZID","4214","ENTREZID","6416","directed","Process(activation)"
"ENTREZID","4215","ENTREZID","5606","directed","Process(phosphorylation)"
"ENTREZID","4215","ENTREZID","5606","directed","Process(activation)"
"ENTREZID","4215","ENTREZID","5608","directed","Process(phosphorylation)"
"ENTREZID","4215","ENTREZID","5608","directed","Process(activation)"
"ENTREZID","4216","ENTREZID","5606","directed","Process(phosphorylation)"
"ENTREZID","4216","ENTREZID","5606","directed","Process(activation)"
"ENTREZID","4216","ENTREZID","5608","directed","Process(phosphorylation)"
"ENTREZID","4216","ENTREZID","5608","directed","Process(activation)"
"ENTREZID","4313","ENTREZID","1839","directed","Process(activation)"
"ENTREZID","4323","ENTREZID","4313","directed","Process(binding/association)"
"ENTREZID","4893","ENTREZID","5894","directed","Process(activation)"
"ENTREZID","51806","ENTREZID","815","directed","Process(activation)"
"ENTREZID","51806","ENTREZID","816","directed","Process(activation)"
"ENTREZID","51806","ENTREZID","817","directed","Process(activation)"
"ENTREZID","51806","ENTREZID","818","directed","Process(activation)"
"ENTREZID","5566","ENTREZID","468","directed","Process(phosphorylation)"
"ENTREZID","5566","ENTREZID","468","directed","Process(activation)"
"ENTREZID","5567","ENTREZID","468","directed","Process(phosphorylation)"
"ENTREZID","5567","ENTREZID","468","directed","Process(activation)"
"ENTREZID","5568","ENTREZID","468","directed","Process(phosphorylation)"
"ENTREZID","5568","ENTREZID","468","directed","Process(activation)"
"ENTREZID","5578","ENTREZID","100137049","directed","Process(indirect effect)"
"ENTREZID","5578","ENTREZID","10746","directed","Process(indirect effect)"
"ENTREZID","5578","ENTREZID","123745","directed","Process(indirect effect)"
"ENTREZID","5578","ENTREZID","2185","directed","Process(indirect effect)"
"ENTREZID","5578","ENTREZID","255189","directed","Process(indirect effect)"
"ENTREZID","5578","ENTREZID","283748","directed","Process(indirect effect)"
"ENTREZID","5578","ENTREZID","4214","directed","Process(indirect effect)"
"ENTREZID","5578","ENTREZID","4215","directed","Process(indirect effect)"
"ENTREZID","5578","ENTREZID","4216","directed","Process(indirect effect)"
"ENTREZID","5578","ENTREZID","4323","directed","Process(indirect effect)"
"ENTREZID","5578","ENTREZID","5321","directed","Process(indirect effect)"
"ENTREZID","5578","ENTREZID","5337","directed","Process(indirect effect)"
"ENTREZID","5578","ENTREZID","5338","directed","Process(indirect effect)"
"ENTREZID","5578","ENTREZID","5598","directed","Process(indirect effect)"
"ENTREZID","5578","ENTREZID","5894","directed","Process(phosphorylation)"
"ENTREZID","5578","ENTREZID","5894","directed","Process(activation)"
"ENTREZID","5578","ENTREZID","6714","directed","Process(indirect effect)"
"ENTREZID","5578","ENTREZID","8605","directed","Process(indirect effect)"
"ENTREZID","5578","ENTREZID","8681","directed","Process(indirect effect)"
"ENTREZID","5579","ENTREZID","100137049","directed","Process(indirect effect)"
"ENTREZID","5579","ENTREZID","10746","directed","Process(indirect effect)"
"ENTREZID","5579","ENTREZID","123745","directed","Process(indirect effect)"
"ENTREZID","5579","ENTREZID","2185","directed","Process(indirect effect)"
"ENTREZID","5579","ENTREZID","255189","directed","Process(indirect effect)"
"ENTREZID","5579","ENTREZID","283748","directed","Process(indirect effect)"
"ENTREZID","5579","ENTREZID","4214","directed","Process(indirect effect)"
"ENTREZID","5579","ENTREZID","4215","directed","Process(indirect effect)"
"ENTREZID","5579","ENTREZID","4216","directed","Process(indirect effect)"
"ENTREZID","5579","ENTREZID","4323","directed","Process(indirect effect)"
"ENTREZID","5579","ENTREZID","5321","directed","Process(indirect effect)"
"ENTREZID","5579","ENTREZID","5337","directed","Process(indirect effect)"
"ENTREZID","5579","ENTREZID","5338","directed","Process(indirect effect)"
"ENTREZID","5579","ENTREZID","5598","directed","Process(indirect effect)"
"ENTREZID","5579","ENTREZID","5894","directed","Process(phosphorylation)"
"ENTREZID","5579","ENTREZID","5894","directed","Process(activation)"
"ENTREZID","5579","ENTREZID","6714","directed","Process(indirect effect)"
"ENTREZID","5579","ENTREZID","8605","directed","Process(indirect effect)"
"ENTREZID","5579","ENTREZID","8681","directed","Process(indirect effect)"
"ENTREZID","5580","ENTREZID","100137049","directed","Process(indirect effect)"
"ENTREZID","5580","ENTREZID","10746","directed","Process(indirect effect)"
"ENTREZID","5580","ENTREZID","123745","directed","Process(indirect effect)"
"ENTREZID","5580","ENTREZID","2185","directed","Process(indirect effect)"
"ENTREZID","5580","ENTREZID","255189","directed","Process(indirect effect)"
"ENTREZID","5580","ENTREZID","283748","directed","Process(indirect effect)"
"ENTREZID","5580","ENTREZID","4214","directed","Process(indirect effect)"
"ENTREZID","5580","ENTREZID","4215","directed","Process(indirect effect)"
"ENTREZID","5580","ENTREZID","4216","directed","Process(indirect effect)"
"ENTREZID","5580","ENTREZID","4323","directed","Process(indirect effect)"
"ENTREZID","5580","ENTREZID","5321","directed","Process(indirect effect)"
"ENTREZID","5580","ENTREZID","5337","directed","Process(indirect effect)"
"ENTREZID","5580","ENTREZID","5338","directed","Process(indirect effect)"
"ENTREZID","5580","ENTREZID","5598","directed","Process(indirect effect)"
"ENTREZID","5580","ENTREZID","5894","directed","Process(phosphorylation)"
"ENTREZID","5580","ENTREZID","5894","directed","Process(activation)"
"ENTREZID","5580","ENTREZID","6714","directed","Process(indirect effect)"
"ENTREZID","5580","ENTREZID","8605","directed","Process(indirect effect)"
"ENTREZID","5580","ENTREZID","8681","directed","Process(indirect effect)"
"ENTREZID","5594","ENTREZID","1958","directed","Process(phosphorylation)"
"ENTREZID","5594","ENTREZID","1958","directed","Process(activation)"
"ENTREZID","5594","ENTREZID","2002","directed","Process(phosphorylation)"
"ENTREZID","5594","ENTREZID","2002","directed","Process(activation)"
"ENTREZID","5595","ENTREZID","1958","directed","Process(phosphorylation)"
"ENTREZID","5595","ENTREZID","1958","directed","Process(activation)"
"ENTREZID","5595","ENTREZID","2002","directed","Process(phosphorylation)"
"ENTREZID","5595","ENTREZID","2002","directed","Process(activation)"
"ENTREZID","5599","ENTREZID","3725","directed","Process(phosphorylation)"
"ENTREZID","5599","ENTREZID","3725","directed","Process(activation)"
"ENTREZID","5601","ENTREZID","3725","directed","Process(phosphorylation)"
"ENTREZID","5601","ENTREZID","3725","directed","Process(activation)"
"ENTREZID","5602","ENTREZID","3725","directed","Process(phosphorylation)"
"ENTREZID","5602","ENTREZID","3725","directed","Process(activation)"
"ENTREZID","5604","ENTREZID","5594","directed","Process(phosphorylation)"
"ENTREZID","5604","ENTREZID","5594","directed","Process(activation)"
"ENTREZID","5604","ENTREZID","5595","directed","Process(phosphorylation)"
"ENTREZID","5604","ENTREZID","5595","directed","Process(activation)"
"ENTREZID","5605","ENTREZID","5594","directed","Process(phosphorylation)"
"ENTREZID","5605","ENTREZID","5594","directed","Process(activation)"
"ENTREZID","5605","ENTREZID","5595","directed","Process(phosphorylation)"
"ENTREZID","5605","ENTREZID","5595","directed","Process(activation)"
"ENTREZID","5606","ENTREZID","1432","directed","Process(phosphorylation)"
"ENTREZID","5606","ENTREZID","1432","directed","Process(activation)"
"ENTREZID","5606","ENTREZID","5600","directed","Process(phosphorylation)"
"ENTREZID","5606","ENTREZID","5600","directed","Process(activation)"
"ENTREZID","5606","ENTREZID","5603","directed","Process(phosphorylation)"
"ENTREZID","5606","ENTREZID","5603","directed","Process(activation)"
"ENTREZID","5606","ENTREZID","6300","directed","Process(phosphorylation)"
"ENTREZID","5606","ENTREZID","6300","directed","Process(activation)"
"ENTREZID","5608","ENTREZID","1432","directed","Process(phosphorylation)"
"ENTREZID","5608","ENTREZID","1432","directed","Process(activation)"
"ENTREZID","5608","ENTREZID","5600","directed","Process(phosphorylation)"
"ENTREZID","5608","ENTREZID","5600","directed","Process(activation)"
"ENTREZID","5608","ENTREZID","5603","directed","Process(phosphorylation)"
"ENTREZID","5608","ENTREZID","5603","directed","Process(activation)"
"ENTREZID","5608","ENTREZID","6300","directed","Process(phosphorylation)"
"ENTREZID","5608","ENTREZID","6300","directed","Process(activation)"
"ENTREZID","5609","ENTREZID","5599","directed","Process(phosphorylation)"
"ENTREZID","5609","ENTREZID","5599","directed","Process(activation)"
"ENTREZID","5609","ENTREZID","5601","directed","Process(phosphorylation)"
"ENTREZID","5609","ENTREZID","5601","directed","Process(activation)"
"ENTREZID","5609","ENTREZID","5602","directed","Process(phosphorylation)"
"ENTREZID","5609","ENTREZID","5602","directed","Process(activation)"
"ENTREZID","5894","ENTREZID","5604","directed","Process(phosphorylation)"
"ENTREZID","5894","ENTREZID","5604","directed","Process(activation)"
"ENTREZID","5894","ENTREZID","5605","directed","Process(phosphorylation)"
"ENTREZID","5894","ENTREZID","5605","directed","Process(activation)"
"ENTREZID","6416","ENTREZID","5599","directed","Process(phosphorylation)"
"ENTREZID","6416","ENTREZID","5599","directed","Process(activation)"
"ENTREZID","6416","ENTREZID","5601","directed","Process(phosphorylation)"
"ENTREZID","6416","ENTREZID","5601","directed","Process(activation)"
"ENTREZID","6416","ENTREZID","5602","directed","Process(phosphorylation)"
"ENTREZID","6416","ENTREZID","5602","directed","Process(activation)"
"ENTREZID","6654","ENTREZID","3265","directed","Process(activation)"
"ENTREZID","6654","ENTREZID","3845","directed","Process(activation)"
"ENTREZID","6654","ENTREZID","4893","directed","Process(activation)"
"ENTREZID","6655","ENTREZID","3265","directed","Process(activation)"
"ENTREZID","6655","ENTREZID","3845","directed","Process(activation)"
"ENTREZID","6655","ENTREZID","4893","directed","Process(activation)"
"ENTREZID","6714","ENTREZID","1956","directed","Process(phosphorylation)"
"ENTREZID","6714","ENTREZID","1956","directed","Process(activation)"
"ENTREZID","6714","ENTREZID","3265","directed","Process(activation)"
"ENTREZID","6714","ENTREZID","3265","directed","Process(indirect effect)"
"ENTREZID","6714","ENTREZID","3845","directed","Process(activation)"
"ENTREZID","6714","ENTREZID","3845","directed","Process(indirect effect)"
"ENTREZID","6714","ENTREZID","4893","directed","Process(activation)"
"ENTREZID","6714","ENTREZID","4893","directed","Process(indirect effect)"
"ENTREZID","6714","ENTREZID","998","directed","Process(indirect effect)"
"ENTREZID","801","ENTREZID","815","directed","Process(activation)"
"ENTREZID","801","ENTREZID","816","directed","Process(activation)"
"ENTREZID","801","ENTREZID","817","directed","Process(activation)"
"ENTREZID","801","ENTREZID","818","directed","Process(activation)"
"ENTREZID","805","ENTREZID","815","directed","Process(activation)"
"ENTREZID","805","ENTREZID","816","directed","Process(activation)"
"ENTREZID","805","ENTREZID","817","directed","Process(activation)"
"ENTREZID","805","ENTREZID","818","directed","Process(activation)"
"ENTREZID","808","ENTREZID","815","directed","Process(activation)"
"ENTREZID","808","ENTREZID","816","directed","Process(activation)"
"ENTREZID","808","ENTREZID","817","directed","Process(activation)"
"ENTREZID","808","ENTREZID","818","directed","Process(activation)"
"ENTREZID","810","ENTREZID","815","directed","Process(activation)"
"ENTREZID","810","ENTREZID","816","directed","Process(activation)"
"ENTREZID","810","ENTREZID","817","directed","Process(activation)"
"ENTREZID","810","ENTREZID","818","directed","Process(activation)"
"ENTREZID","91860","ENTREZID","815","directed","Process(activation)"
"ENTREZID","91860","ENTREZID","816","directed","Process(activation)"
"ENTREZID","91860","ENTREZID","817","directed","Process(activation)"
"ENTREZID","91860","ENTREZID","818","directed","Process(activation)"
"ENTREZID","998","ENTREZID","4214","directed","Process(indirect effect)"
