"src_type","src","dest_type","dest","direction","type"
"ENTREZID","10000","ENTREZID","2309","directed","Process(inhibition)"
"ENTREZID","10000","ENTREZID","2309","directed","Process(phosphorylation)"
"ENTREZID","10000","ENTREZID","2932","directed","Process(inhibition)"
"ENTREZID","10000","ENTREZID","2932","directed","Process(phosphorylation)"
"ENTREZID","1081","ENTREZID","3973","directed","Process(activation)"
"ENTREZID","1154","ENTREZID","5618","directed","Process(inhibition)"
"ENTREZID","122809","ENTREZID","3717","directed","Process(inhibition)"
"ENTREZID","122809","ENTREZID","6772","directed","Process(inhibition)"
"ENTREZID","122809","ENTREZID","6774","directed","Process(inhibition)"
"ENTREZID","122809","ENTREZID","6776","directed","Process(inhibition)"
"ENTREZID","122809","ENTREZID","6777","directed","Process(inhibition)"
"ENTREZID","1432","ENTREZID","5594","directed","Process(activation)"
"ENTREZID","1432","ENTREZID","5595","directed","Process(activation)"
"ENTREZID","207","ENTREZID","2309","directed","Process(inhibition)"
"ENTREZID","207","ENTREZID","2309","directed","Process(phosphorylation)"
"ENTREZID","207","ENTREZID","2932","directed","Process(inhibition)"
"ENTREZID","207","ENTREZID","2932","directed","Process(phosphorylation)"
"ENTREZID","208","ENTREZID","2309","directed","Process(inhibition)"
"ENTREZID","208","ENTREZID","2309","directed","Process(phosphorylation)"
"ENTREZID","208","ENTREZID","2932","directed","Process(inhibition)"
"ENTREZID","208","ENTREZID","2932","directed","Process(phosphorylation)"
"ENTREZID","2309","ENTREZID","2592","directed","Process(expression)"
"ENTREZID","2353","ENTREZID","595","directed","Process(expression)"
"ENTREZID","25759","ENTREZID","2885","directed","Process(activation)"
"ENTREZID","25759","ENTREZID","6714","directed","Process(activation)"
"ENTREZID","2885","ENTREZID","6654","directed","Process(activation)"
"ENTREZID","2885","ENTREZID","6655","directed","Process(activation)"
"ENTREZID","2932","ENTREZID","595","directed","Process(inhibition)"
"ENTREZID","2932","ENTREZID","595","directed","Process(phosphorylation)"
"ENTREZID","30837","ENTREZID","3717","directed","Process(inhibition)"
"ENTREZID","30837","ENTREZID","6772","directed","Process(inhibition)"
"ENTREZID","30837","ENTREZID","6774","directed","Process(inhibition)"
"ENTREZID","30837","ENTREZID","6776","directed","Process(inhibition)"
"ENTREZID","30837","ENTREZID","6777","directed","Process(inhibition)"
"ENTREZID","3265","ENTREZID","5599","directed","Process(activation)"
"ENTREZID","3265","ENTREZID","5601","directed","Process(activation)"
"ENTREZID","3265","ENTREZID","5602","directed","Process(activation)"
"ENTREZID","3265","ENTREZID","5894","directed","Process(activation)"
"ENTREZID","3717","ENTREZID","25759","directed","Process(activation)"
"ENTREZID","3717","ENTREZID","399694","directed","Process(activation)"
"ENTREZID","3717","ENTREZID","53358","directed","Process(activation)"
"ENTREZID","3717","ENTREZID","6464","directed","Process(activation)"
"ENTREZID","3717","ENTREZID","6772","directed","Process(activation)"
"ENTREZID","3717","ENTREZID","6774","directed","Process(activation)"
"ENTREZID","3717","ENTREZID","6776","directed","Process(activation)"
"ENTREZID","3717","ENTREZID","6777","directed","Process(activation)"
"ENTREZID","3845","ENTREZID","5599","directed","Process(activation)"
"ENTREZID","3845","ENTREZID","5601","directed","Process(activation)"
"ENTREZID","3845","ENTREZID","5602","directed","Process(activation)"
"ENTREZID","3845","ENTREZID","5894","directed","Process(activation)"
"ENTREZID","3972","ENTREZID","3973","directed","Process(activation)"
"ENTREZID","3973","ENTREZID","1586","directed","Process(activation)"
"ENTREZID","3973","ENTREZID","1586","directed","Process(indirect effect)"
"ENTREZID","399694","ENTREZID","2885","directed","Process(activation)"
"ENTREZID","399694","ENTREZID","6714","directed","Process(activation)"
"ENTREZID","4790","ENTREZID","595","directed","Process(expression)"
"ENTREZID","4893","ENTREZID","5599","directed","Process(activation)"
"ENTREZID","4893","ENTREZID","5601","directed","Process(activation)"
"ENTREZID","4893","ENTREZID","5602","directed","Process(activation)"
"ENTREZID","4893","ENTREZID","5894","directed","Process(activation)"
"ENTREZID","53358","ENTREZID","2885","directed","Process(activation)"
"ENTREZID","53358","ENTREZID","6714","directed","Process(activation)"
"ENTREZID","5594","ENTREZID","2353","directed","Process(activation)"
"ENTREZID","5594","ENTREZID","2353","directed","Process(indirect effect)"
"ENTREZID","5595","ENTREZID","2353","directed","Process(activation)"
"ENTREZID","5595","ENTREZID","2353","directed","Process(indirect effect)"
"ENTREZID","5599","ENTREZID","1432","directed","Process(activation)"
"ENTREZID","5599","ENTREZID","5600","directed","Process(activation)"
"ENTREZID","5599","ENTREZID","5603","directed","Process(activation)"
"ENTREZID","5599","ENTREZID","6300","directed","Process(activation)"
"ENTREZID","5600","ENTREZID","5594","directed","Process(activation)"
"ENTREZID","5600","ENTREZID","5595","directed","Process(activation)"
"ENTREZID","5601","ENTREZID","1432","directed","Process(activation)"
"ENTREZID","5601","ENTREZID","5600","directed","Process(activation)"
"ENTREZID","5601","ENTREZID","5603","directed","Process(activation)"
"ENTREZID","5601","ENTREZID","6300","directed","Process(activation)"
"ENTREZID","5602","ENTREZID","1432","directed","Process(activation)"
"ENTREZID","5602","ENTREZID","5600","directed","Process(activation)"
"ENTREZID","5602","ENTREZID","5603","directed","Process(activation)"
"ENTREZID","5602","ENTREZID","6300","directed","Process(activation)"
"ENTREZID","5603","ENTREZID","5594","directed","Process(activation)"
"ENTREZID","5603","ENTREZID","5595","directed","Process(activation)"
"ENTREZID","5604","ENTREZID","5594","directed","Process(phosphorylation)"
"ENTREZID","5604","ENTREZID","5594","directed","Process(activation)"
"ENTREZID","5604","ENTREZID","5595","directed","Process(phosphorylation)"
"ENTREZID","5604","ENTREZID","5595","directed","Process(activation)"
"ENTREZID","5605","ENTREZID","5594","directed","Process(phosphorylation)"
"ENTREZID","5605","ENTREZID","5594","directed","Process(activation)"
"ENTREZID","5605","ENTREZID","5595","directed","Process(phosphorylation)"
"ENTREZID","5605","ENTREZID","5595","directed","Process(activation)"
"ENTREZID","5617","ENTREZID","5618","directed","Process(activation)"
"ENTREZID","5618","ENTREZID","3717","directed","Process(activation)"
"ENTREZID","5894","ENTREZID","5290","directed","Process(activation)"
"ENTREZID","5894","ENTREZID","5291","directed","Process(activation)"
"ENTREZID","5894","ENTREZID","5293","directed","Process(activation)"
"ENTREZID","5894","ENTREZID","5295","directed","Process(activation)"
"ENTREZID","5894","ENTREZID","5296","directed","Process(activation)"
"ENTREZID","5894","ENTREZID","5604","directed","Process(phosphorylation)"
"ENTREZID","5894","ENTREZID","5604","directed","Process(activation)"
"ENTREZID","5894","ENTREZID","5605","directed","Process(phosphorylation)"
"ENTREZID","5894","ENTREZID","5605","directed","Process(activation)"
"ENTREZID","5894","ENTREZID","8503","directed","Process(activation)"
"ENTREZID","5970","ENTREZID","595","directed","Process(expression)"
"ENTREZID","6300","ENTREZID","5594","directed","Process(activation)"
"ENTREZID","6300","ENTREZID","5595","directed","Process(activation)"
"ENTREZID","6464","ENTREZID","2885","directed","Process(activation)"
"ENTREZID","6464","ENTREZID","6714","directed","Process(activation)"
"ENTREZID","6654","ENTREZID","3265","directed","Process(activation)"
"ENTREZID","6654","ENTREZID","3845","directed","Process(activation)"
"ENTREZID","6654","ENTREZID","4893","directed","Process(activation)"
"ENTREZID","6655","ENTREZID","3265","directed","Process(activation)"
"ENTREZID","6655","ENTREZID","3845","directed","Process(activation)"
"ENTREZID","6655","ENTREZID","4893","directed","Process(activation)"
"ENTREZID","6714","ENTREZID","5290","directed","Process(activation)"
"ENTREZID","6714","ENTREZID","5291","directed","Process(activation)"
"ENTREZID","6714","ENTREZID","5293","directed","Process(activation)"
"ENTREZID","6714","ENTREZID","5295","directed","Process(activation)"
"ENTREZID","6714","ENTREZID","5296","directed","Process(activation)"
"ENTREZID","6714","ENTREZID","8503","directed","Process(activation)"
"ENTREZID","6772","ENTREZID","1154","directed","Process(expression)"
"ENTREZID","6772","ENTREZID","1447","directed","Process(expression)"
"ENTREZID","6772","ENTREZID","2001","directed","Process(expression)"
"ENTREZID","6772","ENTREZID","2099","directed","Process(expression)"
"ENTREZID","6772","ENTREZID","2100","directed","Process(expression)"
"ENTREZID","6772","ENTREZID","2645","directed","Process(expression)"
"ENTREZID","6772","ENTREZID","3630","directed","Process(expression)"
"ENTREZID","6772","ENTREZID","3659","directed","Process(expression)"
"ENTREZID","6772","ENTREZID","3973","directed","Process(expression)"
"ENTREZID","6772","ENTREZID","5618","directed","Process(expression)"
"ENTREZID","6772","ENTREZID","595","directed","Process(expression)"
"ENTREZID","6772","ENTREZID","6514","directed","Process(expression)"
"ENTREZID","6772","ENTREZID","7054","directed","Process(expression)"
"ENTREZID","6772","ENTREZID","8600","directed","Process(expression)"
"ENTREZID","6772","ENTREZID","894","directed","Process(expression)"
"ENTREZID","6774","ENTREZID","1154","directed","Process(expression)"
"ENTREZID","6774","ENTREZID","1447","directed","Process(expression)"
"ENTREZID","6774","ENTREZID","2001","directed","Process(expression)"
"ENTREZID","6774","ENTREZID","2099","directed","Process(expression)"
"ENTREZID","6774","ENTREZID","2100","directed","Process(expression)"
"ENTREZID","6774","ENTREZID","2645","directed","Process(expression)"
"ENTREZID","6774","ENTREZID","3630","directed","Process(expression)"
"ENTREZID","6774","ENTREZID","3659","directed","Process(expression)"
"ENTREZID","6774","ENTREZID","3973","directed","Process(expression)"
"ENTREZID","6774","ENTREZID","5618","directed","Process(expression)"
"ENTREZID","6774","ENTREZID","595","directed","Process(expression)"
"ENTREZID","6774","ENTREZID","6514","directed","Process(expression)"
"ENTREZID","6774","ENTREZID","7054","directed","Process(expression)"
"ENTREZID","6774","ENTREZID","8600","directed","Process(expression)"
"ENTREZID","6774","ENTREZID","894","directed","Process(expression)"
"ENTREZID","6776","ENTREZID","1154","directed","Process(expression)"
"ENTREZID","6776","ENTREZID","1447","directed","Process(expression)"
"ENTREZID","6776","ENTREZID","2001","directed","Process(expression)"
"ENTREZID","6776","ENTREZID","2099","directed","Process(expression)"
"ENTREZID","6776","ENTREZID","2100","directed","Process(expression)"
"ENTREZID","6776","ENTREZID","2645","directed","Process(expression)"
"ENTREZID","6776","ENTREZID","3630","directed","Process(expression)"
"ENTREZID","6776","ENTREZID","3659","directed","Process(expression)"
"ENTREZID","6776","ENTREZID","3973","directed","Process(expression)"
"ENTREZID","6776","ENTREZID","5618","directed","Process(expression)"
"ENTREZID","6776","ENTREZID","595","directed","Process(expression)"
"ENTREZID","6776","ENTREZID","6514","directed","Process(expression)"
"ENTREZID","6776","ENTREZID","7054","directed","Process(expression)"
"ENTREZID","6776","ENTREZID","8600","directed","Process(expression)"
"ENTREZID","6776","ENTREZID","894","directed","Process(expression)"
"ENTREZID","6777","ENTREZID","1154","directed","Process(expression)"
"ENTREZID","6777","ENTREZID","1447","directed","Process(expression)"
"ENTREZID","6777","ENTREZID","2001","directed","Process(expression)"
"ENTREZID","6777","ENTREZID","2099","directed","Process(expression)"
"ENTREZID","6777","ENTREZID","2100","directed","Process(expression)"
"ENTREZID","6777","ENTREZID","2645","directed","Process(expression)"
"ENTREZID","6777","ENTREZID","3630","directed","Process(expression)"
"ENTREZID","6777","ENTREZID","3659","directed","Process(expression)"
"ENTREZID","6777","ENTREZID","3973","directed","Process(expression)"
"ENTREZID","6777","ENTREZID","5618","directed","Process(expression)"
"ENTREZID","6777","ENTREZID","595","directed","Process(expression)"
"ENTREZID","6777","ENTREZID","6514","directed","Process(expression)"
"ENTREZID","6777","ENTREZID","7054","directed","Process(expression)"
"ENTREZID","6777","ENTREZID","8600","directed","Process(expression)"
"ENTREZID","6777","ENTREZID","894","directed","Process(expression)"
"ENTREZID","8600","ENTREZID","8792","directed","Process(activation)"
"ENTREZID","8651","ENTREZID","3717","directed","Process(inhibition)"
"ENTREZID","8651","ENTREZID","6772","directed","Process(inhibition)"
"ENTREZID","8651","ENTREZID","6774","directed","Process(inhibition)"
"ENTREZID","8651","ENTREZID","6776","directed","Process(inhibition)"
"ENTREZID","8651","ENTREZID","6777","directed","Process(inhibition)"
"ENTREZID","8792","ENTREZID","4790","directed","Process(activation)"
"ENTREZID","8792","ENTREZID","4790","directed","Process(indirect effect)"
"ENTREZID","8792","ENTREZID","5970","directed","Process(activation)"
"ENTREZID","8792","ENTREZID","5970","directed","Process(indirect effect)"
"ENTREZID","8835","ENTREZID","3717","directed","Process(inhibition)"
"ENTREZID","8835","ENTREZID","6772","directed","Process(inhibition)"
"ENTREZID","8835","ENTREZID","6774","directed","Process(inhibition)"
"ENTREZID","8835","ENTREZID","6776","directed","Process(inhibition)"
"ENTREZID","8835","ENTREZID","6777","directed","Process(inhibition)"
"ENTREZID","9021","ENTREZID","3717","directed","Process(inhibition)"
"ENTREZID","9021","ENTREZID","6772","directed","Process(inhibition)"
"ENTREZID","9021","ENTREZID","6774","directed","Process(inhibition)"
"ENTREZID","9021","ENTREZID","6776","directed","Process(inhibition)"
"ENTREZID","9021","ENTREZID","6777","directed","Process(inhibition)"
"ENTREZID","9306","ENTREZID","3717","directed","Process(inhibition)"
"ENTREZID","9306","ENTREZID","6772","directed","Process(inhibition)"
"ENTREZID","9306","ENTREZID","6774","directed","Process(inhibition)"
"ENTREZID","9306","ENTREZID","6776","directed","Process(inhibition)"
"ENTREZID","9306","ENTREZID","6777","directed","Process(inhibition)"
"ENTREZID","9655","ENTREZID","3717","directed","Process(inhibition)"
"ENTREZID","9655","ENTREZID","6772","directed","Process(inhibition)"
"ENTREZID","9655","ENTREZID","6774","directed","Process(inhibition)"
"ENTREZID","9655","ENTREZID","6776","directed","Process(inhibition)"
"ENTREZID","9655","ENTREZID","6777","directed","Process(inhibition)"
