"src_type","src","dest_type","dest","direction","type"
"ENTREZID","10645","ENTREZID","51422","directed","Process(activation)"
"ENTREZID","10645","ENTREZID","53632","directed","Process(activation)"
"ENTREZID","10645","ENTREZID","5562","directed","Process(activation)"
"ENTREZID","10645","ENTREZID","5563","directed","Process(activation)"
"ENTREZID","10645","ENTREZID","5564","directed","Process(activation)"
"ENTREZID","10645","ENTREZID","5565","directed","Process(activation)"
"ENTREZID","10645","ENTREZID","5571","directed","Process(activation)"
"ENTREZID","146850","ENTREZID","1956","directed","Process(activation)"
"ENTREZID","146850","ENTREZID","1956","directed","Process(indirect effect)"
"ENTREZID","163688","ENTREZID","10645","directed","Process(activation)"
"ENTREZID","163688","ENTREZID","340156","directed","Process(activation)"
"ENTREZID","163688","ENTREZID","4638","directed","Process(activation)"
"ENTREZID","163688","ENTREZID","5530","directed","Process(activation)"
"ENTREZID","163688","ENTREZID","5532","directed","Process(activation)"
"ENTREZID","163688","ENTREZID","5533","directed","Process(activation)"
"ENTREZID","163688","ENTREZID","5534","directed","Process(activation)"
"ENTREZID","163688","ENTREZID","5535","directed","Process(activation)"
"ENTREZID","163688","ENTREZID","57118","directed","Process(activation)"
"ENTREZID","163688","ENTREZID","57172","directed","Process(activation)"
"ENTREZID","163688","ENTREZID","814","directed","Process(activation)"
"ENTREZID","163688","ENTREZID","815","directed","Process(activation)"
"ENTREZID","163688","ENTREZID","816","directed","Process(activation)"
"ENTREZID","163688","ENTREZID","817","directed","Process(activation)"
"ENTREZID","163688","ENTREZID","818","directed","Process(activation)"
"ENTREZID","163688","ENTREZID","8536","directed","Process(activation)"
"ENTREZID","163688","ENTREZID","85366","directed","Process(activation)"
"ENTREZID","163688","ENTREZID","91807","directed","Process(activation)"
"ENTREZID","1956","ENTREZID","5594","directed","Process(activation)"
"ENTREZID","1956","ENTREZID","5594","directed","Process(indirect effect)"
"ENTREZID","1956","ENTREZID","5595","directed","Process(activation)"
"ENTREZID","1956","ENTREZID","5595","directed","Process(indirect effect)"
"ENTREZID","23236","ENTREZID","1956","directed","Process(activation)"
"ENTREZID","23236","ENTREZID","1956","directed","Process(indirect effect)"
"ENTREZID","23533","ENTREZID","1956","directed","Process(activation)"
"ENTREZID","23533","ENTREZID","1956","directed","Process(indirect effect)"
"ENTREZID","2770","ENTREZID","107","directed","Process(inhibition)"
"ENTREZID","2770","ENTREZID","108","directed","Process(inhibition)"
"ENTREZID","2770","ENTREZID","109","directed","Process(inhibition)"
"ENTREZID","2770","ENTREZID","111","directed","Process(inhibition)"
"ENTREZID","2770","ENTREZID","112","directed","Process(inhibition)"
"ENTREZID","2770","ENTREZID","113","directed","Process(inhibition)"
"ENTREZID","2770","ENTREZID","114","directed","Process(inhibition)"
"ENTREZID","2770","ENTREZID","115","directed","Process(inhibition)"
"ENTREZID","2770","ENTREZID","146850","directed","Process(activation)"
"ENTREZID","2770","ENTREZID","146850","directed","Process(indirect effect)"
"ENTREZID","2770","ENTREZID","196883","directed","Process(inhibition)"
"ENTREZID","2770","ENTREZID","23236","directed","Process(activation)"
"ENTREZID","2770","ENTREZID","23236","directed","Process(indirect effect)"
"ENTREZID","2770","ENTREZID","23533","directed","Process(activation)"
"ENTREZID","2770","ENTREZID","23533","directed","Process(indirect effect)"
"ENTREZID","2770","ENTREZID","3760","directed","Process(activation)"
"ENTREZID","2770","ENTREZID","3762","directed","Process(activation)"
"ENTREZID","2770","ENTREZID","3763","directed","Process(activation)"
"ENTREZID","2770","ENTREZID","3765","directed","Process(activation)"
"ENTREZID","2770","ENTREZID","5294","directed","Process(activation)"
"ENTREZID","2770","ENTREZID","5294","directed","Process(indirect effect)"
"ENTREZID","2770","ENTREZID","5330","directed","Process(activation)"
"ENTREZID","2770","ENTREZID","5330","directed","Process(indirect effect)"
"ENTREZID","2770","ENTREZID","5331","directed","Process(activation)"
"ENTREZID","2770","ENTREZID","5331","directed","Process(indirect effect)"
"ENTREZID","2770","ENTREZID","5332","directed","Process(activation)"
"ENTREZID","2770","ENTREZID","5332","directed","Process(indirect effect)"
"ENTREZID","2770","ENTREZID","6714","directed","Process(activation)"
"ENTREZID","2770","ENTREZID","6714","directed","Process(indirect effect)"
"ENTREZID","2771","ENTREZID","107","directed","Process(inhibition)"
"ENTREZID","2771","ENTREZID","108","directed","Process(inhibition)"
"ENTREZID","2771","ENTREZID","109","directed","Process(inhibition)"
"ENTREZID","2771","ENTREZID","111","directed","Process(inhibition)"
"ENTREZID","2771","ENTREZID","112","directed","Process(inhibition)"
"ENTREZID","2771","ENTREZID","113","directed","Process(inhibition)"
"ENTREZID","2771","ENTREZID","114","directed","Process(inhibition)"
"ENTREZID","2771","ENTREZID","115","directed","Process(inhibition)"
"ENTREZID","2771","ENTREZID","146850","directed","Process(activation)"
"ENTREZID","2771","ENTREZID","146850","directed","Process(indirect effect)"
"ENTREZID","2771","ENTREZID","196883","directed","Process(inhibition)"
"ENTREZID","2771","ENTREZID","23236","directed","Process(activation)"
"ENTREZID","2771","ENTREZID","23236","directed","Process(indirect effect)"
"ENTREZID","2771","ENTREZID","23533","directed","Process(activation)"
"ENTREZID","2771","ENTREZID","23533","directed","Process(indirect effect)"
"ENTREZID","2771","ENTREZID","3760","directed","Process(activation)"
"ENTREZID","2771","ENTREZID","3762","directed","Process(activation)"
"ENTREZID","2771","ENTREZID","3763","directed","Process(activation)"
"ENTREZID","2771","ENTREZID","3765","directed","Process(activation)"
"ENTREZID","2771","ENTREZID","5294","directed","Process(activation)"
"ENTREZID","2771","ENTREZID","5294","directed","Process(indirect effect)"
"ENTREZID","2771","ENTREZID","5330","directed","Process(activation)"
"ENTREZID","2771","ENTREZID","5330","directed","Process(indirect effect)"
"ENTREZID","2771","ENTREZID","5331","directed","Process(activation)"
"ENTREZID","2771","ENTREZID","5331","directed","Process(indirect effect)"
"ENTREZID","2771","ENTREZID","5332","directed","Process(activation)"
"ENTREZID","2771","ENTREZID","5332","directed","Process(indirect effect)"
"ENTREZID","2771","ENTREZID","6714","directed","Process(activation)"
"ENTREZID","2771","ENTREZID","6714","directed","Process(indirect effect)"
"ENTREZID","2773","ENTREZID","107","directed","Process(inhibition)"
"ENTREZID","2773","ENTREZID","108","directed","Process(inhibition)"
"ENTREZID","2773","ENTREZID","109","directed","Process(inhibition)"
"ENTREZID","2773","ENTREZID","111","directed","Process(inhibition)"
"ENTREZID","2773","ENTREZID","112","directed","Process(inhibition)"
"ENTREZID","2773","ENTREZID","113","directed","Process(inhibition)"
"ENTREZID","2773","ENTREZID","114","directed","Process(inhibition)"
"ENTREZID","2773","ENTREZID","115","directed","Process(inhibition)"
"ENTREZID","2773","ENTREZID","146850","directed","Process(activation)"
"ENTREZID","2773","ENTREZID","146850","directed","Process(indirect effect)"
"ENTREZID","2773","ENTREZID","196883","directed","Process(inhibition)"
"ENTREZID","2773","ENTREZID","23236","directed","Process(activation)"
"ENTREZID","2773","ENTREZID","23236","directed","Process(indirect effect)"
"ENTREZID","2773","ENTREZID","23533","directed","Process(activation)"
"ENTREZID","2773","ENTREZID","23533","directed","Process(indirect effect)"
"ENTREZID","2773","ENTREZID","3760","directed","Process(activation)"
"ENTREZID","2773","ENTREZID","3762","directed","Process(activation)"
"ENTREZID","2773","ENTREZID","3763","directed","Process(activation)"
"ENTREZID","2773","ENTREZID","3765","directed","Process(activation)"
"ENTREZID","2773","ENTREZID","5294","directed","Process(activation)"
"ENTREZID","2773","ENTREZID","5294","directed","Process(indirect effect)"
"ENTREZID","2773","ENTREZID","5330","directed","Process(activation)"
"ENTREZID","2773","ENTREZID","5330","directed","Process(indirect effect)"
"ENTREZID","2773","ENTREZID","5331","directed","Process(activation)"
"ENTREZID","2773","ENTREZID","5331","directed","Process(indirect effect)"
"ENTREZID","2773","ENTREZID","5332","directed","Process(activation)"
"ENTREZID","2773","ENTREZID","5332","directed","Process(indirect effect)"
"ENTREZID","2773","ENTREZID","6714","directed","Process(activation)"
"ENTREZID","2773","ENTREZID","6714","directed","Process(indirect effect)"
"ENTREZID","2775","ENTREZID","107","directed","Process(inhibition)"
"ENTREZID","2775","ENTREZID","108","directed","Process(inhibition)"
"ENTREZID","2775","ENTREZID","109","directed","Process(inhibition)"
"ENTREZID","2775","ENTREZID","111","directed","Process(inhibition)"
"ENTREZID","2775","ENTREZID","112","directed","Process(inhibition)"
"ENTREZID","2775","ENTREZID","113","directed","Process(inhibition)"
"ENTREZID","2775","ENTREZID","114","directed","Process(inhibition)"
"ENTREZID","2775","ENTREZID","115","directed","Process(inhibition)"
"ENTREZID","2775","ENTREZID","146850","directed","Process(activation)"
"ENTREZID","2775","ENTREZID","146850","directed","Process(indirect effect)"
"ENTREZID","2775","ENTREZID","196883","directed","Process(inhibition)"
"ENTREZID","2775","ENTREZID","23236","directed","Process(activation)"
"ENTREZID","2775","ENTREZID","23236","directed","Process(indirect effect)"
"ENTREZID","2775","ENTREZID","23533","directed","Process(activation)"
"ENTREZID","2775","ENTREZID","23533","directed","Process(indirect effect)"
"ENTREZID","2775","ENTREZID","3760","directed","Process(activation)"
"ENTREZID","2775","ENTREZID","3762","directed","Process(activation)"
"ENTREZID","2775","ENTREZID","3763","directed","Process(activation)"
"ENTREZID","2775","ENTREZID","3765","directed","Process(activation)"
"ENTREZID","2775","ENTREZID","5294","directed","Process(activation)"
"ENTREZID","2775","ENTREZID","5294","directed","Process(indirect effect)"
"ENTREZID","2775","ENTREZID","5330","directed","Process(activation)"
"ENTREZID","2775","ENTREZID","5330","directed","Process(indirect effect)"
"ENTREZID","2775","ENTREZID","5331","directed","Process(activation)"
"ENTREZID","2775","ENTREZID","5331","directed","Process(indirect effect)"
"ENTREZID","2775","ENTREZID","5332","directed","Process(activation)"
"ENTREZID","2775","ENTREZID","5332","directed","Process(indirect effect)"
"ENTREZID","2775","ENTREZID","6714","directed","Process(activation)"
"ENTREZID","2775","ENTREZID","6714","directed","Process(indirect effect)"
"ENTREZID","2776","ENTREZID","100134444","directed","Process(inhibition)"
"ENTREZID","2776","ENTREZID","23236","directed","Process(activation)"
"ENTREZID","2776","ENTREZID","3265","directed","Process(activation)"
"ENTREZID","2776","ENTREZID","3759","directed","Process(inhibition)"
"ENTREZID","2776","ENTREZID","3761","directed","Process(inhibition)"
"ENTREZID","2776","ENTREZID","3768","directed","Process(inhibition)"
"ENTREZID","2776","ENTREZID","3770","directed","Process(inhibition)"
"ENTREZID","2776","ENTREZID","3845","directed","Process(activation)"
"ENTREZID","2776","ENTREZID","4893","directed","Process(activation)"
"ENTREZID","2776","ENTREZID","5330","directed","Process(activation)"
"ENTREZID","2776","ENTREZID","5331","directed","Process(activation)"
"ENTREZID","2776","ENTREZID","5332","directed","Process(activation)"
"ENTREZID","2778","ENTREZID","107","directed","Process(activation)"
"ENTREZID","2778","ENTREZID","108","directed","Process(activation)"
"ENTREZID","2778","ENTREZID","109","directed","Process(activation)"
"ENTREZID","2778","ENTREZID","111","directed","Process(activation)"
"ENTREZID","2778","ENTREZID","112","directed","Process(activation)"
"ENTREZID","2778","ENTREZID","113","directed","Process(activation)"
"ENTREZID","2778","ENTREZID","114","directed","Process(activation)"
"ENTREZID","2778","ENTREZID","115","directed","Process(activation)"
"ENTREZID","2778","ENTREZID","196883","directed","Process(activation)"
"ENTREZID","29904","ENTREZID","1938","directed","Process(inhibition)"
"ENTREZID","29904","ENTREZID","1938","directed","Process(phosphorylation)"
"ENTREZID","3265","ENTREZID","5894","directed","Process(activation)"
"ENTREZID","340156","ENTREZID","10398","directed","Process(phosphorylation)"
"ENTREZID","340156","ENTREZID","10398","directed","Process(activation)"
"ENTREZID","340156","ENTREZID","140465","directed","Process(phosphorylation)"
"ENTREZID","340156","ENTREZID","140465","directed","Process(activation)"
"ENTREZID","340156","ENTREZID","4637","directed","Process(phosphorylation)"
"ENTREZID","340156","ENTREZID","4637","directed","Process(activation)"
"ENTREZID","3845","ENTREZID","5894","directed","Process(activation)"
"ENTREZID","387","ENTREZID","6093","directed","Process(activation)"
"ENTREZID","387","ENTREZID","9475","directed","Process(activation)"
"ENTREZID","4638","ENTREZID","10398","directed","Process(phosphorylation)"
"ENTREZID","4638","ENTREZID","10398","directed","Process(activation)"
"ENTREZID","4638","ENTREZID","140465","directed","Process(phosphorylation)"
"ENTREZID","4638","ENTREZID","140465","directed","Process(activation)"
"ENTREZID","4638","ENTREZID","4637","directed","Process(phosphorylation)"
"ENTREZID","4638","ENTREZID","4637","directed","Process(activation)"
"ENTREZID","4659","ENTREZID","10398","directed","Process(activation)"
"ENTREZID","4659","ENTREZID","10398","directed","Process(dephosphorylation)"
"ENTREZID","4659","ENTREZID","140465","directed","Process(activation)"
"ENTREZID","4659","ENTREZID","140465","directed","Process(dephosphorylation)"
"ENTREZID","4659","ENTREZID","4637","directed","Process(activation)"
"ENTREZID","4659","ENTREZID","4637","directed","Process(dephosphorylation)"
"ENTREZID","4660","ENTREZID","10398","directed","Process(activation)"
"ENTREZID","4660","ENTREZID","10398","directed","Process(dephosphorylation)"
"ENTREZID","4660","ENTREZID","140465","directed","Process(activation)"
"ENTREZID","4660","ENTREZID","140465","directed","Process(dephosphorylation)"
"ENTREZID","4660","ENTREZID","4637","directed","Process(activation)"
"ENTREZID","4660","ENTREZID","4637","directed","Process(dephosphorylation)"
"ENTREZID","4772","ENTREZID","1827","directed","Process(expression)"
"ENTREZID","4772","ENTREZID","5743","directed","Process(expression)"
"ENTREZID","4772","ENTREZID","5997","directed","Process(expression)"
"ENTREZID","4773","ENTREZID","1827","directed","Process(expression)"
"ENTREZID","4773","ENTREZID","5743","directed","Process(expression)"
"ENTREZID","4773","ENTREZID","5997","directed","Process(expression)"
"ENTREZID","4775","ENTREZID","1827","directed","Process(expression)"
"ENTREZID","4775","ENTREZID","5743","directed","Process(expression)"
"ENTREZID","4775","ENTREZID","5997","directed","Process(expression)"
"ENTREZID","4776","ENTREZID","1827","directed","Process(expression)"
"ENTREZID","4776","ENTREZID","5743","directed","Process(expression)"
"ENTREZID","4776","ENTREZID","5997","directed","Process(expression)"
"ENTREZID","4878","ENTREZID","4881","directed","Process(activation)"
"ENTREZID","4878","ENTREZID","4882","directed","Process(activation)"
"ENTREZID","4893","ENTREZID","5894","directed","Process(activation)"
"ENTREZID","5020","ENTREZID","5021","directed","Process(activation)"
"ENTREZID","5021","ENTREZID","10368","directed","Process(activation)"
"ENTREZID","5021","ENTREZID","10369","directed","Process(activation)"
"ENTREZID","5021","ENTREZID","27091","directed","Process(activation)"
"ENTREZID","5021","ENTREZID","27092","directed","Process(activation)"
"ENTREZID","5021","ENTREZID","2770","directed","Process(activation)"
"ENTREZID","5021","ENTREZID","2771","directed","Process(activation)"
"ENTREZID","5021","ENTREZID","2773","directed","Process(activation)"
"ENTREZID","5021","ENTREZID","2775","directed","Process(activation)"
"ENTREZID","5021","ENTREZID","2776","directed","Process(activation)"
"ENTREZID","5021","ENTREZID","2778","directed","Process(activation)"
"ENTREZID","5021","ENTREZID","387","directed","Process(activation)"
"ENTREZID","5021","ENTREZID","387","directed","Process(indirect effect)"
"ENTREZID","5021","ENTREZID","55799","directed","Process(activation)"
"ENTREZID","5021","ENTREZID","59283","directed","Process(activation)"
"ENTREZID","5021","ENTREZID","59284","directed","Process(activation)"
"ENTREZID","5021","ENTREZID","59285","directed","Process(activation)"
"ENTREZID","5021","ENTREZID","775","directed","Process(activation)"
"ENTREZID","5021","ENTREZID","776","directed","Process(activation)"
"ENTREZID","5021","ENTREZID","778","directed","Process(activation)"
"ENTREZID","5021","ENTREZID","779","directed","Process(activation)"
"ENTREZID","5021","ENTREZID","781","directed","Process(activation)"
"ENTREZID","5021","ENTREZID","782","directed","Process(activation)"
"ENTREZID","5021","ENTREZID","783","directed","Process(activation)"
"ENTREZID","5021","ENTREZID","784","directed","Process(activation)"
"ENTREZID","5021","ENTREZID","785","directed","Process(activation)"
"ENTREZID","5021","ENTREZID","786","directed","Process(activation)"
"ENTREZID","5021","ENTREZID","9254","directed","Process(activation)"
"ENTREZID","5021","ENTREZID","93589","directed","Process(activation)"
"ENTREZID","51806","ENTREZID","10645","directed","Process(activation)"
"ENTREZID","51806","ENTREZID","340156","directed","Process(activation)"
"ENTREZID","51806","ENTREZID","4638","directed","Process(activation)"
"ENTREZID","51806","ENTREZID","5530","directed","Process(activation)"
"ENTREZID","51806","ENTREZID","5532","directed","Process(activation)"
"ENTREZID","51806","ENTREZID","5533","directed","Process(activation)"
"ENTREZID","51806","ENTREZID","5534","directed","Process(activation)"
"ENTREZID","51806","ENTREZID","5535","directed","Process(activation)"
"ENTREZID","51806","ENTREZID","57118","directed","Process(activation)"
"ENTREZID","51806","ENTREZID","57172","directed","Process(activation)"
"ENTREZID","51806","ENTREZID","814","directed","Process(activation)"
"ENTREZID","51806","ENTREZID","815","directed","Process(activation)"
"ENTREZID","51806","ENTREZID","816","directed","Process(activation)"
"ENTREZID","51806","ENTREZID","817","directed","Process(activation)"
"ENTREZID","51806","ENTREZID","818","directed","Process(activation)"
"ENTREZID","51806","ENTREZID","8536","directed","Process(activation)"
"ENTREZID","51806","ENTREZID","85366","directed","Process(activation)"
"ENTREZID","51806","ENTREZID","91807","directed","Process(activation)"
"ENTREZID","5294","ENTREZID","1956","directed","Process(activation)"
"ENTREZID","5294","ENTREZID","1956","directed","Process(indirect effect)"
"ENTREZID","5330","ENTREZID","1956","directed","Process(activation)"
"ENTREZID","5330","ENTREZID","1956","directed","Process(indirect effect)"
"ENTREZID","5331","ENTREZID","1956","directed","Process(activation)"
"ENTREZID","5331","ENTREZID","1956","directed","Process(indirect effect)"
"ENTREZID","5332","ENTREZID","1956","directed","Process(activation)"
"ENTREZID","5332","ENTREZID","1956","directed","Process(indirect effect)"
"ENTREZID","54776","ENTREZID","10398","directed","Process(activation)"
"ENTREZID","54776","ENTREZID","10398","directed","Process(dephosphorylation)"
"ENTREZID","54776","ENTREZID","140465","directed","Process(activation)"
"ENTREZID","54776","ENTREZID","140465","directed","Process(dephosphorylation)"
"ENTREZID","54776","ENTREZID","4637","directed","Process(activation)"
"ENTREZID","54776","ENTREZID","4637","directed","Process(dephosphorylation)"
"ENTREZID","5499","ENTREZID","10398","directed","Process(activation)"
"ENTREZID","5499","ENTREZID","10398","directed","Process(dephosphorylation)"
"ENTREZID","5499","ENTREZID","140465","directed","Process(activation)"
"ENTREZID","5499","ENTREZID","140465","directed","Process(dephosphorylation)"
"ENTREZID","5499","ENTREZID","4637","directed","Process(activation)"
"ENTREZID","5499","ENTREZID","4637","directed","Process(dephosphorylation)"
"ENTREZID","5500","ENTREZID","10398","directed","Process(activation)"
"ENTREZID","5500","ENTREZID","10398","directed","Process(dephosphorylation)"
"ENTREZID","5500","ENTREZID","140465","directed","Process(activation)"
"ENTREZID","5500","ENTREZID","140465","directed","Process(dephosphorylation)"
"ENTREZID","5500","ENTREZID","4637","directed","Process(activation)"
"ENTREZID","5500","ENTREZID","4637","directed","Process(dephosphorylation)"
"ENTREZID","5501","ENTREZID","10398","directed","Process(activation)"
"ENTREZID","5501","ENTREZID","10398","directed","Process(dephosphorylation)"
"ENTREZID","5501","ENTREZID","140465","directed","Process(activation)"
"ENTREZID","5501","ENTREZID","140465","directed","Process(dephosphorylation)"
"ENTREZID","5501","ENTREZID","4637","directed","Process(activation)"
"ENTREZID","5501","ENTREZID","4637","directed","Process(dephosphorylation)"
"ENTREZID","5530","ENTREZID","4772","directed","Process(activation)"
"ENTREZID","5530","ENTREZID","4772","directed","Process(dephosphorylation)"
"ENTREZID","5530","ENTREZID","4773","directed","Process(activation)"
"ENTREZID","5530","ENTREZID","4773","directed","Process(dephosphorylation)"
"ENTREZID","5530","ENTREZID","4775","directed","Process(activation)"
"ENTREZID","5530","ENTREZID","4775","directed","Process(dephosphorylation)"
"ENTREZID","5530","ENTREZID","4776","directed","Process(activation)"
"ENTREZID","5530","ENTREZID","4776","directed","Process(dephosphorylation)"
"ENTREZID","5532","ENTREZID","4772","directed","Process(activation)"
"ENTREZID","5532","ENTREZID","4772","directed","Process(dephosphorylation)"
"ENTREZID","5532","ENTREZID","4773","directed","Process(activation)"
"ENTREZID","5532","ENTREZID","4773","directed","Process(dephosphorylation)"
"ENTREZID","5532","ENTREZID","4775","directed","Process(activation)"
"ENTREZID","5532","ENTREZID","4775","directed","Process(dephosphorylation)"
"ENTREZID","5532","ENTREZID","4776","directed","Process(activation)"
"ENTREZID","5532","ENTREZID","4776","directed","Process(dephosphorylation)"
"ENTREZID","5533","ENTREZID","4772","directed","Process(activation)"
"ENTREZID","5533","ENTREZID","4772","directed","Process(dephosphorylation)"
"ENTREZID","5533","ENTREZID","4773","directed","Process(activation)"
"ENTREZID","5533","ENTREZID","4773","directed","Process(dephosphorylation)"
"ENTREZID","5533","ENTREZID","4775","directed","Process(activation)"
"ENTREZID","5533","ENTREZID","4775","directed","Process(dephosphorylation)"
"ENTREZID","5533","ENTREZID","4776","directed","Process(activation)"
"ENTREZID","5533","ENTREZID","4776","directed","Process(dephosphorylation)"
"ENTREZID","5534","ENTREZID","4772","directed","Process(activation)"
"ENTREZID","5534","ENTREZID","4772","directed","Process(dephosphorylation)"
"ENTREZID","5534","ENTREZID","4773","directed","Process(activation)"
"ENTREZID","5534","ENTREZID","4773","directed","Process(dephosphorylation)"
"ENTREZID","5534","ENTREZID","4775","directed","Process(activation)"
"ENTREZID","5534","ENTREZID","4775","directed","Process(dephosphorylation)"
"ENTREZID","5534","ENTREZID","4776","directed","Process(activation)"
"ENTREZID","5534","ENTREZID","4776","directed","Process(dephosphorylation)"
"ENTREZID","5535","ENTREZID","4772","directed","Process(activation)"
"ENTREZID","5535","ENTREZID","4772","directed","Process(dephosphorylation)"
"ENTREZID","5535","ENTREZID","4773","directed","Process(activation)"
"ENTREZID","5535","ENTREZID","4773","directed","Process(dephosphorylation)"
"ENTREZID","5535","ENTREZID","4775","directed","Process(activation)"
"ENTREZID","5535","ENTREZID","4775","directed","Process(dephosphorylation)"
"ENTREZID","5535","ENTREZID","4776","directed","Process(activation)"
"ENTREZID","5535","ENTREZID","4776","directed","Process(dephosphorylation)"
"ENTREZID","5578","ENTREZID","29904","directed","Process(activation)"
"ENTREZID","5578","ENTREZID","5894","directed","Process(phosphorylation)"
"ENTREZID","5578","ENTREZID","5894","directed","Process(activation)"
"ENTREZID","5578","ENTREZID","952","directed","Process(activation)"
"ENTREZID","5579","ENTREZID","29904","directed","Process(activation)"
"ENTREZID","5579","ENTREZID","5894","directed","Process(phosphorylation)"
"ENTREZID","5579","ENTREZID","5894","directed","Process(activation)"
"ENTREZID","5579","ENTREZID","952","directed","Process(activation)"
"ENTREZID","5582","ENTREZID","29904","directed","Process(activation)"
"ENTREZID","5582","ENTREZID","5894","directed","Process(phosphorylation)"
"ENTREZID","5582","ENTREZID","5894","directed","Process(activation)"
"ENTREZID","5582","ENTREZID","952","directed","Process(activation)"
"ENTREZID","5594","ENTREZID","100137049","directed","Process(phosphorylation)"
"ENTREZID","5594","ENTREZID","100137049","directed","Process(activation)"
"ENTREZID","5594","ENTREZID","1026","directed","Process(expression)"
"ENTREZID","5594","ENTREZID","123745","directed","Process(phosphorylation)"
"ENTREZID","5594","ENTREZID","123745","directed","Process(activation)"
"ENTREZID","5594","ENTREZID","2002","directed","Process(expression)"
"ENTREZID","5594","ENTREZID","2353","directed","Process(expression)"
"ENTREZID","5594","ENTREZID","255189","directed","Process(phosphorylation)"
"ENTREZID","5594","ENTREZID","255189","directed","Process(activation)"
"ENTREZID","5594","ENTREZID","283748","directed","Process(phosphorylation)"
"ENTREZID","5594","ENTREZID","283748","directed","Process(activation)"
"ENTREZID","5594","ENTREZID","3725","directed","Process(expression)"
"ENTREZID","5594","ENTREZID","4208","directed","Process(expression)"
"ENTREZID","5594","ENTREZID","5321","directed","Process(phosphorylation)"
"ENTREZID","5594","ENTREZID","5321","directed","Process(activation)"
"ENTREZID","5594","ENTREZID","5743","directed","Process(expression)"
"ENTREZID","5594","ENTREZID","595","directed","Process(expression)"
"ENTREZID","5594","ENTREZID","8605","directed","Process(phosphorylation)"
"ENTREZID","5594","ENTREZID","8605","directed","Process(activation)"
"ENTREZID","5594","ENTREZID","8681","directed","Process(phosphorylation)"
"ENTREZID","5594","ENTREZID","8681","directed","Process(activation)"
"ENTREZID","5595","ENTREZID","100137049","directed","Process(phosphorylation)"
"ENTREZID","5595","ENTREZID","100137049","directed","Process(activation)"
"ENTREZID","5595","ENTREZID","1026","directed","Process(expression)"
"ENTREZID","5595","ENTREZID","123745","directed","Process(phosphorylation)"
"ENTREZID","5595","ENTREZID","123745","directed","Process(activation)"
"ENTREZID","5595","ENTREZID","2002","directed","Process(expression)"
"ENTREZID","5595","ENTREZID","2353","directed","Process(expression)"
"ENTREZID","5595","ENTREZID","255189","directed","Process(phosphorylation)"
"ENTREZID","5595","ENTREZID","255189","directed","Process(activation)"
"ENTREZID","5595","ENTREZID","283748","directed","Process(phosphorylation)"
"ENTREZID","5595","ENTREZID","283748","directed","Process(activation)"
"ENTREZID","5595","ENTREZID","3725","directed","Process(expression)"
"ENTREZID","5595","ENTREZID","4208","directed","Process(expression)"
"ENTREZID","5595","ENTREZID","5321","directed","Process(phosphorylation)"
"ENTREZID","5595","ENTREZID","5321","directed","Process(activation)"
"ENTREZID","5595","ENTREZID","5743","directed","Process(expression)"
"ENTREZID","5595","ENTREZID","595","directed","Process(expression)"
"ENTREZID","5595","ENTREZID","8605","directed","Process(phosphorylation)"
"ENTREZID","5595","ENTREZID","8605","directed","Process(activation)"
"ENTREZID","5595","ENTREZID","8681","directed","Process(phosphorylation)"
"ENTREZID","5595","ENTREZID","8681","directed","Process(activation)"
"ENTREZID","5598","ENTREZID","2002","directed","Process(expression)"
"ENTREZID","5598","ENTREZID","2353","directed","Process(expression)"
"ENTREZID","5598","ENTREZID","3725","directed","Process(expression)"
"ENTREZID","5598","ENTREZID","4208","directed","Process(expression)"
"ENTREZID","5598","ENTREZID","5743","directed","Process(expression)"
"ENTREZID","5598","ENTREZID","595","directed","Process(expression)"
"ENTREZID","5604","ENTREZID","5594","directed","Process(phosphorylation)"
"ENTREZID","5604","ENTREZID","5594","directed","Process(activation)"
"ENTREZID","5604","ENTREZID","5595","directed","Process(phosphorylation)"
"ENTREZID","5604","ENTREZID","5595","directed","Process(activation)"
"ENTREZID","5605","ENTREZID","5594","directed","Process(phosphorylation)"
"ENTREZID","5605","ENTREZID","5594","directed","Process(activation)"
"ENTREZID","5605","ENTREZID","5595","directed","Process(phosphorylation)"
"ENTREZID","5605","ENTREZID","5595","directed","Process(activation)"
"ENTREZID","5607","ENTREZID","5598","directed","Process(phosphorylation)"
"ENTREZID","5607","ENTREZID","5598","directed","Process(activation)"
"ENTREZID","57118","ENTREZID","4846","directed","Process(activation)"
"ENTREZID","57172","ENTREZID","4846","directed","Process(activation)"
"ENTREZID","5894","ENTREZID","5604","directed","Process(phosphorylation)"
"ENTREZID","5894","ENTREZID","5604","directed","Process(activation)"
"ENTREZID","5894","ENTREZID","5605","directed","Process(phosphorylation)"
"ENTREZID","5894","ENTREZID","5605","directed","Process(activation)"
"ENTREZID","60","ENTREZID","10398","directed","Process(binding/association)"
"ENTREZID","60","ENTREZID","140465","directed","Process(binding/association)"
"ENTREZID","60","ENTREZID","4637","directed","Process(binding/association)"
"ENTREZID","6093","ENTREZID","4659","directed","Process(inhibition)"
"ENTREZID","6093","ENTREZID","4659","directed","Process(phosphorylation)"
"ENTREZID","6093","ENTREZID","4660","directed","Process(inhibition)"
"ENTREZID","6093","ENTREZID","4660","directed","Process(phosphorylation)"
"ENTREZID","6093","ENTREZID","54776","directed","Process(inhibition)"
"ENTREZID","6093","ENTREZID","54776","directed","Process(phosphorylation)"
"ENTREZID","6093","ENTREZID","5499","directed","Process(inhibition)"
"ENTREZID","6093","ENTREZID","5499","directed","Process(phosphorylation)"
"ENTREZID","6093","ENTREZID","5500","directed","Process(inhibition)"
"ENTREZID","6093","ENTREZID","5500","directed","Process(phosphorylation)"
"ENTREZID","6093","ENTREZID","5501","directed","Process(inhibition)"
"ENTREZID","6093","ENTREZID","5501","directed","Process(phosphorylation)"
"ENTREZID","6714","ENTREZID","1956","directed","Process(activation)"
"ENTREZID","6714","ENTREZID","1956","directed","Process(indirect effect)"
"ENTREZID","71","ENTREZID","10398","directed","Process(binding/association)"
"ENTREZID","71","ENTREZID","140465","directed","Process(binding/association)"
"ENTREZID","71","ENTREZID","4637","directed","Process(binding/association)"
"ENTREZID","801","ENTREZID","10645","directed","Process(activation)"
"ENTREZID","801","ENTREZID","340156","directed","Process(activation)"
"ENTREZID","801","ENTREZID","4638","directed","Process(activation)"
"ENTREZID","801","ENTREZID","5530","directed","Process(activation)"
"ENTREZID","801","ENTREZID","5532","directed","Process(activation)"
"ENTREZID","801","ENTREZID","5533","directed","Process(activation)"
"ENTREZID","801","ENTREZID","5534","directed","Process(activation)"
"ENTREZID","801","ENTREZID","5535","directed","Process(activation)"
"ENTREZID","801","ENTREZID","57118","directed","Process(activation)"
"ENTREZID","801","ENTREZID","57172","directed","Process(activation)"
"ENTREZID","801","ENTREZID","814","directed","Process(activation)"
"ENTREZID","801","ENTREZID","815","directed","Process(activation)"
"ENTREZID","801","ENTREZID","816","directed","Process(activation)"
"ENTREZID","801","ENTREZID","817","directed","Process(activation)"
"ENTREZID","801","ENTREZID","818","directed","Process(activation)"
"ENTREZID","801","ENTREZID","8536","directed","Process(activation)"
"ENTREZID","801","ENTREZID","85366","directed","Process(activation)"
"ENTREZID","801","ENTREZID","91807","directed","Process(activation)"
"ENTREZID","805","ENTREZID","10645","directed","Process(activation)"
"ENTREZID","805","ENTREZID","340156","directed","Process(activation)"
"ENTREZID","805","ENTREZID","4638","directed","Process(activation)"
"ENTREZID","805","ENTREZID","5530","directed","Process(activation)"
"ENTREZID","805","ENTREZID","5532","directed","Process(activation)"
"ENTREZID","805","ENTREZID","5533","directed","Process(activation)"
"ENTREZID","805","ENTREZID","5534","directed","Process(activation)"
"ENTREZID","805","ENTREZID","5535","directed","Process(activation)"
"ENTREZID","805","ENTREZID","57118","directed","Process(activation)"
"ENTREZID","805","ENTREZID","57172","directed","Process(activation)"
"ENTREZID","805","ENTREZID","814","directed","Process(activation)"
"ENTREZID","805","ENTREZID","815","directed","Process(activation)"
"ENTREZID","805","ENTREZID","816","directed","Process(activation)"
"ENTREZID","805","ENTREZID","817","directed","Process(activation)"
"ENTREZID","805","ENTREZID","818","directed","Process(activation)"
"ENTREZID","805","ENTREZID","8536","directed","Process(activation)"
"ENTREZID","805","ENTREZID","85366","directed","Process(activation)"
"ENTREZID","805","ENTREZID","91807","directed","Process(activation)"
"ENTREZID","808","ENTREZID","10645","directed","Process(activation)"
"ENTREZID","808","ENTREZID","340156","directed","Process(activation)"
"ENTREZID","808","ENTREZID","4638","directed","Process(activation)"
"ENTREZID","808","ENTREZID","5530","directed","Process(activation)"
"ENTREZID","808","ENTREZID","5532","directed","Process(activation)"
"ENTREZID","808","ENTREZID","5533","directed","Process(activation)"
"ENTREZID","808","ENTREZID","5534","directed","Process(activation)"
"ENTREZID","808","ENTREZID","5535","directed","Process(activation)"
"ENTREZID","808","ENTREZID","57118","directed","Process(activation)"
"ENTREZID","808","ENTREZID","57172","directed","Process(activation)"
"ENTREZID","808","ENTREZID","814","directed","Process(activation)"
"ENTREZID","808","ENTREZID","815","directed","Process(activation)"
"ENTREZID","808","ENTREZID","816","directed","Process(activation)"
"ENTREZID","808","ENTREZID","817","directed","Process(activation)"
"ENTREZID","808","ENTREZID","818","directed","Process(activation)"
"ENTREZID","808","ENTREZID","8536","directed","Process(activation)"
"ENTREZID","808","ENTREZID","85366","directed","Process(activation)"
"ENTREZID","808","ENTREZID","91807","directed","Process(activation)"
"ENTREZID","810","ENTREZID","10645","directed","Process(activation)"
"ENTREZID","810","ENTREZID","340156","directed","Process(activation)"
"ENTREZID","810","ENTREZID","4638","directed","Process(activation)"
"ENTREZID","810","ENTREZID","5530","directed","Process(activation)"
"ENTREZID","810","ENTREZID","5532","directed","Process(activation)"
"ENTREZID","810","ENTREZID","5533","directed","Process(activation)"
"ENTREZID","810","ENTREZID","5534","directed","Process(activation)"
"ENTREZID","810","ENTREZID","5535","directed","Process(activation)"
"ENTREZID","810","ENTREZID","57118","directed","Process(activation)"
"ENTREZID","810","ENTREZID","57172","directed","Process(activation)"
"ENTREZID","810","ENTREZID","814","directed","Process(activation)"
"ENTREZID","810","ENTREZID","815","directed","Process(activation)"
"ENTREZID","810","ENTREZID","816","directed","Process(activation)"
"ENTREZID","810","ENTREZID","817","directed","Process(activation)"
"ENTREZID","810","ENTREZID","818","directed","Process(activation)"
"ENTREZID","810","ENTREZID","8536","directed","Process(activation)"
"ENTREZID","810","ENTREZID","85366","directed","Process(activation)"
"ENTREZID","810","ENTREZID","91807","directed","Process(activation)"
"ENTREZID","814","ENTREZID","4846","directed","Process(activation)"
"ENTREZID","815","ENTREZID","4846","directed","Process(activation)"
"ENTREZID","816","ENTREZID","4846","directed","Process(activation)"
"ENTREZID","817","ENTREZID","4846","directed","Process(activation)"
"ENTREZID","818","ENTREZID","4846","directed","Process(activation)"
"ENTREZID","8536","ENTREZID","4846","directed","Process(activation)"
"ENTREZID","85366","ENTREZID","10398","directed","Process(phosphorylation)"
"ENTREZID","85366","ENTREZID","10398","directed","Process(activation)"
"ENTREZID","85366","ENTREZID","140465","directed","Process(phosphorylation)"
"ENTREZID","85366","ENTREZID","140465","directed","Process(activation)"
"ENTREZID","85366","ENTREZID","4637","directed","Process(phosphorylation)"
"ENTREZID","85366","ENTREZID","4637","directed","Process(activation)"
"ENTREZID","91807","ENTREZID","10398","directed","Process(phosphorylation)"
"ENTREZID","91807","ENTREZID","10398","directed","Process(activation)"
"ENTREZID","91807","ENTREZID","140465","directed","Process(phosphorylation)"
"ENTREZID","91807","ENTREZID","140465","directed","Process(activation)"
"ENTREZID","91807","ENTREZID","4637","directed","Process(phosphorylation)"
"ENTREZID","91807","ENTREZID","4637","directed","Process(activation)"
"ENTREZID","91860","ENTREZID","10645","directed","Process(activation)"
"ENTREZID","91860","ENTREZID","340156","directed","Process(activation)"
"ENTREZID","91860","ENTREZID","4638","directed","Process(activation)"
"ENTREZID","91860","ENTREZID","5530","directed","Process(activation)"
"ENTREZID","91860","ENTREZID","5532","directed","Process(activation)"
"ENTREZID","91860","ENTREZID","5533","directed","Process(activation)"
"ENTREZID","91860","ENTREZID","5534","directed","Process(activation)"
"ENTREZID","91860","ENTREZID","5535","directed","Process(activation)"
"ENTREZID","91860","ENTREZID","57118","directed","Process(activation)"
"ENTREZID","91860","ENTREZID","57172","directed","Process(activation)"
"ENTREZID","91860","ENTREZID","814","directed","Process(activation)"
"ENTREZID","91860","ENTREZID","815","directed","Process(activation)"
"ENTREZID","91860","ENTREZID","816","directed","Process(activation)"
"ENTREZID","91860","ENTREZID","817","directed","Process(activation)"
"ENTREZID","91860","ENTREZID","818","directed","Process(activation)"
"ENTREZID","91860","ENTREZID","8536","directed","Process(activation)"
"ENTREZID","91860","ENTREZID","85366","directed","Process(activation)"
"ENTREZID","91860","ENTREZID","91807","directed","Process(activation)"
"ENTREZID","9475","ENTREZID","4659","directed","Process(inhibition)"
"ENTREZID","9475","ENTREZID","4659","directed","Process(phosphorylation)"
"ENTREZID","9475","ENTREZID","4660","directed","Process(inhibition)"
"ENTREZID","9475","ENTREZID","4660","directed","Process(phosphorylation)"
"ENTREZID","9475","ENTREZID","54776","directed","Process(inhibition)"
"ENTREZID","9475","ENTREZID","54776","directed","Process(phosphorylation)"
"ENTREZID","9475","ENTREZID","5499","directed","Process(inhibition)"
"ENTREZID","9475","ENTREZID","5499","directed","Process(phosphorylation)"
"ENTREZID","9475","ENTREZID","5500","directed","Process(inhibition)"
"ENTREZID","9475","ENTREZID","5500","directed","Process(phosphorylation)"
"ENTREZID","9475","ENTREZID","5501","directed","Process(inhibition)"
"ENTREZID","9475","ENTREZID","5501","directed","Process(phosphorylation)"
