"src_type","src","dest_type","dest","direction","type"
"ENTREZID","116","ENTREZID","117","directed","Process(activation)"
"ENTREZID","117","ENTREZID","2778","directed","Process(activation)"
"ENTREZID","134","ENTREZID","2770","directed","Process(activation)"
"ENTREZID","134","ENTREZID","2771","directed","Process(activation)"
"ENTREZID","134","ENTREZID","2773","directed","Process(activation)"
"ENTREZID","1385","ENTREZID","5972","directed","Process(expression)"
"ENTREZID","153","ENTREZID","2778","directed","Process(activation)"
"ENTREZID","154","ENTREZID","2778","directed","Process(activation)"
"ENTREZID","155","ENTREZID","2778","directed","Process(activation)"
"ENTREZID","163688","ENTREZID","5530","directed","Process(activation)"
"ENTREZID","163688","ENTREZID","5532","directed","Process(activation)"
"ENTREZID","163688","ENTREZID","5533","directed","Process(activation)"
"ENTREZID","163688","ENTREZID","5534","directed","Process(activation)"
"ENTREZID","163688","ENTREZID","5535","directed","Process(activation)"
"ENTREZID","185","ENTREZID","2776","directed","Process(activation)"
"ENTREZID","1906","ENTREZID","1909","directed","Process(activation)"
"ENTREZID","1907","ENTREZID","1909","directed","Process(activation)"
"ENTREZID","1908","ENTREZID","1909","directed","Process(activation)"
"ENTREZID","1909","ENTREZID","2776","directed","Process(activation)"
"ENTREZID","1909","ENTREZID","3759","directed","Process(inhibition)"
"ENTREZID","2770","ENTREZID","111","directed","Process(inhibition)"
"ENTREZID","2770","ENTREZID","112","directed","Process(inhibition)"
"ENTREZID","2771","ENTREZID","111","directed","Process(inhibition)"
"ENTREZID","2771","ENTREZID","112","directed","Process(inhibition)"
"ENTREZID","2773","ENTREZID","111","directed","Process(inhibition)"
"ENTREZID","2773","ENTREZID","112","directed","Process(inhibition)"
"ENTREZID","2776","ENTREZID","23236","directed","Process(activation)"
"ENTREZID","2776","ENTREZID","5330","directed","Process(activation)"
"ENTREZID","2776","ENTREZID","5331","directed","Process(activation)"
"ENTREZID","2776","ENTREZID","5332","directed","Process(activation)"
"ENTREZID","2778","ENTREZID","111","directed","Process(activation)"
"ENTREZID","2778","ENTREZID","112","directed","Process(activation)"
"ENTREZID","358","ENTREZID","5732","directed","Process(activation)"
"ENTREZID","358","ENTREZID","5732","directed","Process(indirect effect)"
"ENTREZID","358","ENTREZID","5734","directed","Process(activation)"
"ENTREZID","358","ENTREZID","5734","directed","Process(indirect effect)"
"ENTREZID","4878","ENTREZID","4881","directed","Process(activation)"
"ENTREZID","51806","ENTREZID","5530","directed","Process(activation)"
"ENTREZID","51806","ENTREZID","5532","directed","Process(activation)"
"ENTREZID","51806","ENTREZID","5533","directed","Process(activation)"
"ENTREZID","51806","ENTREZID","5534","directed","Process(activation)"
"ENTREZID","51806","ENTREZID","5535","directed","Process(activation)"
"ENTREZID","5566","ENTREZID","1385","directed","Process(activation)"
"ENTREZID","5566","ENTREZID","3778","directed","Process(activation)"
"ENTREZID","5567","ENTREZID","1385","directed","Process(activation)"
"ENTREZID","5567","ENTREZID","3778","directed","Process(activation)"
"ENTREZID","5568","ENTREZID","1385","directed","Process(activation)"
"ENTREZID","5568","ENTREZID","3778","directed","Process(activation)"
"ENTREZID","5732","ENTREZID","2778","directed","Process(activation)"
"ENTREZID","5734","ENTREZID","2778","directed","Process(activation)"
"ENTREZID","801","ENTREZID","5530","directed","Process(activation)"
"ENTREZID","801","ENTREZID","5532","directed","Process(activation)"
"ENTREZID","801","ENTREZID","5533","directed","Process(activation)"
"ENTREZID","801","ENTREZID","5534","directed","Process(activation)"
"ENTREZID","801","ENTREZID","5535","directed","Process(activation)"
"ENTREZID","805","ENTREZID","5530","directed","Process(activation)"
"ENTREZID","805","ENTREZID","5532","directed","Process(activation)"
"ENTREZID","805","ENTREZID","5533","directed","Process(activation)"
"ENTREZID","805","ENTREZID","5534","directed","Process(activation)"
"ENTREZID","805","ENTREZID","5535","directed","Process(activation)"
"ENTREZID","808","ENTREZID","5530","directed","Process(activation)"
"ENTREZID","808","ENTREZID","5532","directed","Process(activation)"
"ENTREZID","808","ENTREZID","5533","directed","Process(activation)"
"ENTREZID","808","ENTREZID","5534","directed","Process(activation)"
"ENTREZID","808","ENTREZID","5535","directed","Process(activation)"
"ENTREZID","810","ENTREZID","5530","directed","Process(activation)"
"ENTREZID","810","ENTREZID","5532","directed","Process(activation)"
"ENTREZID","810","ENTREZID","5533","directed","Process(activation)"
"ENTREZID","810","ENTREZID","5534","directed","Process(activation)"
"ENTREZID","810","ENTREZID","5535","directed","Process(activation)"
"ENTREZID","91860","ENTREZID","5530","directed","Process(activation)"
"ENTREZID","91860","ENTREZID","5532","directed","Process(activation)"
"ENTREZID","91860","ENTREZID","5533","directed","Process(activation)"
"ENTREZID","91860","ENTREZID","5534","directed","Process(activation)"
"ENTREZID","91860","ENTREZID","5535","directed","Process(activation)"
