"src_type","src","dest_type","dest","direction","type"
"ENTREZID","10000","ENTREZID","2931","directed","Process(inhibition)"
"ENTREZID","10000","ENTREZID","2931","directed","Process(phosphorylation)"
"ENTREZID","10000","ENTREZID","2932","directed","Process(inhibition)"
"ENTREZID","10000","ENTREZID","2932","directed","Process(phosphorylation)"
"ENTREZID","10018","ENTREZID","581","directed","Process(activation)"
"ENTREZID","10062","ENTREZID","6256","directed","Process(binding/association)"
"ENTREZID","10062","ENTREZID","6256","undirected","Binding"
"ENTREZID","10062","ENTREZID","6720","directed","Process(expression)"
"ENTREZID","1649","ENTREZID","10018","directed","Process(activation)"
"ENTREZID","1965","ENTREZID","468","directed","Process(activation)"
"ENTREZID","207","ENTREZID","2931","directed","Process(inhibition)"
"ENTREZID","207","ENTREZID","2931","directed","Process(phosphorylation)"
"ENTREZID","207","ENTREZID","2932","directed","Process(inhibition)"
"ENTREZID","207","ENTREZID","2932","directed","Process(phosphorylation)"
"ENTREZID","208","ENTREZID","2931","directed","Process(inhibition)"
"ENTREZID","208","ENTREZID","2931","directed","Process(phosphorylation)"
"ENTREZID","208","ENTREZID","2932","directed","Process(inhibition)"
"ENTREZID","208","ENTREZID","2932","directed","Process(phosphorylation)"
"ENTREZID","2081","ENTREZID","7186","directed","Process(activation)"
"ENTREZID","2081","ENTREZID","7494","directed","Process(activation)"
"ENTREZID","22877","ENTREZID","5313","directed","Process(expression)"
"ENTREZID","355","ENTREZID","841","directed","Process(activation)"
"ENTREZID","355","ENTREZID","841","directed","Process(indirect effect)"
"ENTREZID","3551","ENTREZID","4790","directed","Process(activation)"
"ENTREZID","3551","ENTREZID","5970","directed","Process(activation)"
"ENTREZID","356","ENTREZID","355","directed","Process(activation)"
"ENTREZID","3569","ENTREZID","3570","directed","Process(activation)"
"ENTREZID","3570","ENTREZID","9021","directed","Process(expression)"
"ENTREZID","3570","ENTREZID","9021","directed","Process(indirect effect)"
"ENTREZID","3630","ENTREZID","3643","directed","Process(activation)"
"ENTREZID","3643","ENTREZID","3667","directed","Process(activation)"
"ENTREZID","3643","ENTREZID","8660","directed","Process(activation)"
"ENTREZID","3667","ENTREZID","5290","directed","Process(activation)"
"ENTREZID","3667","ENTREZID","5291","directed","Process(activation)"
"ENTREZID","3667","ENTREZID","5293","directed","Process(activation)"
"ENTREZID","3667","ENTREZID","5295","directed","Process(activation)"
"ENTREZID","3667","ENTREZID","5296","directed","Process(activation)"
"ENTREZID","3667","ENTREZID","8503","directed","Process(activation)"
"ENTREZID","3952","ENTREZID","3953","directed","Process(activation)"
"ENTREZID","3953","ENTREZID","51422","directed","Process(activation)"
"ENTREZID","3953","ENTREZID","51422","directed","Process(indirect effect)"
"ENTREZID","3953","ENTREZID","53632","directed","Process(activation)"
"ENTREZID","3953","ENTREZID","53632","directed","Process(indirect effect)"
"ENTREZID","3953","ENTREZID","5562","directed","Process(activation)"
"ENTREZID","3953","ENTREZID","5562","directed","Process(indirect effect)"
"ENTREZID","3953","ENTREZID","5563","directed","Process(activation)"
"ENTREZID","3953","ENTREZID","5563","directed","Process(indirect effect)"
"ENTREZID","3953","ENTREZID","5564","directed","Process(activation)"
"ENTREZID","3953","ENTREZID","5564","directed","Process(indirect effect)"
"ENTREZID","3953","ENTREZID","5565","directed","Process(activation)"
"ENTREZID","3953","ENTREZID","5565","directed","Process(indirect effect)"
"ENTREZID","3953","ENTREZID","5571","directed","Process(activation)"
"ENTREZID","3953","ENTREZID","5571","directed","Process(indirect effect)"
"ENTREZID","4217","ENTREZID","5599","directed","Process(activation)"
"ENTREZID","4217","ENTREZID","5601","directed","Process(activation)"
"ENTREZID","4217","ENTREZID","5602","directed","Process(activation)"
"ENTREZID","4296","ENTREZID","5599","directed","Process(activation)"
"ENTREZID","4296","ENTREZID","5599","directed","Process(indirect effect)"
"ENTREZID","4296","ENTREZID","5601","directed","Process(activation)"
"ENTREZID","4296","ENTREZID","5601","directed","Process(indirect effect)"
"ENTREZID","4296","ENTREZID","5602","directed","Process(activation)"
"ENTREZID","4296","ENTREZID","5602","directed","Process(indirect effect)"
"ENTREZID","468","ENTREZID","1649","directed","Process(activation)"
"ENTREZID","4790","ENTREZID","3552","directed","Process(expression)"
"ENTREZID","4790","ENTREZID","3553","directed","Process(expression)"
"ENTREZID","4790","ENTREZID","3569","directed","Process(expression)"
"ENTREZID","4790","ENTREZID","7124","directed","Process(expression)"
"ENTREZID","51085","ENTREZID","5313","directed","Process(expression)"
"ENTREZID","51094","ENTREZID","51422","directed","Process(activation)"
"ENTREZID","51094","ENTREZID","51422","directed","Process(indirect effect)"
"ENTREZID","51094","ENTREZID","53632","directed","Process(activation)"
"ENTREZID","51094","ENTREZID","53632","directed","Process(indirect effect)"
"ENTREZID","51094","ENTREZID","5562","directed","Process(activation)"
"ENTREZID","51094","ENTREZID","5562","directed","Process(indirect effect)"
"ENTREZID","51094","ENTREZID","5563","directed","Process(activation)"
"ENTREZID","51094","ENTREZID","5563","directed","Process(indirect effect)"
"ENTREZID","51094","ENTREZID","5564","directed","Process(activation)"
"ENTREZID","51094","ENTREZID","5564","directed","Process(indirect effect)"
"ENTREZID","51094","ENTREZID","5565","directed","Process(activation)"
"ENTREZID","51094","ENTREZID","5565","directed","Process(indirect effect)"
"ENTREZID","51094","ENTREZID","5571","directed","Process(activation)"
"ENTREZID","51094","ENTREZID","5571","directed","Process(indirect effect)"
"ENTREZID","5290","ENTREZID","10000","directed","Process(activation)"
"ENTREZID","5290","ENTREZID","10000","directed","Process(indirect effect)"
"ENTREZID","5290","ENTREZID","207","directed","Process(activation)"
"ENTREZID","5290","ENTREZID","207","directed","Process(indirect effect)"
"ENTREZID","5290","ENTREZID","208","directed","Process(activation)"
"ENTREZID","5290","ENTREZID","208","directed","Process(indirect effect)"
"ENTREZID","5291","ENTREZID","10000","directed","Process(activation)"
"ENTREZID","5291","ENTREZID","10000","directed","Process(indirect effect)"
"ENTREZID","5291","ENTREZID","207","directed","Process(activation)"
"ENTREZID","5291","ENTREZID","207","directed","Process(indirect effect)"
"ENTREZID","5291","ENTREZID","208","directed","Process(activation)"
"ENTREZID","5291","ENTREZID","208","directed","Process(indirect effect)"
"ENTREZID","5293","ENTREZID","10000","directed","Process(activation)"
"ENTREZID","5293","ENTREZID","10000","directed","Process(indirect effect)"
"ENTREZID","5293","ENTREZID","207","directed","Process(activation)"
"ENTREZID","5293","ENTREZID","207","directed","Process(indirect effect)"
"ENTREZID","5293","ENTREZID","208","directed","Process(activation)"
"ENTREZID","5293","ENTREZID","208","directed","Process(indirect effect)"
"ENTREZID","5295","ENTREZID","10000","directed","Process(activation)"
"ENTREZID","5295","ENTREZID","10000","directed","Process(indirect effect)"
"ENTREZID","5295","ENTREZID","207","directed","Process(activation)"
"ENTREZID","5295","ENTREZID","207","directed","Process(indirect effect)"
"ENTREZID","5295","ENTREZID","208","directed","Process(activation)"
"ENTREZID","5295","ENTREZID","208","directed","Process(indirect effect)"
"ENTREZID","5296","ENTREZID","10000","directed","Process(activation)"
"ENTREZID","5296","ENTREZID","10000","directed","Process(indirect effect)"
"ENTREZID","5296","ENTREZID","207","directed","Process(activation)"
"ENTREZID","5296","ENTREZID","207","directed","Process(indirect effect)"
"ENTREZID","5296","ENTREZID","208","directed","Process(activation)"
"ENTREZID","5296","ENTREZID","208","directed","Process(indirect effect)"
"ENTREZID","54205","ENTREZID","836","directed","Process(activation)"
"ENTREZID","54205","ENTREZID","836","directed","Process(indirect effect)"
"ENTREZID","54205","ENTREZID","840","directed","Process(activation)"
"ENTREZID","54205","ENTREZID","840","directed","Process(indirect effect)"
"ENTREZID","5465","ENTREZID","6256","directed","Process(binding/association)"
"ENTREZID","5599","ENTREZID","2353","directed","Process(activation)"
"ENTREZID","5599","ENTREZID","3725","directed","Process(activation)"
"ENTREZID","5599","ENTREZID","83737","directed","Process(phosphorylation)"
"ENTREZID","5599","ENTREZID","83737","directed","Process(activation)"
"ENTREZID","5601","ENTREZID","2353","directed","Process(activation)"
"ENTREZID","5601","ENTREZID","3725","directed","Process(activation)"
"ENTREZID","5601","ENTREZID","83737","directed","Process(phosphorylation)"
"ENTREZID","5601","ENTREZID","83737","directed","Process(activation)"
"ENTREZID","5602","ENTREZID","2353","directed","Process(activation)"
"ENTREZID","5602","ENTREZID","3725","directed","Process(activation)"
"ENTREZID","5602","ENTREZID","83737","directed","Process(phosphorylation)"
"ENTREZID","5602","ENTREZID","83737","directed","Process(activation)"
"ENTREZID","5879","ENTREZID","4296","directed","Process(activation)"
"ENTREZID","5970","ENTREZID","3552","directed","Process(expression)"
"ENTREZID","5970","ENTREZID","3553","directed","Process(expression)"
"ENTREZID","5970","ENTREZID","3569","directed","Process(expression)"
"ENTREZID","5970","ENTREZID","7124","directed","Process(expression)"
"ENTREZID","6256","ENTREZID","6720","directed","Process(expression)"
"ENTREZID","637","ENTREZID","54205","directed","Process(activation)"
"ENTREZID","637","ENTREZID","54205","directed","Process(indirect effect)"
"ENTREZID","6945","ENTREZID","5313","directed","Process(expression)"
"ENTREZID","7124","ENTREZID","5599","directed","Process(activation)"
"ENTREZID","7124","ENTREZID","5599","directed","Process(indirect effect)"
"ENTREZID","7124","ENTREZID","5601","directed","Process(activation)"
"ENTREZID","7124","ENTREZID","5601","directed","Process(indirect effect)"
"ENTREZID","7124","ENTREZID","5602","directed","Process(activation)"
"ENTREZID","7124","ENTREZID","5602","directed","Process(indirect effect)"
"ENTREZID","7124","ENTREZID","7132","directed","Process(activation)"
"ENTREZID","7132","ENTREZID","4790","directed","Process(activation)"
"ENTREZID","7132","ENTREZID","4790","directed","Process(indirect effect)"
"ENTREZID","7132","ENTREZID","5970","directed","Process(activation)"
"ENTREZID","7132","ENTREZID","5970","directed","Process(indirect effect)"
"ENTREZID","7186","ENTREZID","3551","directed","Process(activation)"
"ENTREZID","7186","ENTREZID","4217","directed","Process(activation)"
"ENTREZID","7494","ENTREZID","1050","directed","Process(expression)"
"ENTREZID","79602","ENTREZID","51422","directed","Process(activation)"
"ENTREZID","79602","ENTREZID","51422","directed","Process(indirect effect)"
"ENTREZID","79602","ENTREZID","53632","directed","Process(activation)"
"ENTREZID","79602","ENTREZID","53632","directed","Process(indirect effect)"
"ENTREZID","79602","ENTREZID","5562","directed","Process(activation)"
"ENTREZID","79602","ENTREZID","5562","directed","Process(indirect effect)"
"ENTREZID","79602","ENTREZID","5563","directed","Process(activation)"
"ENTREZID","79602","ENTREZID","5563","directed","Process(indirect effect)"
"ENTREZID","79602","ENTREZID","5564","directed","Process(activation)"
"ENTREZID","79602","ENTREZID","5564","directed","Process(indirect effect)"
"ENTREZID","79602","ENTREZID","5565","directed","Process(activation)"
"ENTREZID","79602","ENTREZID","5565","directed","Process(indirect effect)"
"ENTREZID","79602","ENTREZID","5571","directed","Process(activation)"
"ENTREZID","79602","ENTREZID","5571","directed","Process(indirect effect)"
"ENTREZID","83737","ENTREZID","841","directed","Process(activation)"
"ENTREZID","83737","ENTREZID","841","directed","Process(indirect effect)"
"ENTREZID","841","ENTREZID","637","directed","Process(activation)"
"ENTREZID","8503","ENTREZID","10000","directed","Process(activation)"
"ENTREZID","8503","ENTREZID","10000","directed","Process(indirect effect)"
"ENTREZID","8503","ENTREZID","207","directed","Process(activation)"
"ENTREZID","8503","ENTREZID","207","directed","Process(indirect effect)"
"ENTREZID","8503","ENTREZID","208","directed","Process(activation)"
"ENTREZID","8503","ENTREZID","208","directed","Process(indirect effect)"
"ENTREZID","8660","ENTREZID","5290","directed","Process(activation)"
"ENTREZID","8660","ENTREZID","5291","directed","Process(activation)"
"ENTREZID","8660","ENTREZID","5293","directed","Process(activation)"
"ENTREZID","8660","ENTREZID","5295","directed","Process(activation)"
"ENTREZID","8660","ENTREZID","5296","directed","Process(activation)"
"ENTREZID","8660","ENTREZID","8503","directed","Process(activation)"
"ENTREZID","9021","ENTREZID","3667","directed","Process(inhibition)"
"ENTREZID","9021","ENTREZID","8660","directed","Process(inhibition)"
"ENTREZID","9370","ENTREZID","51094","directed","Process(activation)"
"ENTREZID","9370","ENTREZID","5465","directed","Process(activation)"
"ENTREZID","9370","ENTREZID","5465","directed","Process(indirect effect)"
"ENTREZID","9370","ENTREZID","79602","directed","Process(activation)"
"ENTREZID","9451","ENTREZID","1965","directed","Process(phosphorylation)"
"ENTREZID","9451","ENTREZID","1965","directed","Process(activation)"
"ENTREZID","998","ENTREZID","4296","directed","Process(activation)"
