"src_type","src","dest_type","dest","direction","type"
"ENTREZID","10000","ENTREZID","2475","directed","Process(activation)"
"ENTREZID","10000","ENTREZID","2475","directed","Process(indirect effect)"
"ENTREZID","10000","ENTREZID","2932","directed","Process(inhibition)"
"ENTREZID","10488","ENTREZID","2353","directed","Process(expression)"
"ENTREZID","10488","ENTREZID","5449","directed","Process(expression)"
"ENTREZID","1385","ENTREZID","2353","directed","Process(expression)"
"ENTREZID","1385","ENTREZID","5449","directed","Process(expression)"
"ENTREZID","1386","ENTREZID","2353","directed","Process(expression)"
"ENTREZID","1386","ENTREZID","5449","directed","Process(expression)"
"ENTREZID","1388","ENTREZID","2353","directed","Process(expression)"
"ENTREZID","1388","ENTREZID","5449","directed","Process(expression)"
"ENTREZID","1398","ENTREZID","4214","directed","Process(activation)"
"ENTREZID","1399","ENTREZID","4214","directed","Process(activation)"
"ENTREZID","1442","ENTREZID","2690","directed","Process(activation)"
"ENTREZID","1443","ENTREZID","2690","directed","Process(activation)"
"ENTREZID","148327","ENTREZID","2353","directed","Process(expression)"
"ENTREZID","148327","ENTREZID","5449","directed","Process(expression)"
"ENTREZID","207","ENTREZID","2475","directed","Process(activation)"
"ENTREZID","207","ENTREZID","2475","directed","Process(indirect effect)"
"ENTREZID","207","ENTREZID","2932","directed","Process(inhibition)"
"ENTREZID","208","ENTREZID","2475","directed","Process(activation)"
"ENTREZID","208","ENTREZID","2475","directed","Process(indirect effect)"
"ENTREZID","208","ENTREZID","2932","directed","Process(inhibition)"
"ENTREZID","2353","ENTREZID","1442","directed","Process(expression)"
"ENTREZID","2353","ENTREZID","1443","directed","Process(expression)"
"ENTREZID","2353","ENTREZID","2688","directed","Process(expression)"
"ENTREZID","2353","ENTREZID","2689","directed","Process(expression)"
"ENTREZID","2475","ENTREZID","2353","directed","Process(expression)"
"ENTREZID","2475","ENTREZID","3479","directed","Process(expression)"
"ENTREZID","2475","ENTREZID","3483","directed","Process(expression)"
"ENTREZID","2475","ENTREZID","3486","directed","Process(expression)"
"ENTREZID","2475","ENTREZID","3726","directed","Process(expression)"
"ENTREZID","2475","ENTREZID","8651","directed","Process(expression)"
"ENTREZID","2475","ENTREZID","8835","directed","Process(expression)"
"ENTREZID","2475","ENTREZID","9021","directed","Process(expression)"
"ENTREZID","25759","ENTREZID","2885","directed","Process(activation)"
"ENTREZID","2688","ENTREZID","2690","directed","Process(activation)"
"ENTREZID","2689","ENTREZID","2690","directed","Process(activation)"
"ENTREZID","2690","ENTREZID","3717","directed","Process(activation)"
"ENTREZID","2691","ENTREZID","2692","directed","Process(activation)"
"ENTREZID","2692","ENTREZID","2778","directed","Process(activation)"
"ENTREZID","2693","ENTREZID","2767","directed","Process(activation)"
"ENTREZID","2693","ENTREZID","2776","directed","Process(activation)"
"ENTREZID","2767","ENTREZID","23236","directed","Process(activation)"
"ENTREZID","2767","ENTREZID","5330","directed","Process(activation)"
"ENTREZID","2767","ENTREZID","5331","directed","Process(activation)"
"ENTREZID","2767","ENTREZID","5332","directed","Process(activation)"
"ENTREZID","2770","ENTREZID","107","directed","Process(inhibition)"
"ENTREZID","2770","ENTREZID","108","directed","Process(inhibition)"
"ENTREZID","2770","ENTREZID","109","directed","Process(inhibition)"
"ENTREZID","2770","ENTREZID","111","directed","Process(inhibition)"
"ENTREZID","2770","ENTREZID","112","directed","Process(inhibition)"
"ENTREZID","2770","ENTREZID","113","directed","Process(inhibition)"
"ENTREZID","2770","ENTREZID","114","directed","Process(inhibition)"
"ENTREZID","2770","ENTREZID","115","directed","Process(inhibition)"
"ENTREZID","2770","ENTREZID","196883","directed","Process(inhibition)"
"ENTREZID","2770","ENTREZID","55811","directed","Process(inhibition)"
"ENTREZID","2771","ENTREZID","107","directed","Process(inhibition)"
"ENTREZID","2771","ENTREZID","108","directed","Process(inhibition)"
"ENTREZID","2771","ENTREZID","109","directed","Process(inhibition)"
"ENTREZID","2771","ENTREZID","111","directed","Process(inhibition)"
"ENTREZID","2771","ENTREZID","112","directed","Process(inhibition)"
"ENTREZID","2771","ENTREZID","113","directed","Process(inhibition)"
"ENTREZID","2771","ENTREZID","114","directed","Process(inhibition)"
"ENTREZID","2771","ENTREZID","115","directed","Process(inhibition)"
"ENTREZID","2771","ENTREZID","196883","directed","Process(inhibition)"
"ENTREZID","2771","ENTREZID","55811","directed","Process(inhibition)"
"ENTREZID","2773","ENTREZID","107","directed","Process(inhibition)"
"ENTREZID","2773","ENTREZID","108","directed","Process(inhibition)"
"ENTREZID","2773","ENTREZID","109","directed","Process(inhibition)"
"ENTREZID","2773","ENTREZID","111","directed","Process(inhibition)"
"ENTREZID","2773","ENTREZID","112","directed","Process(inhibition)"
"ENTREZID","2773","ENTREZID","113","directed","Process(inhibition)"
"ENTREZID","2773","ENTREZID","114","directed","Process(inhibition)"
"ENTREZID","2773","ENTREZID","115","directed","Process(inhibition)"
"ENTREZID","2773","ENTREZID","196883","directed","Process(inhibition)"
"ENTREZID","2773","ENTREZID","55811","directed","Process(inhibition)"
"ENTREZID","2776","ENTREZID","23236","directed","Process(activation)"
"ENTREZID","2776","ENTREZID","5330","directed","Process(activation)"
"ENTREZID","2776","ENTREZID","5331","directed","Process(activation)"
"ENTREZID","2776","ENTREZID","5332","directed","Process(activation)"
"ENTREZID","2778","ENTREZID","107","directed","Process(activation)"
"ENTREZID","2778","ENTREZID","108","directed","Process(activation)"
"ENTREZID","2778","ENTREZID","109","directed","Process(activation)"
"ENTREZID","2778","ENTREZID","111","directed","Process(activation)"
"ENTREZID","2778","ENTREZID","112","directed","Process(activation)"
"ENTREZID","2778","ENTREZID","113","directed","Process(activation)"
"ENTREZID","2778","ENTREZID","114","directed","Process(activation)"
"ENTREZID","2778","ENTREZID","115","directed","Process(activation)"
"ENTREZID","2778","ENTREZID","196883","directed","Process(activation)"
"ENTREZID","2778","ENTREZID","55811","directed","Process(activation)"
"ENTREZID","2885","ENTREZID","6654","directed","Process(activation)"
"ENTREZID","2885","ENTREZID","6655","directed","Process(activation)"
"ENTREZID","2932","ENTREZID","2353","directed","Process(repression)"
"ENTREZID","2932","ENTREZID","3479","directed","Process(repression)"
"ENTREZID","2932","ENTREZID","3483","directed","Process(repression)"
"ENTREZID","2932","ENTREZID","3486","directed","Process(repression)"
"ENTREZID","2932","ENTREZID","3726","directed","Process(repression)"
"ENTREZID","2932","ENTREZID","8651","directed","Process(repression)"
"ENTREZID","2932","ENTREZID","8835","directed","Process(repression)"
"ENTREZID","2932","ENTREZID","9021","directed","Process(repression)"
"ENTREZID","3265","ENTREZID","5894","directed","Process(activation)"
"ENTREZID","3667","ENTREZID","5290","directed","Process(activation)"
"ENTREZID","3667","ENTREZID","5291","directed","Process(activation)"
"ENTREZID","3667","ENTREZID","5293","directed","Process(activation)"
"ENTREZID","3667","ENTREZID","5295","directed","Process(activation)"
"ENTREZID","3667","ENTREZID","5296","directed","Process(activation)"
"ENTREZID","3667","ENTREZID","8503","directed","Process(activation)"
"ENTREZID","3717","ENTREZID","25759","directed","Process(activation)"
"ENTREZID","3717","ENTREZID","3667","directed","Process(activation)"
"ENTREZID","3717","ENTREZID","399694","directed","Process(activation)"
"ENTREZID","3717","ENTREZID","5335","directed","Process(activation)"
"ENTREZID","3717","ENTREZID","53358","directed","Process(activation)"
"ENTREZID","3717","ENTREZID","5336","directed","Process(activation)"
"ENTREZID","3717","ENTREZID","5747","directed","Process(activation)"
"ENTREZID","3717","ENTREZID","6464","directed","Process(activation)"
"ENTREZID","3717","ENTREZID","6772","directed","Process(activation)"
"ENTREZID","3717","ENTREZID","6774","directed","Process(activation)"
"ENTREZID","3717","ENTREZID","6776","directed","Process(activation)"
"ENTREZID","3717","ENTREZID","6777","directed","Process(activation)"
"ENTREZID","3717","ENTREZID","8471","directed","Process(activation)"
"ENTREZID","3717","ENTREZID","8660","directed","Process(activation)"
"ENTREZID","3845","ENTREZID","5894","directed","Process(activation)"
"ENTREZID","399694","ENTREZID","2885","directed","Process(activation)"
"ENTREZID","4214","ENTREZID","5606","directed","Process(phosphorylation)"
"ENTREZID","4214","ENTREZID","5606","directed","Process(activation)"
"ENTREZID","4214","ENTREZID","5608","directed","Process(phosphorylation)"
"ENTREZID","4214","ENTREZID","5608","directed","Process(activation)"
"ENTREZID","4214","ENTREZID","6416","directed","Process(phosphorylation)"
"ENTREZID","4214","ENTREZID","6416","directed","Process(activation)"
"ENTREZID","468","ENTREZID","2353","directed","Process(expression)"
"ENTREZID","468","ENTREZID","5449","directed","Process(expression)"
"ENTREZID","4893","ENTREZID","5894","directed","Process(activation)"
"ENTREZID","51738","ENTREZID","2693","directed","Process(activation)"
"ENTREZID","5290","ENTREZID","10000","directed","Process(activation)"
"ENTREZID","5290","ENTREZID","207","directed","Process(activation)"
"ENTREZID","5290","ENTREZID","208","directed","Process(activation)"
"ENTREZID","5291","ENTREZID","10000","directed","Process(activation)"
"ENTREZID","5291","ENTREZID","207","directed","Process(activation)"
"ENTREZID","5291","ENTREZID","208","directed","Process(activation)"
"ENTREZID","5293","ENTREZID","10000","directed","Process(activation)"
"ENTREZID","5293","ENTREZID","207","directed","Process(activation)"
"ENTREZID","5293","ENTREZID","208","directed","Process(activation)"
"ENTREZID","5295","ENTREZID","10000","directed","Process(activation)"
"ENTREZID","5295","ENTREZID","207","directed","Process(activation)"
"ENTREZID","5295","ENTREZID","208","directed","Process(activation)"
"ENTREZID","5296","ENTREZID","10000","directed","Process(activation)"
"ENTREZID","5296","ENTREZID","207","directed","Process(activation)"
"ENTREZID","5296","ENTREZID","208","directed","Process(activation)"
"ENTREZID","53358","ENTREZID","2885","directed","Process(activation)"
"ENTREZID","5449","ENTREZID","1442","directed","Process(expression)"
"ENTREZID","5449","ENTREZID","1443","directed","Process(expression)"
"ENTREZID","5449","ENTREZID","2688","directed","Process(expression)"
"ENTREZID","5449","ENTREZID","2689","directed","Process(expression)"
"ENTREZID","5566","ENTREZID","10488","directed","Process(phosphorylation)"
"ENTREZID","5566","ENTREZID","10488","directed","Process(activation)"
"ENTREZID","5566","ENTREZID","1385","directed","Process(phosphorylation)"
"ENTREZID","5566","ENTREZID","1385","directed","Process(activation)"
"ENTREZID","5566","ENTREZID","1386","directed","Process(phosphorylation)"
"ENTREZID","5566","ENTREZID","1386","directed","Process(activation)"
"ENTREZID","5566","ENTREZID","1388","directed","Process(phosphorylation)"
"ENTREZID","5566","ENTREZID","1388","directed","Process(activation)"
"ENTREZID","5566","ENTREZID","148327","directed","Process(phosphorylation)"
"ENTREZID","5566","ENTREZID","148327","directed","Process(activation)"
"ENTREZID","5566","ENTREZID","468","directed","Process(phosphorylation)"
"ENTREZID","5566","ENTREZID","468","directed","Process(activation)"
"ENTREZID","5566","ENTREZID","64764","directed","Process(phosphorylation)"
"ENTREZID","5566","ENTREZID","64764","directed","Process(activation)"
"ENTREZID","5566","ENTREZID","775","directed","Process(activation)"
"ENTREZID","5566","ENTREZID","775","directed","Process(indirect effect)"
"ENTREZID","5566","ENTREZID","776","directed","Process(activation)"
"ENTREZID","5566","ENTREZID","776","directed","Process(indirect effect)"
"ENTREZID","5566","ENTREZID","778","directed","Process(activation)"
"ENTREZID","5566","ENTREZID","778","directed","Process(indirect effect)"
"ENTREZID","5566","ENTREZID","779","directed","Process(activation)"
"ENTREZID","5566","ENTREZID","779","directed","Process(indirect effect)"
"ENTREZID","5566","ENTREZID","84699","directed","Process(phosphorylation)"
"ENTREZID","5566","ENTREZID","84699","directed","Process(activation)"
"ENTREZID","5566","ENTREZID","90993","directed","Process(phosphorylation)"
"ENTREZID","5566","ENTREZID","90993","directed","Process(activation)"
"ENTREZID","5566","ENTREZID","9586","directed","Process(phosphorylation)"
"ENTREZID","5566","ENTREZID","9586","directed","Process(activation)"
"ENTREZID","5567","ENTREZID","10488","directed","Process(phosphorylation)"
"ENTREZID","5567","ENTREZID","10488","directed","Process(activation)"
"ENTREZID","5567","ENTREZID","1385","directed","Process(phosphorylation)"
"ENTREZID","5567","ENTREZID","1385","directed","Process(activation)"
"ENTREZID","5567","ENTREZID","1386","directed","Process(phosphorylation)"
"ENTREZID","5567","ENTREZID","1386","directed","Process(activation)"
"ENTREZID","5567","ENTREZID","1388","directed","Process(phosphorylation)"
"ENTREZID","5567","ENTREZID","1388","directed","Process(activation)"
"ENTREZID","5567","ENTREZID","148327","directed","Process(phosphorylation)"
"ENTREZID","5567","ENTREZID","148327","directed","Process(activation)"
"ENTREZID","5567","ENTREZID","468","directed","Process(phosphorylation)"
"ENTREZID","5567","ENTREZID","468","directed","Process(activation)"
"ENTREZID","5567","ENTREZID","64764","directed","Process(phosphorylation)"
"ENTREZID","5567","ENTREZID","64764","directed","Process(activation)"
"ENTREZID","5567","ENTREZID","775","directed","Process(activation)"
"ENTREZID","5567","ENTREZID","775","directed","Process(indirect effect)"
"ENTREZID","5567","ENTREZID","776","directed","Process(activation)"
"ENTREZID","5567","ENTREZID","776","directed","Process(indirect effect)"
"ENTREZID","5567","ENTREZID","778","directed","Process(activation)"
"ENTREZID","5567","ENTREZID","778","directed","Process(indirect effect)"
"ENTREZID","5567","ENTREZID","779","directed","Process(activation)"
"ENTREZID","5567","ENTREZID","779","directed","Process(indirect effect)"
"ENTREZID","5567","ENTREZID","84699","directed","Process(phosphorylation)"
"ENTREZID","5567","ENTREZID","84699","directed","Process(activation)"
"ENTREZID","5567","ENTREZID","90993","directed","Process(phosphorylation)"
"ENTREZID","5567","ENTREZID","90993","directed","Process(activation)"
"ENTREZID","5567","ENTREZID","9586","directed","Process(phosphorylation)"
"ENTREZID","5567","ENTREZID","9586","directed","Process(activation)"
"ENTREZID","5568","ENTREZID","10488","directed","Process(phosphorylation)"
"ENTREZID","5568","ENTREZID","10488","directed","Process(activation)"
"ENTREZID","5568","ENTREZID","1385","directed","Process(phosphorylation)"
"ENTREZID","5568","ENTREZID","1385","directed","Process(activation)"
"ENTREZID","5568","ENTREZID","1386","directed","Process(phosphorylation)"
"ENTREZID","5568","ENTREZID","1386","directed","Process(activation)"
"ENTREZID","5568","ENTREZID","1388","directed","Process(phosphorylation)"
"ENTREZID","5568","ENTREZID","1388","directed","Process(activation)"
"ENTREZID","5568","ENTREZID","148327","directed","Process(phosphorylation)"
"ENTREZID","5568","ENTREZID","148327","directed","Process(activation)"
"ENTREZID","5568","ENTREZID","468","directed","Process(phosphorylation)"
"ENTREZID","5568","ENTREZID","468","directed","Process(activation)"
"ENTREZID","5568","ENTREZID","64764","directed","Process(phosphorylation)"
"ENTREZID","5568","ENTREZID","64764","directed","Process(activation)"
"ENTREZID","5568","ENTREZID","775","directed","Process(activation)"
"ENTREZID","5568","ENTREZID","775","directed","Process(indirect effect)"
"ENTREZID","5568","ENTREZID","776","directed","Process(activation)"
"ENTREZID","5568","ENTREZID","776","directed","Process(indirect effect)"
"ENTREZID","5568","ENTREZID","778","directed","Process(activation)"
"ENTREZID","5568","ENTREZID","778","directed","Process(indirect effect)"
"ENTREZID","5568","ENTREZID","779","directed","Process(activation)"
"ENTREZID","5568","ENTREZID","779","directed","Process(indirect effect)"
"ENTREZID","5568","ENTREZID","84699","directed","Process(phosphorylation)"
"ENTREZID","5568","ENTREZID","84699","directed","Process(activation)"
"ENTREZID","5568","ENTREZID","90993","directed","Process(phosphorylation)"
"ENTREZID","5568","ENTREZID","90993","directed","Process(activation)"
"ENTREZID","5568","ENTREZID","9586","directed","Process(phosphorylation)"
"ENTREZID","5568","ENTREZID","9586","directed","Process(activation)"
"ENTREZID","5578","ENTREZID","775","directed","Process(activation)"
"ENTREZID","5578","ENTREZID","776","directed","Process(activation)"
"ENTREZID","5578","ENTREZID","778","directed","Process(activation)"
"ENTREZID","5578","ENTREZID","779","directed","Process(activation)"
"ENTREZID","5579","ENTREZID","775","directed","Process(activation)"
"ENTREZID","5579","ENTREZID","776","directed","Process(activation)"
"ENTREZID","5579","ENTREZID","778","directed","Process(activation)"
"ENTREZID","5579","ENTREZID","779","directed","Process(activation)"
"ENTREZID","5582","ENTREZID","775","directed","Process(activation)"
"ENTREZID","5582","ENTREZID","776","directed","Process(activation)"
"ENTREZID","5582","ENTREZID","778","directed","Process(activation)"
"ENTREZID","5582","ENTREZID","779","directed","Process(activation)"
"ENTREZID","5594","ENTREZID","2353","directed","Process(expression)"
"ENTREZID","5594","ENTREZID","3479","directed","Process(expression)"
"ENTREZID","5594","ENTREZID","3483","directed","Process(expression)"
"ENTREZID","5594","ENTREZID","3486","directed","Process(expression)"
"ENTREZID","5594","ENTREZID","3726","directed","Process(expression)"
"ENTREZID","5594","ENTREZID","8651","directed","Process(expression)"
"ENTREZID","5594","ENTREZID","8835","directed","Process(expression)"
"ENTREZID","5594","ENTREZID","9021","directed","Process(expression)"
"ENTREZID","5595","ENTREZID","2353","directed","Process(expression)"
"ENTREZID","5595","ENTREZID","3479","directed","Process(expression)"
"ENTREZID","5595","ENTREZID","3483","directed","Process(expression)"
"ENTREZID","5595","ENTREZID","3486","directed","Process(expression)"
"ENTREZID","5595","ENTREZID","3726","directed","Process(expression)"
"ENTREZID","5595","ENTREZID","8651","directed","Process(expression)"
"ENTREZID","5595","ENTREZID","8835","directed","Process(expression)"
"ENTREZID","5595","ENTREZID","9021","directed","Process(expression)"
"ENTREZID","5604","ENTREZID","5594","directed","Process(phosphorylation)"
"ENTREZID","5604","ENTREZID","5594","directed","Process(activation)"
"ENTREZID","5604","ENTREZID","5595","directed","Process(phosphorylation)"
"ENTREZID","5604","ENTREZID","5595","directed","Process(activation)"
"ENTREZID","5605","ENTREZID","5594","directed","Process(phosphorylation)"
"ENTREZID","5605","ENTREZID","5594","directed","Process(activation)"
"ENTREZID","5605","ENTREZID","5595","directed","Process(phosphorylation)"
"ENTREZID","5605","ENTREZID","5595","directed","Process(activation)"
"ENTREZID","5606","ENTREZID","1432","directed","Process(phosphorylation)"
"ENTREZID","5606","ENTREZID","1432","directed","Process(activation)"
"ENTREZID","5606","ENTREZID","5599","directed","Process(phosphorylation)"
"ENTREZID","5606","ENTREZID","5599","directed","Process(activation)"
"ENTREZID","5606","ENTREZID","5600","directed","Process(phosphorylation)"
"ENTREZID","5606","ENTREZID","5600","directed","Process(activation)"
"ENTREZID","5606","ENTREZID","5601","directed","Process(phosphorylation)"
"ENTREZID","5606","ENTREZID","5601","directed","Process(activation)"
"ENTREZID","5606","ENTREZID","5602","directed","Process(phosphorylation)"
"ENTREZID","5606","ENTREZID","5602","directed","Process(activation)"
"ENTREZID","5606","ENTREZID","5603","directed","Process(phosphorylation)"
"ENTREZID","5606","ENTREZID","5603","directed","Process(activation)"
"ENTREZID","5606","ENTREZID","6300","directed","Process(phosphorylation)"
"ENTREZID","5606","ENTREZID","6300","directed","Process(activation)"
"ENTREZID","5608","ENTREZID","1432","directed","Process(phosphorylation)"
"ENTREZID","5608","ENTREZID","1432","directed","Process(activation)"
"ENTREZID","5608","ENTREZID","5599","directed","Process(phosphorylation)"
"ENTREZID","5608","ENTREZID","5599","directed","Process(activation)"
"ENTREZID","5608","ENTREZID","5600","directed","Process(phosphorylation)"
"ENTREZID","5608","ENTREZID","5600","directed","Process(activation)"
"ENTREZID","5608","ENTREZID","5601","directed","Process(phosphorylation)"
"ENTREZID","5608","ENTREZID","5601","directed","Process(activation)"
"ENTREZID","5608","ENTREZID","5602","directed","Process(phosphorylation)"
"ENTREZID","5608","ENTREZID","5602","directed","Process(activation)"
"ENTREZID","5608","ENTREZID","5603","directed","Process(phosphorylation)"
"ENTREZID","5608","ENTREZID","5603","directed","Process(activation)"
"ENTREZID","5608","ENTREZID","6300","directed","Process(phosphorylation)"
"ENTREZID","5608","ENTREZID","6300","directed","Process(activation)"
"ENTREZID","5747","ENTREZID","1398","directed","Process(activation)"
"ENTREZID","5747","ENTREZID","1399","directed","Process(activation)"
"ENTREZID","5747","ENTREZID","9564","directed","Process(activation)"
"ENTREZID","5894","ENTREZID","5604","directed","Process(phosphorylation)"
"ENTREZID","5894","ENTREZID","5604","directed","Process(activation)"
"ENTREZID","5894","ENTREZID","5605","directed","Process(phosphorylation)"
"ENTREZID","5894","ENTREZID","5605","directed","Process(activation)"
"ENTREZID","6416","ENTREZID","1432","directed","Process(phosphorylation)"
"ENTREZID","6416","ENTREZID","1432","directed","Process(activation)"
"ENTREZID","6416","ENTREZID","5599","directed","Process(phosphorylation)"
"ENTREZID","6416","ENTREZID","5599","directed","Process(activation)"
"ENTREZID","6416","ENTREZID","5600","directed","Process(phosphorylation)"
"ENTREZID","6416","ENTREZID","5600","directed","Process(activation)"
"ENTREZID","6416","ENTREZID","5601","directed","Process(phosphorylation)"
"ENTREZID","6416","ENTREZID","5601","directed","Process(activation)"
"ENTREZID","6416","ENTREZID","5602","directed","Process(phosphorylation)"
"ENTREZID","6416","ENTREZID","5602","directed","Process(activation)"
"ENTREZID","6416","ENTREZID","5603","directed","Process(phosphorylation)"
"ENTREZID","6416","ENTREZID","5603","directed","Process(activation)"
"ENTREZID","6416","ENTREZID","6300","directed","Process(phosphorylation)"
"ENTREZID","6416","ENTREZID","6300","directed","Process(activation)"
"ENTREZID","6464","ENTREZID","2885","directed","Process(activation)"
"ENTREZID","64764","ENTREZID","2353","directed","Process(expression)"
"ENTREZID","64764","ENTREZID","5449","directed","Process(expression)"
"ENTREZID","6654","ENTREZID","3265","directed","Process(activation)"
"ENTREZID","6654","ENTREZID","3845","directed","Process(activation)"
"ENTREZID","6654","ENTREZID","4893","directed","Process(activation)"
"ENTREZID","6655","ENTREZID","3265","directed","Process(activation)"
"ENTREZID","6655","ENTREZID","3845","directed","Process(activation)"
"ENTREZID","6655","ENTREZID","4893","directed","Process(activation)"
"ENTREZID","6750","ENTREZID","6751","directed","Process(activation)"
"ENTREZID","6750","ENTREZID","6752","directed","Process(activation)"
"ENTREZID","6750","ENTREZID","6753","directed","Process(activation)"
"ENTREZID","6750","ENTREZID","6755","directed","Process(activation)"
"ENTREZID","6751","ENTREZID","2770","directed","Process(activation)"
"ENTREZID","6751","ENTREZID","2771","directed","Process(activation)"
"ENTREZID","6751","ENTREZID","2773","directed","Process(activation)"
"ENTREZID","6752","ENTREZID","2770","directed","Process(activation)"
"ENTREZID","6752","ENTREZID","2771","directed","Process(activation)"
"ENTREZID","6752","ENTREZID","2773","directed","Process(activation)"
"ENTREZID","6753","ENTREZID","2770","directed","Process(activation)"
"ENTREZID","6753","ENTREZID","2771","directed","Process(activation)"
"ENTREZID","6753","ENTREZID","2773","directed","Process(activation)"
"ENTREZID","6755","ENTREZID","2770","directed","Process(activation)"
"ENTREZID","6755","ENTREZID","2771","directed","Process(activation)"
"ENTREZID","6755","ENTREZID","2773","directed","Process(activation)"
"ENTREZID","6772","ENTREZID","2353","directed","Process(expression)"
"ENTREZID","6772","ENTREZID","3479","directed","Process(expression)"
"ENTREZID","6772","ENTREZID","3483","directed","Process(expression)"
"ENTREZID","6772","ENTREZID","3486","directed","Process(expression)"
"ENTREZID","6772","ENTREZID","3726","directed","Process(expression)"
"ENTREZID","6772","ENTREZID","8651","directed","Process(expression)"
"ENTREZID","6772","ENTREZID","8835","directed","Process(expression)"
"ENTREZID","6772","ENTREZID","9021","directed","Process(expression)"
"ENTREZID","6774","ENTREZID","2353","directed","Process(expression)"
"ENTREZID","6774","ENTREZID","3479","directed","Process(expression)"
"ENTREZID","6774","ENTREZID","3483","directed","Process(expression)"
"ENTREZID","6774","ENTREZID","3486","directed","Process(expression)"
"ENTREZID","6774","ENTREZID","3726","directed","Process(expression)"
"ENTREZID","6774","ENTREZID","8651","directed","Process(expression)"
"ENTREZID","6774","ENTREZID","8835","directed","Process(expression)"
"ENTREZID","6774","ENTREZID","9021","directed","Process(expression)"
"ENTREZID","6776","ENTREZID","2353","directed","Process(expression)"
"ENTREZID","6776","ENTREZID","3479","directed","Process(expression)"
"ENTREZID","6776","ENTREZID","3483","directed","Process(expression)"
"ENTREZID","6776","ENTREZID","3486","directed","Process(expression)"
"ENTREZID","6776","ENTREZID","3726","directed","Process(expression)"
"ENTREZID","6776","ENTREZID","8651","directed","Process(expression)"
"ENTREZID","6776","ENTREZID","8835","directed","Process(expression)"
"ENTREZID","6776","ENTREZID","9021","directed","Process(expression)"
"ENTREZID","6777","ENTREZID","2353","directed","Process(expression)"
"ENTREZID","6777","ENTREZID","3479","directed","Process(expression)"
"ENTREZID","6777","ENTREZID","3483","directed","Process(expression)"
"ENTREZID","6777","ENTREZID","3486","directed","Process(expression)"
"ENTREZID","6777","ENTREZID","3726","directed","Process(expression)"
"ENTREZID","6777","ENTREZID","8651","directed","Process(expression)"
"ENTREZID","6777","ENTREZID","8835","directed","Process(expression)"
"ENTREZID","6777","ENTREZID","9021","directed","Process(expression)"
"ENTREZID","84699","ENTREZID","2353","directed","Process(expression)"
"ENTREZID","84699","ENTREZID","5449","directed","Process(expression)"
"ENTREZID","8471","ENTREZID","5290","directed","Process(activation)"
"ENTREZID","8471","ENTREZID","5291","directed","Process(activation)"
"ENTREZID","8471","ENTREZID","5293","directed","Process(activation)"
"ENTREZID","8471","ENTREZID","5295","directed","Process(activation)"
"ENTREZID","8471","ENTREZID","5296","directed","Process(activation)"
"ENTREZID","8471","ENTREZID","8503","directed","Process(activation)"
"ENTREZID","8503","ENTREZID","10000","directed","Process(activation)"
"ENTREZID","8503","ENTREZID","207","directed","Process(activation)"
"ENTREZID","8503","ENTREZID","208","directed","Process(activation)"
"ENTREZID","8660","ENTREZID","5290","directed","Process(activation)"
"ENTREZID","8660","ENTREZID","5291","directed","Process(activation)"
"ENTREZID","8660","ENTREZID","5293","directed","Process(activation)"
"ENTREZID","8660","ENTREZID","5295","directed","Process(activation)"
"ENTREZID","8660","ENTREZID","5296","directed","Process(activation)"
"ENTREZID","8660","ENTREZID","8503","directed","Process(activation)"
"ENTREZID","90993","ENTREZID","2353","directed","Process(expression)"
"ENTREZID","90993","ENTREZID","5449","directed","Process(expression)"
"ENTREZID","9564","ENTREZID","4214","directed","Process(activation)"
"ENTREZID","9586","ENTREZID","2353","directed","Process(expression)"
"ENTREZID","9586","ENTREZID","5449","directed","Process(expression)"
