"src_type","src","dest_type","dest","direction","type"
"ENTREZID","23327","ENTREZID","6337","directed","Process(ubiquitination)"
"ENTREZID","23327","ENTREZID","6338","directed","Process(ubiquitination)"
"ENTREZID","23327","ENTREZID","6340","directed","Process(ubiquitination)"
"ENTREZID","2810","ENTREZID","23327","directed","Process(binding/association)"
"ENTREZID","3479","ENTREZID","3643","directed","Process(activation)"
"ENTREZID","3630","ENTREZID","3643","directed","Process(activation)"
"ENTREZID","3643","ENTREZID","3667","directed","Process(activation)"
"ENTREZID","3667","ENTREZID","5290","directed","Process(activation)"
"ENTREZID","3667","ENTREZID","5291","directed","Process(activation)"
"ENTREZID","3667","ENTREZID","5293","directed","Process(activation)"
"ENTREZID","3667","ENTREZID","5295","directed","Process(activation)"
"ENTREZID","3667","ENTREZID","5296","directed","Process(activation)"
"ENTREZID","3667","ENTREZID","8503","directed","Process(activation)"
"ENTREZID","3845","ENTREZID","5290","directed","Process(activation)"
"ENTREZID","3845","ENTREZID","5290","directed","Process(indirect effect)"
"ENTREZID","3845","ENTREZID","5291","directed","Process(activation)"
"ENTREZID","3845","ENTREZID","5291","directed","Process(indirect effect)"
"ENTREZID","3845","ENTREZID","5293","directed","Process(activation)"
"ENTREZID","3845","ENTREZID","5293","directed","Process(indirect effect)"
"ENTREZID","3845","ENTREZID","5295","directed","Process(activation)"
"ENTREZID","3845","ENTREZID","5295","directed","Process(indirect effect)"
"ENTREZID","3845","ENTREZID","5296","directed","Process(activation)"
"ENTREZID","3845","ENTREZID","5296","directed","Process(indirect effect)"
"ENTREZID","3845","ENTREZID","8503","directed","Process(activation)"
"ENTREZID","3845","ENTREZID","8503","directed","Process(indirect effect)"
"ENTREZID","4306","ENTREZID","23439","directed","Process(expression)"
"ENTREZID","4306","ENTREZID","3845","directed","Process(expression)"
"ENTREZID","4306","ENTREZID","476","directed","Process(expression)"
"ENTREZID","4306","ENTREZID","477","directed","Process(expression)"
"ENTREZID","4306","ENTREZID","478","directed","Process(expression)"
"ENTREZID","4306","ENTREZID","480","directed","Process(expression)"
"ENTREZID","4306","ENTREZID","481","directed","Process(expression)"
"ENTREZID","4306","ENTREZID","482","directed","Process(expression)"
"ENTREZID","4306","ENTREZID","483","directed","Process(expression)"
"ENTREZID","4306","ENTREZID","486","directed","Process(expression)"
"ENTREZID","4306","ENTREZID","53828","directed","Process(expression)"
"ENTREZID","4306","ENTREZID","6337","directed","Process(expression)"
"ENTREZID","4306","ENTREZID","6338","directed","Process(expression)"
"ENTREZID","4306","ENTREZID","6340","directed","Process(expression)"
"ENTREZID","4306","ENTREZID","6446","directed","Process(expression)"
"ENTREZID","5170","ENTREZID","6446","directed","Process(phosphorylation)"
"ENTREZID","5170","ENTREZID","6446","directed","Process(activation)"
"ENTREZID","6446","ENTREZID","23327","directed","Process(inhibition)"
"ENTREZID","6446","ENTREZID","23327","directed","Process(phosphorylation)"
"ENTREZID","6446","ENTREZID","3758","directed","Process(activation)"
