"src_type","src","dest_type","dest","direction","type"
"ENTREZID","10488","ENTREZID","359","directed","Process(expression)"
"ENTREZID","1385","ENTREZID","359","directed","Process(expression)"
"ENTREZID","148327","ENTREZID","359","directed","Process(expression)"
"ENTREZID","2778","ENTREZID","109","directed","Process(activation)"
"ENTREZID","2778","ENTREZID","112","directed","Process(activation)"
"ENTREZID","2778","ENTREZID","115","directed","Process(activation)"
"ENTREZID","551","ENTREZID","554","directed","Process(activation)"
"ENTREZID","554","ENTREZID","2778","directed","Process(activation)"
"ENTREZID","5566","ENTREZID","10488","directed","Process(activation)"
"ENTREZID","5566","ENTREZID","1385","directed","Process(activation)"
"ENTREZID","5566","ENTREZID","148327","directed","Process(activation)"
"ENTREZID","5566","ENTREZID","359","directed","Process(phosphorylation)"
"ENTREZID","5566","ENTREZID","359","directed","Process(activation)"
"ENTREZID","5566","ENTREZID","396","directed","Process(activation)"
"ENTREZID","5566","ENTREZID","397","directed","Process(activation)"
"ENTREZID","5566","ENTREZID","398","directed","Process(activation)"
"ENTREZID","5566","ENTREZID","64764","directed","Process(activation)"
"ENTREZID","5566","ENTREZID","84699","directed","Process(activation)"
"ENTREZID","5566","ENTREZID","90993","directed","Process(activation)"
"ENTREZID","5566","ENTREZID","9586","directed","Process(activation)"
"ENTREZID","5567","ENTREZID","10488","directed","Process(activation)"
"ENTREZID","5567","ENTREZID","1385","directed","Process(activation)"
"ENTREZID","5567","ENTREZID","148327","directed","Process(activation)"
"ENTREZID","5567","ENTREZID","359","directed","Process(phosphorylation)"
"ENTREZID","5567","ENTREZID","359","directed","Process(activation)"
"ENTREZID","5567","ENTREZID","396","directed","Process(activation)"
"ENTREZID","5567","ENTREZID","397","directed","Process(activation)"
"ENTREZID","5567","ENTREZID","398","directed","Process(activation)"
"ENTREZID","5567","ENTREZID","64764","directed","Process(activation)"
"ENTREZID","5567","ENTREZID","84699","directed","Process(activation)"
"ENTREZID","5567","ENTREZID","90993","directed","Process(activation)"
"ENTREZID","5567","ENTREZID","9586","directed","Process(activation)"
"ENTREZID","5568","ENTREZID","10488","directed","Process(activation)"
"ENTREZID","5568","ENTREZID","1385","directed","Process(activation)"
"ENTREZID","5568","ENTREZID","148327","directed","Process(activation)"
"ENTREZID","5568","ENTREZID","359","directed","Process(phosphorylation)"
"ENTREZID","5568","ENTREZID","359","directed","Process(activation)"
"ENTREZID","5568","ENTREZID","396","directed","Process(activation)"
"ENTREZID","5568","ENTREZID","397","directed","Process(activation)"
"ENTREZID","5568","ENTREZID","398","directed","Process(activation)"
"ENTREZID","5568","ENTREZID","64764","directed","Process(activation)"
"ENTREZID","5568","ENTREZID","84699","directed","Process(activation)"
"ENTREZID","5568","ENTREZID","90993","directed","Process(activation)"
"ENTREZID","5568","ENTREZID","9586","directed","Process(activation)"
"ENTREZID","64764","ENTREZID","359","directed","Process(expression)"
"ENTREZID","6844","ENTREZID","6810","directed","Process(binding/association)"
"ENTREZID","84699","ENTREZID","359","directed","Process(expression)"
"ENTREZID","90993","ENTREZID","359","directed","Process(expression)"
"ENTREZID","9586","ENTREZID","359","directed","Process(expression)"
