"src_type","src","dest_type","dest","direction","type"
"ENTREZID","10000","ENTREZID","6518","directed","Process(activation)"
"ENTREZID","10000","ENTREZID","6518","directed","Process(indirect effect)"
"ENTREZID","207","ENTREZID","6518","directed","Process(activation)"
"ENTREZID","207","ENTREZID","6518","directed","Process(indirect effect)"
"ENTREZID","208","ENTREZID","6518","directed","Process(activation)"
"ENTREZID","208","ENTREZID","6518","directed","Process(indirect effect)"
"ENTREZID","346562","ENTREZID","23236","directed","Process(activation)"
"ENTREZID","346562","ENTREZID","5330","directed","Process(activation)"
"ENTREZID","346562","ENTREZID","5331","directed","Process(activation)"
"ENTREZID","346562","ENTREZID","5332","directed","Process(activation)"
"ENTREZID","5579","ENTREZID","6514","directed","Process(activation)"
"ENTREZID","5579","ENTREZID","6514","directed","Process(indirect effect)"
"ENTREZID","80834","ENTREZID","346562","directed","Process(activation)"
"ENTREZID","80834","ENTREZID","83756","undirected","Binding"
"ENTREZID","83756","ENTREZID","346562","directed","Process(activation)"
