"src_type","src","dest_type","dest","direction","type"
"ENTREZID","123264","ENTREZID","200931","undirected","Binding"
"ENTREZID","2778","ENTREZID","107","directed","Process(activation)"
"ENTREZID","2778","ENTREZID","108","directed","Process(activation)"
"ENTREZID","2778","ENTREZID","109","directed","Process(activation)"
"ENTREZID","2778","ENTREZID","111","directed","Process(activation)"
"ENTREZID","2778","ENTREZID","112","directed","Process(activation)"
"ENTREZID","2778","ENTREZID","113","directed","Process(activation)"
"ENTREZID","2778","ENTREZID","114","directed","Process(activation)"
"ENTREZID","2778","ENTREZID","115","directed","Process(activation)"
"ENTREZID","2778","ENTREZID","196883","directed","Process(activation)"
"ENTREZID","5566","ENTREZID","1080","directed","Process(activation)"
"ENTREZID","5567","ENTREZID","1080","directed","Process(activation)"
"ENTREZID","5568","ENTREZID","1080","directed","Process(activation)"
"ENTREZID","6343","ENTREZID","6344","directed","Process(activation)"
"ENTREZID","6344","ENTREZID","2778","directed","Process(activation)"
"ENTREZID","8431","ENTREZID","10599","directed","Process(repression)"
"ENTREZID","8431","ENTREZID","1581","directed","Process(repression)"
"ENTREZID","8431","ENTREZID","28234","directed","Process(repression)"
"ENTREZID","8431","ENTREZID","6554","directed","Process(repression)"
"ENTREZID","8431","ENTREZID","6579","directed","Process(repression)"
"ENTREZID","9971","ENTREZID","123264","directed","Process(expression)"
"ENTREZID","9971","ENTREZID","1244","directed","Process(expression)"
"ENTREZID","9971","ENTREZID","200931","directed","Process(expression)"
"ENTREZID","9971","ENTREZID","5244","directed","Process(expression)"
"ENTREZID","9971","ENTREZID","6256","directed","Process(binding/association)"
"ENTREZID","9971","ENTREZID","8431","directed","Process(expression)"
"ENTREZID","9971","ENTREZID","8647","directed","Process(expression)"
