"src_type","src","dest_type","dest","direction","type"
"ENTREZID","10213","ENTREZID","11047","undirected","Binding"
"ENTREZID","10213","ENTREZID","143471","undirected","Binding"
"ENTREZID","10213","ENTREZID","5682","undirected","Binding"
"ENTREZID","10213","ENTREZID","5683","undirected","Binding"
"ENTREZID","10213","ENTREZID","5684","undirected","Binding"
"ENTREZID","10213","ENTREZID","5685","undirected","Binding"
"ENTREZID","10213","ENTREZID","5686","undirected","Binding"
"ENTREZID","10213","ENTREZID","5687","undirected","Binding"
"ENTREZID","10213","ENTREZID","5688","undirected","Binding"
"ENTREZID","10213","ENTREZID","5689","undirected","Binding"
"ENTREZID","10213","ENTREZID","5690","undirected","Binding"
"ENTREZID","10213","ENTREZID","5691","undirected","Binding"
"ENTREZID","10213","ENTREZID","5692","undirected","Binding"
"ENTREZID","10213","ENTREZID","5693","undirected","Binding"
"ENTREZID","10213","ENTREZID","5694","undirected","Binding"
"ENTREZID","10213","ENTREZID","5695","undirected","Binding"
"ENTREZID","10213","ENTREZID","5700","undirected","Binding"
"ENTREZID","10213","ENTREZID","5701","undirected","Binding"
"ENTREZID","10213","ENTREZID","5702","undirected","Binding"
"ENTREZID","10213","ENTREZID","5704","undirected","Binding"
"ENTREZID","10213","ENTREZID","5705","undirected","Binding"
"ENTREZID","10213","ENTREZID","5706","undirected","Binding"
"ENTREZID","10213","ENTREZID","5707","undirected","Binding"
"ENTREZID","10213","ENTREZID","5708","undirected","Binding"
"ENTREZID","10213","ENTREZID","5709","undirected","Binding"
"ENTREZID","10213","ENTREZID","5710","undirected","Binding"
"ENTREZID","10213","ENTREZID","5713","undirected","Binding"
"ENTREZID","10213","ENTREZID","5714","undirected","Binding"
"ENTREZID","10213","ENTREZID","5715","undirected","Binding"
"ENTREZID","10213","ENTREZID","5717","undirected","Binding"
"ENTREZID","10213","ENTREZID","5718","undirected","Binding"
"ENTREZID","10213","ENTREZID","5719","undirected","Binding"
"ENTREZID","10213","ENTREZID","7979","undirected","Binding"
"ENTREZID","10213","ENTREZID","9861","undirected","Binding"
"ENTREZID","10488","ENTREZID","10891","directed","Process(missing interaction)"
"ENTREZID","10488","ENTREZID","1385","undirected","Binding"
"ENTREZID","10488","ENTREZID","148327","undirected","Binding"
"ENTREZID","10488","ENTREZID","3064","undirected","Binding"
"ENTREZID","10488","ENTREZID","64764","undirected","Binding"
"ENTREZID","10488","ENTREZID","6874","undirected","Binding"
"ENTREZID","10488","ENTREZID","6875","undirected","Binding"
"ENTREZID","10488","ENTREZID","84699","undirected","Binding"
"ENTREZID","10488","ENTREZID","90993","undirected","Binding"
"ENTREZID","10488","ENTREZID","9586","undirected","Binding"
"ENTREZID","10891","ENTREZID","257202","directed","Process(missing interaction)"
"ENTREZID","10891","ENTREZID","2876","directed","Process(missing interaction)"
"ENTREZID","10891","ENTREZID","2877","directed","Process(missing interaction)"
"ENTREZID","10891","ENTREZID","2878","directed","Process(missing interaction)"
"ENTREZID","10891","ENTREZID","2880","directed","Process(missing interaction)"
"ENTREZID","10891","ENTREZID","2882","directed","Process(missing interaction)"
"ENTREZID","10891","ENTREZID","4899","directed","Process(missing interaction)"
"ENTREZID","10891","ENTREZID","493869","directed","Process(missing interaction)"
"ENTREZID","10891","ENTREZID","6647","directed","Process(missing interaction)"
"ENTREZID","10891","ENTREZID","6648","directed","Process(missing interaction)"
"ENTREZID","10891","ENTREZID","7019","directed","Process(missing interaction)"
"ENTREZID","11047","ENTREZID","143471","undirected","Binding"
"ENTREZID","11047","ENTREZID","5682","undirected","Binding"
"ENTREZID","11047","ENTREZID","5683","undirected","Binding"
"ENTREZID","11047","ENTREZID","5684","undirected","Binding"
"ENTREZID","11047","ENTREZID","5685","undirected","Binding"
"ENTREZID","11047","ENTREZID","5686","undirected","Binding"
"ENTREZID","11047","ENTREZID","5687","undirected","Binding"
"ENTREZID","11047","ENTREZID","5688","undirected","Binding"
"ENTREZID","11047","ENTREZID","5689","undirected","Binding"
"ENTREZID","11047","ENTREZID","5690","undirected","Binding"
"ENTREZID","11047","ENTREZID","5691","undirected","Binding"
"ENTREZID","11047","ENTREZID","5692","undirected","Binding"
"ENTREZID","11047","ENTREZID","5693","undirected","Binding"
"ENTREZID","11047","ENTREZID","5694","undirected","Binding"
"ENTREZID","11047","ENTREZID","5695","undirected","Binding"
"ENTREZID","11047","ENTREZID","5700","undirected","Binding"
"ENTREZID","11047","ENTREZID","5701","undirected","Binding"
"ENTREZID","11047","ENTREZID","5702","undirected","Binding"
"ENTREZID","11047","ENTREZID","5704","undirected","Binding"
"ENTREZID","11047","ENTREZID","5705","undirected","Binding"
"ENTREZID","11047","ENTREZID","5706","undirected","Binding"
"ENTREZID","11047","ENTREZID","5707","undirected","Binding"
"ENTREZID","11047","ENTREZID","5708","undirected","Binding"
"ENTREZID","11047","ENTREZID","5709","undirected","Binding"
"ENTREZID","11047","ENTREZID","5710","undirected","Binding"
"ENTREZID","11047","ENTREZID","5713","undirected","Binding"
"ENTREZID","11047","ENTREZID","5714","undirected","Binding"
"ENTREZID","11047","ENTREZID","5715","undirected","Binding"
"ENTREZID","11047","ENTREZID","5717","undirected","Binding"
"ENTREZID","11047","ENTREZID","5718","undirected","Binding"
"ENTREZID","11047","ENTREZID","5719","undirected","Binding"
"ENTREZID","11047","ENTREZID","7979","undirected","Binding"
"ENTREZID","11047","ENTREZID","9861","undirected","Binding"
"ENTREZID","1173","ENTREZID","1175","undirected","Binding"
"ENTREZID","1173","ENTREZID","1211","undirected","Binding"
"ENTREZID","1173","ENTREZID","1212","undirected","Binding"
"ENTREZID","1173","ENTREZID","1213","undirected","Binding"
"ENTREZID","1173","ENTREZID","160","undirected","Binding"
"ENTREZID","1173","ENTREZID","161","undirected","Binding"
"ENTREZID","1173","ENTREZID","163","undirected","Binding"
"ENTREZID","1173","ENTREZID","3092","undirected","Binding"
"ENTREZID","1173","ENTREZID","8218","undirected","Binding"
"ENTREZID","1175","ENTREZID","1211","undirected","Binding"
"ENTREZID","1175","ENTREZID","1212","undirected","Binding"
"ENTREZID","1175","ENTREZID","1213","undirected","Binding"
"ENTREZID","1175","ENTREZID","160","undirected","Binding"
"ENTREZID","1175","ENTREZID","161","undirected","Binding"
"ENTREZID","1175","ENTREZID","163","undirected","Binding"
"ENTREZID","1175","ENTREZID","3092","undirected","Binding"
"ENTREZID","1175","ENTREZID","8218","undirected","Binding"
"ENTREZID","1211","ENTREZID","1212","undirected","Binding"
"ENTREZID","1211","ENTREZID","1213","undirected","Binding"
"ENTREZID","1211","ENTREZID","160","undirected","Binding"
"ENTREZID","1211","ENTREZID","161","undirected","Binding"
"ENTREZID","1211","ENTREZID","163","undirected","Binding"
"ENTREZID","1211","ENTREZID","3092","undirected","Binding"
"ENTREZID","1211","ENTREZID","8218","undirected","Binding"
"ENTREZID","1212","ENTREZID","1213","undirected","Binding"
"ENTREZID","1212","ENTREZID","160","undirected","Binding"
"ENTREZID","1212","ENTREZID","161","undirected","Binding"
"ENTREZID","1212","ENTREZID","163","undirected","Binding"
"ENTREZID","1212","ENTREZID","3092","undirected","Binding"
"ENTREZID","1212","ENTREZID","8218","undirected","Binding"
"ENTREZID","1213","ENTREZID","160","undirected","Binding"
"ENTREZID","1213","ENTREZID","161","undirected","Binding"
"ENTREZID","1213","ENTREZID","163","undirected","Binding"
"ENTREZID","1213","ENTREZID","3092","undirected","Binding"
"ENTREZID","1213","ENTREZID","8218","undirected","Binding"
"ENTREZID","1385","ENTREZID","10891","directed","Process(missing interaction)"
"ENTREZID","1385","ENTREZID","148327","undirected","Binding"
"ENTREZID","1385","ENTREZID","3064","undirected","Binding"
"ENTREZID","1385","ENTREZID","64764","undirected","Binding"
"ENTREZID","1385","ENTREZID","6874","undirected","Binding"
"ENTREZID","1385","ENTREZID","6875","undirected","Binding"
"ENTREZID","1385","ENTREZID","84699","undirected","Binding"
"ENTREZID","1385","ENTREZID","90993","undirected","Binding"
"ENTREZID","1385","ENTREZID","9586","undirected","Binding"
"ENTREZID","143471","ENTREZID","5682","undirected","Binding"
"ENTREZID","143471","ENTREZID","5683","undirected","Binding"
"ENTREZID","143471","ENTREZID","5684","undirected","Binding"
"ENTREZID","143471","ENTREZID","5685","undirected","Binding"
"ENTREZID","143471","ENTREZID","5686","undirected","Binding"
"ENTREZID","143471","ENTREZID","5687","undirected","Binding"
"ENTREZID","143471","ENTREZID","5688","undirected","Binding"
"ENTREZID","143471","ENTREZID","5689","undirected","Binding"
"ENTREZID","143471","ENTREZID","5690","undirected","Binding"
"ENTREZID","143471","ENTREZID","5691","undirected","Binding"
"ENTREZID","143471","ENTREZID","5692","undirected","Binding"
"ENTREZID","143471","ENTREZID","5693","undirected","Binding"
"ENTREZID","143471","ENTREZID","5694","undirected","Binding"
"ENTREZID","143471","ENTREZID","5695","undirected","Binding"
"ENTREZID","143471","ENTREZID","5700","undirected","Binding"
"ENTREZID","143471","ENTREZID","5701","undirected","Binding"
"ENTREZID","143471","ENTREZID","5702","undirected","Binding"
"ENTREZID","143471","ENTREZID","5704","undirected","Binding"
"ENTREZID","143471","ENTREZID","5705","undirected","Binding"
"ENTREZID","143471","ENTREZID","5706","undirected","Binding"
"ENTREZID","143471","ENTREZID","5707","undirected","Binding"
"ENTREZID","143471","ENTREZID","5708","undirected","Binding"
"ENTREZID","143471","ENTREZID","5709","undirected","Binding"
"ENTREZID","143471","ENTREZID","5710","undirected","Binding"
"ENTREZID","143471","ENTREZID","5713","undirected","Binding"
"ENTREZID","143471","ENTREZID","5714","undirected","Binding"
"ENTREZID","143471","ENTREZID","5715","undirected","Binding"
"ENTREZID","143471","ENTREZID","5717","undirected","Binding"
"ENTREZID","143471","ENTREZID","5718","undirected","Binding"
"ENTREZID","143471","ENTREZID","5719","undirected","Binding"
"ENTREZID","143471","ENTREZID","7979","undirected","Binding"
"ENTREZID","143471","ENTREZID","9861","undirected","Binding"
"ENTREZID","148327","ENTREZID","10891","directed","Process(missing interaction)"
"ENTREZID","148327","ENTREZID","3064","undirected","Binding"
"ENTREZID","148327","ENTREZID","64764","undirected","Binding"
"ENTREZID","148327","ENTREZID","6874","undirected","Binding"
"ENTREZID","148327","ENTREZID","6875","undirected","Binding"
"ENTREZID","148327","ENTREZID","84699","undirected","Binding"
"ENTREZID","148327","ENTREZID","90993","undirected","Binding"
"ENTREZID","148327","ENTREZID","9586","undirected","Binding"
"ENTREZID","160","ENTREZID","161","undirected","Binding"
"ENTREZID","160","ENTREZID","163","undirected","Binding"
"ENTREZID","160","ENTREZID","3092","undirected","Binding"
"ENTREZID","160","ENTREZID","8218","undirected","Binding"
"ENTREZID","161","ENTREZID","163","undirected","Binding"
"ENTREZID","161","ENTREZID","3092","undirected","Binding"
"ENTREZID","161","ENTREZID","8218","undirected","Binding"
"ENTREZID","163","ENTREZID","3092","undirected","Binding"
"ENTREZID","163","ENTREZID","8218","undirected","Binding"
"ENTREZID","1742","ENTREZID","2902","directed","Process(activation)"
"ENTREZID","1742","ENTREZID","2904","directed","Process(activation)"
"ENTREZID","2081","ENTREZID","4217","directed","Process(activation)"
"ENTREZID","2081","ENTREZID","7186","undirected","Binding"
"ENTREZID","22863","ENTREZID","29982","undirected","Binding"
"ENTREZID","22863","ENTREZID","30849","undirected","Binding"
"ENTREZID","22863","ENTREZID","441925","undirected","Binding"
"ENTREZID","22863","ENTREZID","5289","undirected","Binding"
"ENTREZID","22863","ENTREZID","8678","undirected","Binding"
"ENTREZID","23130","ENTREZID","26100","directed","Process(binding/association)"
"ENTREZID","23130","ENTREZID","55062","directed","Process(binding/association)"
"ENTREZID","23186","ENTREZID","25942","undirected","Binding"
"ENTREZID","23186","ENTREZID","3065","undirected","Binding"
"ENTREZID","23186","ENTREZID","3066","undirected","Binding"
"ENTREZID","23186","ENTREZID","5978","undirected","Binding"
"ENTREZID","23186","ENTREZID","627","directed","Process(repression)"
"ENTREZID","2475","ENTREZID","60673","directed","Process(inhibition)"
"ENTREZID","2475","ENTREZID","60673","directed","Process(phosphorylation)"
"ENTREZID","2475","ENTREZID","8408","directed","Process(inhibition)"
"ENTREZID","2475","ENTREZID","8408","directed","Process(phosphorylation)"
"ENTREZID","2475","ENTREZID","9706","directed","Process(inhibition)"
"ENTREZID","2475","ENTREZID","9706","directed","Process(phosphorylation)"
"ENTREZID","2475","ENTREZID","9776","directed","Process(inhibition)"
"ENTREZID","2475","ENTREZID","9776","directed","Process(phosphorylation)"
"ENTREZID","2475","ENTREZID","9821","directed","Process(inhibition)"
"ENTREZID","2475","ENTREZID","9821","directed","Process(phosphorylation)"
"ENTREZID","25942","ENTREZID","3065","undirected","Binding"
"ENTREZID","25942","ENTREZID","3066","undirected","Binding"
"ENTREZID","25942","ENTREZID","5978","undirected","Binding"
"ENTREZID","25942","ENTREZID","627","directed","Process(repression)"
"ENTREZID","2776","ENTREZID","23236","directed","Process(activation)"
"ENTREZID","2776","ENTREZID","5330","directed","Process(activation)"
"ENTREZID","2776","ENTREZID","5331","directed","Process(activation)"
"ENTREZID","2776","ENTREZID","5332","directed","Process(activation)"
"ENTREZID","2915","ENTREZID","2776","directed","Process(activation)"
"ENTREZID","29982","ENTREZID","30849","undirected","Binding"
"ENTREZID","29982","ENTREZID","441925","undirected","Binding"
"ENTREZID","29982","ENTREZID","5289","undirected","Binding"
"ENTREZID","29982","ENTREZID","8678","undirected","Binding"
"ENTREZID","3064","ENTREZID","10213","directed","Process(inhibition)"
"ENTREZID","3064","ENTREZID","10891","directed","Process(missing interaction)"
"ENTREZID","3064","ENTREZID","10975","directed","Process(inhibition)"
"ENTREZID","3064","ENTREZID","11047","directed","Process(inhibition)"
"ENTREZID","3064","ENTREZID","1173","directed","Process(missing interaction)"
"ENTREZID","3064","ENTREZID","1175","directed","Process(missing interaction)"
"ENTREZID","3064","ENTREZID","1211","directed","Process(missing interaction)"
"ENTREZID","3064","ENTREZID","1212","directed","Process(missing interaction)"
"ENTREZID","3064","ENTREZID","1213","directed","Process(missing interaction)"
"ENTREZID","3064","ENTREZID","143471","directed","Process(inhibition)"
"ENTREZID","3064","ENTREZID","1537","directed","Process(inhibition)"
"ENTREZID","3064","ENTREZID","160","directed","Process(missing interaction)"
"ENTREZID","3064","ENTREZID","161","directed","Process(missing interaction)"
"ENTREZID","3064","ENTREZID","163","directed","Process(missing interaction)"
"ENTREZID","3064","ENTREZID","27089","directed","Process(inhibition)"
"ENTREZID","3064","ENTREZID","27113","directed","Process(expression)"
"ENTREZID","3064","ENTREZID","29796","directed","Process(inhibition)"
"ENTREZID","3064","ENTREZID","3092","directed","Process(missing interaction)"
"ENTREZID","3064","ENTREZID","3708","directed","Process(activation)"
"ENTREZID","3064","ENTREZID","3766","directed","Process(inhibition)"
"ENTREZID","3064","ENTREZID","3766","directed","Process(indirect effect)"
"ENTREZID","3064","ENTREZID","4294","directed","Process(activation)"
"ENTREZID","3064","ENTREZID","440567","directed","Process(inhibition)"
"ENTREZID","3064","ENTREZID","441925","directed","Process(inhibition)"
"ENTREZID","3064","ENTREZID","4519","directed","Process(inhibition)"
"ENTREZID","3064","ENTREZID","5599","directed","Process(activation)"
"ENTREZID","3064","ENTREZID","5601","directed","Process(activation)"
"ENTREZID","3064","ENTREZID","5602","directed","Process(activation)"
"ENTREZID","3064","ENTREZID","5682","directed","Process(inhibition)"
"ENTREZID","3064","ENTREZID","5683","directed","Process(inhibition)"
"ENTREZID","3064","ENTREZID","5684","directed","Process(inhibition)"
"ENTREZID","3064","ENTREZID","5685","directed","Process(inhibition)"
"ENTREZID","3064","ENTREZID","5686","directed","Process(inhibition)"
"ENTREZID","3064","ENTREZID","5687","directed","Process(inhibition)"
"ENTREZID","3064","ENTREZID","5688","directed","Process(inhibition)"
"ENTREZID","3064","ENTREZID","5689","directed","Process(inhibition)"
"ENTREZID","3064","ENTREZID","5690","directed","Process(inhibition)"
"ENTREZID","3064","ENTREZID","5691","directed","Process(inhibition)"
"ENTREZID","3064","ENTREZID","5692","directed","Process(inhibition)"
"ENTREZID","3064","ENTREZID","5693","directed","Process(inhibition)"
"ENTREZID","3064","ENTREZID","5694","directed","Process(inhibition)"
"ENTREZID","3064","ENTREZID","5695","directed","Process(inhibition)"
"ENTREZID","3064","ENTREZID","5700","directed","Process(inhibition)"
"ENTREZID","3064","ENTREZID","5701","directed","Process(inhibition)"
"ENTREZID","3064","ENTREZID","5702","directed","Process(inhibition)"
"ENTREZID","3064","ENTREZID","5704","directed","Process(inhibition)"
"ENTREZID","3064","ENTREZID","5705","directed","Process(inhibition)"
"ENTREZID","3064","ENTREZID","5706","directed","Process(inhibition)"
"ENTREZID","3064","ENTREZID","5707","directed","Process(inhibition)"
"ENTREZID","3064","ENTREZID","5708","directed","Process(inhibition)"
"ENTREZID","3064","ENTREZID","5709","directed","Process(inhibition)"
"ENTREZID","3064","ENTREZID","5710","directed","Process(inhibition)"
"ENTREZID","3064","ENTREZID","5713","directed","Process(inhibition)"
"ENTREZID","3064","ENTREZID","5714","directed","Process(inhibition)"
"ENTREZID","3064","ENTREZID","5715","directed","Process(inhibition)"
"ENTREZID","3064","ENTREZID","5717","directed","Process(inhibition)"
"ENTREZID","3064","ENTREZID","5718","directed","Process(inhibition)"
"ENTREZID","3064","ENTREZID","5719","directed","Process(inhibition)"
"ENTREZID","3064","ENTREZID","581","directed","Process(expression)"
"ENTREZID","3064","ENTREZID","5978","directed","Process(missing interaction)"
"ENTREZID","3064","ENTREZID","6389","directed","Process(inhibition)"
"ENTREZID","3064","ENTREZID","6390","directed","Process(inhibition)"
"ENTREZID","3064","ENTREZID","6391","directed","Process(inhibition)"
"ENTREZID","3064","ENTREZID","6392","directed","Process(inhibition)"
"ENTREZID","3064","ENTREZID","64764","undirected","Binding"
"ENTREZID","3064","ENTREZID","6804","directed","Process(inhibition)"
"ENTREZID","3064","ENTREZID","6874","undirected","Binding"
"ENTREZID","3064","ENTREZID","6875","undirected","Binding"
"ENTREZID","3064","ENTREZID","7157","undirected","Binding"
"ENTREZID","3064","ENTREZID","7381","directed","Process(inhibition)"
"ENTREZID","3064","ENTREZID","7384","directed","Process(inhibition)"
"ENTREZID","3064","ENTREZID","7385","directed","Process(inhibition)"
"ENTREZID","3064","ENTREZID","7386","directed","Process(inhibition)"
"ENTREZID","3064","ENTREZID","7388","directed","Process(inhibition)"
"ENTREZID","3064","ENTREZID","7979","directed","Process(inhibition)"
"ENTREZID","3064","ENTREZID","8218","directed","Process(missing interaction)"
"ENTREZID","3064","ENTREZID","84699","undirected","Binding"
"ENTREZID","3064","ENTREZID","8678","directed","Process(inhibition)"
"ENTREZID","3064","ENTREZID","90993","undirected","Binding"
"ENTREZID","3064","ENTREZID","9586","undirected","Binding"
"ENTREZID","3064","ENTREZID","9861","directed","Process(inhibition)"
"ENTREZID","3065","ENTREZID","3066","undirected","Binding"
"ENTREZID","3065","ENTREZID","5978","undirected","Binding"
"ENTREZID","3065","ENTREZID","627","directed","Process(repression)"
"ENTREZID","3066","ENTREZID","5978","undirected","Binding"
"ENTREZID","3066","ENTREZID","627","directed","Process(repression)"
"ENTREZID","30849","ENTREZID","441925","undirected","Binding"
"ENTREZID","30849","ENTREZID","5289","undirected","Binding"
"ENTREZID","30849","ENTREZID","8678","undirected","Binding"
"ENTREZID","3092","ENTREZID","55081","undirected","Binding"
"ENTREZID","3092","ENTREZID","8218","undirected","Binding"
"ENTREZID","3092","ENTREZID","836","directed","Process(activation)"
"ENTREZID","3092","ENTREZID","841","undirected","Binding"
"ENTREZID","317","ENTREZID","842","directed","Process(activation)"
"ENTREZID","4217","ENTREZID","5609","directed","Process(activation)"
"ENTREZID","4294","ENTREZID","5609","directed","Process(phosphorylation)"
"ENTREZID","4294","ENTREZID","5609","directed","Process(activation)"
"ENTREZID","441925","ENTREZID","5289","undirected","Binding"
"ENTREZID","441925","ENTREZID","8678","undirected","Binding"
"ENTREZID","5289","ENTREZID","8678","undirected","Binding"
"ENTREZID","54205","ENTREZID","842","directed","Process(activation)"
"ENTREZID","55081","ENTREZID","836","directed","Process(activation)"
"ENTREZID","55081","ENTREZID","841","undirected","Binding"
"ENTREZID","55102","ENTREZID","26100","directed","Process(binding/association)"
"ENTREZID","55102","ENTREZID","55062","directed","Process(binding/association)"
"ENTREZID","55626","ENTREZID","441925","directed","Process(phosphorylation)"
"ENTREZID","55626","ENTREZID","441925","directed","Process(activation)"
"ENTREZID","55626","ENTREZID","8678","directed","Process(phosphorylation)"
"ENTREZID","55626","ENTREZID","8678","directed","Process(activation)"
"ENTREZID","5599","ENTREZID","147700","directed","Process(inhibition)"
"ENTREZID","5599","ENTREZID","147700","directed","Process(phosphorylation)"
"ENTREZID","5599","ENTREZID","3798","directed","Process(inhibition)"
"ENTREZID","5599","ENTREZID","3798","directed","Process(phosphorylation)"
"ENTREZID","5599","ENTREZID","3799","directed","Process(inhibition)"
"ENTREZID","5599","ENTREZID","3799","directed","Process(phosphorylation)"
"ENTREZID","5599","ENTREZID","3800","directed","Process(inhibition)"
"ENTREZID","5599","ENTREZID","3800","directed","Process(phosphorylation)"
"ENTREZID","5599","ENTREZID","3831","directed","Process(inhibition)"
"ENTREZID","5599","ENTREZID","3831","directed","Process(phosphorylation)"
"ENTREZID","5599","ENTREZID","64837","directed","Process(inhibition)"
"ENTREZID","5599","ENTREZID","64837","directed","Process(phosphorylation)"
"ENTREZID","5599","ENTREZID","89953","directed","Process(inhibition)"
"ENTREZID","5599","ENTREZID","89953","directed","Process(phosphorylation)"
"ENTREZID","5601","ENTREZID","147700","directed","Process(inhibition)"
"ENTREZID","5601","ENTREZID","147700","directed","Process(phosphorylation)"
"ENTREZID","5601","ENTREZID","3798","directed","Process(inhibition)"
"ENTREZID","5601","ENTREZID","3798","directed","Process(phosphorylation)"
"ENTREZID","5601","ENTREZID","3799","directed","Process(inhibition)"
"ENTREZID","5601","ENTREZID","3799","directed","Process(phosphorylation)"
"ENTREZID","5601","ENTREZID","3800","directed","Process(inhibition)"
"ENTREZID","5601","ENTREZID","3800","directed","Process(phosphorylation)"
"ENTREZID","5601","ENTREZID","3831","directed","Process(inhibition)"
"ENTREZID","5601","ENTREZID","3831","directed","Process(phosphorylation)"
"ENTREZID","5601","ENTREZID","64837","directed","Process(inhibition)"
"ENTREZID","5601","ENTREZID","64837","directed","Process(phosphorylation)"
"ENTREZID","5601","ENTREZID","89953","directed","Process(inhibition)"
"ENTREZID","5601","ENTREZID","89953","directed","Process(phosphorylation)"
"ENTREZID","5602","ENTREZID","147700","directed","Process(inhibition)"
"ENTREZID","5602","ENTREZID","147700","directed","Process(phosphorylation)"
"ENTREZID","5602","ENTREZID","3798","directed","Process(inhibition)"
"ENTREZID","5602","ENTREZID","3798","directed","Process(phosphorylation)"
"ENTREZID","5602","ENTREZID","3799","directed","Process(inhibition)"
"ENTREZID","5602","ENTREZID","3799","directed","Process(phosphorylation)"
"ENTREZID","5602","ENTREZID","3800","directed","Process(inhibition)"
"ENTREZID","5602","ENTREZID","3800","directed","Process(phosphorylation)"
"ENTREZID","5602","ENTREZID","3831","directed","Process(inhibition)"
"ENTREZID","5602","ENTREZID","3831","directed","Process(phosphorylation)"
"ENTREZID","5602","ENTREZID","64837","directed","Process(inhibition)"
"ENTREZID","5602","ENTREZID","64837","directed","Process(phosphorylation)"
"ENTREZID","5602","ENTREZID","89953","directed","Process(inhibition)"
"ENTREZID","5602","ENTREZID","89953","directed","Process(phosphorylation)"
"ENTREZID","5609","ENTREZID","5599","directed","Process(phosphorylation)"
"ENTREZID","5609","ENTREZID","5599","directed","Process(activation)"
"ENTREZID","5609","ENTREZID","5601","directed","Process(phosphorylation)"
"ENTREZID","5609","ENTREZID","5601","directed","Process(activation)"
"ENTREZID","5609","ENTREZID","5602","directed","Process(phosphorylation)"
"ENTREZID","5609","ENTREZID","5602","directed","Process(activation)"
"ENTREZID","5682","ENTREZID","5683","undirected","Binding"
"ENTREZID","5682","ENTREZID","5684","undirected","Binding"
"ENTREZID","5682","ENTREZID","5685","undirected","Binding"
"ENTREZID","5682","ENTREZID","5686","undirected","Binding"
"ENTREZID","5682","ENTREZID","5687","undirected","Binding"
"ENTREZID","5682","ENTREZID","5688","undirected","Binding"
"ENTREZID","5682","ENTREZID","5689","undirected","Binding"
"ENTREZID","5682","ENTREZID","5690","undirected","Binding"
"ENTREZID","5682","ENTREZID","5691","undirected","Binding"
"ENTREZID","5682","ENTREZID","5692","undirected","Binding"
"ENTREZID","5682","ENTREZID","5693","undirected","Binding"
"ENTREZID","5682","ENTREZID","5694","undirected","Binding"
"ENTREZID","5682","ENTREZID","5695","undirected","Binding"
"ENTREZID","5682","ENTREZID","5700","undirected","Binding"
"ENTREZID","5682","ENTREZID","5701","undirected","Binding"
"ENTREZID","5682","ENTREZID","5702","undirected","Binding"
"ENTREZID","5682","ENTREZID","5704","undirected","Binding"
"ENTREZID","5682","ENTREZID","5705","undirected","Binding"
"ENTREZID","5682","ENTREZID","5706","undirected","Binding"
"ENTREZID","5682","ENTREZID","5707","undirected","Binding"
"ENTREZID","5682","ENTREZID","5708","undirected","Binding"
"ENTREZID","5682","ENTREZID","5709","undirected","Binding"
"ENTREZID","5682","ENTREZID","5710","undirected","Binding"
"ENTREZID","5682","ENTREZID","5713","undirected","Binding"
"ENTREZID","5682","ENTREZID","5714","undirected","Binding"
"ENTREZID","5682","ENTREZID","5715","undirected","Binding"
"ENTREZID","5682","ENTREZID","5717","undirected","Binding"
"ENTREZID","5682","ENTREZID","5718","undirected","Binding"
"ENTREZID","5682","ENTREZID","5719","undirected","Binding"
"ENTREZID","5682","ENTREZID","7979","undirected","Binding"
"ENTREZID","5682","ENTREZID","9861","undirected","Binding"
"ENTREZID","5683","ENTREZID","5684","undirected","Binding"
"ENTREZID","5683","ENTREZID","5685","undirected","Binding"
"ENTREZID","5683","ENTREZID","5686","undirected","Binding"
"ENTREZID","5683","ENTREZID","5687","undirected","Binding"
"ENTREZID","5683","ENTREZID","5688","undirected","Binding"
"ENTREZID","5683","ENTREZID","5689","undirected","Binding"
"ENTREZID","5683","ENTREZID","5690","undirected","Binding"
"ENTREZID","5683","ENTREZID","5691","undirected","Binding"
"ENTREZID","5683","ENTREZID","5692","undirected","Binding"
"ENTREZID","5683","ENTREZID","5693","undirected","Binding"
"ENTREZID","5683","ENTREZID","5694","undirected","Binding"
"ENTREZID","5683","ENTREZID","5695","undirected","Binding"
"ENTREZID","5683","ENTREZID","5700","undirected","Binding"
"ENTREZID","5683","ENTREZID","5701","undirected","Binding"
"ENTREZID","5683","ENTREZID","5702","undirected","Binding"
"ENTREZID","5683","ENTREZID","5704","undirected","Binding"
"ENTREZID","5683","ENTREZID","5705","undirected","Binding"
"ENTREZID","5683","ENTREZID","5706","undirected","Binding"
"ENTREZID","5683","ENTREZID","5707","undirected","Binding"
"ENTREZID","5683","ENTREZID","5708","undirected","Binding"
"ENTREZID","5683","ENTREZID","5709","undirected","Binding"
"ENTREZID","5683","ENTREZID","5710","undirected","Binding"
"ENTREZID","5683","ENTREZID","5713","undirected","Binding"
"ENTREZID","5683","ENTREZID","5714","undirected","Binding"
"ENTREZID","5683","ENTREZID","5715","undirected","Binding"
"ENTREZID","5683","ENTREZID","5717","undirected","Binding"
"ENTREZID","5683","ENTREZID","5718","undirected","Binding"
"ENTREZID","5683","ENTREZID","5719","undirected","Binding"
"ENTREZID","5683","ENTREZID","7979","undirected","Binding"
"ENTREZID","5683","ENTREZID","9861","undirected","Binding"
"ENTREZID","5684","ENTREZID","5685","undirected","Binding"
"ENTREZID","5684","ENTREZID","5686","undirected","Binding"
"ENTREZID","5684","ENTREZID","5687","undirected","Binding"
"ENTREZID","5684","ENTREZID","5688","undirected","Binding"
"ENTREZID","5684","ENTREZID","5689","undirected","Binding"
"ENTREZID","5684","ENTREZID","5690","undirected","Binding"
"ENTREZID","5684","ENTREZID","5691","undirected","Binding"
"ENTREZID","5684","ENTREZID","5692","undirected","Binding"
"ENTREZID","5684","ENTREZID","5693","undirected","Binding"
"ENTREZID","5684","ENTREZID","5694","undirected","Binding"
"ENTREZID","5684","ENTREZID","5695","undirected","Binding"
"ENTREZID","5684","ENTREZID","5700","undirected","Binding"
"ENTREZID","5684","ENTREZID","5701","undirected","Binding"
"ENTREZID","5684","ENTREZID","5702","undirected","Binding"
"ENTREZID","5684","ENTREZID","5704","undirected","Binding"
"ENTREZID","5684","ENTREZID","5705","undirected","Binding"
"ENTREZID","5684","ENTREZID","5706","undirected","Binding"
"ENTREZID","5684","ENTREZID","5707","undirected","Binding"
"ENTREZID","5684","ENTREZID","5708","undirected","Binding"
"ENTREZID","5684","ENTREZID","5709","undirected","Binding"
"ENTREZID","5684","ENTREZID","5710","undirected","Binding"
"ENTREZID","5684","ENTREZID","5713","undirected","Binding"
"ENTREZID","5684","ENTREZID","5714","undirected","Binding"
"ENTREZID","5684","ENTREZID","5715","undirected","Binding"
"ENTREZID","5684","ENTREZID","5717","undirected","Binding"
"ENTREZID","5684","ENTREZID","5718","undirected","Binding"
"ENTREZID","5684","ENTREZID","5719","undirected","Binding"
"ENTREZID","5684","ENTREZID","7979","undirected","Binding"
"ENTREZID","5684","ENTREZID","9861","undirected","Binding"
"ENTREZID","5685","ENTREZID","5686","undirected","Binding"
"ENTREZID","5685","ENTREZID","5687","undirected","Binding"
"ENTREZID","5685","ENTREZID","5688","undirected","Binding"
"ENTREZID","5685","ENTREZID","5689","undirected","Binding"
"ENTREZID","5685","ENTREZID","5690","undirected","Binding"
"ENTREZID","5685","ENTREZID","5691","undirected","Binding"
"ENTREZID","5685","ENTREZID","5692","undirected","Binding"
"ENTREZID","5685","ENTREZID","5693","undirected","Binding"
"ENTREZID","5685","ENTREZID","5694","undirected","Binding"
"ENTREZID","5685","ENTREZID","5695","undirected","Binding"
"ENTREZID","5685","ENTREZID","5700","undirected","Binding"
"ENTREZID","5685","ENTREZID","5701","undirected","Binding"
"ENTREZID","5685","ENTREZID","5702","undirected","Binding"
"ENTREZID","5685","ENTREZID","5704","undirected","Binding"
"ENTREZID","5685","ENTREZID","5705","undirected","Binding"
"ENTREZID","5685","ENTREZID","5706","undirected","Binding"
"ENTREZID","5685","ENTREZID","5707","undirected","Binding"
"ENTREZID","5685","ENTREZID","5708","undirected","Binding"
"ENTREZID","5685","ENTREZID","5709","undirected","Binding"
"ENTREZID","5685","ENTREZID","5710","undirected","Binding"
"ENTREZID","5685","ENTREZID","5713","undirected","Binding"
"ENTREZID","5685","ENTREZID","5714","undirected","Binding"
"ENTREZID","5685","ENTREZID","5715","undirected","Binding"
"ENTREZID","5685","ENTREZID","5717","undirected","Binding"
"ENTREZID","5685","ENTREZID","5718","undirected","Binding"
"ENTREZID","5685","ENTREZID","5719","undirected","Binding"
"ENTREZID","5685","ENTREZID","7979","undirected","Binding"
"ENTREZID","5685","ENTREZID","9861","undirected","Binding"
"ENTREZID","5686","ENTREZID","5687","undirected","Binding"
"ENTREZID","5686","ENTREZID","5688","undirected","Binding"
"ENTREZID","5686","ENTREZID","5689","undirected","Binding"
"ENTREZID","5686","ENTREZID","5690","undirected","Binding"
"ENTREZID","5686","ENTREZID","5691","undirected","Binding"
"ENTREZID","5686","ENTREZID","5692","undirected","Binding"
"ENTREZID","5686","ENTREZID","5693","undirected","Binding"
"ENTREZID","5686","ENTREZID","5694","undirected","Binding"
"ENTREZID","5686","ENTREZID","5695","undirected","Binding"
"ENTREZID","5686","ENTREZID","5700","undirected","Binding"
"ENTREZID","5686","ENTREZID","5701","undirected","Binding"
"ENTREZID","5686","ENTREZID","5702","undirected","Binding"
"ENTREZID","5686","ENTREZID","5704","undirected","Binding"
"ENTREZID","5686","ENTREZID","5705","undirected","Binding"
"ENTREZID","5686","ENTREZID","5706","undirected","Binding"
"ENTREZID","5686","ENTREZID","5707","undirected","Binding"
"ENTREZID","5686","ENTREZID","5708","undirected","Binding"
"ENTREZID","5686","ENTREZID","5709","undirected","Binding"
"ENTREZID","5686","ENTREZID","5710","undirected","Binding"
"ENTREZID","5686","ENTREZID","5713","undirected","Binding"
"ENTREZID","5686","ENTREZID","5714","undirected","Binding"
"ENTREZID","5686","ENTREZID","5715","undirected","Binding"
"ENTREZID","5686","ENTREZID","5717","undirected","Binding"
"ENTREZID","5686","ENTREZID","5718","undirected","Binding"
"ENTREZID","5686","ENTREZID","5719","undirected","Binding"
"ENTREZID","5686","ENTREZID","7979","undirected","Binding"
"ENTREZID","5686","ENTREZID","9861","undirected","Binding"
"ENTREZID","5687","ENTREZID","5688","undirected","Binding"
"ENTREZID","5687","ENTREZID","5689","undirected","Binding"
"ENTREZID","5687","ENTREZID","5690","undirected","Binding"
"ENTREZID","5687","ENTREZID","5691","undirected","Binding"
"ENTREZID","5687","ENTREZID","5692","undirected","Binding"
"ENTREZID","5687","ENTREZID","5693","undirected","Binding"
"ENTREZID","5687","ENTREZID","5694","undirected","Binding"
"ENTREZID","5687","ENTREZID","5695","undirected","Binding"
"ENTREZID","5687","ENTREZID","5700","undirected","Binding"
"ENTREZID","5687","ENTREZID","5701","undirected","Binding"
"ENTREZID","5687","ENTREZID","5702","undirected","Binding"
"ENTREZID","5687","ENTREZID","5704","undirected","Binding"
"ENTREZID","5687","ENTREZID","5705","undirected","Binding"
"ENTREZID","5687","ENTREZID","5706","undirected","Binding"
"ENTREZID","5687","ENTREZID","5707","undirected","Binding"
"ENTREZID","5687","ENTREZID","5708","undirected","Binding"
"ENTREZID","5687","ENTREZID","5709","undirected","Binding"
"ENTREZID","5687","ENTREZID","5710","undirected","Binding"
"ENTREZID","5687","ENTREZID","5713","undirected","Binding"
"ENTREZID","5687","ENTREZID","5714","undirected","Binding"
"ENTREZID","5687","ENTREZID","5715","undirected","Binding"
"ENTREZID","5687","ENTREZID","5717","undirected","Binding"
"ENTREZID","5687","ENTREZID","5718","undirected","Binding"
"ENTREZID","5687","ENTREZID","5719","undirected","Binding"
"ENTREZID","5687","ENTREZID","7979","undirected","Binding"
"ENTREZID","5687","ENTREZID","9861","undirected","Binding"
"ENTREZID","5688","ENTREZID","5689","undirected","Binding"
"ENTREZID","5688","ENTREZID","5690","undirected","Binding"
"ENTREZID","5688","ENTREZID","5691","undirected","Binding"
"ENTREZID","5688","ENTREZID","5692","undirected","Binding"
"ENTREZID","5688","ENTREZID","5693","undirected","Binding"
"ENTREZID","5688","ENTREZID","5694","undirected","Binding"
"ENTREZID","5688","ENTREZID","5695","undirected","Binding"
"ENTREZID","5688","ENTREZID","5700","undirected","Binding"
"ENTREZID","5688","ENTREZID","5701","undirected","Binding"
"ENTREZID","5688","ENTREZID","5702","undirected","Binding"
"ENTREZID","5688","ENTREZID","5704","undirected","Binding"
"ENTREZID","5688","ENTREZID","5705","undirected","Binding"
"ENTREZID","5688","ENTREZID","5706","undirected","Binding"
"ENTREZID","5688","ENTREZID","5707","undirected","Binding"
"ENTREZID","5688","ENTREZID","5708","undirected","Binding"
"ENTREZID","5688","ENTREZID","5709","undirected","Binding"
"ENTREZID","5688","ENTREZID","5710","undirected","Binding"
"ENTREZID","5688","ENTREZID","5713","undirected","Binding"
"ENTREZID","5688","ENTREZID","5714","undirected","Binding"
"ENTREZID","5688","ENTREZID","5715","undirected","Binding"
"ENTREZID","5688","ENTREZID","5717","undirected","Binding"
"ENTREZID","5688","ENTREZID","5718","undirected","Binding"
"ENTREZID","5688","ENTREZID","5719","undirected","Binding"
"ENTREZID","5688","ENTREZID","7979","undirected","Binding"
"ENTREZID","5688","ENTREZID","9861","undirected","Binding"
"ENTREZID","5689","ENTREZID","5690","undirected","Binding"
"ENTREZID","5689","ENTREZID","5691","undirected","Binding"
"ENTREZID","5689","ENTREZID","5692","undirected","Binding"
"ENTREZID","5689","ENTREZID","5693","undirected","Binding"
"ENTREZID","5689","ENTREZID","5694","undirected","Binding"
"ENTREZID","5689","ENTREZID","5695","undirected","Binding"
"ENTREZID","5689","ENTREZID","5700","undirected","Binding"
"ENTREZID","5689","ENTREZID","5701","undirected","Binding"
"ENTREZID","5689","ENTREZID","5702","undirected","Binding"
"ENTREZID","5689","ENTREZID","5704","undirected","Binding"
"ENTREZID","5689","ENTREZID","5705","undirected","Binding"
"ENTREZID","5689","ENTREZID","5706","undirected","Binding"
"ENTREZID","5689","ENTREZID","5707","undirected","Binding"
"ENTREZID","5689","ENTREZID","5708","undirected","Binding"
"ENTREZID","5689","ENTREZID","5709","undirected","Binding"
"ENTREZID","5689","ENTREZID","5710","undirected","Binding"
"ENTREZID","5689","ENTREZID","5713","undirected","Binding"
"ENTREZID","5689","ENTREZID","5714","undirected","Binding"
"ENTREZID","5689","ENTREZID","5715","undirected","Binding"
"ENTREZID","5689","ENTREZID","5717","undirected","Binding"
"ENTREZID","5689","ENTREZID","5718","undirected","Binding"
"ENTREZID","5689","ENTREZID","5719","undirected","Binding"
"ENTREZID","5689","ENTREZID","7979","undirected","Binding"
"ENTREZID","5689","ENTREZID","9861","undirected","Binding"
"ENTREZID","5690","ENTREZID","5691","undirected","Binding"
"ENTREZID","5690","ENTREZID","5692","undirected","Binding"
"ENTREZID","5690","ENTREZID","5693","undirected","Binding"
"ENTREZID","5690","ENTREZID","5694","undirected","Binding"
"ENTREZID","5690","ENTREZID","5695","undirected","Binding"
"ENTREZID","5690","ENTREZID","5700","undirected","Binding"
"ENTREZID","5690","ENTREZID","5701","undirected","Binding"
"ENTREZID","5690","ENTREZID","5702","undirected","Binding"
"ENTREZID","5690","ENTREZID","5704","undirected","Binding"
"ENTREZID","5690","ENTREZID","5705","undirected","Binding"
"ENTREZID","5690","ENTREZID","5706","undirected","Binding"
"ENTREZID","5690","ENTREZID","5707","undirected","Binding"
"ENTREZID","5690","ENTREZID","5708","undirected","Binding"
"ENTREZID","5690","ENTREZID","5709","undirected","Binding"
"ENTREZID","5690","ENTREZID","5710","undirected","Binding"
"ENTREZID","5690","ENTREZID","5713","undirected","Binding"
"ENTREZID","5690","ENTREZID","5714","undirected","Binding"
"ENTREZID","5690","ENTREZID","5715","undirected","Binding"
"ENTREZID","5690","ENTREZID","5717","undirected","Binding"
"ENTREZID","5690","ENTREZID","5718","undirected","Binding"
"ENTREZID","5690","ENTREZID","5719","undirected","Binding"
"ENTREZID","5690","ENTREZID","7979","undirected","Binding"
"ENTREZID","5690","ENTREZID","9861","undirected","Binding"
"ENTREZID","5691","ENTREZID","5692","undirected","Binding"
"ENTREZID","5691","ENTREZID","5693","undirected","Binding"
"ENTREZID","5691","ENTREZID","5694","undirected","Binding"
"ENTREZID","5691","ENTREZID","5695","undirected","Binding"
"ENTREZID","5691","ENTREZID","5700","undirected","Binding"
"ENTREZID","5691","ENTREZID","5701","undirected","Binding"
"ENTREZID","5691","ENTREZID","5702","undirected","Binding"
"ENTREZID","5691","ENTREZID","5704","undirected","Binding"
"ENTREZID","5691","ENTREZID","5705","undirected","Binding"
"ENTREZID","5691","ENTREZID","5706","undirected","Binding"
"ENTREZID","5691","ENTREZID","5707","undirected","Binding"
"ENTREZID","5691","ENTREZID","5708","undirected","Binding"
"ENTREZID","5691","ENTREZID","5709","undirected","Binding"
"ENTREZID","5691","ENTREZID","5710","undirected","Binding"
"ENTREZID","5691","ENTREZID","5713","undirected","Binding"
"ENTREZID","5691","ENTREZID","5714","undirected","Binding"
"ENTREZID","5691","ENTREZID","5715","undirected","Binding"
"ENTREZID","5691","ENTREZID","5717","undirected","Binding"
"ENTREZID","5691","ENTREZID","5718","undirected","Binding"
"ENTREZID","5691","ENTREZID","5719","undirected","Binding"
"ENTREZID","5691","ENTREZID","7979","undirected","Binding"
"ENTREZID","5691","ENTREZID","9861","undirected","Binding"
"ENTREZID","5692","ENTREZID","5693","undirected","Binding"
"ENTREZID","5692","ENTREZID","5694","undirected","Binding"
"ENTREZID","5692","ENTREZID","5695","undirected","Binding"
"ENTREZID","5692","ENTREZID","5700","undirected","Binding"
"ENTREZID","5692","ENTREZID","5701","undirected","Binding"
"ENTREZID","5692","ENTREZID","5702","undirected","Binding"
"ENTREZID","5692","ENTREZID","5704","undirected","Binding"
"ENTREZID","5692","ENTREZID","5705","undirected","Binding"
"ENTREZID","5692","ENTREZID","5706","undirected","Binding"
"ENTREZID","5692","ENTREZID","5707","undirected","Binding"
"ENTREZID","5692","ENTREZID","5708","undirected","Binding"
"ENTREZID","5692","ENTREZID","5709","undirected","Binding"
"ENTREZID","5692","ENTREZID","5710","undirected","Binding"
"ENTREZID","5692","ENTREZID","5713","undirected","Binding"
"ENTREZID","5692","ENTREZID","5714","undirected","Binding"
"ENTREZID","5692","ENTREZID","5715","undirected","Binding"
"ENTREZID","5692","ENTREZID","5717","undirected","Binding"
"ENTREZID","5692","ENTREZID","5718","undirected","Binding"
"ENTREZID","5692","ENTREZID","5719","undirected","Binding"
"ENTREZID","5692","ENTREZID","7979","undirected","Binding"
"ENTREZID","5692","ENTREZID","9861","undirected","Binding"
"ENTREZID","5693","ENTREZID","5694","undirected","Binding"
"ENTREZID","5693","ENTREZID","5695","undirected","Binding"
"ENTREZID","5693","ENTREZID","5700","undirected","Binding"
"ENTREZID","5693","ENTREZID","5701","undirected","Binding"
"ENTREZID","5693","ENTREZID","5702","undirected","Binding"
"ENTREZID","5693","ENTREZID","5704","undirected","Binding"
"ENTREZID","5693","ENTREZID","5705","undirected","Binding"
"ENTREZID","5693","ENTREZID","5706","undirected","Binding"
"ENTREZID","5693","ENTREZID","5707","undirected","Binding"
"ENTREZID","5693","ENTREZID","5708","undirected","Binding"
"ENTREZID","5693","ENTREZID","5709","undirected","Binding"
"ENTREZID","5693","ENTREZID","5710","undirected","Binding"
"ENTREZID","5693","ENTREZID","5713","undirected","Binding"
"ENTREZID","5693","ENTREZID","5714","undirected","Binding"
"ENTREZID","5693","ENTREZID","5715","undirected","Binding"
"ENTREZID","5693","ENTREZID","5717","undirected","Binding"
"ENTREZID","5693","ENTREZID","5718","undirected","Binding"
"ENTREZID","5693","ENTREZID","5719","undirected","Binding"
"ENTREZID","5693","ENTREZID","7979","undirected","Binding"
"ENTREZID","5693","ENTREZID","9861","undirected","Binding"
"ENTREZID","5694","ENTREZID","5695","undirected","Binding"
"ENTREZID","5694","ENTREZID","5700","undirected","Binding"
"ENTREZID","5694","ENTREZID","5701","undirected","Binding"
"ENTREZID","5694","ENTREZID","5702","undirected","Binding"
"ENTREZID","5694","ENTREZID","5704","undirected","Binding"
"ENTREZID","5694","ENTREZID","5705","undirected","Binding"
"ENTREZID","5694","ENTREZID","5706","undirected","Binding"
"ENTREZID","5694","ENTREZID","5707","undirected","Binding"
"ENTREZID","5694","ENTREZID","5708","undirected","Binding"
"ENTREZID","5694","ENTREZID","5709","undirected","Binding"
"ENTREZID","5694","ENTREZID","5710","undirected","Binding"
"ENTREZID","5694","ENTREZID","5713","undirected","Binding"
"ENTREZID","5694","ENTREZID","5714","undirected","Binding"
"ENTREZID","5694","ENTREZID","5715","undirected","Binding"
"ENTREZID","5694","ENTREZID","5717","undirected","Binding"
"ENTREZID","5694","ENTREZID","5718","undirected","Binding"
"ENTREZID","5694","ENTREZID","5719","undirected","Binding"
"ENTREZID","5694","ENTREZID","7979","undirected","Binding"
"ENTREZID","5694","ENTREZID","9861","undirected","Binding"
"ENTREZID","5695","ENTREZID","5700","undirected","Binding"
"ENTREZID","5695","ENTREZID","5701","undirected","Binding"
"ENTREZID","5695","ENTREZID","5702","undirected","Binding"
"ENTREZID","5695","ENTREZID","5704","undirected","Binding"
"ENTREZID","5695","ENTREZID","5705","undirected","Binding"
"ENTREZID","5695","ENTREZID","5706","undirected","Binding"
"ENTREZID","5695","ENTREZID","5707","undirected","Binding"
"ENTREZID","5695","ENTREZID","5708","undirected","Binding"
"ENTREZID","5695","ENTREZID","5709","undirected","Binding"
"ENTREZID","5695","ENTREZID","5710","undirected","Binding"
"ENTREZID","5695","ENTREZID","5713","undirected","Binding"
"ENTREZID","5695","ENTREZID","5714","undirected","Binding"
"ENTREZID","5695","ENTREZID","5715","undirected","Binding"
"ENTREZID","5695","ENTREZID","5717","undirected","Binding"
"ENTREZID","5695","ENTREZID","5718","undirected","Binding"
"ENTREZID","5695","ENTREZID","5719","undirected","Binding"
"ENTREZID","5695","ENTREZID","7979","undirected","Binding"
"ENTREZID","5695","ENTREZID","9861","undirected","Binding"
"ENTREZID","5700","ENTREZID","5701","undirected","Binding"
"ENTREZID","5700","ENTREZID","5702","undirected","Binding"
"ENTREZID","5700","ENTREZID","5704","undirected","Binding"
"ENTREZID","5700","ENTREZID","5705","undirected","Binding"
"ENTREZID","5700","ENTREZID","5706","undirected","Binding"
"ENTREZID","5700","ENTREZID","5707","undirected","Binding"
"ENTREZID","5700","ENTREZID","5708","undirected","Binding"
"ENTREZID","5700","ENTREZID","5709","undirected","Binding"
"ENTREZID","5700","ENTREZID","5710","undirected","Binding"
"ENTREZID","5700","ENTREZID","5713","undirected","Binding"
"ENTREZID","5700","ENTREZID","5714","undirected","Binding"
"ENTREZID","5700","ENTREZID","5715","undirected","Binding"
"ENTREZID","5700","ENTREZID","5717","undirected","Binding"
"ENTREZID","5700","ENTREZID","5718","undirected","Binding"
"ENTREZID","5700","ENTREZID","5719","undirected","Binding"
"ENTREZID","5700","ENTREZID","7979","undirected","Binding"
"ENTREZID","5700","ENTREZID","9861","undirected","Binding"
"ENTREZID","5701","ENTREZID","5702","undirected","Binding"
"ENTREZID","5701","ENTREZID","5704","undirected","Binding"
"ENTREZID","5701","ENTREZID","5705","undirected","Binding"
"ENTREZID","5701","ENTREZID","5706","undirected","Binding"
"ENTREZID","5701","ENTREZID","5707","undirected","Binding"
"ENTREZID","5701","ENTREZID","5708","undirected","Binding"
"ENTREZID","5701","ENTREZID","5709","undirected","Binding"
"ENTREZID","5701","ENTREZID","5710","undirected","Binding"
"ENTREZID","5701","ENTREZID","5713","undirected","Binding"
"ENTREZID","5701","ENTREZID","5714","undirected","Binding"
"ENTREZID","5701","ENTREZID","5715","undirected","Binding"
"ENTREZID","5701","ENTREZID","5717","undirected","Binding"
"ENTREZID","5701","ENTREZID","5718","undirected","Binding"
"ENTREZID","5701","ENTREZID","5719","undirected","Binding"
"ENTREZID","5701","ENTREZID","7979","undirected","Binding"
"ENTREZID","5701","ENTREZID","9861","undirected","Binding"
"ENTREZID","5702","ENTREZID","5704","undirected","Binding"
"ENTREZID","5702","ENTREZID","5705","undirected","Binding"
"ENTREZID","5702","ENTREZID","5706","undirected","Binding"
"ENTREZID","5702","ENTREZID","5707","undirected","Binding"
"ENTREZID","5702","ENTREZID","5708","undirected","Binding"
"ENTREZID","5702","ENTREZID","5709","undirected","Binding"
"ENTREZID","5702","ENTREZID","5710","undirected","Binding"
"ENTREZID","5702","ENTREZID","5713","undirected","Binding"
"ENTREZID","5702","ENTREZID","5714","undirected","Binding"
"ENTREZID","5702","ENTREZID","5715","undirected","Binding"
"ENTREZID","5702","ENTREZID","5717","undirected","Binding"
"ENTREZID","5702","ENTREZID","5718","undirected","Binding"
"ENTREZID","5702","ENTREZID","5719","undirected","Binding"
"ENTREZID","5702","ENTREZID","7979","undirected","Binding"
"ENTREZID","5702","ENTREZID","9861","undirected","Binding"
"ENTREZID","5704","ENTREZID","5705","undirected","Binding"
"ENTREZID","5704","ENTREZID","5706","undirected","Binding"
"ENTREZID","5704","ENTREZID","5707","undirected","Binding"
"ENTREZID","5704","ENTREZID","5708","undirected","Binding"
"ENTREZID","5704","ENTREZID","5709","undirected","Binding"
"ENTREZID","5704","ENTREZID","5710","undirected","Binding"
"ENTREZID","5704","ENTREZID","5713","undirected","Binding"
"ENTREZID","5704","ENTREZID","5714","undirected","Binding"
"ENTREZID","5704","ENTREZID","5715","undirected","Binding"
"ENTREZID","5704","ENTREZID","5717","undirected","Binding"
"ENTREZID","5704","ENTREZID","5718","undirected","Binding"
"ENTREZID","5704","ENTREZID","5719","undirected","Binding"
"ENTREZID","5704","ENTREZID","7979","undirected","Binding"
"ENTREZID","5704","ENTREZID","9861","undirected","Binding"
"ENTREZID","5705","ENTREZID","5706","undirected","Binding"
"ENTREZID","5705","ENTREZID","5707","undirected","Binding"
"ENTREZID","5705","ENTREZID","5708","undirected","Binding"
"ENTREZID","5705","ENTREZID","5709","undirected","Binding"
"ENTREZID","5705","ENTREZID","5710","undirected","Binding"
"ENTREZID","5705","ENTREZID","5713","undirected","Binding"
"ENTREZID","5705","ENTREZID","5714","undirected","Binding"
"ENTREZID","5705","ENTREZID","5715","undirected","Binding"
"ENTREZID","5705","ENTREZID","5717","undirected","Binding"
"ENTREZID","5705","ENTREZID","5718","undirected","Binding"
"ENTREZID","5705","ENTREZID","5719","undirected","Binding"
"ENTREZID","5705","ENTREZID","7979","undirected","Binding"
"ENTREZID","5705","ENTREZID","9861","undirected","Binding"
"ENTREZID","5706","ENTREZID","5707","undirected","Binding"
"ENTREZID","5706","ENTREZID","5708","undirected","Binding"
"ENTREZID","5706","ENTREZID","5709","undirected","Binding"
"ENTREZID","5706","ENTREZID","5710","undirected","Binding"
"ENTREZID","5706","ENTREZID","5713","undirected","Binding"
"ENTREZID","5706","ENTREZID","5714","undirected","Binding"
"ENTREZID","5706","ENTREZID","5715","undirected","Binding"
"ENTREZID","5706","ENTREZID","5717","undirected","Binding"
"ENTREZID","5706","ENTREZID","5718","undirected","Binding"
"ENTREZID","5706","ENTREZID","5719","undirected","Binding"
"ENTREZID","5706","ENTREZID","7979","undirected","Binding"
"ENTREZID","5706","ENTREZID","9861","undirected","Binding"
"ENTREZID","5707","ENTREZID","5708","undirected","Binding"
"ENTREZID","5707","ENTREZID","5709","undirected","Binding"
"ENTREZID","5707","ENTREZID","5710","undirected","Binding"
"ENTREZID","5707","ENTREZID","5713","undirected","Binding"
"ENTREZID","5707","ENTREZID","5714","undirected","Binding"
"ENTREZID","5707","ENTREZID","5715","undirected","Binding"
"ENTREZID","5707","ENTREZID","5717","undirected","Binding"
"ENTREZID","5707","ENTREZID","5718","undirected","Binding"
"ENTREZID","5707","ENTREZID","5719","undirected","Binding"
"ENTREZID","5707","ENTREZID","7979","undirected","Binding"
"ENTREZID","5707","ENTREZID","9861","undirected","Binding"
"ENTREZID","5708","ENTREZID","5709","undirected","Binding"
"ENTREZID","5708","ENTREZID","5710","undirected","Binding"
"ENTREZID","5708","ENTREZID","5713","undirected","Binding"
"ENTREZID","5708","ENTREZID","5714","undirected","Binding"
"ENTREZID","5708","ENTREZID","5715","undirected","Binding"
"ENTREZID","5708","ENTREZID","5717","undirected","Binding"
"ENTREZID","5708","ENTREZID","5718","undirected","Binding"
"ENTREZID","5708","ENTREZID","5719","undirected","Binding"
"ENTREZID","5708","ENTREZID","7979","undirected","Binding"
"ENTREZID","5708","ENTREZID","9861","undirected","Binding"
"ENTREZID","5709","ENTREZID","5710","undirected","Binding"
"ENTREZID","5709","ENTREZID","5713","undirected","Binding"
"ENTREZID","5709","ENTREZID","5714","undirected","Binding"
"ENTREZID","5709","ENTREZID","5715","undirected","Binding"
"ENTREZID","5709","ENTREZID","5717","undirected","Binding"
"ENTREZID","5709","ENTREZID","5718","undirected","Binding"
"ENTREZID","5709","ENTREZID","5719","undirected","Binding"
"ENTREZID","5709","ENTREZID","7979","undirected","Binding"
"ENTREZID","5709","ENTREZID","9861","undirected","Binding"
"ENTREZID","5710","ENTREZID","5713","undirected","Binding"
"ENTREZID","5710","ENTREZID","5714","undirected","Binding"
"ENTREZID","5710","ENTREZID","5715","undirected","Binding"
"ENTREZID","5710","ENTREZID","5717","undirected","Binding"
"ENTREZID","5710","ENTREZID","5718","undirected","Binding"
"ENTREZID","5710","ENTREZID","5719","undirected","Binding"
"ENTREZID","5710","ENTREZID","7979","undirected","Binding"
"ENTREZID","5710","ENTREZID","9861","undirected","Binding"
"ENTREZID","5713","ENTREZID","5714","undirected","Binding"
"ENTREZID","5713","ENTREZID","5715","undirected","Binding"
"ENTREZID","5713","ENTREZID","5717","undirected","Binding"
"ENTREZID","5713","ENTREZID","5718","undirected","Binding"
"ENTREZID","5713","ENTREZID","5719","undirected","Binding"
"ENTREZID","5713","ENTREZID","7979","undirected","Binding"
"ENTREZID","5713","ENTREZID","9861","undirected","Binding"
"ENTREZID","5714","ENTREZID","5715","undirected","Binding"
"ENTREZID","5714","ENTREZID","5717","undirected","Binding"
"ENTREZID","5714","ENTREZID","5718","undirected","Binding"
"ENTREZID","5714","ENTREZID","5719","undirected","Binding"
"ENTREZID","5714","ENTREZID","7979","undirected","Binding"
"ENTREZID","5714","ENTREZID","9861","undirected","Binding"
"ENTREZID","5715","ENTREZID","5717","undirected","Binding"
"ENTREZID","5715","ENTREZID","5718","undirected","Binding"
"ENTREZID","5715","ENTREZID","5719","undirected","Binding"
"ENTREZID","5715","ENTREZID","7979","undirected","Binding"
"ENTREZID","5715","ENTREZID","9861","undirected","Binding"
"ENTREZID","5717","ENTREZID","5718","undirected","Binding"
"ENTREZID","5717","ENTREZID","5719","undirected","Binding"
"ENTREZID","5717","ENTREZID","7979","undirected","Binding"
"ENTREZID","5717","ENTREZID","9861","undirected","Binding"
"ENTREZID","5718","ENTREZID","5719","undirected","Binding"
"ENTREZID","5718","ENTREZID","7979","undirected","Binding"
"ENTREZID","5718","ENTREZID","9861","undirected","Binding"
"ENTREZID","5719","ENTREZID","7979","undirected","Binding"
"ENTREZID","5719","ENTREZID","9861","undirected","Binding"
"ENTREZID","5978","ENTREZID","627","directed","Process(repression)"
"ENTREZID","60673","ENTREZID","8408","undirected","Binding"
"ENTREZID","60673","ENTREZID","9706","undirected","Binding"
"ENTREZID","60673","ENTREZID","9776","undirected","Binding"
"ENTREZID","60673","ENTREZID","9821","undirected","Binding"
"ENTREZID","64764","ENTREZID","10891","directed","Process(missing interaction)"
"ENTREZID","64764","ENTREZID","6874","undirected","Binding"
"ENTREZID","64764","ENTREZID","6875","undirected","Binding"
"ENTREZID","64764","ENTREZID","84699","undirected","Binding"
"ENTREZID","64764","ENTREZID","90993","undirected","Binding"
"ENTREZID","64764","ENTREZID","9586","undirected","Binding"
"ENTREZID","6804","ENTREZID","774","directed","Process(inhibition)"
"ENTREZID","6874","ENTREZID","10891","directed","Process(missing interaction)"
"ENTREZID","6874","ENTREZID","6875","undirected","Binding"
"ENTREZID","6874","ENTREZID","84699","undirected","Binding"
"ENTREZID","6874","ENTREZID","90993","undirected","Binding"
"ENTREZID","6874","ENTREZID","9586","undirected","Binding"
"ENTREZID","6875","ENTREZID","10891","directed","Process(missing interaction)"
"ENTREZID","6875","ENTREZID","84699","undirected","Binding"
"ENTREZID","6875","ENTREZID","90993","undirected","Binding"
"ENTREZID","6875","ENTREZID","9586","undirected","Binding"
"ENTREZID","7157","ENTREZID","27113","directed","Process(expression)"
"ENTREZID","7157","ENTREZID","581","directed","Process(expression)"
"ENTREZID","7186","ENTREZID","4217","directed","Process(activation)"
"ENTREZID","7979","ENTREZID","9861","undirected","Binding"
"ENTREZID","8408","ENTREZID","9706","undirected","Binding"
"ENTREZID","8408","ENTREZID","9776","undirected","Binding"
"ENTREZID","8408","ENTREZID","9821","undirected","Binding"
"ENTREZID","841","ENTREZID","836","directed","Process(activation)"
"ENTREZID","842","ENTREZID","836","directed","Process(activation)"
"ENTREZID","84699","ENTREZID","10891","directed","Process(missing interaction)"
"ENTREZID","84699","ENTREZID","90993","undirected","Binding"
"ENTREZID","84699","ENTREZID","9586","undirected","Binding"
"ENTREZID","90993","ENTREZID","10891","directed","Process(missing interaction)"
"ENTREZID","90993","ENTREZID","9586","undirected","Binding"
"ENTREZID","9586","ENTREZID","10891","directed","Process(missing interaction)"
"ENTREZID","9706","ENTREZID","9776","undirected","Binding"
"ENTREZID","9706","ENTREZID","9821","undirected","Binding"
"ENTREZID","9776","ENTREZID","9821","undirected","Binding"
"ENTREZID","9821","ENTREZID","22863","directed","Process(phosphorylation)"
"ENTREZID","9821","ENTREZID","22863","directed","Process(activation)"
"ENTREZID","9821","ENTREZID","29982","directed","Process(phosphorylation)"
"ENTREZID","9821","ENTREZID","29982","directed","Process(activation)"
"ENTREZID","9821","ENTREZID","30849","directed","Process(phosphorylation)"
"ENTREZID","9821","ENTREZID","30849","directed","Process(activation)"
"ENTREZID","9821","ENTREZID","441925","directed","Process(phosphorylation)"
"ENTREZID","9821","ENTREZID","441925","directed","Process(activation)"
"ENTREZID","9821","ENTREZID","5289","directed","Process(phosphorylation)"
"ENTREZID","9821","ENTREZID","5289","directed","Process(activation)"
"ENTREZID","9821","ENTREZID","8678","directed","Process(phosphorylation)"
"ENTREZID","9821","ENTREZID","8678","directed","Process(activation)"
