"src_type","src","dest_type","dest","direction","type"
"ENTREZID","10092","ENTREZID","60","directed","Process(activation)"
"ENTREZID","10092","ENTREZID","71","directed","Process(activation)"
"ENTREZID","10093","ENTREZID","60","directed","Process(activation)"
"ENTREZID","10093","ENTREZID","71","directed","Process(activation)"
"ENTREZID","10094","ENTREZID","60","directed","Process(activation)"
"ENTREZID","10094","ENTREZID","71","directed","Process(activation)"
"ENTREZID","10095","ENTREZID","60","directed","Process(activation)"
"ENTREZID","10095","ENTREZID","71","directed","Process(activation)"
"ENTREZID","10096","ENTREZID","60","directed","Process(activation)"
"ENTREZID","10096","ENTREZID","71","directed","Process(activation)"
"ENTREZID","10097","ENTREZID","60","directed","Process(activation)"
"ENTREZID","10097","ENTREZID","71","directed","Process(activation)"
"ENTREZID","10109","ENTREZID","60","directed","Process(activation)"
"ENTREZID","10109","ENTREZID","71","directed","Process(activation)"
"ENTREZID","10163","ENTREZID","10092","directed","Process(activation)"
"ENTREZID","10163","ENTREZID","10093","directed","Process(activation)"
"ENTREZID","10163","ENTREZID","10094","directed","Process(activation)"
"ENTREZID","10163","ENTREZID","10095","directed","Process(activation)"
"ENTREZID","10163","ENTREZID","10096","directed","Process(activation)"
"ENTREZID","10163","ENTREZID","10097","directed","Process(activation)"
"ENTREZID","10163","ENTREZID","10109","directed","Process(activation)"
"ENTREZID","10163","ENTREZID","10552","directed","Process(activation)"
"ENTREZID","10163","ENTREZID","57180","directed","Process(activation)"
"ENTREZID","10163","ENTREZID","653857","directed","Process(activation)"
"ENTREZID","10163","ENTREZID","81873","directed","Process(activation)"
"ENTREZID","10552","ENTREZID","60","directed","Process(activation)"
"ENTREZID","10552","ENTREZID","71","directed","Process(activation)"
"ENTREZID","1398","ENTREZID","1793","directed","Process(activation)"
"ENTREZID","1399","ENTREZID","1793","directed","Process(activation)"
"ENTREZID","1499","ENTREZID","1495","directed","Process(missing)"
"ENTREZID","1499","ENTREZID","1496","directed","Process(missing)"
"ENTREZID","1499","ENTREZID","29119","directed","Process(missing)"
"ENTREZID","1499","ENTREZID","79658","directed","Process(missing)"
"ENTREZID","1793","ENTREZID","5879","directed","Process(activation)"
"ENTREZID","2017","ENTREZID","1759","directed","Process(activation)"
"ENTREZID","2017","ENTREZID","1785","directed","Process(activation)"
"ENTREZID","2017","ENTREZID","26052","directed","Process(activation)"
"ENTREZID","2335","ENTREZID","3678","directed","Process(activation)"
"ENTREZID","2335","ENTREZID","3688","directed","Process(activation)"
"ENTREZID","2549","ENTREZID","1398","directed","Process(activation)"
"ENTREZID","2549","ENTREZID","1399","directed","Process(activation)"
"ENTREZID","2549","ENTREZID","5290","directed","Process(activation)"
"ENTREZID","2549","ENTREZID","5291","directed","Process(activation)"
"ENTREZID","2549","ENTREZID","5293","directed","Process(activation)"
"ENTREZID","2549","ENTREZID","5295","directed","Process(activation)"
"ENTREZID","2549","ENTREZID","5296","directed","Process(activation)"
"ENTREZID","2549","ENTREZID","8503","directed","Process(activation)"
"ENTREZID","26084","ENTREZID","391","directed","Process(activation)"
"ENTREZID","3059","ENTREZID","1759","directed","Process(activation)"
"ENTREZID","3059","ENTREZID","1785","directed","Process(activation)"
"ENTREZID","3059","ENTREZID","26052","directed","Process(activation)"
"ENTREZID","3611","ENTREZID","5829","directed","Process(phosphorylation)"
"ENTREZID","3678","ENTREZID","3611","directed","Process(activation)"
"ENTREZID","3688","ENTREZID","3611","directed","Process(activation)"
"ENTREZID","387","ENTREZID","60","directed","Process(activation)"
"ENTREZID","387","ENTREZID","71","directed","Process(activation)"
"ENTREZID","391","ENTREZID","63916","directed","Process(activation)"
"ENTREZID","391","ENTREZID","79767","directed","Process(activation)"
"ENTREZID","391","ENTREZID","9844","directed","Process(activation)"
"ENTREZID","4233","ENTREZID","2549","directed","Process(phosphorylation)"
"ENTREZID","5290","ENTREZID","998","directed","Process(activation)"
"ENTREZID","5291","ENTREZID","998","directed","Process(activation)"
"ENTREZID","5293","ENTREZID","998","directed","Process(activation)"
"ENTREZID","5295","ENTREZID","998","directed","Process(activation)"
"ENTREZID","5296","ENTREZID","998","directed","Process(activation)"
"ENTREZID","57180","ENTREZID","60","directed","Process(activation)"
"ENTREZID","57180","ENTREZID","71","directed","Process(activation)"
"ENTREZID","5747","ENTREZID","9564","directed","Process(activation)"
"ENTREZID","5829","ENTREZID","60","directed","Process(activation)"
"ENTREZID","5829","ENTREZID","71","directed","Process(activation)"
"ENTREZID","5879","ENTREZID","10163","directed","Process(activation)"
"ENTREZID","5879","ENTREZID","8936","directed","Process(activation)"
"ENTREZID","63916","ENTREZID","1793","directed","Process(activation)"
"ENTREZID","653857","ENTREZID","60","directed","Process(activation)"
"ENTREZID","653857","ENTREZID","71","directed","Process(activation)"
"ENTREZID","6714","ENTREZID","2017","directed","Process(activation)"
"ENTREZID","6714","ENTREZID","3059","directed","Process(activation)"
"ENTREZID","6714","ENTREZID","5747","directed","Process(activation)"
"ENTREZID","7414","ENTREZID","60","directed","Process(activation)"
"ENTREZID","7414","ENTREZID","71","directed","Process(activation)"
"ENTREZID","79658","ENTREZID","60","directed","Process(activation)"
"ENTREZID","79658","ENTREZID","71","directed","Process(activation)"
"ENTREZID","79767","ENTREZID","1793","directed","Process(activation)"
"ENTREZID","81873","ENTREZID","60","directed","Process(activation)"
"ENTREZID","81873","ENTREZID","71","directed","Process(activation)"
"ENTREZID","8503","ENTREZID","998","directed","Process(activation)"
"ENTREZID","867","ENTREZID","4233","directed","Process(ubiquitination)"
"ENTREZID","8936","ENTREZID","10092","directed","Process(activation)"
"ENTREZID","8936","ENTREZID","10093","directed","Process(activation)"
"ENTREZID","8936","ENTREZID","10094","directed","Process(activation)"
"ENTREZID","8936","ENTREZID","10095","directed","Process(activation)"
"ENTREZID","8936","ENTREZID","10096","directed","Process(activation)"
"ENTREZID","8936","ENTREZID","10097","directed","Process(activation)"
"ENTREZID","8936","ENTREZID","10109","directed","Process(activation)"
"ENTREZID","8936","ENTREZID","10552","directed","Process(activation)"
"ENTREZID","8936","ENTREZID","57180","directed","Process(activation)"
"ENTREZID","8936","ENTREZID","653857","directed","Process(activation)"
"ENTREZID","8936","ENTREZID","81873","directed","Process(activation)"
"ENTREZID","8976","ENTREZID","10092","directed","Process(activation)"
"ENTREZID","8976","ENTREZID","10093","directed","Process(activation)"
"ENTREZID","8976","ENTREZID","10094","directed","Process(activation)"
"ENTREZID","8976","ENTREZID","10095","directed","Process(activation)"
"ENTREZID","8976","ENTREZID","10096","directed","Process(activation)"
"ENTREZID","8976","ENTREZID","10097","directed","Process(activation)"
"ENTREZID","8976","ENTREZID","10109","directed","Process(activation)"
"ENTREZID","8976","ENTREZID","10552","directed","Process(activation)"
"ENTREZID","8976","ENTREZID","57180","directed","Process(activation)"
"ENTREZID","8976","ENTREZID","653857","directed","Process(activation)"
"ENTREZID","8976","ENTREZID","81873","directed","Process(activation)"
"ENTREZID","9564","ENTREZID","5829","directed","Process(phosphorylation)"
"ENTREZID","9844","ENTREZID","1793","directed","Process(activation)"
"ENTREZID","998","ENTREZID","8976","directed","Process(activation)"
"ENTREZID","999","ENTREZID","1499","directed","Process(activation)"
