"src_type","src","dest_type","dest","direction","type"
"ENTREZID","102","ENTREZID","1839","directed","Process(activation)"
"ENTREZID","10392","ENTREZID","4790","directed","Process(indirect effect)"
"ENTREZID","10392","ENTREZID","5970","directed","Process(indirect effect)"
"ENTREZID","1147","ENTREZID","3551","undirected","Binding"
"ENTREZID","1147","ENTREZID","4792","directed","Process(phosphorylation)"
"ENTREZID","1147","ENTREZID","4792","directed","Process(activation)"
"ENTREZID","1147","ENTREZID","8517","undirected","Binding"
"ENTREZID","1432","ENTREZID","2919","directed","Process(expression)"
"ENTREZID","1432","ENTREZID","2920","directed","Process(expression)"
"ENTREZID","1432","ENTREZID","2921","directed","Process(expression)"
"ENTREZID","1432","ENTREZID","3576","directed","Process(expression)"
"ENTREZID","1445","ENTREZID","4067","directed","Process(inhibition)"
"ENTREZID","1445","ENTREZID","6714","directed","Process(inhibition)"
"ENTREZID","150084","ENTREZID","7082","directed","Process(binding/association)"
"ENTREZID","1839","ENTREZID","1956","directed","Process(activation)"
"ENTREZID","3551","ENTREZID","4792","directed","Process(phosphorylation)"
"ENTREZID","3551","ENTREZID","4792","directed","Process(activation)"
"ENTREZID","3551","ENTREZID","8517","undirected","Binding"
"ENTREZID","3576","ENTREZID","3577","directed","Process(activation)"
"ENTREZID","3576","ENTREZID","3579","directed","Process(activation)"
"ENTREZID","3577","ENTREZID","102","directed","Process(indirect effect)"
"ENTREZID","3579","ENTREZID","102","directed","Process(indirect effect)"
"ENTREZID","3725","ENTREZID","2919","directed","Process(expression)"
"ENTREZID","3725","ENTREZID","2920","directed","Process(expression)"
"ENTREZID","3725","ENTREZID","2921","directed","Process(expression)"
"ENTREZID","3725","ENTREZID","3576","directed","Process(expression)"
"ENTREZID","4790","ENTREZID","2919","directed","Process(expression)"
"ENTREZID","4790","ENTREZID","2920","directed","Process(expression)"
"ENTREZID","4790","ENTREZID","2921","directed","Process(expression)"
"ENTREZID","4790","ENTREZID","3576","directed","Process(expression)"
"ENTREZID","4790","ENTREZID","6352","directed","Process(expression)"
"ENTREZID","4792","ENTREZID","4790","directed","Process(dissociation)"
"ENTREZID","4792","ENTREZID","5970","directed","Process(dissociation)"
"ENTREZID","5058","ENTREZID","6416","directed","Process(phosphorylation)"
"ENTREZID","5058","ENTREZID","6416","directed","Process(indirect effect)"
"ENTREZID","5058","ENTREZID","9020","directed","Process(activation)"
"ENTREZID","50848","ENTREZID","7082","directed","Process(binding/association)"
"ENTREZID","5599","ENTREZID","3725","directed","Process(activation)"
"ENTREZID","5600","ENTREZID","2919","directed","Process(expression)"
"ENTREZID","5600","ENTREZID","2920","directed","Process(expression)"
"ENTREZID","5600","ENTREZID","2921","directed","Process(expression)"
"ENTREZID","5600","ENTREZID","3576","directed","Process(expression)"
"ENTREZID","5601","ENTREZID","3725","directed","Process(activation)"
"ENTREZID","5602","ENTREZID","3725","directed","Process(activation)"
"ENTREZID","5603","ENTREZID","2919","directed","Process(expression)"
"ENTREZID","5603","ENTREZID","2920","directed","Process(expression)"
"ENTREZID","5603","ENTREZID","2921","directed","Process(expression)"
"ENTREZID","5603","ENTREZID","3576","directed","Process(expression)"
"ENTREZID","5803","ENTREZID","28964","directed","Process(phosphorylation)"
"ENTREZID","5803","ENTREZID","28964","directed","Process(indirect effect)"
"ENTREZID","58494","ENTREZID","7082","directed","Process(binding/association)"
"ENTREZID","5970","ENTREZID","2919","directed","Process(expression)"
"ENTREZID","5970","ENTREZID","2920","directed","Process(expression)"
"ENTREZID","5970","ENTREZID","2921","directed","Process(expression)"
"ENTREZID","5970","ENTREZID","3576","directed","Process(expression)"
"ENTREZID","5970","ENTREZID","6352","directed","Process(expression)"
"ENTREZID","6300","ENTREZID","2919","directed","Process(expression)"
"ENTREZID","6300","ENTREZID","2920","directed","Process(expression)"
"ENTREZID","6300","ENTREZID","2921","directed","Process(expression)"
"ENTREZID","6300","ENTREZID","3576","directed","Process(expression)"
"ENTREZID","6416","ENTREZID","5599","directed","Process(phosphorylation)"
"ENTREZID","6416","ENTREZID","5599","directed","Process(activation)"
"ENTREZID","6416","ENTREZID","5601","directed","Process(phosphorylation)"
"ENTREZID","6416","ENTREZID","5601","directed","Process(activation)"
"ENTREZID","6416","ENTREZID","5602","directed","Process(phosphorylation)"
"ENTREZID","6416","ENTREZID","5602","directed","Process(activation)"
"ENTREZID","6868","ENTREZID","1839","directed","Process(activation)"
"ENTREZID","83700","ENTREZID","7082","directed","Process(binding/association)"
"ENTREZID","9020","ENTREZID","1147","directed","Process(phosphorylation)"
"ENTREZID","9020","ENTREZID","1147","directed","Process(activation)"
"ENTREZID","9020","ENTREZID","3551","directed","Process(phosphorylation)"
"ENTREZID","9020","ENTREZID","3551","directed","Process(activation)"
"ENTREZID","9020","ENTREZID","8517","directed","Process(phosphorylation)"
"ENTREZID","9020","ENTREZID","8517","directed","Process(activation)"
