"src_type","src","dest_type","dest","direction","type"
"ENTREZID","10000","ENTREZID","100132074","directed","Process(inhibition)"
"ENTREZID","10000","ENTREZID","100132074","directed","Process(phosphorylation)"
"ENTREZID","10000","ENTREZID","2308","directed","Process(inhibition)"
"ENTREZID","10000","ENTREZID","2308","directed","Process(phosphorylation)"
"ENTREZID","10000","ENTREZID","2309","directed","Process(inhibition)"
"ENTREZID","10000","ENTREZID","2309","directed","Process(phosphorylation)"
"ENTREZID","10000","ENTREZID","2931","directed","Process(inhibition)"
"ENTREZID","10000","ENTREZID","2931","directed","Process(phosphorylation)"
"ENTREZID","10000","ENTREZID","2932","directed","Process(inhibition)"
"ENTREZID","10000","ENTREZID","2932","directed","Process(phosphorylation)"
"ENTREZID","10000","ENTREZID","4193","directed","Process(phosphorylation)"
"ENTREZID","10000","ENTREZID","4193","directed","Process(activation)"
"ENTREZID","10000","ENTREZID","4303","directed","Process(inhibition)"
"ENTREZID","10000","ENTREZID","4303","directed","Process(phosphorylation)"
"ENTREZID","10000","ENTREZID","6198","directed","Process(indirect)"
"ENTREZID","10000","ENTREZID","6198","directed","Process(phosphorylation)"
"ENTREZID","10000","ENTREZID","6198","directed","Process(activation)"
"ENTREZID","10000","ENTREZID","6199","directed","Process(indirect)"
"ENTREZID","10000","ENTREZID","6199","directed","Process(phosphorylation)"
"ENTREZID","10000","ENTREZID","6199","directed","Process(activation)"
"ENTREZID","10092","ENTREZID","60","directed","Process(activation)"
"ENTREZID","10092","ENTREZID","71","directed","Process(activation)"
"ENTREZID","10093","ENTREZID","60","directed","Process(activation)"
"ENTREZID","10093","ENTREZID","71","directed","Process(activation)"
"ENTREZID","10094","ENTREZID","60","directed","Process(activation)"
"ENTREZID","10094","ENTREZID","71","directed","Process(activation)"
"ENTREZID","10095","ENTREZID","60","directed","Process(activation)"
"ENTREZID","10095","ENTREZID","71","directed","Process(activation)"
"ENTREZID","10096","ENTREZID","60","directed","Process(activation)"
"ENTREZID","10096","ENTREZID","71","directed","Process(activation)"
"ENTREZID","10097","ENTREZID","60","directed","Process(activation)"
"ENTREZID","10097","ENTREZID","71","directed","Process(activation)"
"ENTREZID","10109","ENTREZID","60","directed","Process(activation)"
"ENTREZID","10109","ENTREZID","71","directed","Process(activation)"
"ENTREZID","10163","ENTREZID","10092","directed","Process(activation)"
"ENTREZID","10163","ENTREZID","10093","directed","Process(activation)"
"ENTREZID","10163","ENTREZID","10094","directed","Process(activation)"
"ENTREZID","10163","ENTREZID","10095","directed","Process(activation)"
"ENTREZID","10163","ENTREZID","10096","directed","Process(activation)"
"ENTREZID","10163","ENTREZID","10097","directed","Process(activation)"
"ENTREZID","10163","ENTREZID","10109","directed","Process(activation)"
"ENTREZID","10163","ENTREZID","10552","directed","Process(activation)"
"ENTREZID","10163","ENTREZID","57180","directed","Process(activation)"
"ENTREZID","10163","ENTREZID","653857","directed","Process(activation)"
"ENTREZID","10163","ENTREZID","81873","directed","Process(activation)"
"ENTREZID","10241","ENTREZID","10801","directed","Process(binding/association)"
"ENTREZID","10241","ENTREZID","124404","directed","Process(binding/association)"
"ENTREZID","10241","ENTREZID","23157","directed","Process(binding/association)"
"ENTREZID","10241","ENTREZID","23176","directed","Process(binding/association)"
"ENTREZID","10241","ENTREZID","4735","directed","Process(binding/association)"
"ENTREZID","10241","ENTREZID","55752","directed","Process(binding/association)"
"ENTREZID","10241","ENTREZID","55964","directed","Process(binding/association)"
"ENTREZID","10241","ENTREZID","6233","directed","Process(binding/association)"
"ENTREZID","10241","ENTREZID","7311","directed","Process(binding/association)"
"ENTREZID","10241","ENTREZID","7314","directed","Process(binding/association)"
"ENTREZID","10241","ENTREZID","7316","directed","Process(binding/association)"
"ENTREZID","10241","ENTREZID","989","directed","Process(binding/association)"
"ENTREZID","102724594","ENTREZID","1437","directed","Process(expression)"
"ENTREZID","102724594","ENTREZID","3553","directed","Process(expression)"
"ENTREZID","102724594","ENTREZID","3576","directed","Process(expression)"
"ENTREZID","102724594","ENTREZID","6352","directed","Process(expression)"
"ENTREZID","10318","ENTREZID","8517","directed","Process(inhibition)"
"ENTREZID","10325","ENTREZID","2475","directed","Process(activation)"
"ENTREZID","10325","ENTREZID","57521","directed","Process(activation)"
"ENTREZID","10325","ENTREZID","84335","directed","Process(activation)"
"ENTREZID","103910","ENTREZID","60","directed","Process(indirect)"
"ENTREZID","103910","ENTREZID","60","directed","Process(activation)"
"ENTREZID","103910","ENTREZID","71","directed","Process(indirect)"
"ENTREZID","103910","ENTREZID","71","directed","Process(activation)"
"ENTREZID","10392","ENTREZID","8767","directed","Process(activation)"
"ENTREZID","10392","ENTREZID","9181","undirected","Binding"
"ENTREZID","10398","ENTREZID","60","directed","Process(indirect)"
"ENTREZID","10398","ENTREZID","60","directed","Process(activation)"
"ENTREZID","10398","ENTREZID","71","directed","Process(indirect)"
"ENTREZID","10398","ENTREZID","71","directed","Process(activation)"
"ENTREZID","10454","ENTREZID","1147","directed","Process(phosphorylation)"
"ENTREZID","10454","ENTREZID","1147","directed","Process(activation)"
"ENTREZID","10454","ENTREZID","23118","undirected","Binding"
"ENTREZID","10454","ENTREZID","257397","undirected","Binding"
"ENTREZID","10454","ENTREZID","3551","directed","Process(phosphorylation)"
"ENTREZID","10454","ENTREZID","3551","directed","Process(activation)"
"ENTREZID","10454","ENTREZID","6885","undirected","Binding"
"ENTREZID","10552","ENTREZID","60","directed","Process(activation)"
"ENTREZID","10552","ENTREZID","71","directed","Process(activation)"
"ENTREZID","10616","ENTREZID","55072","undirected","Binding"
"ENTREZID","10616","ENTREZID","81858","undirected","Binding"
"ENTREZID","10616","ENTREZID","8737","directed","Process(activation)"
"ENTREZID","10616","ENTREZID","8737","directed","Process(ubiquitination)"
"ENTREZID","10627","ENTREZID","60","directed","Process(indirect)"
"ENTREZID","10627","ENTREZID","60","directed","Process(activation)"
"ENTREZID","10627","ENTREZID","71","directed","Process(indirect)"
"ENTREZID","10627","ENTREZID","71","directed","Process(activation)"
"ENTREZID","10670","ENTREZID","2475","directed","Process(activation)"
"ENTREZID","10670","ENTREZID","57521","directed","Process(activation)"
"ENTREZID","10670","ENTREZID","84335","directed","Process(activation)"
"ENTREZID","10892","ENTREZID","7189","directed","Process(activation)"
"ENTREZID","10892","ENTREZID","8915","undirected","Binding"
"ENTREZID","11146","ENTREZID","114548","directed","Process(inhibition)"
"ENTREZID","11146","ENTREZID","58484","directed","Process(inhibition)"
"ENTREZID","11335","ENTREZID","3576","directed","Process(expression)"
"ENTREZID","114548","ENTREZID","29108","directed","Process(activation)"
"ENTREZID","114548","ENTREZID","834","directed","Process(activation)"
"ENTREZID","1147","ENTREZID","3551","undirected","Binding"
"ENTREZID","1147","ENTREZID","4792","directed","Process(phosphorylation)"
"ENTREZID","1147","ENTREZID","4792","directed","Process(activation)"
"ENTREZID","1147","ENTREZID","4793","directed","Process(phosphorylation)"
"ENTREZID","1147","ENTREZID","4793","directed","Process(activation)"
"ENTREZID","1147","ENTREZID","8517","undirected","Binding"
"ENTREZID","115004","ENTREZID","340061","directed","Process(activation)"
"ENTREZID","126961","ENTREZID","3576","directed","Process(expression)"
"ENTREZID","1398","ENTREZID","1399","undirected","Binding"
"ENTREZID","1398","ENTREZID","63916","directed","Process(activation)"
"ENTREZID","1398","ENTREZID","9564","undirected","Binding"
"ENTREZID","1398","ENTREZID","9844","directed","Process(activation)"
"ENTREZID","1399","ENTREZID","63916","directed","Process(activation)"
"ENTREZID","1399","ENTREZID","9564","undirected","Binding"
"ENTREZID","1399","ENTREZID","9844","directed","Process(activation)"
"ENTREZID","1729","ENTREZID","60","directed","Process(indirect)"
"ENTREZID","1729","ENTREZID","60","directed","Process(activation)"
"ENTREZID","1729","ENTREZID","71","directed","Process(indirect)"
"ENTREZID","1729","ENTREZID","71","directed","Process(activation)"
"ENTREZID","1793","ENTREZID","5879","directed","Process(activation)"
"ENTREZID","1793","ENTREZID","63916","undirected","Binding"
"ENTREZID","1793","ENTREZID","9844","undirected","Binding"
"ENTREZID","1956","ENTREZID","5290","directed","Process(activation)"
"ENTREZID","1956","ENTREZID","5291","directed","Process(activation)"
"ENTREZID","1956","ENTREZID","5293","directed","Process(activation)"
"ENTREZID","1956","ENTREZID","5295","directed","Process(activation)"
"ENTREZID","1956","ENTREZID","5296","directed","Process(activation)"
"ENTREZID","1956","ENTREZID","8503","directed","Process(activation)"
"ENTREZID","199746","ENTREZID","1437","directed","Process(expression)"
"ENTREZID","199746","ENTREZID","3553","directed","Process(expression)"
"ENTREZID","199746","ENTREZID","3576","directed","Process(expression)"
"ENTREZID","199746","ENTREZID","6352","directed","Process(expression)"
"ENTREZID","2017","ENTREZID","10092","directed","Process(activation)"
"ENTREZID","2017","ENTREZID","10093","directed","Process(activation)"
"ENTREZID","2017","ENTREZID","10094","directed","Process(activation)"
"ENTREZID","2017","ENTREZID","10095","directed","Process(activation)"
"ENTREZID","2017","ENTREZID","10096","directed","Process(activation)"
"ENTREZID","2017","ENTREZID","10097","directed","Process(activation)"
"ENTREZID","2017","ENTREZID","10109","directed","Process(activation)"
"ENTREZID","2017","ENTREZID","10552","directed","Process(activation)"
"ENTREZID","2017","ENTREZID","1398","directed","Process(activation)"
"ENTREZID","2017","ENTREZID","1399","directed","Process(activation)"
"ENTREZID","2017","ENTREZID","57180","directed","Process(activation)"
"ENTREZID","2017","ENTREZID","653857","directed","Process(activation)"
"ENTREZID","2017","ENTREZID","81873","directed","Process(activation)"
"ENTREZID","207","ENTREZID","100132074","directed","Process(inhibition)"
"ENTREZID","207","ENTREZID","100132074","directed","Process(phosphorylation)"
"ENTREZID","207","ENTREZID","2308","directed","Process(inhibition)"
"ENTREZID","207","ENTREZID","2308","directed","Process(phosphorylation)"
"ENTREZID","207","ENTREZID","2309","directed","Process(inhibition)"
"ENTREZID","207","ENTREZID","2309","directed","Process(phosphorylation)"
"ENTREZID","207","ENTREZID","2931","directed","Process(inhibition)"
"ENTREZID","207","ENTREZID","2931","directed","Process(phosphorylation)"
"ENTREZID","207","ENTREZID","2932","directed","Process(inhibition)"
"ENTREZID","207","ENTREZID","2932","directed","Process(phosphorylation)"
"ENTREZID","207","ENTREZID","4193","directed","Process(phosphorylation)"
"ENTREZID","207","ENTREZID","4193","directed","Process(activation)"
"ENTREZID","207","ENTREZID","4303","directed","Process(inhibition)"
"ENTREZID","207","ENTREZID","4303","directed","Process(phosphorylation)"
"ENTREZID","207","ENTREZID","6198","directed","Process(indirect)"
"ENTREZID","207","ENTREZID","6198","directed","Process(phosphorylation)"
"ENTREZID","207","ENTREZID","6198","directed","Process(activation)"
"ENTREZID","207","ENTREZID","6199","directed","Process(indirect)"
"ENTREZID","207","ENTREZID","6199","directed","Process(phosphorylation)"
"ENTREZID","207","ENTREZID","6199","directed","Process(activation)"
"ENTREZID","208","ENTREZID","100132074","directed","Process(inhibition)"
"ENTREZID","208","ENTREZID","100132074","directed","Process(phosphorylation)"
"ENTREZID","208","ENTREZID","2308","directed","Process(inhibition)"
"ENTREZID","208","ENTREZID","2308","directed","Process(phosphorylation)"
"ENTREZID","208","ENTREZID","2309","directed","Process(inhibition)"
"ENTREZID","208","ENTREZID","2309","directed","Process(phosphorylation)"
"ENTREZID","208","ENTREZID","2931","directed","Process(inhibition)"
"ENTREZID","208","ENTREZID","2931","directed","Process(phosphorylation)"
"ENTREZID","208","ENTREZID","2932","directed","Process(inhibition)"
"ENTREZID","208","ENTREZID","2932","directed","Process(phosphorylation)"
"ENTREZID","208","ENTREZID","4193","directed","Process(phosphorylation)"
"ENTREZID","208","ENTREZID","4193","directed","Process(activation)"
"ENTREZID","208","ENTREZID","4303","directed","Process(inhibition)"
"ENTREZID","208","ENTREZID","4303","directed","Process(phosphorylation)"
"ENTREZID","208","ENTREZID","6198","directed","Process(indirect)"
"ENTREZID","208","ENTREZID","6198","directed","Process(phosphorylation)"
"ENTREZID","208","ENTREZID","6198","directed","Process(activation)"
"ENTREZID","208","ENTREZID","6199","directed","Process(indirect)"
"ENTREZID","208","ENTREZID","6199","directed","Process(phosphorylation)"
"ENTREZID","208","ENTREZID","6199","directed","Process(activation)"
"ENTREZID","23048","ENTREZID","10241","directed","Process(indirect)"
"ENTREZID","23048","ENTREZID","10241","directed","Process(inhibition)"
"ENTREZID","23048","ENTREZID","8878","directed","Process(indirect)"
"ENTREZID","23048","ENTREZID","8878","directed","Process(inhibition)"
"ENTREZID","23118","ENTREZID","1147","directed","Process(phosphorylation)"
"ENTREZID","23118","ENTREZID","1147","directed","Process(activation)"
"ENTREZID","23118","ENTREZID","257397","undirected","Binding"
"ENTREZID","23118","ENTREZID","3551","directed","Process(phosphorylation)"
"ENTREZID","23118","ENTREZID","3551","directed","Process(activation)"
"ENTREZID","23118","ENTREZID","6885","undirected","Binding"
"ENTREZID","23291","ENTREZID","4792","directed","Process(activation)"
"ENTREZID","23291","ENTREZID","4792","directed","Process(ubiquitination)"
"ENTREZID","23291","ENTREZID","4793","directed","Process(activation)"
"ENTREZID","23291","ENTREZID","4793","directed","Process(ubiquitination)"
"ENTREZID","23291","ENTREZID","51619","undirected","Binding"
"ENTREZID","23291","ENTREZID","6500","undirected","Binding"
"ENTREZID","23291","ENTREZID","7321","undirected","Binding"
"ENTREZID","23291","ENTREZID","7322","undirected","Binding"
"ENTREZID","23291","ENTREZID","7323","undirected","Binding"
"ENTREZID","23291","ENTREZID","8454","undirected","Binding"
"ENTREZID","23291","ENTREZID","8945","undirected","Binding"
"ENTREZID","23291","ENTREZID","9978","undirected","Binding"
"ENTREZID","257397","ENTREZID","1147","directed","Process(phosphorylation)"
"ENTREZID","257397","ENTREZID","1147","directed","Process(activation)"
"ENTREZID","257397","ENTREZID","3551","directed","Process(phosphorylation)"
"ENTREZID","257397","ENTREZID","3551","directed","Process(activation)"
"ENTREZID","257397","ENTREZID","6885","undirected","Binding"
"ENTREZID","25851","ENTREZID","9474","directed","Process(binding/association)"
"ENTREZID","26100","ENTREZID","25851","directed","Process(binding/association)"
"ENTREZID","27128","ENTREZID","382","directed","Process(activation)"
"ENTREZID","29108","ENTREZID","834","undirected","Binding"
"ENTREZID","29110","ENTREZID","3661","directed","Process(activation)"
"ENTREZID","29895","ENTREZID","60","directed","Process(indirect)"
"ENTREZID","29895","ENTREZID","60","directed","Process(activation)"
"ENTREZID","29895","ENTREZID","71","directed","Process(indirect)"
"ENTREZID","29895","ENTREZID","71","directed","Process(activation)"
"ENTREZID","3020","ENTREZID","3576","directed","Process(expression)"
"ENTREZID","3021","ENTREZID","3576","directed","Process(expression)"
"ENTREZID","3059","ENTREZID","10092","directed","Process(activation)"
"ENTREZID","3059","ENTREZID","10093","directed","Process(activation)"
"ENTREZID","3059","ENTREZID","10094","directed","Process(activation)"
"ENTREZID","3059","ENTREZID","10095","directed","Process(activation)"
"ENTREZID","3059","ENTREZID","10096","directed","Process(activation)"
"ENTREZID","3059","ENTREZID","10097","directed","Process(activation)"
"ENTREZID","3059","ENTREZID","10109","directed","Process(activation)"
"ENTREZID","3059","ENTREZID","10552","directed","Process(activation)"
"ENTREZID","3059","ENTREZID","1398","directed","Process(activation)"
"ENTREZID","3059","ENTREZID","1399","directed","Process(activation)"
"ENTREZID","3059","ENTREZID","57180","directed","Process(activation)"
"ENTREZID","3059","ENTREZID","653857","directed","Process(activation)"
"ENTREZID","3059","ENTREZID","81873","directed","Process(activation)"
"ENTREZID","3098","ENTREZID","3099","undirected","Binding"
"ENTREZID","3098","ENTREZID","3101","undirected","Binding"
"ENTREZID","3098","ENTREZID","581","directed","Process(indirect)"
"ENTREZID","3098","ENTREZID","581","directed","Process(inhibition)"
"ENTREZID","3098","ENTREZID","7416","undirected","Binding"
"ENTREZID","3098","ENTREZID","80201","undirected","Binding"
"ENTREZID","3099","ENTREZID","3101","undirected","Binding"
"ENTREZID","3099","ENTREZID","581","directed","Process(indirect)"
"ENTREZID","3099","ENTREZID","581","directed","Process(inhibition)"
"ENTREZID","3099","ENTREZID","7416","undirected","Binding"
"ENTREZID","3099","ENTREZID","80201","undirected","Binding"
"ENTREZID","3101","ENTREZID","581","directed","Process(indirect)"
"ENTREZID","3101","ENTREZID","581","directed","Process(inhibition)"
"ENTREZID","3101","ENTREZID","7416","undirected","Binding"
"ENTREZID","3101","ENTREZID","80201","undirected","Binding"
"ENTREZID","333932","ENTREZID","3576","directed","Process(expression)"
"ENTREZID","340061","ENTREZID","29110","directed","Process(activation)"
"ENTREZID","3551","ENTREZID","4792","directed","Process(phosphorylation)"
"ENTREZID","3551","ENTREZID","4792","directed","Process(activation)"
"ENTREZID","3551","ENTREZID","4793","directed","Process(phosphorylation)"
"ENTREZID","3551","ENTREZID","4793","directed","Process(activation)"
"ENTREZID","3551","ENTREZID","8517","undirected","Binding"
"ENTREZID","3553","ENTREZID","3554","directed","Process(activation)"
"ENTREZID","3554","ENTREZID","7189","directed","Process(indirect)"
"ENTREZID","3554","ENTREZID","7189","directed","Process(activation)"
"ENTREZID","3611","ENTREZID","60","directed","Process(activation)"
"ENTREZID","3611","ENTREZID","71","directed","Process(activation)"
"ENTREZID","3661","ENTREZID","3456","directed","Process(expression)"
"ENTREZID","3678","ENTREZID","3611","directed","Process(binding/association)"
"ENTREZID","3678","ENTREZID","3688","undirected","Binding"
"ENTREZID","3678","ENTREZID","5747","directed","Process(activation)"
"ENTREZID","3678","ENTREZID","6714","directed","Process(activation)"
"ENTREZID","3678","ENTREZID","7094","directed","Process(binding/association)"
"ENTREZID","3678","ENTREZID","81","directed","Process(binding/association)"
"ENTREZID","3678","ENTREZID","83660","directed","Process(binding/association)"
"ENTREZID","3678","ENTREZID","87","directed","Process(binding/association)"
"ENTREZID","3688","ENTREZID","3611","directed","Process(binding/association)"
"ENTREZID","3688","ENTREZID","5747","directed","Process(activation)"
"ENTREZID","3688","ENTREZID","6714","directed","Process(activation)"
"ENTREZID","3688","ENTREZID","7094","directed","Process(binding/association)"
"ENTREZID","3688","ENTREZID","81","directed","Process(binding/association)"
"ENTREZID","3688","ENTREZID","83660","directed","Process(binding/association)"
"ENTREZID","3688","ENTREZID","87","directed","Process(binding/association)"
"ENTREZID","375","ENTREZID","10163","directed","Process(activation)"
"ENTREZID","375","ENTREZID","340061","directed","Process(activation)"
"ENTREZID","375","ENTREZID","8936","directed","Process(activation)"
"ENTREZID","382","ENTREZID","375","directed","Process(activation)"
"ENTREZID","387","ENTREZID","1729","directed","Process(activation)"
"ENTREZID","387","ENTREZID","6093","directed","Process(activation)"
"ENTREZID","387","ENTREZID","9475","directed","Process(activation)"
"ENTREZID","389898","ENTREZID","7186","directed","Process(activation)"
"ENTREZID","389898","ENTREZID","7186","directed","Process(ubiquitination)"
"ENTREZID","389898","ENTREZID","7188","directed","Process(activation)"
"ENTREZID","389898","ENTREZID","7188","directed","Process(ubiquitination)"
"ENTREZID","389898","ENTREZID","7189","directed","Process(activation)"
"ENTREZID","389898","ENTREZID","7334","undirected","Binding"
"ENTREZID","389898","ENTREZID","7335","undirected","Binding"
"ENTREZID","389898","ENTREZID","7336","undirected","Binding"
"ENTREZID","4193","ENTREZID","7157","directed","Process(inhibition)"
"ENTREZID","440093","ENTREZID","3576","directed","Process(expression)"
"ENTREZID","440738","ENTREZID","10241","directed","Process(binding/association)"
"ENTREZID","440738","ENTREZID","8878","directed","Process(binding/association)"
"ENTREZID","4615","ENTREZID","29110","directed","Process(indirect)"
"ENTREZID","4615","ENTREZID","29110","directed","Process(activation)"
"ENTREZID","4633","ENTREZID","60","directed","Process(indirect)"
"ENTREZID","4633","ENTREZID","60","directed","Process(activation)"
"ENTREZID","4633","ENTREZID","71","directed","Process(indirect)"
"ENTREZID","4633","ENTREZID","71","directed","Process(activation)"
"ENTREZID","4636","ENTREZID","60","directed","Process(indirect)"
"ENTREZID","4636","ENTREZID","60","directed","Process(activation)"
"ENTREZID","4636","ENTREZID","71","directed","Process(indirect)"
"ENTREZID","4636","ENTREZID","71","directed","Process(activation)"
"ENTREZID","4671","ENTREZID","58484","directed","Process(activation)"
"ENTREZID","472","ENTREZID","7157","directed","Process(activation)"
"ENTREZID","4790","ENTREZID","3576","directed","Process(expression)"
"ENTREZID","4790","ENTREZID","5970","undirected","Binding"
"ENTREZID","4790","ENTREZID","7124","directed","Process(expression)"
"ENTREZID","4790","ENTREZID","92610","directed","Process(expression)"
"ENTREZID","4792","ENTREZID","4790","directed","Process(dissociation)"
"ENTREZID","4792","ENTREZID","5970","directed","Process(dissociation)"
"ENTREZID","4793","ENTREZID","4790","directed","Process(dissociation)"
"ENTREZID","4793","ENTREZID","5970","directed","Process(dissociation)"
"ENTREZID","51619","ENTREZID","4792","directed","Process(activation)"
"ENTREZID","51619","ENTREZID","4792","directed","Process(ubiquitination)"
"ENTREZID","51619","ENTREZID","4793","directed","Process(activation)"
"ENTREZID","51619","ENTREZID","4793","directed","Process(ubiquitination)"
"ENTREZID","51619","ENTREZID","6500","undirected","Binding"
"ENTREZID","51619","ENTREZID","7321","undirected","Binding"
"ENTREZID","51619","ENTREZID","7322","undirected","Binding"
"ENTREZID","51619","ENTREZID","7323","undirected","Binding"
"ENTREZID","51619","ENTREZID","8454","undirected","Binding"
"ENTREZID","51619","ENTREZID","8945","undirected","Binding"
"ENTREZID","51619","ENTREZID","9978","undirected","Binding"
"ENTREZID","54874","ENTREZID","10241","directed","Process(indirect)"
"ENTREZID","54874","ENTREZID","10241","directed","Process(inhibition)"
"ENTREZID","54874","ENTREZID","8878","directed","Process(indirect)"
"ENTREZID","54874","ENTREZID","8878","directed","Process(inhibition)"
"ENTREZID","55054","ENTREZID","440738","directed","Process(missing)"
"ENTREZID","55054","ENTREZID","440738","directed","Process(activation)"
"ENTREZID","55054","ENTREZID","643246","directed","Process(missing)"
"ENTREZID","55054","ENTREZID","643246","directed","Process(activation)"
"ENTREZID","55054","ENTREZID","81631","directed","Process(missing)"
"ENTREZID","55054","ENTREZID","81631","directed","Process(activation)"
"ENTREZID","55054","ENTREZID","84557","directed","Process(missing)"
"ENTREZID","55054","ENTREZID","84557","directed","Process(activation)"
"ENTREZID","55054","ENTREZID","9140","undirected","Binding"
"ENTREZID","55054","ENTREZID","9474","undirected","Binding"
"ENTREZID","55062","ENTREZID","25851","directed","Process(binding/association)"
"ENTREZID","55072","ENTREZID","81858","undirected","Binding"
"ENTREZID","55072","ENTREZID","8737","directed","Process(activation)"
"ENTREZID","55072","ENTREZID","8737","directed","Process(ubiquitination)"
"ENTREZID","5580","ENTREZID","7186","directed","Process(indirect)"
"ENTREZID","5580","ENTREZID","7186","directed","Process(activation)"
"ENTREZID","5581","ENTREZID","7186","directed","Process(indirect)"
"ENTREZID","5581","ENTREZID","7186","directed","Process(activation)"
"ENTREZID","5588","ENTREZID","7186","directed","Process(indirect)"
"ENTREZID","5588","ENTREZID","7186","directed","Process(activation)"
"ENTREZID","5594","ENTREZID","9252","directed","Process(phosphorylation)"
"ENTREZID","5594","ENTREZID","9252","directed","Process(activation)"
"ENTREZID","5595","ENTREZID","9252","directed","Process(phosphorylation)"
"ENTREZID","5595","ENTREZID","9252","directed","Process(activation)"
"ENTREZID","5599","ENTREZID","3725","directed","Process(phosphorylation)"
"ENTREZID","5599","ENTREZID","3725","directed","Process(activation)"
"ENTREZID","5601","ENTREZID","3725","directed","Process(phosphorylation)"
"ENTREZID","5601","ENTREZID","3725","directed","Process(activation)"
"ENTREZID","5602","ENTREZID","3725","directed","Process(phosphorylation)"
"ENTREZID","5602","ENTREZID","3725","directed","Process(activation)"
"ENTREZID","57180","ENTREZID","60","directed","Process(activation)"
"ENTREZID","57180","ENTREZID","71","directed","Process(activation)"
"ENTREZID","5747","ENTREZID","1398","directed","Process(phosphorylation)"
"ENTREZID","5747","ENTREZID","1398","directed","Process(activation)"
"ENTREZID","5747","ENTREZID","1399","directed","Process(phosphorylation)"
"ENTREZID","5747","ENTREZID","1399","directed","Process(activation)"
"ENTREZID","5747","ENTREZID","2017","directed","Process(phosphorylation)"
"ENTREZID","5747","ENTREZID","2017","directed","Process(activation)"
"ENTREZID","5747","ENTREZID","3059","directed","Process(phosphorylation)"
"ENTREZID","5747","ENTREZID","3059","directed","Process(activation)"
"ENTREZID","5747","ENTREZID","387","directed","Process(indirect)"
"ENTREZID","5747","ENTREZID","387","directed","Process(activation)"
"ENTREZID","5747","ENTREZID","5829","directed","Process(phosphorylation)"
"ENTREZID","5747","ENTREZID","5829","directed","Process(activation)"
"ENTREZID","5747","ENTREZID","7094","directed","Process(binding/association)"
"ENTREZID","5747","ENTREZID","83660","directed","Process(binding/association)"
"ENTREZID","5747","ENTREZID","9564","directed","Process(phosphorylation)"
"ENTREZID","5747","ENTREZID","9564","directed","Process(activation)"
"ENTREZID","581","ENTREZID","54205","directed","Process(indirect)"
"ENTREZID","581","ENTREZID","54205","directed","Process(activation)"
"ENTREZID","5829","ENTREZID","1398","directed","Process(activation)"
"ENTREZID","5829","ENTREZID","1399","directed","Process(activation)"
"ENTREZID","5829","ENTREZID","9564","directed","Process(activation)"
"ENTREZID","5829","ENTREZID","998","directed","Process(indirect)"
"ENTREZID","5829","ENTREZID","998","directed","Process(activation)"
"ENTREZID","58484","ENTREZID","29108","directed","Process(activation)"
"ENTREZID","58484","ENTREZID","834","directed","Process(activation)"
"ENTREZID","58498","ENTREZID","60","directed","Process(indirect)"
"ENTREZID","58498","ENTREZID","60","directed","Process(activation)"
"ENTREZID","58498","ENTREZID","71","directed","Process(indirect)"
"ENTREZID","58498","ENTREZID","71","directed","Process(activation)"
"ENTREZID","58528","ENTREZID","2475","directed","Process(activation)"
"ENTREZID","58528","ENTREZID","57521","directed","Process(activation)"
"ENTREZID","58528","ENTREZID","84335","directed","Process(activation)"
"ENTREZID","5879","ENTREZID","10163","directed","Process(activation)"
"ENTREZID","5879","ENTREZID","8936","directed","Process(activation)"
"ENTREZID","596","ENTREZID","5481","directed","Process(inhibition)"
"ENTREZID","5970","ENTREZID","3576","directed","Process(expression)"
"ENTREZID","5970","ENTREZID","7124","directed","Process(expression)"
"ENTREZID","5970","ENTREZID","92610","directed","Process(expression)"
"ENTREZID","6093","ENTREZID","103910","directed","Process(phosphorylation)"
"ENTREZID","6093","ENTREZID","103910","directed","Process(activation)"
"ENTREZID","6093","ENTREZID","10398","directed","Process(phosphorylation)"
"ENTREZID","6093","ENTREZID","10398","directed","Process(activation)"
"ENTREZID","6093","ENTREZID","10627","directed","Process(phosphorylation)"
"ENTREZID","6093","ENTREZID","10627","directed","Process(activation)"
"ENTREZID","6093","ENTREZID","29895","directed","Process(phosphorylation)"
"ENTREZID","6093","ENTREZID","29895","directed","Process(activation)"
"ENTREZID","6093","ENTREZID","4633","directed","Process(phosphorylation)"
"ENTREZID","6093","ENTREZID","4633","directed","Process(activation)"
"ENTREZID","6093","ENTREZID","4636","directed","Process(phosphorylation)"
"ENTREZID","6093","ENTREZID","4636","directed","Process(activation)"
"ENTREZID","6093","ENTREZID","58498","directed","Process(phosphorylation)"
"ENTREZID","6093","ENTREZID","58498","directed","Process(activation)"
"ENTREZID","6093","ENTREZID","93408","directed","Process(phosphorylation)"
"ENTREZID","6093","ENTREZID","93408","directed","Process(activation)"
"ENTREZID","63916","ENTREZID","5879","directed","Process(activation)"
"ENTREZID","63916","ENTREZID","9844","undirected","Binding"
"ENTREZID","64121","ENTREZID","2475","directed","Process(activation)"
"ENTREZID","64121","ENTREZID","57521","directed","Process(activation)"
"ENTREZID","64121","ENTREZID","84335","directed","Process(activation)"
"ENTREZID","643246","ENTREZID","10241","directed","Process(binding/association)"
"ENTREZID","643246","ENTREZID","8878","directed","Process(binding/association)"
"ENTREZID","6500","ENTREZID","4792","directed","Process(activation)"
"ENTREZID","6500","ENTREZID","4792","directed","Process(ubiquitination)"
"ENTREZID","6500","ENTREZID","4793","directed","Process(activation)"
"ENTREZID","6500","ENTREZID","4793","directed","Process(ubiquitination)"
"ENTREZID","6500","ENTREZID","7321","undirected","Binding"
"ENTREZID","6500","ENTREZID","7322","undirected","Binding"
"ENTREZID","6500","ENTREZID","7323","undirected","Binding"
"ENTREZID","6500","ENTREZID","8454","undirected","Binding"
"ENTREZID","6500","ENTREZID","8945","undirected","Binding"
"ENTREZID","6500","ENTREZID","9978","undirected","Binding"
"ENTREZID","653604","ENTREZID","3576","directed","Process(expression)"
"ENTREZID","653857","ENTREZID","60","directed","Process(activation)"
"ENTREZID","653857","ENTREZID","71","directed","Process(activation)"
"ENTREZID","664","ENTREZID","5481","directed","Process(activation)"
"ENTREZID","6714","ENTREZID","1398","directed","Process(phosphorylation)"
"ENTREZID","6714","ENTREZID","1398","directed","Process(activation)"
"ENTREZID","6714","ENTREZID","1399","directed","Process(phosphorylation)"
"ENTREZID","6714","ENTREZID","1399","directed","Process(activation)"
"ENTREZID","6714","ENTREZID","2017","directed","Process(phosphorylation)"
"ENTREZID","6714","ENTREZID","2017","directed","Process(activation)"
"ENTREZID","6714","ENTREZID","3059","directed","Process(phosphorylation)"
"ENTREZID","6714","ENTREZID","3059","directed","Process(activation)"
"ENTREZID","6714","ENTREZID","387","directed","Process(indirect)"
"ENTREZID","6714","ENTREZID","387","directed","Process(activation)"
"ENTREZID","6714","ENTREZID","5829","directed","Process(phosphorylation)"
"ENTREZID","6714","ENTREZID","5829","directed","Process(activation)"
"ENTREZID","6714","ENTREZID","7094","directed","Process(binding/association)"
"ENTREZID","6714","ENTREZID","83660","directed","Process(binding/association)"
"ENTREZID","6714","ENTREZID","9564","directed","Process(phosphorylation)"
"ENTREZID","6714","ENTREZID","9564","directed","Process(activation)"
"ENTREZID","6885","ENTREZID","1147","directed","Process(phosphorylation)"
"ENTREZID","6885","ENTREZID","1147","directed","Process(activation)"
"ENTREZID","6885","ENTREZID","3551","directed","Process(phosphorylation)"
"ENTREZID","6885","ENTREZID","3551","directed","Process(activation)"
"ENTREZID","7094","ENTREZID","60","directed","Process(activation)"
"ENTREZID","7094","ENTREZID","71","directed","Process(activation)"
"ENTREZID","7094","ENTREZID","7414","directed","Process(binding/association)"
"ENTREZID","7094","ENTREZID","7414","undirected","Binding"
"ENTREZID","7094","ENTREZID","83660","undirected","Binding"
"ENTREZID","7099","ENTREZID","7189","directed","Process(indirect)"
"ENTREZID","7099","ENTREZID","7189","directed","Process(activation)"
"ENTREZID","7100","ENTREZID","7189","directed","Process(indirect)"
"ENTREZID","7100","ENTREZID","7189","directed","Process(activation)"
"ENTREZID","7124","ENTREZID","7132","directed","Process(activation)"
"ENTREZID","7132","ENTREZID","7186","directed","Process(activation)"
"ENTREZID","7132","ENTREZID","7188","directed","Process(activation)"
"ENTREZID","7132","ENTREZID","8717","directed","Process(activation)"
"ENTREZID","7132","ENTREZID","8737","directed","Process(activation)"
"ENTREZID","7157","ENTREZID","596","directed","Process(expression)"
"ENTREZID","7157","ENTREZID","598","directed","Process(expression)"
"ENTREZID","718","ENTREZID","55054","directed","Process(missing)"
"ENTREZID","7186","ENTREZID","10454","directed","Process(activation)"
"ENTREZID","7186","ENTREZID","23118","directed","Process(activation)"
"ENTREZID","7186","ENTREZID","257397","directed","Process(activation)"
"ENTREZID","7186","ENTREZID","6885","directed","Process(activation)"
"ENTREZID","7186","ENTREZID","7188","undirected","Binding"
"ENTREZID","7186","ENTREZID","8717","undirected","Binding"
"ENTREZID","7186","ENTREZID","8737","directed","Process(activation)"
"ENTREZID","7186","ENTREZID","8737","undirected","Binding"
"ENTREZID","7188","ENTREZID","10454","directed","Process(activation)"
"ENTREZID","7188","ENTREZID","23118","directed","Process(activation)"
"ENTREZID","7188","ENTREZID","257397","directed","Process(activation)"
"ENTREZID","7188","ENTREZID","6885","directed","Process(activation)"
"ENTREZID","7188","ENTREZID","8717","undirected","Binding"
"ENTREZID","7188","ENTREZID","8737","undirected","Binding"
"ENTREZID","7189","ENTREZID","10454","directed","Process(activation)"
"ENTREZID","7189","ENTREZID","23118","directed","Process(activation)"
"ENTREZID","7189","ENTREZID","257397","directed","Process(activation)"
"ENTREZID","7189","ENTREZID","6885","directed","Process(activation)"
"ENTREZID","7307","ENTREZID","1437","directed","Process(expression)"
"ENTREZID","7307","ENTREZID","3553","directed","Process(expression)"
"ENTREZID","7307","ENTREZID","3576","directed","Process(expression)"
"ENTREZID","7307","ENTREZID","6352","directed","Process(expression)"
"ENTREZID","7321","ENTREZID","4792","directed","Process(activation)"
"ENTREZID","7321","ENTREZID","4792","directed","Process(ubiquitination)"
"ENTREZID","7321","ENTREZID","4793","directed","Process(activation)"
"ENTREZID","7321","ENTREZID","4793","directed","Process(ubiquitination)"
"ENTREZID","7321","ENTREZID","7322","undirected","Binding"
"ENTREZID","7321","ENTREZID","7323","undirected","Binding"
"ENTREZID","7321","ENTREZID","8454","undirected","Binding"
"ENTREZID","7321","ENTREZID","8945","undirected","Binding"
"ENTREZID","7321","ENTREZID","9978","undirected","Binding"
"ENTREZID","7322","ENTREZID","4792","directed","Process(activation)"
"ENTREZID","7322","ENTREZID","4792","directed","Process(ubiquitination)"
"ENTREZID","7322","ENTREZID","4793","directed","Process(activation)"
"ENTREZID","7322","ENTREZID","4793","directed","Process(ubiquitination)"
"ENTREZID","7322","ENTREZID","7323","undirected","Binding"
"ENTREZID","7322","ENTREZID","8454","undirected","Binding"
"ENTREZID","7322","ENTREZID","8945","undirected","Binding"
"ENTREZID","7322","ENTREZID","9978","undirected","Binding"
"ENTREZID","7323","ENTREZID","4792","directed","Process(activation)"
"ENTREZID","7323","ENTREZID","4792","directed","Process(ubiquitination)"
"ENTREZID","7323","ENTREZID","4793","directed","Process(activation)"
"ENTREZID","7323","ENTREZID","4793","directed","Process(ubiquitination)"
"ENTREZID","7323","ENTREZID","8454","undirected","Binding"
"ENTREZID","7323","ENTREZID","8945","undirected","Binding"
"ENTREZID","7323","ENTREZID","9978","undirected","Binding"
"ENTREZID","7334","ENTREZID","7186","directed","Process(activation)"
"ENTREZID","7334","ENTREZID","7186","directed","Process(ubiquitination)"
"ENTREZID","7334","ENTREZID","7188","directed","Process(activation)"
"ENTREZID","7334","ENTREZID","7188","directed","Process(ubiquitination)"
"ENTREZID","7334","ENTREZID","7189","directed","Process(activation)"
"ENTREZID","7334","ENTREZID","7335","undirected","Binding"
"ENTREZID","7334","ENTREZID","7336","undirected","Binding"
"ENTREZID","7335","ENTREZID","7186","directed","Process(activation)"
"ENTREZID","7335","ENTREZID","7186","directed","Process(ubiquitination)"
"ENTREZID","7335","ENTREZID","7188","directed","Process(activation)"
"ENTREZID","7335","ENTREZID","7188","directed","Process(ubiquitination)"
"ENTREZID","7335","ENTREZID","7189","directed","Process(activation)"
"ENTREZID","7335","ENTREZID","7336","undirected","Binding"
"ENTREZID","7336","ENTREZID","7186","directed","Process(activation)"
"ENTREZID","7336","ENTREZID","7186","directed","Process(ubiquitination)"
"ENTREZID","7336","ENTREZID","7188","directed","Process(activation)"
"ENTREZID","7336","ENTREZID","7188","directed","Process(ubiquitination)"
"ENTREZID","7336","ENTREZID","7189","directed","Process(activation)"
"ENTREZID","7414","ENTREZID","345456","directed","Process(binding/association)"
"ENTREZID","7414","ENTREZID","375189","directed","Process(binding/association)"
"ENTREZID","7414","ENTREZID","5216","directed","Process(binding/association)"
"ENTREZID","7414","ENTREZID","5217","directed","Process(binding/association)"
"ENTREZID","7414","ENTREZID","60","directed","Process(activation)"
"ENTREZID","7414","ENTREZID","71","directed","Process(activation)"
"ENTREZID","7414","ENTREZID","83660","undirected","Binding"
"ENTREZID","7416","ENTREZID","581","directed","Process(indirect)"
"ENTREZID","7416","ENTREZID","581","directed","Process(inhibition)"
"ENTREZID","7416","ENTREZID","80201","undirected","Binding"
"ENTREZID","80201","ENTREZID","581","directed","Process(indirect)"
"ENTREZID","80201","ENTREZID","581","directed","Process(inhibition)"
"ENTREZID","81","ENTREZID","60","directed","Process(activation)"
"ENTREZID","81","ENTREZID","71","directed","Process(activation)"
"ENTREZID","81631","ENTREZID","10241","directed","Process(binding/association)"
"ENTREZID","81631","ENTREZID","8878","directed","Process(binding/association)"
"ENTREZID","81858","ENTREZID","8737","directed","Process(activation)"
"ENTREZID","81858","ENTREZID","8737","directed","Process(ubiquitination)"
"ENTREZID","81873","ENTREZID","60","directed","Process(activation)"
"ENTREZID","81873","ENTREZID","71","directed","Process(activation)"
"ENTREZID","823","ENTREZID","7157","directed","Process(inhibition)"
"ENTREZID","823","ENTREZID","7157","directed","Process(phosphorylation)"
"ENTREZID","823","ENTREZID","824","undirected","Binding"
"ENTREZID","823","ENTREZID","826","undirected","Binding"
"ENTREZID","824","ENTREZID","7157","directed","Process(inhibition)"
"ENTREZID","824","ENTREZID","7157","directed","Process(phosphorylation)"
"ENTREZID","824","ENTREZID","826","undirected","Binding"
"ENTREZID","8290","ENTREZID","3576","directed","Process(expression)"
"ENTREZID","831","ENTREZID","823","directed","Process(inhibition)"
"ENTREZID","831","ENTREZID","824","directed","Process(inhibition)"
"ENTREZID","831","ENTREZID","826","directed","Process(inhibition)"
"ENTREZID","834","ENTREZID","3553","directed","Process(activation)"
"ENTREZID","834","ENTREZID","3606","directed","Process(activation)"
"ENTREZID","8350","ENTREZID","3576","directed","Process(expression)"
"ENTREZID","8351","ENTREZID","3576","directed","Process(expression)"
"ENTREZID","8352","ENTREZID","3576","directed","Process(expression)"
"ENTREZID","8353","ENTREZID","3576","directed","Process(expression)"
"ENTREZID","8354","ENTREZID","3576","directed","Process(expression)"
"ENTREZID","8355","ENTREZID","3576","directed","Process(expression)"
"ENTREZID","8356","ENTREZID","3576","directed","Process(expression)"
"ENTREZID","8357","ENTREZID","3576","directed","Process(expression)"
"ENTREZID","8358","ENTREZID","3576","directed","Process(expression)"
"ENTREZID","83660","ENTREZID","60","directed","Process(activation)"
"ENTREZID","83660","ENTREZID","71","directed","Process(activation)"
"ENTREZID","83660","ENTREZID","7414","directed","Process(binding/association)"
"ENTREZID","837","ENTREZID","3553","directed","Process(indirect)"
"ENTREZID","837","ENTREZID","3553","directed","Process(activation)"
"ENTREZID","837","ENTREZID","3606","directed","Process(indirect)"
"ENTREZID","837","ENTREZID","3606","directed","Process(activation)"
"ENTREZID","8454","ENTREZID","4792","directed","Process(activation)"
"ENTREZID","8454","ENTREZID","4792","directed","Process(ubiquitination)"
"ENTREZID","8454","ENTREZID","4793","directed","Process(activation)"
"ENTREZID","8454","ENTREZID","4793","directed","Process(ubiquitination)"
"ENTREZID","8454","ENTREZID","8945","undirected","Binding"
"ENTREZID","8454","ENTREZID","9978","undirected","Binding"
"ENTREZID","84557","ENTREZID","10241","directed","Process(binding/association)"
"ENTREZID","84557","ENTREZID","8878","directed","Process(binding/association)"
"ENTREZID","8517","ENTREZID","4792","directed","Process(phosphorylation)"
"ENTREZID","8517","ENTREZID","4792","directed","Process(activation)"
"ENTREZID","8517","ENTREZID","4793","directed","Process(phosphorylation)"
"ENTREZID","8517","ENTREZID","4793","directed","Process(activation)"
"ENTREZID","87","ENTREZID","60","directed","Process(activation)"
"ENTREZID","87","ENTREZID","71","directed","Process(activation)"
"ENTREZID","8717","ENTREZID","10454","directed","Process(activation)"
"ENTREZID","8717","ENTREZID","23118","directed","Process(activation)"
"ENTREZID","8717","ENTREZID","257397","directed","Process(activation)"
"ENTREZID","8717","ENTREZID","6885","directed","Process(activation)"
"ENTREZID","8717","ENTREZID","8737","undirected","Binding"
"ENTREZID","8737","ENTREZID","10454","directed","Process(activation)"
"ENTREZID","8737","ENTREZID","23118","directed","Process(activation)"
"ENTREZID","8737","ENTREZID","257397","directed","Process(activation)"
"ENTREZID","8737","ENTREZID","6885","directed","Process(activation)"
"ENTREZID","8767","ENTREZID","1147","directed","Process(phosphorylation)"
"ENTREZID","8767","ENTREZID","1147","directed","Process(activation)"
"ENTREZID","8767","ENTREZID","3551","directed","Process(phosphorylation)"
"ENTREZID","8767","ENTREZID","3551","directed","Process(activation)"
"ENTREZID","8767","ENTREZID","5599","directed","Process(indirect)"
"ENTREZID","8767","ENTREZID","5599","directed","Process(activation)"
"ENTREZID","8767","ENTREZID","5601","directed","Process(indirect)"
"ENTREZID","8767","ENTREZID","5601","directed","Process(activation)"
"ENTREZID","8767","ENTREZID","5602","directed","Process(indirect)"
"ENTREZID","8767","ENTREZID","5602","directed","Process(activation)"
"ENTREZID","8767","ENTREZID","596","directed","Process(indirect)"
"ENTREZID","8767","ENTREZID","596","directed","Process(expression)"
"ENTREZID","8878","ENTREZID","10801","directed","Process(binding/association)"
"ENTREZID","8878","ENTREZID","124404","directed","Process(binding/association)"
"ENTREZID","8878","ENTREZID","23157","directed","Process(binding/association)"
"ENTREZID","8878","ENTREZID","23176","directed","Process(binding/association)"
"ENTREZID","8878","ENTREZID","4735","directed","Process(binding/association)"
"ENTREZID","8878","ENTREZID","55752","directed","Process(binding/association)"
"ENTREZID","8878","ENTREZID","55964","directed","Process(binding/association)"
"ENTREZID","8878","ENTREZID","6233","directed","Process(binding/association)"
"ENTREZID","8878","ENTREZID","7311","directed","Process(binding/association)"
"ENTREZID","8878","ENTREZID","7314","directed","Process(binding/association)"
"ENTREZID","8878","ENTREZID","7316","directed","Process(binding/association)"
"ENTREZID","8878","ENTREZID","989","directed","Process(binding/association)"
"ENTREZID","8915","ENTREZID","7189","directed","Process(activation)"
"ENTREZID","8936","ENTREZID","10092","directed","Process(activation)"
"ENTREZID","8936","ENTREZID","10093","directed","Process(activation)"
"ENTREZID","8936","ENTREZID","10094","directed","Process(activation)"
"ENTREZID","8936","ENTREZID","10095","directed","Process(activation)"
"ENTREZID","8936","ENTREZID","10096","directed","Process(activation)"
"ENTREZID","8936","ENTREZID","10097","directed","Process(activation)"
"ENTREZID","8936","ENTREZID","10109","directed","Process(activation)"
"ENTREZID","8936","ENTREZID","10552","directed","Process(activation)"
"ENTREZID","8936","ENTREZID","57180","directed","Process(activation)"
"ENTREZID","8936","ENTREZID","653857","directed","Process(activation)"
"ENTREZID","8936","ENTREZID","81873","directed","Process(activation)"
"ENTREZID","8945","ENTREZID","4792","directed","Process(activation)"
"ENTREZID","8945","ENTREZID","4792","directed","Process(ubiquitination)"
"ENTREZID","8945","ENTREZID","4793","directed","Process(activation)"
"ENTREZID","8945","ENTREZID","4793","directed","Process(ubiquitination)"
"ENTREZID","8945","ENTREZID","9978","undirected","Binding"
"ENTREZID","8968","ENTREZID","3576","directed","Process(expression)"
"ENTREZID","8976","ENTREZID","10092","directed","Process(activation)"
"ENTREZID","8976","ENTREZID","10093","directed","Process(activation)"
"ENTREZID","8976","ENTREZID","10094","directed","Process(activation)"
"ENTREZID","8976","ENTREZID","10095","directed","Process(activation)"
"ENTREZID","8976","ENTREZID","10096","directed","Process(activation)"
"ENTREZID","8976","ENTREZID","10097","directed","Process(activation)"
"ENTREZID","8976","ENTREZID","10109","directed","Process(activation)"
"ENTREZID","8976","ENTREZID","10552","directed","Process(activation)"
"ENTREZID","8976","ENTREZID","57180","directed","Process(activation)"
"ENTREZID","8976","ENTREZID","653857","directed","Process(activation)"
"ENTREZID","8976","ENTREZID","7414","directed","Process(binding/association)"
"ENTREZID","8976","ENTREZID","81873","directed","Process(activation)"
"ENTREZID","9140","ENTREZID","440738","directed","Process(activation)"
"ENTREZID","9140","ENTREZID","643246","directed","Process(activation)"
"ENTREZID","9140","ENTREZID","81631","directed","Process(activation)"
"ENTREZID","9140","ENTREZID","84557","directed","Process(activation)"
"ENTREZID","9140","ENTREZID","9474","undirected","Binding"
"ENTREZID","9181","ENTREZID","8767","directed","Process(activation)"
"ENTREZID","9252","ENTREZID","11335","directed","Process(phosphorylation)"
"ENTREZID","9252","ENTREZID","11335","directed","Process(activation)"
"ENTREZID","9252","ENTREZID","126961","directed","Process(phosphorylation)"
"ENTREZID","9252","ENTREZID","126961","directed","Process(activation)"
"ENTREZID","9252","ENTREZID","3020","directed","Process(phosphorylation)"
"ENTREZID","9252","ENTREZID","3020","directed","Process(activation)"
"ENTREZID","9252","ENTREZID","3021","directed","Process(phosphorylation)"
"ENTREZID","9252","ENTREZID","3021","directed","Process(activation)"
"ENTREZID","9252","ENTREZID","333932","directed","Process(phosphorylation)"
"ENTREZID","9252","ENTREZID","333932","directed","Process(activation)"
"ENTREZID","9252","ENTREZID","440093","directed","Process(phosphorylation)"
"ENTREZID","9252","ENTREZID","440093","directed","Process(activation)"
"ENTREZID","9252","ENTREZID","653604","directed","Process(phosphorylation)"
"ENTREZID","9252","ENTREZID","653604","directed","Process(activation)"
"ENTREZID","9252","ENTREZID","8290","directed","Process(phosphorylation)"
"ENTREZID","9252","ENTREZID","8290","directed","Process(activation)"
"ENTREZID","9252","ENTREZID","8350","directed","Process(phosphorylation)"
"ENTREZID","9252","ENTREZID","8350","directed","Process(activation)"
"ENTREZID","9252","ENTREZID","8351","directed","Process(phosphorylation)"
"ENTREZID","9252","ENTREZID","8351","directed","Process(activation)"
"ENTREZID","9252","ENTREZID","8352","directed","Process(phosphorylation)"
"ENTREZID","9252","ENTREZID","8352","directed","Process(activation)"
"ENTREZID","9252","ENTREZID","8353","directed","Process(phosphorylation)"
"ENTREZID","9252","ENTREZID","8353","directed","Process(activation)"
"ENTREZID","9252","ENTREZID","8354","directed","Process(phosphorylation)"
"ENTREZID","9252","ENTREZID","8354","directed","Process(activation)"
"ENTREZID","9252","ENTREZID","8355","directed","Process(phosphorylation)"
"ENTREZID","9252","ENTREZID","8355","directed","Process(activation)"
"ENTREZID","9252","ENTREZID","8356","directed","Process(phosphorylation)"
"ENTREZID","9252","ENTREZID","8356","directed","Process(activation)"
"ENTREZID","9252","ENTREZID","8357","directed","Process(phosphorylation)"
"ENTREZID","9252","ENTREZID","8357","directed","Process(activation)"
"ENTREZID","9252","ENTREZID","8358","directed","Process(phosphorylation)"
"ENTREZID","9252","ENTREZID","8358","directed","Process(activation)"
"ENTREZID","9252","ENTREZID","8968","directed","Process(phosphorylation)"
"ENTREZID","9252","ENTREZID","8968","directed","Process(activation)"
"ENTREZID","92610","ENTREZID","7189","directed","Process(activation)"
"ENTREZID","9265","ENTREZID","382","directed","Process(activation)"
"ENTREZID","9266","ENTREZID","382","directed","Process(activation)"
"ENTREZID","9267","ENTREZID","382","directed","Process(activation)"
"ENTREZID","929","ENTREZID","7099","directed","Process(activation)"
"ENTREZID","93408","ENTREZID","60","directed","Process(indirect)"
"ENTREZID","93408","ENTREZID","60","directed","Process(activation)"
"ENTREZID","93408","ENTREZID","71","directed","Process(indirect)"
"ENTREZID","93408","ENTREZID","71","directed","Process(activation)"
"ENTREZID","9474","ENTREZID","440738","directed","Process(activation)"
"ENTREZID","9474","ENTREZID","643246","directed","Process(activation)"
"ENTREZID","9474","ENTREZID","81631","directed","Process(activation)"
"ENTREZID","9474","ENTREZID","84557","directed","Process(activation)"
"ENTREZID","9475","ENTREZID","103910","directed","Process(phosphorylation)"
"ENTREZID","9475","ENTREZID","103910","directed","Process(activation)"
"ENTREZID","9475","ENTREZID","10398","directed","Process(phosphorylation)"
"ENTREZID","9475","ENTREZID","10398","directed","Process(activation)"
"ENTREZID","9475","ENTREZID","10627","directed","Process(phosphorylation)"
"ENTREZID","9475","ENTREZID","10627","directed","Process(activation)"
"ENTREZID","9475","ENTREZID","29895","directed","Process(phosphorylation)"
"ENTREZID","9475","ENTREZID","29895","directed","Process(activation)"
"ENTREZID","9475","ENTREZID","4633","directed","Process(phosphorylation)"
"ENTREZID","9475","ENTREZID","4633","directed","Process(activation)"
"ENTREZID","9475","ENTREZID","4636","directed","Process(phosphorylation)"
"ENTREZID","9475","ENTREZID","4636","directed","Process(activation)"
"ENTREZID","9475","ENTREZID","58498","directed","Process(phosphorylation)"
"ENTREZID","9475","ENTREZID","58498","directed","Process(activation)"
"ENTREZID","9475","ENTREZID","93408","directed","Process(phosphorylation)"
"ENTREZID","9475","ENTREZID","93408","directed","Process(activation)"
"ENTREZID","9564","ENTREZID","63916","directed","Process(activation)"
"ENTREZID","9564","ENTREZID","9844","directed","Process(activation)"
"ENTREZID","9844","ENTREZID","5879","directed","Process(activation)"
"ENTREZID","9978","ENTREZID","4792","directed","Process(activation)"
"ENTREZID","9978","ENTREZID","4792","directed","Process(ubiquitination)"
"ENTREZID","9978","ENTREZID","4793","directed","Process(activation)"
"ENTREZID","9978","ENTREZID","4793","directed","Process(ubiquitination)"
"ENTREZID","998","ENTREZID","8976","directed","Process(binding/association)"
