"src_type","src","dest_type","dest","direction","type"
"ENTREZID","10392","ENTREZID","3552","directed","Process(activation)"
"ENTREZID","10392","ENTREZID","3552","directed","Process(indirect effect)"
"ENTREZID","10392","ENTREZID","3553","directed","Process(activation)"
"ENTREZID","10392","ENTREZID","3553","directed","Process(indirect effect)"
"ENTREZID","114548","ENTREZID","29108","undirected","Binding"
"ENTREZID","114548","ENTREZID","3553","directed","Process(activation)"
"ENTREZID","114548","ENTREZID","834","undirected","Binding"
"ENTREZID","114609","ENTREZID","4615","undirected","Binding"
"ENTREZID","1432","ENTREZID","2353","directed","Process(phosphorylation)"
"ENTREZID","1432","ENTREZID","2353","directed","Process(activation)"
"ENTREZID","1432","ENTREZID","3725","directed","Process(phosphorylation)"
"ENTREZID","1432","ENTREZID","3725","directed","Process(activation)"
"ENTREZID","148022","ENTREZID","3661","directed","Process(activation)"
"ENTREZID","148022","ENTREZID","3661","directed","Process(indirect effect)"
"ENTREZID","2770","ENTREZID","1432","directed","Process(phosphorylation)"
"ENTREZID","2770","ENTREZID","1432","directed","Process(activation)"
"ENTREZID","2770","ENTREZID","1432","directed","Process(indirect effect)"
"ENTREZID","2770","ENTREZID","5594","directed","Process(phosphorylation)"
"ENTREZID","2770","ENTREZID","5594","directed","Process(activation)"
"ENTREZID","2770","ENTREZID","5594","directed","Process(indirect effect)"
"ENTREZID","2770","ENTREZID","5595","directed","Process(phosphorylation)"
"ENTREZID","2770","ENTREZID","5595","directed","Process(activation)"
"ENTREZID","2770","ENTREZID","5595","directed","Process(indirect effect)"
"ENTREZID","2770","ENTREZID","5599","directed","Process(phosphorylation)"
"ENTREZID","2770","ENTREZID","5599","directed","Process(activation)"
"ENTREZID","2770","ENTREZID","5599","directed","Process(indirect effect)"
"ENTREZID","2770","ENTREZID","5600","directed","Process(phosphorylation)"
"ENTREZID","2770","ENTREZID","5600","directed","Process(activation)"
"ENTREZID","2770","ENTREZID","5600","directed","Process(indirect effect)"
"ENTREZID","2770","ENTREZID","5601","directed","Process(phosphorylation)"
"ENTREZID","2770","ENTREZID","5601","directed","Process(activation)"
"ENTREZID","2770","ENTREZID","5601","directed","Process(indirect effect)"
"ENTREZID","2770","ENTREZID","5602","directed","Process(phosphorylation)"
"ENTREZID","2770","ENTREZID","5602","directed","Process(activation)"
"ENTREZID","2770","ENTREZID","5602","directed","Process(indirect effect)"
"ENTREZID","2770","ENTREZID","5603","directed","Process(phosphorylation)"
"ENTREZID","2770","ENTREZID","5603","directed","Process(activation)"
"ENTREZID","2770","ENTREZID","5603","directed","Process(indirect effect)"
"ENTREZID","2770","ENTREZID","6300","directed","Process(phosphorylation)"
"ENTREZID","2770","ENTREZID","6300","directed","Process(activation)"
"ENTREZID","2770","ENTREZID","6300","directed","Process(indirect effect)"
"ENTREZID","2771","ENTREZID","1432","directed","Process(phosphorylation)"
"ENTREZID","2771","ENTREZID","1432","directed","Process(activation)"
"ENTREZID","2771","ENTREZID","1432","directed","Process(indirect effect)"
"ENTREZID","2771","ENTREZID","5594","directed","Process(phosphorylation)"
"ENTREZID","2771","ENTREZID","5594","directed","Process(activation)"
"ENTREZID","2771","ENTREZID","5594","directed","Process(indirect effect)"
"ENTREZID","2771","ENTREZID","5595","directed","Process(phosphorylation)"
"ENTREZID","2771","ENTREZID","5595","directed","Process(activation)"
"ENTREZID","2771","ENTREZID","5595","directed","Process(indirect effect)"
"ENTREZID","2771","ENTREZID","5599","directed","Process(phosphorylation)"
"ENTREZID","2771","ENTREZID","5599","directed","Process(activation)"
"ENTREZID","2771","ENTREZID","5599","directed","Process(indirect effect)"
"ENTREZID","2771","ENTREZID","5600","directed","Process(phosphorylation)"
"ENTREZID","2771","ENTREZID","5600","directed","Process(activation)"
"ENTREZID","2771","ENTREZID","5600","directed","Process(indirect effect)"
"ENTREZID","2771","ENTREZID","5601","directed","Process(phosphorylation)"
"ENTREZID","2771","ENTREZID","5601","directed","Process(activation)"
"ENTREZID","2771","ENTREZID","5601","directed","Process(indirect effect)"
"ENTREZID","2771","ENTREZID","5602","directed","Process(phosphorylation)"
"ENTREZID","2771","ENTREZID","5602","directed","Process(activation)"
"ENTREZID","2771","ENTREZID","5602","directed","Process(indirect effect)"
"ENTREZID","2771","ENTREZID","5603","directed","Process(phosphorylation)"
"ENTREZID","2771","ENTREZID","5603","directed","Process(activation)"
"ENTREZID","2771","ENTREZID","5603","directed","Process(indirect effect)"
"ENTREZID","2771","ENTREZID","6300","directed","Process(phosphorylation)"
"ENTREZID","2771","ENTREZID","6300","directed","Process(activation)"
"ENTREZID","2771","ENTREZID","6300","directed","Process(indirect effect)"
"ENTREZID","2773","ENTREZID","1432","directed","Process(phosphorylation)"
"ENTREZID","2773","ENTREZID","1432","directed","Process(activation)"
"ENTREZID","2773","ENTREZID","1432","directed","Process(indirect effect)"
"ENTREZID","2773","ENTREZID","5594","directed","Process(phosphorylation)"
"ENTREZID","2773","ENTREZID","5594","directed","Process(activation)"
"ENTREZID","2773","ENTREZID","5594","directed","Process(indirect effect)"
"ENTREZID","2773","ENTREZID","5595","directed","Process(phosphorylation)"
"ENTREZID","2773","ENTREZID","5595","directed","Process(activation)"
"ENTREZID","2773","ENTREZID","5595","directed","Process(indirect effect)"
"ENTREZID","2773","ENTREZID","5599","directed","Process(phosphorylation)"
"ENTREZID","2773","ENTREZID","5599","directed","Process(activation)"
"ENTREZID","2773","ENTREZID","5599","directed","Process(indirect effect)"
"ENTREZID","2773","ENTREZID","5600","directed","Process(phosphorylation)"
"ENTREZID","2773","ENTREZID","5600","directed","Process(activation)"
"ENTREZID","2773","ENTREZID","5600","directed","Process(indirect effect)"
"ENTREZID","2773","ENTREZID","5601","directed","Process(phosphorylation)"
"ENTREZID","2773","ENTREZID","5601","directed","Process(activation)"
"ENTREZID","2773","ENTREZID","5601","directed","Process(indirect effect)"
"ENTREZID","2773","ENTREZID","5602","directed","Process(phosphorylation)"
"ENTREZID","2773","ENTREZID","5602","directed","Process(activation)"
"ENTREZID","2773","ENTREZID","5602","directed","Process(indirect effect)"
"ENTREZID","2773","ENTREZID","5603","directed","Process(phosphorylation)"
"ENTREZID","2773","ENTREZID","5603","directed","Process(activation)"
"ENTREZID","2773","ENTREZID","5603","directed","Process(indirect effect)"
"ENTREZID","2773","ENTREZID","6300","directed","Process(phosphorylation)"
"ENTREZID","2773","ENTREZID","6300","directed","Process(activation)"
"ENTREZID","2773","ENTREZID","6300","directed","Process(indirect effect)"
"ENTREZID","29108","ENTREZID","3553","directed","Process(activation)"
"ENTREZID","29108","ENTREZID","834","undirected","Binding"
"ENTREZID","3394","ENTREZID","3592","directed","Process(expression)"
"ENTREZID","3394","ENTREZID","3593","directed","Process(expression)"
"ENTREZID","353376","ENTREZID","148022","directed","Process(activation)"
"ENTREZID","3552","ENTREZID","4843","directed","Process(activation)"
"ENTREZID","3552","ENTREZID","4843","directed","Process(indirect effect)"
"ENTREZID","3553","ENTREZID","4843","directed","Process(activation)"
"ENTREZID","3553","ENTREZID","4843","directed","Process(indirect effect)"
"ENTREZID","3654","ENTREZID","51135","undirected","Binding"
"ENTREZID","3654","ENTREZID","7189","directed","Process(activation)"
"ENTREZID","3659","ENTREZID","3592","directed","Process(expression)"
"ENTREZID","3659","ENTREZID","3593","directed","Process(expression)"
"ENTREZID","387","ENTREZID","1072","directed","Process(activation)"
"ENTREZID","387","ENTREZID","1072","directed","Process(indirect effect)"
"ENTREZID","387","ENTREZID","1073","directed","Process(activation)"
"ENTREZID","387","ENTREZID","1073","directed","Process(indirect effect)"
"ENTREZID","4615","ENTREZID","3654","directed","Process(activation)"
"ENTREZID","4615","ENTREZID","51135","directed","Process(activation)"
"ENTREZID","51135","ENTREZID","7189","directed","Process(activation)"
"ENTREZID","5594","ENTREZID","2353","directed","Process(phosphorylation)"
"ENTREZID","5594","ENTREZID","2353","directed","Process(activation)"
"ENTREZID","5594","ENTREZID","3725","directed","Process(phosphorylation)"
"ENTREZID","5594","ENTREZID","3725","directed","Process(activation)"
"ENTREZID","5595","ENTREZID","2353","directed","Process(phosphorylation)"
"ENTREZID","5595","ENTREZID","2353","directed","Process(activation)"
"ENTREZID","5595","ENTREZID","3725","directed","Process(phosphorylation)"
"ENTREZID","5595","ENTREZID","3725","directed","Process(activation)"
"ENTREZID","5599","ENTREZID","2353","directed","Process(phosphorylation)"
"ENTREZID","5599","ENTREZID","2353","directed","Process(activation)"
"ENTREZID","5599","ENTREZID","3725","directed","Process(phosphorylation)"
"ENTREZID","5599","ENTREZID","3725","directed","Process(activation)"
"ENTREZID","5600","ENTREZID","2353","directed","Process(phosphorylation)"
"ENTREZID","5600","ENTREZID","2353","directed","Process(activation)"
"ENTREZID","5600","ENTREZID","3725","directed","Process(phosphorylation)"
"ENTREZID","5600","ENTREZID","3725","directed","Process(activation)"
"ENTREZID","5601","ENTREZID","2353","directed","Process(phosphorylation)"
"ENTREZID","5601","ENTREZID","2353","directed","Process(activation)"
"ENTREZID","5601","ENTREZID","3725","directed","Process(phosphorylation)"
"ENTREZID","5601","ENTREZID","3725","directed","Process(activation)"
"ENTREZID","5602","ENTREZID","2353","directed","Process(phosphorylation)"
"ENTREZID","5602","ENTREZID","2353","directed","Process(activation)"
"ENTREZID","5602","ENTREZID","3725","directed","Process(phosphorylation)"
"ENTREZID","5602","ENTREZID","3725","directed","Process(activation)"
"ENTREZID","5603","ENTREZID","2353","directed","Process(phosphorylation)"
"ENTREZID","5603","ENTREZID","2353","directed","Process(activation)"
"ENTREZID","5603","ENTREZID","3725","directed","Process(phosphorylation)"
"ENTREZID","5603","ENTREZID","3725","directed","Process(activation)"
"ENTREZID","6300","ENTREZID","2353","directed","Process(phosphorylation)"
"ENTREZID","6300","ENTREZID","2353","directed","Process(activation)"
"ENTREZID","6300","ENTREZID","3725","directed","Process(phosphorylation)"
"ENTREZID","6300","ENTREZID","3725","directed","Process(activation)"
"ENTREZID","7099","ENTREZID","114609","directed","Process(activation)"
"ENTREZID","7099","ENTREZID","2770","directed","Process(phosphorylation)"
"ENTREZID","7099","ENTREZID","2770","directed","Process(activation)"
"ENTREZID","7099","ENTREZID","2770","directed","Process(indirect effect)"
"ENTREZID","7099","ENTREZID","2771","directed","Process(phosphorylation)"
"ENTREZID","7099","ENTREZID","2771","directed","Process(activation)"
"ENTREZID","7099","ENTREZID","2771","directed","Process(indirect effect)"
"ENTREZID","7099","ENTREZID","2773","directed","Process(phosphorylation)"
"ENTREZID","7099","ENTREZID","2773","directed","Process(activation)"
"ENTREZID","7099","ENTREZID","2773","directed","Process(indirect effect)"
"ENTREZID","7099","ENTREZID","353376","directed","Process(activation)"
"ENTREZID","7099","ENTREZID","4615","directed","Process(activation)"
"ENTREZID","7099","ENTREZID","5594","directed","Process(phosphorylation)"
"ENTREZID","7099","ENTREZID","5594","directed","Process(activation)"
"ENTREZID","7099","ENTREZID","5594","directed","Process(indirect effect)"
"ENTREZID","7099","ENTREZID","5595","directed","Process(phosphorylation)"
"ENTREZID","7099","ENTREZID","5595","directed","Process(activation)"
"ENTREZID","7099","ENTREZID","5595","directed","Process(indirect effect)"
"ENTREZID","710","ENTREZID","712","directed","Process(inhibition)"
"ENTREZID","710","ENTREZID","713","directed","Process(inhibition)"
"ENTREZID","710","ENTREZID","714","directed","Process(inhibition)"
"ENTREZID","710","ENTREZID","715","directed","Process(inhibition)"
"ENTREZID","710","ENTREZID","716","directed","Process(inhibition)"
"ENTREZID","712","ENTREZID","713","undirected","Binding"
"ENTREZID","712","ENTREZID","714","undirected","Binding"
"ENTREZID","712","ENTREZID","715","undirected","Binding"
"ENTREZID","712","ENTREZID","716","undirected","Binding"
"ENTREZID","712","ENTREZID","717","directed","Process(activation)"
"ENTREZID","712","ENTREZID","720","directed","Process(activation)"
"ENTREZID","712","ENTREZID","721","directed","Process(activation)"
"ENTREZID","713","ENTREZID","714","undirected","Binding"
"ENTREZID","713","ENTREZID","715","undirected","Binding"
"ENTREZID","713","ENTREZID","716","undirected","Binding"
"ENTREZID","713","ENTREZID","717","directed","Process(activation)"
"ENTREZID","713","ENTREZID","720","directed","Process(activation)"
"ENTREZID","713","ENTREZID","721","directed","Process(activation)"
"ENTREZID","714","ENTREZID","715","undirected","Binding"
"ENTREZID","714","ENTREZID","716","undirected","Binding"
"ENTREZID","714","ENTREZID","717","directed","Process(activation)"
"ENTREZID","714","ENTREZID","720","directed","Process(activation)"
"ENTREZID","714","ENTREZID","721","directed","Process(activation)"
"ENTREZID","715","ENTREZID","716","undirected","Binding"
"ENTREZID","715","ENTREZID","717","directed","Process(activation)"
"ENTREZID","715","ENTREZID","720","directed","Process(activation)"
"ENTREZID","715","ENTREZID","721","directed","Process(activation)"
"ENTREZID","716","ENTREZID","717","directed","Process(activation)"
"ENTREZID","716","ENTREZID","720","directed","Process(activation)"
"ENTREZID","716","ENTREZID","721","directed","Process(activation)"
"ENTREZID","717","ENTREZID","718","directed","Process(activation)"
"ENTREZID","717","ENTREZID","718","directed","Process(indirect effect)"
"ENTREZID","717","ENTREZID","720","undirected","Binding"
"ENTREZID","717","ENTREZID","721","undirected","Binding"
"ENTREZID","717","ENTREZID","727","directed","Process(activation)"
"ENTREZID","717","ENTREZID","727","directed","Process(indirect effect)"
"ENTREZID","7189","ENTREZID","1432","directed","Process(phosphorylation)"
"ENTREZID","7189","ENTREZID","1432","directed","Process(activation)"
"ENTREZID","7189","ENTREZID","1432","directed","Process(indirect effect)"
"ENTREZID","7189","ENTREZID","4790","directed","Process(activation)"
"ENTREZID","7189","ENTREZID","4790","directed","Process(indirect effect)"
"ENTREZID","7189","ENTREZID","5599","directed","Process(phosphorylation)"
"ENTREZID","7189","ENTREZID","5599","directed","Process(activation)"
"ENTREZID","7189","ENTREZID","5599","directed","Process(indirect effect)"
"ENTREZID","7189","ENTREZID","5600","directed","Process(phosphorylation)"
"ENTREZID","7189","ENTREZID","5600","directed","Process(activation)"
"ENTREZID","7189","ENTREZID","5600","directed","Process(indirect effect)"
"ENTREZID","7189","ENTREZID","5601","directed","Process(phosphorylation)"
"ENTREZID","7189","ENTREZID","5601","directed","Process(activation)"
"ENTREZID","7189","ENTREZID","5601","directed","Process(indirect effect)"
"ENTREZID","7189","ENTREZID","5602","directed","Process(phosphorylation)"
"ENTREZID","7189","ENTREZID","5602","directed","Process(activation)"
"ENTREZID","7189","ENTREZID","5602","directed","Process(indirect effect)"
"ENTREZID","7189","ENTREZID","5603","directed","Process(phosphorylation)"
"ENTREZID","7189","ENTREZID","5603","directed","Process(activation)"
"ENTREZID","7189","ENTREZID","5603","directed","Process(indirect effect)"
"ENTREZID","7189","ENTREZID","5970","directed","Process(activation)"
"ENTREZID","7189","ENTREZID","5970","directed","Process(indirect effect)"
"ENTREZID","7189","ENTREZID","6300","directed","Process(phosphorylation)"
"ENTREZID","7189","ENTREZID","6300","directed","Process(activation)"
"ENTREZID","7189","ENTREZID","6300","directed","Process(indirect effect)"
"ENTREZID","720","ENTREZID","718","directed","Process(activation)"
"ENTREZID","720","ENTREZID","718","directed","Process(indirect effect)"
"ENTREZID","720","ENTREZID","721","undirected","Binding"
"ENTREZID","720","ENTREZID","727","directed","Process(activation)"
"ENTREZID","720","ENTREZID","727","directed","Process(indirect effect)"
"ENTREZID","721","ENTREZID","718","directed","Process(activation)"
"ENTREZID","721","ENTREZID","718","directed","Process(indirect effect)"
"ENTREZID","721","ENTREZID","727","directed","Process(activation)"
"ENTREZID","721","ENTREZID","727","directed","Process(indirect effect)"
"ENTREZID","722","ENTREZID","720","directed","Process(inhibition)"
"ENTREZID","722","ENTREZID","721","directed","Process(inhibition)"
"ENTREZID","725","ENTREZID","720","directed","Process(inhibition)"
"ENTREZID","725","ENTREZID","721","directed","Process(inhibition)"
"ENTREZID","834","ENTREZID","3553","directed","Process(activation)"
