"src_type","src","dest_type","dest","direction","type"
"ENTREZID","10000","ENTREZID","572","directed","Process(inhibition)"
"ENTREZID","10000","ENTREZID","572","directed","Process(phosphorylation)"
"ENTREZID","102723407","ENTREZID","2209","directed","Process(activation)"
"ENTREZID","102723407","ENTREZID","2212","directed","Process(activation)"
"ENTREZID","102723407","ENTREZID","2213","directed","Process(activation)"
"ENTREZID","102723407","ENTREZID","2214","directed","Process(activation)"
"ENTREZID","102723407","ENTREZID","2215","directed","Process(activation)"
"ENTREZID","102723407","ENTREZID","9103","directed","Process(activation)"
"ENTREZID","10332","ENTREZID","1263","directed","Process(binding/association)"
"ENTREZID","10332","ENTREZID","23365","directed","Process(binding/association)"
"ENTREZID","10332","ENTREZID","3586","directed","Process(activation)"
"ENTREZID","10332","ENTREZID","3586","directed","Process(indirect effect)"
"ENTREZID","10332","ENTREZID","387","directed","Process(binding/association)"
"ENTREZID","10332","ENTREZID","4046","directed","Process(binding/association)"
"ENTREZID","10332","ENTREZID","7040","directed","Process(activation)"
"ENTREZID","10332","ENTREZID","7040","directed","Process(indirect effect)"
"ENTREZID","10332","ENTREZID","7042","directed","Process(activation)"
"ENTREZID","10332","ENTREZID","7042","directed","Process(indirect effect)"
"ENTREZID","10332","ENTREZID","7043","directed","Process(activation)"
"ENTREZID","10332","ENTREZID","7043","directed","Process(indirect effect)"
"ENTREZID","10332","ENTREZID","8844","directed","Process(binding/association)"
"ENTREZID","10333","ENTREZID","4615","directed","Process(activation)"
"ENTREZID","10333","ENTREZID","7096","undirected","Binding"
"ENTREZID","10333","ENTREZID","7097","undirected","Binding"
"ENTREZID","1051","ENTREZID","4261","directed","Process(inhibition)"
"ENTREZID","1054","ENTREZID","4261","directed","Process(inhibition)"
"ENTREZID","10892","ENTREZID","4790","directed","Process(activation)"
"ENTREZID","10892","ENTREZID","4790","directed","Process(indirect effect)"
"ENTREZID","10892","ENTREZID","5970","directed","Process(activation)"
"ENTREZID","10892","ENTREZID","5970","directed","Process(indirect effect)"
"ENTREZID","10892","ENTREZID","64170","undirected","Binding"
"ENTREZID","10892","ENTREZID","8915","undirected","Binding"
"ENTREZID","114609","ENTREZID","1594","directed","Process(activation)"
"ENTREZID","114609","ENTREZID","1594","directed","Process(indirect effect)"
"ENTREZID","114609","ENTREZID","4615","undirected","Binding"
"ENTREZID","114609","ENTREZID","51135","directed","Process(activation)"
"ENTREZID","114609","ENTREZID","7421","directed","Process(activation)"
"ENTREZID","114609","ENTREZID","7421","directed","Process(indirect effect)"
"ENTREZID","114609","ENTREZID","8772","directed","Process(activation)"
"ENTREZID","1263","ENTREZID","4046","undirected","Binding"
"ENTREZID","1263","ENTREZID","5894","directed","Process(binding/association)"
"ENTREZID","1263","ENTREZID","8844","undirected","Binding"
"ENTREZID","1385","ENTREZID","3108","directed","Process(expression)"
"ENTREZID","1385","ENTREZID","3109","directed","Process(expression)"
"ENTREZID","1385","ENTREZID","3111","directed","Process(expression)"
"ENTREZID","1385","ENTREZID","3112","directed","Process(expression)"
"ENTREZID","1385","ENTREZID","3113","directed","Process(expression)"
"ENTREZID","1385","ENTREZID","3115","directed","Process(expression)"
"ENTREZID","1385","ENTREZID","3117","directed","Process(expression)"
"ENTREZID","1385","ENTREZID","3118","directed","Process(expression)"
"ENTREZID","1385","ENTREZID","3119","directed","Process(expression)"
"ENTREZID","1385","ENTREZID","3122","directed","Process(expression)"
"ENTREZID","1385","ENTREZID","3123","directed","Process(expression)"
"ENTREZID","1385","ENTREZID","3125","directed","Process(expression)"
"ENTREZID","1385","ENTREZID","3126","directed","Process(expression)"
"ENTREZID","1385","ENTREZID","3127","directed","Process(expression)"
"ENTREZID","1385","ENTREZID","972","directed","Process(expression)"
"ENTREZID","1432","ENTREZID","3552","directed","Process(expression)"
"ENTREZID","1432","ENTREZID","3552","directed","Process(indirect effect)"
"ENTREZID","1432","ENTREZID","3553","directed","Process(expression)"
"ENTREZID","1432","ENTREZID","3553","directed","Process(indirect effect)"
"ENTREZID","1432","ENTREZID","3569","directed","Process(expression)"
"ENTREZID","1432","ENTREZID","3569","directed","Process(indirect effect)"
"ENTREZID","1432","ENTREZID","3592","directed","Process(expression)"
"ENTREZID","1432","ENTREZID","3592","directed","Process(indirect effect)"
"ENTREZID","1432","ENTREZID","3593","directed","Process(expression)"
"ENTREZID","1432","ENTREZID","3593","directed","Process(indirect effect)"
"ENTREZID","1432","ENTREZID","3606","directed","Process(expression)"
"ENTREZID","1432","ENTREZID","3606","directed","Process(indirect effect)"
"ENTREZID","1432","ENTREZID","4843","directed","Process(expression)"
"ENTREZID","1432","ENTREZID","4843","directed","Process(indirect effect)"
"ENTREZID","1432","ENTREZID","51561","directed","Process(expression)"
"ENTREZID","1432","ENTREZID","51561","directed","Process(indirect effect)"
"ENTREZID","1432","ENTREZID","7124","directed","Process(expression)"
"ENTREZID","1432","ENTREZID","7124","directed","Process(indirect effect)"
"ENTREZID","1520","ENTREZID","1385","directed","Process(activation)"
"ENTREZID","1520","ENTREZID","4800","directed","Process(activation)"
"ENTREZID","1520","ENTREZID","4800","directed","Process(indirect effect)"
"ENTREZID","1520","ENTREZID","4801","directed","Process(activation)"
"ENTREZID","1520","ENTREZID","4801","directed","Process(indirect effect)"
"ENTREZID","1520","ENTREZID","4802","directed","Process(activation)"
"ENTREZID","1520","ENTREZID","4802","directed","Process(indirect effect)"
"ENTREZID","1520","ENTREZID","5993","directed","Process(activation)"
"ENTREZID","1520","ENTREZID","5993","directed","Process(indirect effect)"
"ENTREZID","1520","ENTREZID","5994","directed","Process(activation)"
"ENTREZID","1520","ENTREZID","5994","directed","Process(indirect effect)"
"ENTREZID","1520","ENTREZID","8625","directed","Process(activation)"
"ENTREZID","1520","ENTREZID","8625","directed","Process(indirect effect)"
"ENTREZID","163688","ENTREZID","5530","directed","Process(activation)"
"ENTREZID","163688","ENTREZID","5532","directed","Process(activation)"
"ENTREZID","163688","ENTREZID","5533","directed","Process(activation)"
"ENTREZID","163688","ENTREZID","5534","directed","Process(activation)"
"ENTREZID","163688","ENTREZID","5535","directed","Process(activation)"
"ENTREZID","163688","ENTREZID","815","directed","Process(activation)"
"ENTREZID","163688","ENTREZID","816","directed","Process(activation)"
"ENTREZID","163688","ENTREZID","817","directed","Process(activation)"
"ENTREZID","163688","ENTREZID","818","directed","Process(activation)"
"ENTREZID","207","ENTREZID","572","directed","Process(inhibition)"
"ENTREZID","207","ENTREZID","572","directed","Process(phosphorylation)"
"ENTREZID","208","ENTREZID","572","directed","Process(inhibition)"
"ENTREZID","208","ENTREZID","572","directed","Process(phosphorylation)"
"ENTREZID","2207","ENTREZID","26253","undirected","Binding"
"ENTREZID","2207","ENTREZID","6850","directed","Process(activation)"
"ENTREZID","22925","ENTREZID","3586","directed","Process(activation)"
"ENTREZID","22925","ENTREZID","3586","directed","Process(indirect effect)"
"ENTREZID","22925","ENTREZID","7040","directed","Process(activation)"
"ENTREZID","22925","ENTREZID","7040","directed","Process(indirect effect)"
"ENTREZID","22925","ENTREZID","7042","directed","Process(activation)"
"ENTREZID","22925","ENTREZID","7042","directed","Process(indirect effect)"
"ENTREZID","22925","ENTREZID","7043","directed","Process(activation)"
"ENTREZID","22925","ENTREZID","7043","directed","Process(indirect effect)"
"ENTREZID","23365","ENTREZID","387","undirected","Binding"
"ENTREZID","26253","ENTREZID","6850","directed","Process(activation)"
"ENTREZID","30835","ENTREZID","1263","directed","Process(binding/association)"
"ENTREZID","30835","ENTREZID","23365","directed","Process(binding/association)"
"ENTREZID","30835","ENTREZID","3586","directed","Process(activation)"
"ENTREZID","30835","ENTREZID","3586","directed","Process(indirect effect)"
"ENTREZID","30835","ENTREZID","387","directed","Process(binding/association)"
"ENTREZID","30835","ENTREZID","4046","directed","Process(binding/association)"
"ENTREZID","30835","ENTREZID","7040","directed","Process(activation)"
"ENTREZID","30835","ENTREZID","7040","directed","Process(indirect effect)"
"ENTREZID","30835","ENTREZID","7042","directed","Process(activation)"
"ENTREZID","30835","ENTREZID","7042","directed","Process(indirect effect)"
"ENTREZID","30835","ENTREZID","7043","directed","Process(activation)"
"ENTREZID","30835","ENTREZID","7043","directed","Process(indirect effect)"
"ENTREZID","30835","ENTREZID","8844","directed","Process(binding/association)"
"ENTREZID","317","ENTREZID","54205","undirected","Binding"
"ENTREZID","317","ENTREZID","836","directed","Process(activation)"
"ENTREZID","317","ENTREZID","842","undirected","Binding"
"ENTREZID","3313","ENTREZID","10333","directed","Process(activation)"
"ENTREZID","3313","ENTREZID","7096","directed","Process(activation)"
"ENTREZID","3313","ENTREZID","7097","directed","Process(activation)"
"ENTREZID","3313","ENTREZID","7099","directed","Process(activation)"
"ENTREZID","3329","ENTREZID","7099","directed","Process(activation)"
"ENTREZID","3458","ENTREZID","3459","directed","Process(activation)"
"ENTREZID","3460","ENTREZID","3716","directed","Process(activation)"
"ENTREZID","3460","ENTREZID","3717","directed","Process(activation)"
"ENTREZID","3586","ENTREZID","3587","directed","Process(activation)"
"ENTREZID","3586","ENTREZID","3588","directed","Process(activation)"
"ENTREZID","3587","ENTREZID","1520","directed","Process(inhibition)"
"ENTREZID","3587","ENTREZID","3588","undirected","Binding"
"ENTREZID","3588","ENTREZID","1520","directed","Process(inhibition)"
"ENTREZID","3654","ENTREZID","7189","directed","Process(activation)"
"ENTREZID","3656","ENTREZID","7189","directed","Process(activation)"
"ENTREZID","3684","ENTREZID","3689","undirected","Binding"
"ENTREZID","3687","ENTREZID","3689","undirected","Binding"
"ENTREZID","3716","ENTREZID","6772","directed","Process(phosphorylation)"
"ENTREZID","3716","ENTREZID","6772","directed","Process(activation)"
"ENTREZID","3717","ENTREZID","6772","directed","Process(phosphorylation)"
"ENTREZID","3717","ENTREZID","6772","directed","Process(activation)"
"ENTREZID","387","ENTREZID","5894","directed","Process(phosphorylation)"
"ENTREZID","387","ENTREZID","5894","directed","Process(activation)"
"ENTREZID","4046","ENTREZID","5894","directed","Process(binding/association)"
"ENTREZID","4046","ENTREZID","8844","undirected","Binding"
"ENTREZID","4261","ENTREZID","1385","directed","Process(activation)"
"ENTREZID","4261","ENTREZID","4800","directed","Process(activation)"
"ENTREZID","4261","ENTREZID","4801","directed","Process(activation)"
"ENTREZID","4261","ENTREZID","4802","directed","Process(activation)"
"ENTREZID","4261","ENTREZID","5993","directed","Process(activation)"
"ENTREZID","4261","ENTREZID","5994","directed","Process(activation)"
"ENTREZID","4261","ENTREZID","8625","directed","Process(activation)"
"ENTREZID","4360","ENTREZID","3586","directed","Process(activation)"
"ENTREZID","4360","ENTREZID","3586","directed","Process(indirect effect)"
"ENTREZID","4360","ENTREZID","7040","directed","Process(activation)"
"ENTREZID","4360","ENTREZID","7040","directed","Process(indirect effect)"
"ENTREZID","4360","ENTREZID","7042","directed","Process(activation)"
"ENTREZID","4360","ENTREZID","7042","directed","Process(indirect effect)"
"ENTREZID","4360","ENTREZID","7043","directed","Process(activation)"
"ENTREZID","4360","ENTREZID","7043","directed","Process(indirect effect)"
"ENTREZID","4615","ENTREZID","1594","directed","Process(activation)"
"ENTREZID","4615","ENTREZID","1594","directed","Process(indirect effect)"
"ENTREZID","4615","ENTREZID","3439","directed","Process(expression)"
"ENTREZID","4615","ENTREZID","3439","directed","Process(indirect effect)"
"ENTREZID","4615","ENTREZID","3440","directed","Process(expression)"
"ENTREZID","4615","ENTREZID","3440","directed","Process(indirect effect)"
"ENTREZID","4615","ENTREZID","3441","directed","Process(expression)"
"ENTREZID","4615","ENTREZID","3441","directed","Process(indirect effect)"
"ENTREZID","4615","ENTREZID","3442","directed","Process(expression)"
"ENTREZID","4615","ENTREZID","3442","directed","Process(indirect effect)"
"ENTREZID","4615","ENTREZID","3443","directed","Process(expression)"
"ENTREZID","4615","ENTREZID","3443","directed","Process(indirect effect)"
"ENTREZID","4615","ENTREZID","3444","directed","Process(expression)"
"ENTREZID","4615","ENTREZID","3444","directed","Process(indirect effect)"
"ENTREZID","4615","ENTREZID","3445","directed","Process(expression)"
"ENTREZID","4615","ENTREZID","3445","directed","Process(indirect effect)"
"ENTREZID","4615","ENTREZID","3446","directed","Process(expression)"
"ENTREZID","4615","ENTREZID","3446","directed","Process(indirect effect)"
"ENTREZID","4615","ENTREZID","3447","directed","Process(expression)"
"ENTREZID","4615","ENTREZID","3447","directed","Process(indirect effect)"
"ENTREZID","4615","ENTREZID","3448","directed","Process(expression)"
"ENTREZID","4615","ENTREZID","3448","directed","Process(indirect effect)"
"ENTREZID","4615","ENTREZID","3449","directed","Process(expression)"
"ENTREZID","4615","ENTREZID","3449","directed","Process(indirect effect)"
"ENTREZID","4615","ENTREZID","3451","directed","Process(expression)"
"ENTREZID","4615","ENTREZID","3451","directed","Process(indirect effect)"
"ENTREZID","4615","ENTREZID","3452","directed","Process(expression)"
"ENTREZID","4615","ENTREZID","3452","directed","Process(indirect effect)"
"ENTREZID","4615","ENTREZID","3456","directed","Process(expression)"
"ENTREZID","4615","ENTREZID","3456","directed","Process(indirect effect)"
"ENTREZID","4615","ENTREZID","51135","directed","Process(activation)"
"ENTREZID","4615","ENTREZID","7421","directed","Process(activation)"
"ENTREZID","4615","ENTREZID","7421","directed","Process(indirect effect)"
"ENTREZID","4615","ENTREZID","8772","directed","Process(activation)"
"ENTREZID","4790","ENTREZID","1051","directed","Process(expression)"
"ENTREZID","4790","ENTREZID","1054","directed","Process(expression)"
"ENTREZID","4790","ENTREZID","3552","directed","Process(expression)"
"ENTREZID","4790","ENTREZID","3553","directed","Process(expression)"
"ENTREZID","4790","ENTREZID","3569","directed","Process(expression)"
"ENTREZID","4790","ENTREZID","3592","directed","Process(expression)"
"ENTREZID","4790","ENTREZID","3593","directed","Process(expression)"
"ENTREZID","4790","ENTREZID","3606","directed","Process(expression)"
"ENTREZID","4790","ENTREZID","4843","directed","Process(expression)"
"ENTREZID","4790","ENTREZID","51561","directed","Process(expression)"
"ENTREZID","4790","ENTREZID","7124","directed","Process(expression)"
"ENTREZID","4800","ENTREZID","3108","directed","Process(expression)"
"ENTREZID","4800","ENTREZID","3109","directed","Process(expression)"
"ENTREZID","4800","ENTREZID","3111","directed","Process(expression)"
"ENTREZID","4800","ENTREZID","3112","directed","Process(expression)"
"ENTREZID","4800","ENTREZID","3113","directed","Process(expression)"
"ENTREZID","4800","ENTREZID","3115","directed","Process(expression)"
"ENTREZID","4800","ENTREZID","3117","directed","Process(expression)"
"ENTREZID","4800","ENTREZID","3118","directed","Process(expression)"
"ENTREZID","4800","ENTREZID","3119","directed","Process(expression)"
"ENTREZID","4800","ENTREZID","3122","directed","Process(expression)"
"ENTREZID","4800","ENTREZID","3123","directed","Process(expression)"
"ENTREZID","4800","ENTREZID","3125","directed","Process(expression)"
"ENTREZID","4800","ENTREZID","3126","directed","Process(expression)"
"ENTREZID","4800","ENTREZID","3127","directed","Process(expression)"
"ENTREZID","4800","ENTREZID","972","directed","Process(expression)"
"ENTREZID","4801","ENTREZID","3108","directed","Process(expression)"
"ENTREZID","4801","ENTREZID","3109","directed","Process(expression)"
"ENTREZID","4801","ENTREZID","3111","directed","Process(expression)"
"ENTREZID","4801","ENTREZID","3112","directed","Process(expression)"
"ENTREZID","4801","ENTREZID","3113","directed","Process(expression)"
"ENTREZID","4801","ENTREZID","3115","directed","Process(expression)"
"ENTREZID","4801","ENTREZID","3117","directed","Process(expression)"
"ENTREZID","4801","ENTREZID","3118","directed","Process(expression)"
"ENTREZID","4801","ENTREZID","3119","directed","Process(expression)"
"ENTREZID","4801","ENTREZID","3122","directed","Process(expression)"
"ENTREZID","4801","ENTREZID","3123","directed","Process(expression)"
"ENTREZID","4801","ENTREZID","3125","directed","Process(expression)"
"ENTREZID","4801","ENTREZID","3126","directed","Process(expression)"
"ENTREZID","4801","ENTREZID","3127","directed","Process(expression)"
"ENTREZID","4801","ENTREZID","972","directed","Process(expression)"
"ENTREZID","4802","ENTREZID","3108","directed","Process(expression)"
"ENTREZID","4802","ENTREZID","3109","directed","Process(expression)"
"ENTREZID","4802","ENTREZID","3111","directed","Process(expression)"
"ENTREZID","4802","ENTREZID","3112","directed","Process(expression)"
"ENTREZID","4802","ENTREZID","3113","directed","Process(expression)"
"ENTREZID","4802","ENTREZID","3115","directed","Process(expression)"
"ENTREZID","4802","ENTREZID","3117","directed","Process(expression)"
"ENTREZID","4802","ENTREZID","3118","directed","Process(expression)"
"ENTREZID","4802","ENTREZID","3119","directed","Process(expression)"
"ENTREZID","4802","ENTREZID","3122","directed","Process(expression)"
"ENTREZID","4802","ENTREZID","3123","directed","Process(expression)"
"ENTREZID","4802","ENTREZID","3125","directed","Process(expression)"
"ENTREZID","4802","ENTREZID","3126","directed","Process(expression)"
"ENTREZID","4802","ENTREZID","3127","directed","Process(expression)"
"ENTREZID","4802","ENTREZID","972","directed","Process(expression)"
"ENTREZID","51135","ENTREZID","3654","directed","Process(activation)"
"ENTREZID","51135","ENTREZID","3656","directed","Process(activation)"
"ENTREZID","51806","ENTREZID","5530","directed","Process(activation)"
"ENTREZID","51806","ENTREZID","5532","directed","Process(activation)"
"ENTREZID","51806","ENTREZID","5533","directed","Process(activation)"
"ENTREZID","51806","ENTREZID","5534","directed","Process(activation)"
"ENTREZID","51806","ENTREZID","5535","directed","Process(activation)"
"ENTREZID","51806","ENTREZID","815","directed","Process(activation)"
"ENTREZID","51806","ENTREZID","816","directed","Process(activation)"
"ENTREZID","51806","ENTREZID","817","directed","Process(activation)"
"ENTREZID","51806","ENTREZID","818","directed","Process(activation)"
"ENTREZID","5289","ENTREZID","5868","undirected","Binding"
"ENTREZID","5289","ENTREZID","5869","undirected","Binding"
"ENTREZID","5289","ENTREZID","5878","undirected","Binding"
"ENTREZID","54106","ENTREZID","4615","directed","Process(activation)"
"ENTREZID","54205","ENTREZID","836","directed","Process(activation)"
"ENTREZID","54205","ENTREZID","842","undirected","Binding"
"ENTREZID","5594","ENTREZID","3552","directed","Process(expression)"
"ENTREZID","5594","ENTREZID","3552","directed","Process(indirect effect)"
"ENTREZID","5594","ENTREZID","3553","directed","Process(expression)"
"ENTREZID","5594","ENTREZID","3553","directed","Process(indirect effect)"
"ENTREZID","5594","ENTREZID","3569","directed","Process(expression)"
"ENTREZID","5594","ENTREZID","3569","directed","Process(indirect effect)"
"ENTREZID","5594","ENTREZID","3592","directed","Process(expression)"
"ENTREZID","5594","ENTREZID","3592","directed","Process(indirect effect)"
"ENTREZID","5594","ENTREZID","3593","directed","Process(expression)"
"ENTREZID","5594","ENTREZID","3593","directed","Process(indirect effect)"
"ENTREZID","5594","ENTREZID","3606","directed","Process(expression)"
"ENTREZID","5594","ENTREZID","3606","directed","Process(indirect effect)"
"ENTREZID","5594","ENTREZID","4843","directed","Process(expression)"
"ENTREZID","5594","ENTREZID","4843","directed","Process(indirect effect)"
"ENTREZID","5594","ENTREZID","51561","directed","Process(expression)"
"ENTREZID","5594","ENTREZID","51561","directed","Process(indirect effect)"
"ENTREZID","5594","ENTREZID","7124","directed","Process(expression)"
"ENTREZID","5594","ENTREZID","7124","directed","Process(indirect effect)"
"ENTREZID","5595","ENTREZID","3552","directed","Process(expression)"
"ENTREZID","5595","ENTREZID","3552","directed","Process(indirect effect)"
"ENTREZID","5595","ENTREZID","3553","directed","Process(expression)"
"ENTREZID","5595","ENTREZID","3553","directed","Process(indirect effect)"
"ENTREZID","5595","ENTREZID","3569","directed","Process(expression)"
"ENTREZID","5595","ENTREZID","3569","directed","Process(indirect effect)"
"ENTREZID","5595","ENTREZID","3592","directed","Process(expression)"
"ENTREZID","5595","ENTREZID","3592","directed","Process(indirect effect)"
"ENTREZID","5595","ENTREZID","3593","directed","Process(expression)"
"ENTREZID","5595","ENTREZID","3593","directed","Process(indirect effect)"
"ENTREZID","5595","ENTREZID","3606","directed","Process(expression)"
"ENTREZID","5595","ENTREZID","3606","directed","Process(indirect effect)"
"ENTREZID","5595","ENTREZID","4843","directed","Process(expression)"
"ENTREZID","5595","ENTREZID","4843","directed","Process(indirect effect)"
"ENTREZID","5595","ENTREZID","51561","directed","Process(expression)"
"ENTREZID","5595","ENTREZID","51561","directed","Process(indirect effect)"
"ENTREZID","5595","ENTREZID","7124","directed","Process(expression)"
"ENTREZID","5595","ENTREZID","7124","directed","Process(indirect effect)"
"ENTREZID","5599","ENTREZID","3552","directed","Process(expression)"
"ENTREZID","5599","ENTREZID","3552","directed","Process(indirect effect)"
"ENTREZID","5599","ENTREZID","3553","directed","Process(expression)"
"ENTREZID","5599","ENTREZID","3553","directed","Process(indirect effect)"
"ENTREZID","5599","ENTREZID","3569","directed","Process(expression)"
"ENTREZID","5599","ENTREZID","3569","directed","Process(indirect effect)"
"ENTREZID","5599","ENTREZID","3592","directed","Process(expression)"
"ENTREZID","5599","ENTREZID","3592","directed","Process(indirect effect)"
"ENTREZID","5599","ENTREZID","3593","directed","Process(expression)"
"ENTREZID","5599","ENTREZID","3593","directed","Process(indirect effect)"
"ENTREZID","5599","ENTREZID","3606","directed","Process(expression)"
"ENTREZID","5599","ENTREZID","3606","directed","Process(indirect effect)"
"ENTREZID","5599","ENTREZID","4843","directed","Process(expression)"
"ENTREZID","5599","ENTREZID","4843","directed","Process(indirect effect)"
"ENTREZID","5599","ENTREZID","51561","directed","Process(expression)"
"ENTREZID","5599","ENTREZID","51561","directed","Process(indirect effect)"
"ENTREZID","5599","ENTREZID","7124","directed","Process(expression)"
"ENTREZID","5599","ENTREZID","7124","directed","Process(indirect effect)"
"ENTREZID","5600","ENTREZID","3552","directed","Process(expression)"
"ENTREZID","5600","ENTREZID","3552","directed","Process(indirect effect)"
"ENTREZID","5600","ENTREZID","3553","directed","Process(expression)"
"ENTREZID","5600","ENTREZID","3553","directed","Process(indirect effect)"
"ENTREZID","5600","ENTREZID","3569","directed","Process(expression)"
"ENTREZID","5600","ENTREZID","3569","directed","Process(indirect effect)"
"ENTREZID","5600","ENTREZID","3592","directed","Process(expression)"
"ENTREZID","5600","ENTREZID","3592","directed","Process(indirect effect)"
"ENTREZID","5600","ENTREZID","3593","directed","Process(expression)"
"ENTREZID","5600","ENTREZID","3593","directed","Process(indirect effect)"
"ENTREZID","5600","ENTREZID","3606","directed","Process(expression)"
"ENTREZID","5600","ENTREZID","3606","directed","Process(indirect effect)"
"ENTREZID","5600","ENTREZID","4843","directed","Process(expression)"
"ENTREZID","5600","ENTREZID","4843","directed","Process(indirect effect)"
"ENTREZID","5600","ENTREZID","51561","directed","Process(expression)"
"ENTREZID","5600","ENTREZID","51561","directed","Process(indirect effect)"
"ENTREZID","5600","ENTREZID","7124","directed","Process(expression)"
"ENTREZID","5600","ENTREZID","7124","directed","Process(indirect effect)"
"ENTREZID","5601","ENTREZID","3552","directed","Process(expression)"
"ENTREZID","5601","ENTREZID","3552","directed","Process(indirect effect)"
"ENTREZID","5601","ENTREZID","3553","directed","Process(expression)"
"ENTREZID","5601","ENTREZID","3553","directed","Process(indirect effect)"
"ENTREZID","5601","ENTREZID","3569","directed","Process(expression)"
"ENTREZID","5601","ENTREZID","3569","directed","Process(indirect effect)"
"ENTREZID","5601","ENTREZID","3592","directed","Process(expression)"
"ENTREZID","5601","ENTREZID","3592","directed","Process(indirect effect)"
"ENTREZID","5601","ENTREZID","3593","directed","Process(expression)"
"ENTREZID","5601","ENTREZID","3593","directed","Process(indirect effect)"
"ENTREZID","5601","ENTREZID","3606","directed","Process(expression)"
"ENTREZID","5601","ENTREZID","3606","directed","Process(indirect effect)"
"ENTREZID","5601","ENTREZID","4843","directed","Process(expression)"
"ENTREZID","5601","ENTREZID","4843","directed","Process(indirect effect)"
"ENTREZID","5601","ENTREZID","51561","directed","Process(expression)"
"ENTREZID","5601","ENTREZID","51561","directed","Process(indirect effect)"
"ENTREZID","5601","ENTREZID","7124","directed","Process(expression)"
"ENTREZID","5601","ENTREZID","7124","directed","Process(indirect effect)"
"ENTREZID","5602","ENTREZID","3552","directed","Process(expression)"
"ENTREZID","5602","ENTREZID","3552","directed","Process(indirect effect)"
"ENTREZID","5602","ENTREZID","3553","directed","Process(expression)"
"ENTREZID","5602","ENTREZID","3553","directed","Process(indirect effect)"
"ENTREZID","5602","ENTREZID","3569","directed","Process(expression)"
"ENTREZID","5602","ENTREZID","3569","directed","Process(indirect effect)"
"ENTREZID","5602","ENTREZID","3592","directed","Process(expression)"
"ENTREZID","5602","ENTREZID","3592","directed","Process(indirect effect)"
"ENTREZID","5602","ENTREZID","3593","directed","Process(expression)"
"ENTREZID","5602","ENTREZID","3593","directed","Process(indirect effect)"
"ENTREZID","5602","ENTREZID","3606","directed","Process(expression)"
"ENTREZID","5602","ENTREZID","3606","directed","Process(indirect effect)"
"ENTREZID","5602","ENTREZID","4843","directed","Process(expression)"
"ENTREZID","5602","ENTREZID","4843","directed","Process(indirect effect)"
"ENTREZID","5602","ENTREZID","51561","directed","Process(expression)"
"ENTREZID","5602","ENTREZID","51561","directed","Process(indirect effect)"
"ENTREZID","5602","ENTREZID","7124","directed","Process(expression)"
"ENTREZID","5602","ENTREZID","7124","directed","Process(indirect effect)"
"ENTREZID","5603","ENTREZID","3552","directed","Process(expression)"
"ENTREZID","5603","ENTREZID","3552","directed","Process(indirect effect)"
"ENTREZID","5603","ENTREZID","3553","directed","Process(expression)"
"ENTREZID","5603","ENTREZID","3553","directed","Process(indirect effect)"
"ENTREZID","5603","ENTREZID","3569","directed","Process(expression)"
"ENTREZID","5603","ENTREZID","3569","directed","Process(indirect effect)"
"ENTREZID","5603","ENTREZID","3592","directed","Process(expression)"
"ENTREZID","5603","ENTREZID","3592","directed","Process(indirect effect)"
"ENTREZID","5603","ENTREZID","3593","directed","Process(expression)"
"ENTREZID","5603","ENTREZID","3593","directed","Process(indirect effect)"
"ENTREZID","5603","ENTREZID","3606","directed","Process(expression)"
"ENTREZID","5603","ENTREZID","3606","directed","Process(indirect effect)"
"ENTREZID","5603","ENTREZID","4843","directed","Process(expression)"
"ENTREZID","5603","ENTREZID","4843","directed","Process(indirect effect)"
"ENTREZID","5603","ENTREZID","51561","directed","Process(expression)"
"ENTREZID","5603","ENTREZID","51561","directed","Process(indirect effect)"
"ENTREZID","5603","ENTREZID","7124","directed","Process(expression)"
"ENTREZID","5603","ENTREZID","7124","directed","Process(indirect effect)"
"ENTREZID","572","ENTREZID","596","directed","Process(dissociation)"
"ENTREZID","581","ENTREZID","317","directed","Process(activation)"
"ENTREZID","581","ENTREZID","317","directed","Process(indirect effect)"
"ENTREZID","581","ENTREZID","54205","directed","Process(activation)"
"ENTREZID","581","ENTREZID","54205","directed","Process(indirect effect)"
"ENTREZID","581","ENTREZID","842","directed","Process(activation)"
"ENTREZID","581","ENTREZID","842","directed","Process(indirect effect)"
"ENTREZID","5868","ENTREZID","5869","undirected","Binding"
"ENTREZID","5868","ENTREZID","5878","undirected","Binding"
"ENTREZID","5868","ENTREZID","7879","directed","Process(activation)"
"ENTREZID","5868","ENTREZID","7879","directed","Process(indirect effect)"
"ENTREZID","5868","ENTREZID","8411","undirected","Binding"
"ENTREZID","5869","ENTREZID","5878","undirected","Binding"
"ENTREZID","5869","ENTREZID","7879","directed","Process(activation)"
"ENTREZID","5869","ENTREZID","7879","directed","Process(indirect effect)"
"ENTREZID","5869","ENTREZID","8411","undirected","Binding"
"ENTREZID","5878","ENTREZID","7879","directed","Process(activation)"
"ENTREZID","5878","ENTREZID","7879","directed","Process(indirect effect)"
"ENTREZID","5878","ENTREZID","8411","undirected","Binding"
"ENTREZID","5894","ENTREZID","4790","directed","Process(phosphorylation)"
"ENTREZID","5894","ENTREZID","4790","directed","Process(activation)"
"ENTREZID","5894","ENTREZID","5970","directed","Process(phosphorylation)"
"ENTREZID","5894","ENTREZID","5970","directed","Process(activation)"
"ENTREZID","596","ENTREZID","317","directed","Process(inhibition)"
"ENTREZID","596","ENTREZID","317","directed","Process(indirect effect)"
"ENTREZID","596","ENTREZID","54205","directed","Process(inhibition)"
"ENTREZID","596","ENTREZID","54205","directed","Process(indirect effect)"
"ENTREZID","596","ENTREZID","842","directed","Process(inhibition)"
"ENTREZID","596","ENTREZID","842","directed","Process(indirect effect)"
"ENTREZID","5970","ENTREZID","1051","directed","Process(expression)"
"ENTREZID","5970","ENTREZID","1054","directed","Process(expression)"
"ENTREZID","5970","ENTREZID","3552","directed","Process(expression)"
"ENTREZID","5970","ENTREZID","3553","directed","Process(expression)"
"ENTREZID","5970","ENTREZID","3569","directed","Process(expression)"
"ENTREZID","5970","ENTREZID","3592","directed","Process(expression)"
"ENTREZID","5970","ENTREZID","3593","directed","Process(expression)"
"ENTREZID","5970","ENTREZID","3606","directed","Process(expression)"
"ENTREZID","5970","ENTREZID","4843","directed","Process(expression)"
"ENTREZID","5970","ENTREZID","51561","directed","Process(expression)"
"ENTREZID","5970","ENTREZID","7124","directed","Process(expression)"
"ENTREZID","5993","ENTREZID","3108","directed","Process(expression)"
"ENTREZID","5993","ENTREZID","3109","directed","Process(expression)"
"ENTREZID","5993","ENTREZID","3111","directed","Process(expression)"
"ENTREZID","5993","ENTREZID","3112","directed","Process(expression)"
"ENTREZID","5993","ENTREZID","3113","directed","Process(expression)"
"ENTREZID","5993","ENTREZID","3115","directed","Process(expression)"
"ENTREZID","5993","ENTREZID","3117","directed","Process(expression)"
"ENTREZID","5993","ENTREZID","3118","directed","Process(expression)"
"ENTREZID","5993","ENTREZID","3119","directed","Process(expression)"
"ENTREZID","5993","ENTREZID","3122","directed","Process(expression)"
"ENTREZID","5993","ENTREZID","3123","directed","Process(expression)"
"ENTREZID","5993","ENTREZID","3125","directed","Process(expression)"
"ENTREZID","5993","ENTREZID","3126","directed","Process(expression)"
"ENTREZID","5993","ENTREZID","3127","directed","Process(expression)"
"ENTREZID","5993","ENTREZID","972","directed","Process(expression)"
"ENTREZID","5994","ENTREZID","3108","directed","Process(expression)"
"ENTREZID","5994","ENTREZID","3109","directed","Process(expression)"
"ENTREZID","5994","ENTREZID","3111","directed","Process(expression)"
"ENTREZID","5994","ENTREZID","3112","directed","Process(expression)"
"ENTREZID","5994","ENTREZID","3113","directed","Process(expression)"
"ENTREZID","5994","ENTREZID","3115","directed","Process(expression)"
"ENTREZID","5994","ENTREZID","3117","directed","Process(expression)"
"ENTREZID","5994","ENTREZID","3118","directed","Process(expression)"
"ENTREZID","5994","ENTREZID","3119","directed","Process(expression)"
"ENTREZID","5994","ENTREZID","3122","directed","Process(expression)"
"ENTREZID","5994","ENTREZID","3123","directed","Process(expression)"
"ENTREZID","5994","ENTREZID","3125","directed","Process(expression)"
"ENTREZID","5994","ENTREZID","3126","directed","Process(expression)"
"ENTREZID","5994","ENTREZID","3127","directed","Process(expression)"
"ENTREZID","5994","ENTREZID","972","directed","Process(expression)"
"ENTREZID","6300","ENTREZID","3552","directed","Process(expression)"
"ENTREZID","6300","ENTREZID","3552","directed","Process(indirect effect)"
"ENTREZID","6300","ENTREZID","3553","directed","Process(expression)"
"ENTREZID","6300","ENTREZID","3553","directed","Process(indirect effect)"
"ENTREZID","6300","ENTREZID","3569","directed","Process(expression)"
"ENTREZID","6300","ENTREZID","3569","directed","Process(indirect effect)"
"ENTREZID","6300","ENTREZID","3592","directed","Process(expression)"
"ENTREZID","6300","ENTREZID","3592","directed","Process(indirect effect)"
"ENTREZID","6300","ENTREZID","3593","directed","Process(expression)"
"ENTREZID","6300","ENTREZID","3593","directed","Process(indirect effect)"
"ENTREZID","6300","ENTREZID","3606","directed","Process(expression)"
"ENTREZID","6300","ENTREZID","3606","directed","Process(indirect effect)"
"ENTREZID","6300","ENTREZID","4843","directed","Process(expression)"
"ENTREZID","6300","ENTREZID","4843","directed","Process(indirect effect)"
"ENTREZID","6300","ENTREZID","51561","directed","Process(expression)"
"ENTREZID","6300","ENTREZID","51561","directed","Process(indirect effect)"
"ENTREZID","6300","ENTREZID","7124","directed","Process(expression)"
"ENTREZID","6300","ENTREZID","7124","directed","Process(indirect effect)"
"ENTREZID","637","ENTREZID","581","directed","Process(activation)"
"ENTREZID","637","ENTREZID","581","directed","Process(indirect effect)"
"ENTREZID","64127","ENTREZID","8767","directed","Process(activation)"
"ENTREZID","64170","ENTREZID","4790","directed","Process(activation)"
"ENTREZID","64170","ENTREZID","4790","directed","Process(indirect effect)"
"ENTREZID","64170","ENTREZID","5970","directed","Process(activation)"
"ENTREZID","64170","ENTREZID","5970","directed","Process(indirect effect)"
"ENTREZID","64170","ENTREZID","8915","undirected","Binding"
"ENTREZID","64581","ENTREZID","6714","undirected","Binding"
"ENTREZID","64581","ENTREZID","6850","directed","Process(activation)"
"ENTREZID","6714","ENTREZID","6850","directed","Process(activation)"
"ENTREZID","6772","ENTREZID","4261","directed","Process(expression)"
"ENTREZID","6772","ENTREZID","4843","directed","Process(expression)"
"ENTREZID","6850","ENTREZID","64170","directed","Process(activation)"
"ENTREZID","7096","ENTREZID","4615","directed","Process(activation)"
"ENTREZID","7096","ENTREZID","7097","undirected","Binding"
"ENTREZID","7097","ENTREZID","4615","directed","Process(activation)"
"ENTREZID","7099","ENTREZID","4615","directed","Process(activation)"
"ENTREZID","7124","ENTREZID","7132","directed","Process(activation)"
"ENTREZID","7132","ENTREZID","8772","directed","Process(activation)"
"ENTREZID","718","ENTREZID","1378","directed","Process(activation)"
"ENTREZID","718","ENTREZID","1379","directed","Process(activation)"
"ENTREZID","718","ENTREZID","3684","directed","Process(activation)"
"ENTREZID","718","ENTREZID","3687","directed","Process(activation)"
"ENTREZID","718","ENTREZID","3689","directed","Process(activation)"
"ENTREZID","7189","ENTREZID","1432","directed","Process(activation)"
"ENTREZID","7189","ENTREZID","1432","directed","Process(indirect effect)"
"ENTREZID","7189","ENTREZID","4790","directed","Process(activation)"
"ENTREZID","7189","ENTREZID","4790","directed","Process(indirect effect)"
"ENTREZID","7189","ENTREZID","5594","directed","Process(activation)"
"ENTREZID","7189","ENTREZID","5594","directed","Process(indirect effect)"
"ENTREZID","7189","ENTREZID","5595","directed","Process(activation)"
"ENTREZID","7189","ENTREZID","5595","directed","Process(indirect effect)"
"ENTREZID","7189","ENTREZID","5599","directed","Process(activation)"
"ENTREZID","7189","ENTREZID","5599","directed","Process(indirect effect)"
"ENTREZID","7189","ENTREZID","5600","directed","Process(activation)"
"ENTREZID","7189","ENTREZID","5600","directed","Process(indirect effect)"
"ENTREZID","7189","ENTREZID","5601","directed","Process(activation)"
"ENTREZID","7189","ENTREZID","5601","directed","Process(indirect effect)"
"ENTREZID","7189","ENTREZID","5602","directed","Process(activation)"
"ENTREZID","7189","ENTREZID","5602","directed","Process(indirect effect)"
"ENTREZID","7189","ENTREZID","5603","directed","Process(activation)"
"ENTREZID","7189","ENTREZID","5603","directed","Process(indirect effect)"
"ENTREZID","7189","ENTREZID","5970","directed","Process(activation)"
"ENTREZID","7189","ENTREZID","5970","directed","Process(indirect effect)"
"ENTREZID","7189","ENTREZID","6300","directed","Process(activation)"
"ENTREZID","7189","ENTREZID","6300","directed","Process(indirect effect)"
"ENTREZID","7421","ENTREZID","820","directed","Process(activation)"
"ENTREZID","7421","ENTREZID","820","directed","Process(indirect effect)"
"ENTREZID","7879","ENTREZID","10312","directed","Process(activation)"
"ENTREZID","7879","ENTREZID","10312","directed","Process(indirect effect)"
"ENTREZID","7879","ENTREZID","1509","directed","Process(activation)"
"ENTREZID","7879","ENTREZID","1509","directed","Process(indirect effect)"
"ENTREZID","7879","ENTREZID","23545","directed","Process(activation)"
"ENTREZID","7879","ENTREZID","23545","directed","Process(indirect effect)"
"ENTREZID","7879","ENTREZID","245972","directed","Process(activation)"
"ENTREZID","7879","ENTREZID","245972","directed","Process(indirect effect)"
"ENTREZID","7879","ENTREZID","3916","directed","Process(activation)"
"ENTREZID","7879","ENTREZID","3916","directed","Process(indirect effect)"
"ENTREZID","7879","ENTREZID","3920","directed","Process(activation)"
"ENTREZID","7879","ENTREZID","3920","directed","Process(indirect effect)"
"ENTREZID","7879","ENTREZID","50617","directed","Process(activation)"
"ENTREZID","7879","ENTREZID","50617","directed","Process(indirect effect)"
"ENTREZID","7879","ENTREZID","51606","directed","Process(activation)"
"ENTREZID","7879","ENTREZID","51606","directed","Process(indirect effect)"
"ENTREZID","7879","ENTREZID","527","directed","Process(activation)"
"ENTREZID","7879","ENTREZID","527","directed","Process(indirect effect)"
"ENTREZID","7879","ENTREZID","533","directed","Process(activation)"
"ENTREZID","7879","ENTREZID","533","directed","Process(indirect effect)"
"ENTREZID","7879","ENTREZID","535","directed","Process(activation)"
"ENTREZID","7879","ENTREZID","535","directed","Process(indirect effect)"
"ENTREZID","7879","ENTREZID","537","directed","Process(activation)"
"ENTREZID","7879","ENTREZID","537","directed","Process(indirect effect)"
"ENTREZID","7879","ENTREZID","9114","directed","Process(activation)"
"ENTREZID","7879","ENTREZID","9114","directed","Process(indirect effect)"
"ENTREZID","801","ENTREZID","5530","directed","Process(activation)"
"ENTREZID","801","ENTREZID","5532","directed","Process(activation)"
"ENTREZID","801","ENTREZID","5533","directed","Process(activation)"
"ENTREZID","801","ENTREZID","5534","directed","Process(activation)"
"ENTREZID","801","ENTREZID","5535","directed","Process(activation)"
"ENTREZID","801","ENTREZID","815","directed","Process(activation)"
"ENTREZID","801","ENTREZID","816","directed","Process(activation)"
"ENTREZID","801","ENTREZID","817","directed","Process(activation)"
"ENTREZID","801","ENTREZID","818","directed","Process(activation)"
"ENTREZID","805","ENTREZID","5530","directed","Process(activation)"
"ENTREZID","805","ENTREZID","5532","directed","Process(activation)"
"ENTREZID","805","ENTREZID","5533","directed","Process(activation)"
"ENTREZID","805","ENTREZID","5534","directed","Process(activation)"
"ENTREZID","805","ENTREZID","5535","directed","Process(activation)"
"ENTREZID","805","ENTREZID","815","directed","Process(activation)"
"ENTREZID","805","ENTREZID","816","directed","Process(activation)"
"ENTREZID","805","ENTREZID","817","directed","Process(activation)"
"ENTREZID","805","ENTREZID","818","directed","Process(activation)"
"ENTREZID","808","ENTREZID","5530","directed","Process(activation)"
"ENTREZID","808","ENTREZID","5532","directed","Process(activation)"
"ENTREZID","808","ENTREZID","5533","directed","Process(activation)"
"ENTREZID","808","ENTREZID","5534","directed","Process(activation)"
"ENTREZID","808","ENTREZID","5535","directed","Process(activation)"
"ENTREZID","808","ENTREZID","815","directed","Process(activation)"
"ENTREZID","808","ENTREZID","816","directed","Process(activation)"
"ENTREZID","808","ENTREZID","817","directed","Process(activation)"
"ENTREZID","808","ENTREZID","818","directed","Process(activation)"
"ENTREZID","810","ENTREZID","5530","directed","Process(activation)"
"ENTREZID","810","ENTREZID","5532","directed","Process(activation)"
"ENTREZID","810","ENTREZID","5533","directed","Process(activation)"
"ENTREZID","810","ENTREZID","5534","directed","Process(activation)"
"ENTREZID","810","ENTREZID","5535","directed","Process(activation)"
"ENTREZID","810","ENTREZID","815","directed","Process(activation)"
"ENTREZID","810","ENTREZID","816","directed","Process(activation)"
"ENTREZID","810","ENTREZID","817","directed","Process(activation)"
"ENTREZID","810","ENTREZID","818","directed","Process(activation)"
"ENTREZID","815","ENTREZID","5289","directed","Process(activation)"
"ENTREZID","815","ENTREZID","6772","directed","Process(phosphorylation)"
"ENTREZID","815","ENTREZID","6772","directed","Process(activation)"
"ENTREZID","816","ENTREZID","5289","directed","Process(activation)"
"ENTREZID","816","ENTREZID","6772","directed","Process(phosphorylation)"
"ENTREZID","816","ENTREZID","6772","directed","Process(activation)"
"ENTREZID","817","ENTREZID","5289","directed","Process(activation)"
"ENTREZID","817","ENTREZID","6772","directed","Process(phosphorylation)"
"ENTREZID","817","ENTREZID","6772","directed","Process(activation)"
"ENTREZID","818","ENTREZID","5289","directed","Process(activation)"
"ENTREZID","818","ENTREZID","6772","directed","Process(phosphorylation)"
"ENTREZID","818","ENTREZID","6772","directed","Process(activation)"
"ENTREZID","841","ENTREZID","637","directed","Process(activation)"
"ENTREZID","841","ENTREZID","836","directed","Process(activation)"
"ENTREZID","841","ENTREZID","843","directed","Process(activation)"
"ENTREZID","8411","ENTREZID","7879","directed","Process(activation)"
"ENTREZID","8411","ENTREZID","7879","directed","Process(indirect effect)"
"ENTREZID","842","ENTREZID","836","directed","Process(activation)"
"ENTREZID","8625","ENTREZID","3108","directed","Process(expression)"
"ENTREZID","8625","ENTREZID","3109","directed","Process(expression)"
"ENTREZID","8625","ENTREZID","3111","directed","Process(expression)"
"ENTREZID","8625","ENTREZID","3112","directed","Process(expression)"
"ENTREZID","8625","ENTREZID","3113","directed","Process(expression)"
"ENTREZID","8625","ENTREZID","3115","directed","Process(expression)"
"ENTREZID","8625","ENTREZID","3117","directed","Process(expression)"
"ENTREZID","8625","ENTREZID","3118","directed","Process(expression)"
"ENTREZID","8625","ENTREZID","3119","directed","Process(expression)"
"ENTREZID","8625","ENTREZID","3122","directed","Process(expression)"
"ENTREZID","8625","ENTREZID","3123","directed","Process(expression)"
"ENTREZID","8625","ENTREZID","3125","directed","Process(expression)"
"ENTREZID","8625","ENTREZID","3126","directed","Process(expression)"
"ENTREZID","8625","ENTREZID","3127","directed","Process(expression)"
"ENTREZID","8625","ENTREZID","972","directed","Process(expression)"
"ENTREZID","8717","ENTREZID","841","directed","Process(activation)"
"ENTREZID","8717","ENTREZID","8772","undirected","Binding"
"ENTREZID","8767","ENTREZID","1432","directed","Process(activation)"
"ENTREZID","8767","ENTREZID","1432","directed","Process(indirect effect)"
"ENTREZID","8767","ENTREZID","4790","directed","Process(activation)"
"ENTREZID","8767","ENTREZID","4790","directed","Process(indirect effect)"
"ENTREZID","8767","ENTREZID","5594","directed","Process(activation)"
"ENTREZID","8767","ENTREZID","5594","directed","Process(indirect effect)"
"ENTREZID","8767","ENTREZID","5595","directed","Process(activation)"
"ENTREZID","8767","ENTREZID","5595","directed","Process(indirect effect)"
"ENTREZID","8767","ENTREZID","5599","directed","Process(activation)"
"ENTREZID","8767","ENTREZID","5599","directed","Process(indirect effect)"
"ENTREZID","8767","ENTREZID","5600","directed","Process(activation)"
"ENTREZID","8767","ENTREZID","5600","directed","Process(indirect effect)"
"ENTREZID","8767","ENTREZID","5601","directed","Process(activation)"
"ENTREZID","8767","ENTREZID","5601","directed","Process(indirect effect)"
"ENTREZID","8767","ENTREZID","5602","directed","Process(activation)"
"ENTREZID","8767","ENTREZID","5602","directed","Process(indirect effect)"
"ENTREZID","8767","ENTREZID","5603","directed","Process(activation)"
"ENTREZID","8767","ENTREZID","5603","directed","Process(indirect effect)"
"ENTREZID","8767","ENTREZID","5970","directed","Process(activation)"
"ENTREZID","8767","ENTREZID","5970","directed","Process(indirect effect)"
"ENTREZID","8767","ENTREZID","6300","directed","Process(activation)"
"ENTREZID","8767","ENTREZID","6300","directed","Process(indirect effect)"
"ENTREZID","8772","ENTREZID","841","directed","Process(activation)"
"ENTREZID","8844","ENTREZID","5894","directed","Process(binding/association)"
"ENTREZID","8915","ENTREZID","4790","directed","Process(activation)"
"ENTREZID","8915","ENTREZID","4790","directed","Process(indirect effect)"
"ENTREZID","8915","ENTREZID","5970","directed","Process(activation)"
"ENTREZID","8915","ENTREZID","5970","directed","Process(indirect effect)"
"ENTREZID","91860","ENTREZID","5530","directed","Process(activation)"
"ENTREZID","91860","ENTREZID","5532","directed","Process(activation)"
"ENTREZID","91860","ENTREZID","5533","directed","Process(activation)"
"ENTREZID","91860","ENTREZID","5534","directed","Process(activation)"
"ENTREZID","91860","ENTREZID","5535","directed","Process(activation)"
"ENTREZID","91860","ENTREZID","815","directed","Process(activation)"
"ENTREZID","91860","ENTREZID","816","directed","Process(activation)"
"ENTREZID","91860","ENTREZID","817","directed","Process(activation)"
"ENTREZID","91860","ENTREZID","818","directed","Process(activation)"
"ENTREZID","929","ENTREZID","7097","directed","Process(activation)"
"ENTREZID","929","ENTREZID","7099","directed","Process(activation)"
"ENTREZID","9902","ENTREZID","3586","directed","Process(activation)"
"ENTREZID","9902","ENTREZID","3586","directed","Process(indirect effect)"
"ENTREZID","9902","ENTREZID","7040","directed","Process(activation)"
"ENTREZID","9902","ENTREZID","7040","directed","Process(indirect effect)"
"ENTREZID","9902","ENTREZID","7042","directed","Process(activation)"
"ENTREZID","9902","ENTREZID","7042","directed","Process(indirect effect)"
"ENTREZID","9902","ENTREZID","7043","directed","Process(activation)"
"ENTREZID","9902","ENTREZID","7043","directed","Process(indirect effect)"
