"src_type","src","dest_type","dest","direction","type"
"ENTREZID","10000","ENTREZID","1026","directed","Process(inhibition)"
"ENTREZID","10000","ENTREZID","1026","directed","Process(phosphorylation)"
"ENTREZID","10000","ENTREZID","2932","directed","Process(inhibition)"
"ENTREZID","10000","ENTREZID","2932","directed","Process(phosphorylation)"
"ENTREZID","10000","ENTREZID","572","directed","Process(inhibition)"
"ENTREZID","10000","ENTREZID","572","directed","Process(phosphorylation)"
"ENTREZID","10062","ENTREZID","1019","directed","Process(expression)"
"ENTREZID","10062","ENTREZID","4609","directed","Process(expression)"
"ENTREZID","10062","ENTREZID","595","directed","Process(expression)"
"ENTREZID","10062","ENTREZID","6256","undirected","Binding"
"ENTREZID","1017","ENTREZID","5925","directed","Process(activation)"
"ENTREZID","1019","ENTREZID","5925","directed","Process(activation)"
"ENTREZID","10197","ENTREZID","10062","directed","Process(activation)"
"ENTREZID","10197","ENTREZID","6256","directed","Process(activation)"
"ENTREZID","1021","ENTREZID","5925","directed","Process(activation)"
"ENTREZID","1026","ENTREZID","1017","directed","Process(inhibition)"
"ENTREZID","1026","ENTREZID","1019","directed","Process(inhibition)"
"ENTREZID","1026","ENTREZID","1021","directed","Process(inhibition)"
"ENTREZID","10379","ENTREZID","27102","directed","Process(expression)"
"ENTREZID","10379","ENTREZID","3434","directed","Process(expression)"
"ENTREZID","10379","ENTREZID","3665","directed","Process(expression)"
"ENTREZID","10379","ENTREZID","439996","directed","Process(expression)"
"ENTREZID","10379","ENTREZID","440275","directed","Process(expression)"
"ENTREZID","10379","ENTREZID","4599","directed","Process(expression)"
"ENTREZID","10379","ENTREZID","4600","directed","Process(expression)"
"ENTREZID","10379","ENTREZID","4938","directed","Process(expression)"
"ENTREZID","10379","ENTREZID","4939","directed","Process(expression)"
"ENTREZID","10379","ENTREZID","4940","directed","Process(expression)"
"ENTREZID","10379","ENTREZID","5610","directed","Process(expression)"
"ENTREZID","10379","ENTREZID","91543","directed","Process(expression)"
"ENTREZID","10379","ENTREZID","9451","directed","Process(expression)"
"ENTREZID","10971","ENTREZID","369","directed","Process(inhibition)"
"ENTREZID","10971","ENTREZID","5894","directed","Process(inhibition)"
"ENTREZID","10971","ENTREZID","673","directed","Process(inhibition)"
"ENTREZID","1147","ENTREZID","4792","directed","Process(phosphorylation)"
"ENTREZID","1147","ENTREZID","4792","directed","Process(activation)"
"ENTREZID","148022","ENTREZID","7187","directed","Process(activation)"
"ENTREZID","148022","ENTREZID","7189","directed","Process(activation)"
"ENTREZID","148022","ENTREZID","8737","directed","Process(activation)"
"ENTREZID","1950","ENTREZID","1956","directed","Process(activation)"
"ENTREZID","1956","ENTREZID","2885","directed","Process(binding/association)"
"ENTREZID","207","ENTREZID","1026","directed","Process(inhibition)"
"ENTREZID","207","ENTREZID","1026","directed","Process(phosphorylation)"
"ENTREZID","207","ENTREZID","2932","directed","Process(inhibition)"
"ENTREZID","207","ENTREZID","2932","directed","Process(phosphorylation)"
"ENTREZID","207","ENTREZID","572","directed","Process(inhibition)"
"ENTREZID","207","ENTREZID","572","directed","Process(phosphorylation)"
"ENTREZID","208","ENTREZID","1026","directed","Process(inhibition)"
"ENTREZID","208","ENTREZID","1026","directed","Process(phosphorylation)"
"ENTREZID","208","ENTREZID","2932","directed","Process(inhibition)"
"ENTREZID","208","ENTREZID","2932","directed","Process(phosphorylation)"
"ENTREZID","208","ENTREZID","572","directed","Process(inhibition)"
"ENTREZID","208","ENTREZID","572","directed","Process(phosphorylation)"
"ENTREZID","23586","ENTREZID","57506","directed","Process(activation)"
"ENTREZID","27102","ENTREZID","1147","directed","Process(phosphorylation)"
"ENTREZID","27102","ENTREZID","1147","directed","Process(activation)"
"ENTREZID","27102","ENTREZID","1965","directed","Process(activation)"
"ENTREZID","27102","ENTREZID","3434","directed","Process(activation)"
"ENTREZID","27102","ENTREZID","3551","directed","Process(phosphorylation)"
"ENTREZID","27102","ENTREZID","3551","directed","Process(activation)"
"ENTREZID","27102","ENTREZID","439996","directed","Process(activation)"
"ENTREZID","27102","ENTREZID","8517","directed","Process(phosphorylation)"
"ENTREZID","27102","ENTREZID","8517","directed","Process(activation)"
"ENTREZID","2885","ENTREZID","6654","directed","Process(binding/association)"
"ENTREZID","2885","ENTREZID","6655","directed","Process(binding/association)"
"ENTREZID","29110","ENTREZID","3661","directed","Process(phosphorylation)"
"ENTREZID","29110","ENTREZID","3661","directed","Process(activation)"
"ENTREZID","29110","ENTREZID","3665","directed","Process(phosphorylation)"
"ENTREZID","29110","ENTREZID","3665","directed","Process(activation)"
"ENTREZID","29110","ENTREZID","9641","undirected","Binding"
"ENTREZID","2932","ENTREZID","1499","directed","Process(inhibition)"
"ENTREZID","317","ENTREZID","842","directed","Process(binding/association)"
"ENTREZID","3265","ENTREZID","369","directed","Process(activation)"
"ENTREZID","3265","ENTREZID","5894","directed","Process(activation)"
"ENTREZID","3265","ENTREZID","673","directed","Process(activation)"
"ENTREZID","3434","ENTREZID","3646","directed","Process(inhibition)"
"ENTREZID","3439","ENTREZID","3454","directed","Process(activation)"
"ENTREZID","3439","ENTREZID","3455","directed","Process(activation)"
"ENTREZID","3440","ENTREZID","3454","directed","Process(activation)"
"ENTREZID","3440","ENTREZID","3455","directed","Process(activation)"
"ENTREZID","3441","ENTREZID","3454","directed","Process(activation)"
"ENTREZID","3441","ENTREZID","3455","directed","Process(activation)"
"ENTREZID","3442","ENTREZID","3454","directed","Process(activation)"
"ENTREZID","3442","ENTREZID","3455","directed","Process(activation)"
"ENTREZID","3443","ENTREZID","3454","directed","Process(activation)"
"ENTREZID","3443","ENTREZID","3455","directed","Process(activation)"
"ENTREZID","3444","ENTREZID","3454","directed","Process(activation)"
"ENTREZID","3444","ENTREZID","3455","directed","Process(activation)"
"ENTREZID","3445","ENTREZID","3454","directed","Process(activation)"
"ENTREZID","3445","ENTREZID","3455","directed","Process(activation)"
"ENTREZID","3446","ENTREZID","3454","directed","Process(activation)"
"ENTREZID","3446","ENTREZID","3455","directed","Process(activation)"
"ENTREZID","3447","ENTREZID","3454","directed","Process(activation)"
"ENTREZID","3447","ENTREZID","3455","directed","Process(activation)"
"ENTREZID","3448","ENTREZID","3454","directed","Process(activation)"
"ENTREZID","3448","ENTREZID","3455","directed","Process(activation)"
"ENTREZID","3449","ENTREZID","3454","directed","Process(activation)"
"ENTREZID","3449","ENTREZID","3455","directed","Process(activation)"
"ENTREZID","3451","ENTREZID","3454","directed","Process(activation)"
"ENTREZID","3451","ENTREZID","3455","directed","Process(activation)"
"ENTREZID","3452","ENTREZID","3454","directed","Process(activation)"
"ENTREZID","3452","ENTREZID","3455","directed","Process(activation)"
"ENTREZID","3454","ENTREZID","3455","undirected","Binding"
"ENTREZID","3454","ENTREZID","3716","directed","Process(binding/association)"
"ENTREZID","3454","ENTREZID","7297","directed","Process(binding/association)"
"ENTREZID","3455","ENTREZID","3716","directed","Process(binding/association)"
"ENTREZID","3455","ENTREZID","7297","directed","Process(binding/association)"
"ENTREZID","3456","ENTREZID","3454","directed","Process(activation)"
"ENTREZID","3456","ENTREZID","3455","directed","Process(activation)"
"ENTREZID","355","ENTREZID","8772","directed","Process(activation)"
"ENTREZID","3551","ENTREZID","4792","directed","Process(phosphorylation)"
"ENTREZID","3551","ENTREZID","4792","directed","Process(activation)"
"ENTREZID","356","ENTREZID","355","directed","Process(activation)"
"ENTREZID","3661","ENTREZID","3439","directed","Process(expression)"
"ENTREZID","3661","ENTREZID","3440","directed","Process(expression)"
"ENTREZID","3661","ENTREZID","3441","directed","Process(expression)"
"ENTREZID","3661","ENTREZID","3442","directed","Process(expression)"
"ENTREZID","3661","ENTREZID","3443","directed","Process(expression)"
"ENTREZID","3661","ENTREZID","3444","directed","Process(expression)"
"ENTREZID","3661","ENTREZID","3445","directed","Process(expression)"
"ENTREZID","3661","ENTREZID","3446","directed","Process(expression)"
"ENTREZID","3661","ENTREZID","3447","directed","Process(expression)"
"ENTREZID","3661","ENTREZID","3448","directed","Process(expression)"
"ENTREZID","3661","ENTREZID","3449","directed","Process(expression)"
"ENTREZID","3661","ENTREZID","3451","directed","Process(expression)"
"ENTREZID","3661","ENTREZID","3452","directed","Process(expression)"
"ENTREZID","3661","ENTREZID","3456","directed","Process(expression)"
"ENTREZID","3661","ENTREZID","3458","directed","Process(expression)"
"ENTREZID","3661","ENTREZID","3627","directed","Process(expression)"
"ENTREZID","3661","ENTREZID","7124","directed","Process(expression)"
"ENTREZID","3665","ENTREZID","3439","directed","Process(expression)"
"ENTREZID","3665","ENTREZID","3440","directed","Process(expression)"
"ENTREZID","3665","ENTREZID","3441","directed","Process(expression)"
"ENTREZID","3665","ENTREZID","3442","directed","Process(expression)"
"ENTREZID","3665","ENTREZID","3443","directed","Process(expression)"
"ENTREZID","3665","ENTREZID","3444","directed","Process(expression)"
"ENTREZID","3665","ENTREZID","3445","directed","Process(expression)"
"ENTREZID","3665","ENTREZID","3446","directed","Process(expression)"
"ENTREZID","3665","ENTREZID","3447","directed","Process(expression)"
"ENTREZID","3665","ENTREZID","3448","directed","Process(expression)"
"ENTREZID","3665","ENTREZID","3449","directed","Process(expression)"
"ENTREZID","3665","ENTREZID","3451","directed","Process(expression)"
"ENTREZID","3665","ENTREZID","3452","directed","Process(expression)"
"ENTREZID","3665","ENTREZID","3456","directed","Process(expression)"
"ENTREZID","3665","ENTREZID","3458","directed","Process(expression)"
"ENTREZID","3665","ENTREZID","3627","directed","Process(expression)"
"ENTREZID","3665","ENTREZID","7124","directed","Process(expression)"
"ENTREZID","369","ENTREZID","5604","directed","Process(activation)"
"ENTREZID","369","ENTREZID","5605","directed","Process(activation)"
"ENTREZID","3716","ENTREZID","6772","directed","Process(phosphorylation)"
"ENTREZID","3716","ENTREZID","6772","directed","Process(activation)"
"ENTREZID","3716","ENTREZID","6773","directed","Process(phosphorylation)"
"ENTREZID","3716","ENTREZID","6773","directed","Process(activation)"
"ENTREZID","3845","ENTREZID","369","directed","Process(activation)"
"ENTREZID","3845","ENTREZID","5894","directed","Process(activation)"
"ENTREZID","3845","ENTREZID","673","directed","Process(activation)"
"ENTREZID","439996","ENTREZID","3646","directed","Process(inhibition)"
"ENTREZID","440275","ENTREZID","1147","directed","Process(phosphorylation)"
"ENTREZID","440275","ENTREZID","1147","directed","Process(activation)"
"ENTREZID","440275","ENTREZID","1965","directed","Process(activation)"
"ENTREZID","440275","ENTREZID","3434","directed","Process(activation)"
"ENTREZID","440275","ENTREZID","3551","directed","Process(phosphorylation)"
"ENTREZID","440275","ENTREZID","3551","directed","Process(activation)"
"ENTREZID","440275","ENTREZID","439996","directed","Process(activation)"
"ENTREZID","440275","ENTREZID","8517","directed","Process(phosphorylation)"
"ENTREZID","440275","ENTREZID","8517","directed","Process(activation)"
"ENTREZID","4790","ENTREZID","3627","directed","Process(expression)"
"ENTREZID","4790","ENTREZID","4792","directed","Process(dissociation)"
"ENTREZID","4790","ENTREZID","7124","directed","Process(expression)"
"ENTREZID","4893","ENTREZID","369","directed","Process(activation)"
"ENTREZID","4893","ENTREZID","5894","directed","Process(activation)"
"ENTREZID","4893","ENTREZID","673","directed","Process(activation)"
"ENTREZID","54205","ENTREZID","842","directed","Process(activation)"
"ENTREZID","5465","ENTREZID","1019","directed","Process(expression)"
"ENTREZID","5465","ENTREZID","4609","directed","Process(expression)"
"ENTREZID","5465","ENTREZID","595","directed","Process(expression)"
"ENTREZID","5465","ENTREZID","6256","undirected","Binding"
"ENTREZID","5515","ENTREZID","6772","directed","Process(inhibition)"
"ENTREZID","5515","ENTREZID","6772","directed","Process(indirect effect)"
"ENTREZID","5515","ENTREZID","6773","directed","Process(inhibition)"
"ENTREZID","5515","ENTREZID","6773","directed","Process(indirect effect)"
"ENTREZID","5516","ENTREZID","6772","directed","Process(inhibition)"
"ENTREZID","5516","ENTREZID","6772","directed","Process(indirect effect)"
"ENTREZID","5516","ENTREZID","6773","directed","Process(inhibition)"
"ENTREZID","5516","ENTREZID","6773","directed","Process(indirect effect)"
"ENTREZID","5518","ENTREZID","6772","directed","Process(inhibition)"
"ENTREZID","5518","ENTREZID","6772","directed","Process(indirect effect)"
"ENTREZID","5518","ENTREZID","6773","directed","Process(inhibition)"
"ENTREZID","5518","ENTREZID","6773","directed","Process(indirect effect)"
"ENTREZID","5519","ENTREZID","6772","directed","Process(inhibition)"
"ENTREZID","5519","ENTREZID","6772","directed","Process(indirect effect)"
"ENTREZID","5519","ENTREZID","6773","directed","Process(inhibition)"
"ENTREZID","5519","ENTREZID","6773","directed","Process(indirect effect)"
"ENTREZID","5520","ENTREZID","6772","directed","Process(inhibition)"
"ENTREZID","5520","ENTREZID","6772","directed","Process(indirect effect)"
"ENTREZID","5520","ENTREZID","6773","directed","Process(inhibition)"
"ENTREZID","5520","ENTREZID","6773","directed","Process(indirect effect)"
"ENTREZID","5521","ENTREZID","6772","directed","Process(inhibition)"
"ENTREZID","5521","ENTREZID","6772","directed","Process(indirect effect)"
"ENTREZID","5521","ENTREZID","6773","directed","Process(inhibition)"
"ENTREZID","5521","ENTREZID","6773","directed","Process(indirect effect)"
"ENTREZID","5522","ENTREZID","6772","directed","Process(inhibition)"
"ENTREZID","5522","ENTREZID","6772","directed","Process(indirect effect)"
"ENTREZID","5522","ENTREZID","6773","directed","Process(inhibition)"
"ENTREZID","5522","ENTREZID","6773","directed","Process(indirect effect)"
"ENTREZID","55844","ENTREZID","6772","directed","Process(inhibition)"
"ENTREZID","55844","ENTREZID","6772","directed","Process(indirect effect)"
"ENTREZID","55844","ENTREZID","6773","directed","Process(inhibition)"
"ENTREZID","55844","ENTREZID","6773","directed","Process(indirect effect)"
"ENTREZID","5604","ENTREZID","5594","directed","Process(phosphorylation)"
"ENTREZID","5604","ENTREZID","5594","directed","Process(activation)"
"ENTREZID","5604","ENTREZID","5595","directed","Process(phosphorylation)"
"ENTREZID","5604","ENTREZID","5595","directed","Process(activation)"
"ENTREZID","5605","ENTREZID","5594","directed","Process(phosphorylation)"
"ENTREZID","5605","ENTREZID","5594","directed","Process(activation)"
"ENTREZID","5605","ENTREZID","5595","directed","Process(phosphorylation)"
"ENTREZID","5605","ENTREZID","5595","directed","Process(activation)"
"ENTREZID","5610","ENTREZID","1147","directed","Process(phosphorylation)"
"ENTREZID","5610","ENTREZID","1147","directed","Process(activation)"
"ENTREZID","5610","ENTREZID","1965","directed","Process(activation)"
"ENTREZID","5610","ENTREZID","3434","directed","Process(activation)"
"ENTREZID","5610","ENTREZID","3551","directed","Process(phosphorylation)"
"ENTREZID","5610","ENTREZID","3551","directed","Process(activation)"
"ENTREZID","5610","ENTREZID","439996","directed","Process(activation)"
"ENTREZID","5610","ENTREZID","8517","directed","Process(phosphorylation)"
"ENTREZID","5610","ENTREZID","8517","directed","Process(activation)"
"ENTREZID","57506","ENTREZID","1147","directed","Process(activation)"
"ENTREZID","57506","ENTREZID","1147","directed","Process(indirect effect)"
"ENTREZID","57506","ENTREZID","3551","directed","Process(activation)"
"ENTREZID","57506","ENTREZID","3551","directed","Process(indirect effect)"
"ENTREZID","57506","ENTREZID","7187","directed","Process(binding/association)"
"ENTREZID","57506","ENTREZID","8517","directed","Process(activation)"
"ENTREZID","57506","ENTREZID","8517","directed","Process(indirect effect)"
"ENTREZID","578","ENTREZID","54205","directed","Process(activation)"
"ENTREZID","581","ENTREZID","54205","directed","Process(activation)"
"ENTREZID","5894","ENTREZID","5604","directed","Process(activation)"
"ENTREZID","5894","ENTREZID","5605","directed","Process(activation)"
"ENTREZID","5925","ENTREZID","1869","directed","Process(dissociation)"
"ENTREZID","5925","ENTREZID","1870","directed","Process(dissociation)"
"ENTREZID","5925","ENTREZID","1871","directed","Process(dissociation)"
"ENTREZID","5970","ENTREZID","3627","directed","Process(expression)"
"ENTREZID","5970","ENTREZID","4792","directed","Process(dissociation)"
"ENTREZID","5970","ENTREZID","7124","directed","Process(expression)"
"ENTREZID","6256","ENTREZID","1019","directed","Process(expression)"
"ENTREZID","6256","ENTREZID","4609","directed","Process(expression)"
"ENTREZID","6256","ENTREZID","595","directed","Process(expression)"
"ENTREZID","637","ENTREZID","578","directed","Process(activation)"
"ENTREZID","637","ENTREZID","581","directed","Process(activation)"
"ENTREZID","6654","ENTREZID","3265","directed","Process(activation)"
"ENTREZID","6654","ENTREZID","3845","directed","Process(activation)"
"ENTREZID","6654","ENTREZID","4893","directed","Process(activation)"
"ENTREZID","6655","ENTREZID","3265","directed","Process(activation)"
"ENTREZID","6655","ENTREZID","3845","directed","Process(activation)"
"ENTREZID","6655","ENTREZID","4893","directed","Process(activation)"
"ENTREZID","673","ENTREZID","5604","directed","Process(activation)"
"ENTREZID","673","ENTREZID","5605","directed","Process(activation)"
"ENTREZID","6772","ENTREZID","10379","directed","Process(binding/association)"
"ENTREZID","6773","ENTREZID","10379","directed","Process(binding/association)"
"ENTREZID","7098","ENTREZID","148022","directed","Process(activation)"
"ENTREZID","7124","ENTREZID","7132","directed","Process(activation)"
"ENTREZID","7132","ENTREZID","8717","directed","Process(binding/association)"
"ENTREZID","7157","ENTREZID","1026","directed","Process(expression)"
"ENTREZID","7186","ENTREZID","1147","directed","Process(activation)"
"ENTREZID","7186","ENTREZID","1147","directed","Process(indirect effect)"
"ENTREZID","7186","ENTREZID","3551","directed","Process(activation)"
"ENTREZID","7186","ENTREZID","3551","directed","Process(indirect effect)"
"ENTREZID","7186","ENTREZID","8517","directed","Process(activation)"
"ENTREZID","7186","ENTREZID","8517","directed","Process(indirect effect)"
"ENTREZID","7187","ENTREZID","29110","directed","Process(activation)"
"ENTREZID","7187","ENTREZID","29110","directed","Process(indirect effect)"
"ENTREZID","7187","ENTREZID","9641","directed","Process(activation)"
"ENTREZID","7187","ENTREZID","9641","directed","Process(indirect effect)"
"ENTREZID","7189","ENTREZID","8737","undirected","Binding"
"ENTREZID","7297","ENTREZID","6772","directed","Process(phosphorylation)"
"ENTREZID","7297","ENTREZID","6772","directed","Process(activation)"
"ENTREZID","7297","ENTREZID","6773","directed","Process(phosphorylation)"
"ENTREZID","7297","ENTREZID","6773","directed","Process(activation)"
"ENTREZID","7529","ENTREZID","369","directed","Process(inhibition)"
"ENTREZID","7529","ENTREZID","5894","directed","Process(inhibition)"
"ENTREZID","7529","ENTREZID","673","directed","Process(inhibition)"
"ENTREZID","7531","ENTREZID","369","directed","Process(inhibition)"
"ENTREZID","7531","ENTREZID","5894","directed","Process(inhibition)"
"ENTREZID","7531","ENTREZID","673","directed","Process(inhibition)"
"ENTREZID","7532","ENTREZID","369","directed","Process(inhibition)"
"ENTREZID","7532","ENTREZID","5894","directed","Process(inhibition)"
"ENTREZID","7532","ENTREZID","673","directed","Process(inhibition)"
"ENTREZID","7533","ENTREZID","369","directed","Process(inhibition)"
"ENTREZID","7533","ENTREZID","5894","directed","Process(inhibition)"
"ENTREZID","7533","ENTREZID","673","directed","Process(inhibition)"
"ENTREZID","7534","ENTREZID","369","directed","Process(inhibition)"
"ENTREZID","7534","ENTREZID","5894","directed","Process(inhibition)"
"ENTREZID","7534","ENTREZID","673","directed","Process(inhibition)"
"ENTREZID","841","ENTREZID","637","directed","Process(activation)"
"ENTREZID","841","ENTREZID","836","directed","Process(activation)"
"ENTREZID","842","ENTREZID","836","directed","Process(activation)"
"ENTREZID","8517","ENTREZID","4792","directed","Process(phosphorylation)"
"ENTREZID","8517","ENTREZID","4792","directed","Process(activation)"
"ENTREZID","8554","ENTREZID","6772","directed","Process(inhibition)"
"ENTREZID","8554","ENTREZID","6773","directed","Process(inhibition)"
"ENTREZID","8717","ENTREZID","7186","directed","Process(activation)"
"ENTREZID","8717","ENTREZID","8772","directed","Process(activation)"
"ENTREZID","8772","ENTREZID","841","directed","Process(activation)"
"ENTREZID","8837","ENTREZID","841","directed","Process(inhibition)"
"ENTREZID","9021","ENTREZID","6772","directed","Process(inhibition)"
"ENTREZID","9021","ENTREZID","6773","directed","Process(inhibition)"
"ENTREZID","9451","ENTREZID","1147","directed","Process(phosphorylation)"
"ENTREZID","9451","ENTREZID","1147","directed","Process(activation)"
"ENTREZID","9451","ENTREZID","1965","directed","Process(activation)"
"ENTREZID","9451","ENTREZID","3434","directed","Process(activation)"
"ENTREZID","9451","ENTREZID","3551","directed","Process(phosphorylation)"
"ENTREZID","9451","ENTREZID","3551","directed","Process(activation)"
"ENTREZID","9451","ENTREZID","439996","directed","Process(activation)"
"ENTREZID","9451","ENTREZID","8517","directed","Process(phosphorylation)"
"ENTREZID","9451","ENTREZID","8517","directed","Process(activation)"
"ENTREZID","9641","ENTREZID","3661","directed","Process(phosphorylation)"
"ENTREZID","9641","ENTREZID","3661","directed","Process(activation)"
"ENTREZID","9641","ENTREZID","3665","directed","Process(phosphorylation)"
"ENTREZID","9641","ENTREZID","3665","directed","Process(activation)"
