"src_type","src","dest_type","dest","direction","type"
"ENTREZID","10000","ENTREZID","1147","directed","Process(phosphorylation)"
"ENTREZID","10000","ENTREZID","1147","directed","Process(activation)"
"ENTREZID","10000","ENTREZID","3551","directed","Process(phosphorylation)"
"ENTREZID","10000","ENTREZID","3551","directed","Process(activation)"
"ENTREZID","10000","ENTREZID","572","directed","Process(inhibition)"
"ENTREZID","10000","ENTREZID","572","directed","Process(phosphorylation)"
"ENTREZID","10000","ENTREZID","8517","directed","Process(phosphorylation)"
"ENTREZID","10000","ENTREZID","8517","directed","Process(activation)"
"ENTREZID","100506742","ENTREZID","836","directed","Process(activation)"
"ENTREZID","1017","ENTREZID","5925","directed","Process(activation)"
"ENTREZID","1017","ENTREZID","890","undirected","Binding"
"ENTREZID","1017","ENTREZID","8900","undirected","Binding"
"ENTREZID","1017","ENTREZID","898","undirected","Binding"
"ENTREZID","1017","ENTREZID","9134","undirected","Binding"
"ENTREZID","1026","ENTREZID","1017","directed","Process(inhibition)"
"ENTREZID","1026","ENTREZID","890","directed","Process(inhibition)"
"ENTREZID","1026","ENTREZID","8900","directed","Process(inhibition)"
"ENTREZID","1026","ENTREZID","898","directed","Process(inhibition)"
"ENTREZID","1026","ENTREZID","9134","directed","Process(inhibition)"
"ENTREZID","10488","ENTREZID","1385","undirected","Binding"
"ENTREZID","10488","ENTREZID","1386","undirected","Binding"
"ENTREZID","10488","ENTREZID","1388","undirected","Binding"
"ENTREZID","10488","ENTREZID","148327","undirected","Binding"
"ENTREZID","10488","ENTREZID","3576","directed","Process(expression)"
"ENTREZID","10488","ENTREZID","468","undirected","Binding"
"ENTREZID","10488","ENTREZID","5111","directed","Process(expression)"
"ENTREZID","10488","ENTREZID","64764","undirected","Binding"
"ENTREZID","10488","ENTREZID","84699","undirected","Binding"
"ENTREZID","10488","ENTREZID","90993","undirected","Binding"
"ENTREZID","10488","ENTREZID","9586","undirected","Binding"
"ENTREZID","114609","ENTREZID","3654","directed","Process(activation)"
"ENTREZID","114609","ENTREZID","4615","undirected","Binding"
"ENTREZID","114609","ENTREZID","51135","directed","Process(activation)"
"ENTREZID","1147","ENTREZID","4792","directed","Process(phosphorylation)"
"ENTREZID","1147","ENTREZID","4792","directed","Process(activation)"
"ENTREZID","1385","ENTREZID","1386","undirected","Binding"
"ENTREZID","1385","ENTREZID","1388","undirected","Binding"
"ENTREZID","1385","ENTREZID","148327","undirected","Binding"
"ENTREZID","1385","ENTREZID","3576","directed","Process(expression)"
"ENTREZID","1385","ENTREZID","468","undirected","Binding"
"ENTREZID","1385","ENTREZID","5111","directed","Process(expression)"
"ENTREZID","1385","ENTREZID","64764","undirected","Binding"
"ENTREZID","1385","ENTREZID","84699","undirected","Binding"
"ENTREZID","1385","ENTREZID","90993","undirected","Binding"
"ENTREZID","1385","ENTREZID","9586","undirected","Binding"
"ENTREZID","1386","ENTREZID","1388","undirected","Binding"
"ENTREZID","1386","ENTREZID","148327","undirected","Binding"
"ENTREZID","1386","ENTREZID","3576","directed","Process(expression)"
"ENTREZID","1386","ENTREZID","468","undirected","Binding"
"ENTREZID","1386","ENTREZID","5111","directed","Process(expression)"
"ENTREZID","1386","ENTREZID","64764","undirected","Binding"
"ENTREZID","1386","ENTREZID","84699","undirected","Binding"
"ENTREZID","1386","ENTREZID","90993","undirected","Binding"
"ENTREZID","1386","ENTREZID","9586","undirected","Binding"
"ENTREZID","1388","ENTREZID","148327","undirected","Binding"
"ENTREZID","1388","ENTREZID","3576","directed","Process(expression)"
"ENTREZID","1388","ENTREZID","468","undirected","Binding"
"ENTREZID","1388","ENTREZID","5111","directed","Process(expression)"
"ENTREZID","1388","ENTREZID","64764","undirected","Binding"
"ENTREZID","1388","ENTREZID","84699","undirected","Binding"
"ENTREZID","1388","ENTREZID","90993","undirected","Binding"
"ENTREZID","1388","ENTREZID","9586","undirected","Binding"
"ENTREZID","1432","ENTREZID","3725","directed","Process(activation)"
"ENTREZID","1432","ENTREZID","5599","directed","Process(activation)"
"ENTREZID","1432","ENTREZID","5601","directed","Process(activation)"
"ENTREZID","1432","ENTREZID","5602","directed","Process(activation)"
"ENTREZID","148022","ENTREZID","7187","directed","Process(activation)"
"ENTREZID","148327","ENTREZID","3576","directed","Process(expression)"
"ENTREZID","148327","ENTREZID","468","undirected","Binding"
"ENTREZID","148327","ENTREZID","5111","directed","Process(expression)"
"ENTREZID","148327","ENTREZID","64764","undirected","Binding"
"ENTREZID","148327","ENTREZID","84699","undirected","Binding"
"ENTREZID","148327","ENTREZID","90993","undirected","Binding"
"ENTREZID","148327","ENTREZID","9586","undirected","Binding"
"ENTREZID","1959","ENTREZID","1387","directed","Process(binding/association)"
"ENTREZID","1959","ENTREZID","2033","directed","Process(binding/association)"
"ENTREZID","1959","ENTREZID","356","directed","Process(expression)"
"ENTREZID","1960","ENTREZID","1387","directed","Process(binding/association)"
"ENTREZID","1960","ENTREZID","2033","directed","Process(binding/association)"
"ENTREZID","1960","ENTREZID","356","directed","Process(expression)"
"ENTREZID","207","ENTREZID","1147","directed","Process(phosphorylation)"
"ENTREZID","207","ENTREZID","1147","directed","Process(activation)"
"ENTREZID","207","ENTREZID","3551","directed","Process(phosphorylation)"
"ENTREZID","207","ENTREZID","3551","directed","Process(activation)"
"ENTREZID","207","ENTREZID","572","directed","Process(inhibition)"
"ENTREZID","207","ENTREZID","572","directed","Process(phosphorylation)"
"ENTREZID","207","ENTREZID","8517","directed","Process(phosphorylation)"
"ENTREZID","207","ENTREZID","8517","directed","Process(activation)"
"ENTREZID","208","ENTREZID","1147","directed","Process(phosphorylation)"
"ENTREZID","208","ENTREZID","1147","directed","Process(activation)"
"ENTREZID","208","ENTREZID","3551","directed","Process(phosphorylation)"
"ENTREZID","208","ENTREZID","3551","directed","Process(activation)"
"ENTREZID","208","ENTREZID","572","directed","Process(inhibition)"
"ENTREZID","208","ENTREZID","572","directed","Process(phosphorylation)"
"ENTREZID","208","ENTREZID","8517","directed","Process(phosphorylation)"
"ENTREZID","208","ENTREZID","8517","directed","Process(activation)"
"ENTREZID","2185","ENTREZID","6714","directed","Process(activation)"
"ENTREZID","2353","ENTREZID","4318","directed","Process(expression)"
"ENTREZID","23586","ENTREZID","57506","directed","Process(activation)"
"ENTREZID","2885","ENTREZID","6654","directed","Process(activation)"
"ENTREZID","2885","ENTREZID","6655","directed","Process(activation)"
"ENTREZID","29110","ENTREZID","3661","directed","Process(phosphorylation)"
"ENTREZID","29110","ENTREZID","3661","directed","Process(activation)"
"ENTREZID","29110","ENTREZID","3665","directed","Process(phosphorylation)"
"ENTREZID","29110","ENTREZID","3665","directed","Process(activation)"
"ENTREZID","29110","ENTREZID","9641","undirected","Binding"
"ENTREZID","317","ENTREZID","54205","directed","Process(binding/association)"
"ENTREZID","317","ENTREZID","842","directed","Process(activation)"
"ENTREZID","3265","ENTREZID","369","directed","Process(activation)"
"ENTREZID","3265","ENTREZID","4214","directed","Process(activation)"
"ENTREZID","3265","ENTREZID","5894","directed","Process(activation)"
"ENTREZID","3265","ENTREZID","673","directed","Process(activation)"
"ENTREZID","332","ENTREZID","836","directed","Process(inhibition)"
"ENTREZID","332","ENTREZID","842","directed","Process(inhibition)"
"ENTREZID","3439","ENTREZID","3454","directed","Process(activation)"
"ENTREZID","3440","ENTREZID","3454","directed","Process(activation)"
"ENTREZID","3441","ENTREZID","3454","directed","Process(activation)"
"ENTREZID","3442","ENTREZID","3454","directed","Process(activation)"
"ENTREZID","3443","ENTREZID","3454","directed","Process(activation)"
"ENTREZID","3444","ENTREZID","3454","directed","Process(activation)"
"ENTREZID","3445","ENTREZID","3454","directed","Process(activation)"
"ENTREZID","3446","ENTREZID","3454","directed","Process(activation)"
"ENTREZID","3447","ENTREZID","3454","directed","Process(activation)"
"ENTREZID","3448","ENTREZID","3454","directed","Process(activation)"
"ENTREZID","3449","ENTREZID","3454","directed","Process(activation)"
"ENTREZID","3451","ENTREZID","3454","directed","Process(activation)"
"ENTREZID","3452","ENTREZID","3454","directed","Process(activation)"
"ENTREZID","3454","ENTREZID","6772","directed","Process(phosphorylation)"
"ENTREZID","3454","ENTREZID","6772","directed","Process(activation)"
"ENTREZID","3454","ENTREZID","6772","directed","Process(indirect effect)"
"ENTREZID","3454","ENTREZID","6773","directed","Process(phosphorylation)"
"ENTREZID","3454","ENTREZID","6773","directed","Process(activation)"
"ENTREZID","3454","ENTREZID","6773","directed","Process(indirect effect)"
"ENTREZID","353376","ENTREZID","148022","directed","Process(activation)"
"ENTREZID","355","ENTREZID","8772","directed","Process(activation)"
"ENTREZID","3551","ENTREZID","4792","directed","Process(phosphorylation)"
"ENTREZID","3551","ENTREZID","4792","directed","Process(activation)"
"ENTREZID","356","ENTREZID","355","directed","Process(activation)"
"ENTREZID","3654","ENTREZID","114609","directed","Process(activation)"
"ENTREZID","3654","ENTREZID","51135","undirected","Binding"
"ENTREZID","3661","ENTREZID","3439","directed","Process(expression)"
"ENTREZID","3661","ENTREZID","3440","directed","Process(expression)"
"ENTREZID","3661","ENTREZID","3441","directed","Process(expression)"
"ENTREZID","3661","ENTREZID","3442","directed","Process(expression)"
"ENTREZID","3661","ENTREZID","3443","directed","Process(expression)"
"ENTREZID","3661","ENTREZID","3444","directed","Process(expression)"
"ENTREZID","3661","ENTREZID","3445","directed","Process(expression)"
"ENTREZID","3661","ENTREZID","3446","directed","Process(expression)"
"ENTREZID","3661","ENTREZID","3447","directed","Process(expression)"
"ENTREZID","3661","ENTREZID","3448","directed","Process(expression)"
"ENTREZID","3661","ENTREZID","3449","directed","Process(expression)"
"ENTREZID","3661","ENTREZID","3451","directed","Process(expression)"
"ENTREZID","3661","ENTREZID","3452","directed","Process(expression)"
"ENTREZID","3661","ENTREZID","3456","directed","Process(expression)"
"ENTREZID","3665","ENTREZID","3439","directed","Process(expression)"
"ENTREZID","3665","ENTREZID","3440","directed","Process(expression)"
"ENTREZID","3665","ENTREZID","3441","directed","Process(expression)"
"ENTREZID","3665","ENTREZID","3442","directed","Process(expression)"
"ENTREZID","3665","ENTREZID","3443","directed","Process(expression)"
"ENTREZID","3665","ENTREZID","3444","directed","Process(expression)"
"ENTREZID","3665","ENTREZID","3445","directed","Process(expression)"
"ENTREZID","3665","ENTREZID","3446","directed","Process(expression)"
"ENTREZID","3665","ENTREZID","3447","directed","Process(expression)"
"ENTREZID","3665","ENTREZID","3448","directed","Process(expression)"
"ENTREZID","3665","ENTREZID","3449","directed","Process(expression)"
"ENTREZID","3665","ENTREZID","3451","directed","Process(expression)"
"ENTREZID","3665","ENTREZID","3452","directed","Process(expression)"
"ENTREZID","3665","ENTREZID","3456","directed","Process(expression)"
"ENTREZID","369","ENTREZID","5604","directed","Process(phosphorylation)"
"ENTREZID","369","ENTREZID","5604","directed","Process(activation)"
"ENTREZID","369","ENTREZID","5605","directed","Process(phosphorylation)"
"ENTREZID","369","ENTREZID","5605","directed","Process(activation)"
"ENTREZID","3716","ENTREZID","6772","directed","Process(phosphorylation)"
"ENTREZID","3716","ENTREZID","6772","directed","Process(activation)"
"ENTREZID","3716","ENTREZID","6773","directed","Process(phosphorylation)"
"ENTREZID","3716","ENTREZID","6773","directed","Process(activation)"
"ENTREZID","3716","ENTREZID","6774","directed","Process(phosphorylation)"
"ENTREZID","3716","ENTREZID","6774","directed","Process(activation)"
"ENTREZID","3716","ENTREZID","6775","directed","Process(phosphorylation)"
"ENTREZID","3716","ENTREZID","6775","directed","Process(activation)"
"ENTREZID","3716","ENTREZID","6776","directed","Process(phosphorylation)"
"ENTREZID","3716","ENTREZID","6776","directed","Process(activation)"
"ENTREZID","3716","ENTREZID","6777","directed","Process(phosphorylation)"
"ENTREZID","3716","ENTREZID","6777","directed","Process(activation)"
"ENTREZID","3716","ENTREZID","6778","directed","Process(phosphorylation)"
"ENTREZID","3716","ENTREZID","6778","directed","Process(activation)"
"ENTREZID","3717","ENTREZID","6772","directed","Process(phosphorylation)"
"ENTREZID","3717","ENTREZID","6772","directed","Process(activation)"
"ENTREZID","3717","ENTREZID","6773","directed","Process(phosphorylation)"
"ENTREZID","3717","ENTREZID","6773","directed","Process(activation)"
"ENTREZID","3717","ENTREZID","6774","directed","Process(phosphorylation)"
"ENTREZID","3717","ENTREZID","6774","directed","Process(activation)"
"ENTREZID","3717","ENTREZID","6775","directed","Process(phosphorylation)"
"ENTREZID","3717","ENTREZID","6775","directed","Process(activation)"
"ENTREZID","3717","ENTREZID","6776","directed","Process(phosphorylation)"
"ENTREZID","3717","ENTREZID","6776","directed","Process(activation)"
"ENTREZID","3717","ENTREZID","6777","directed","Process(phosphorylation)"
"ENTREZID","3717","ENTREZID","6777","directed","Process(activation)"
"ENTREZID","3717","ENTREZID","6778","directed","Process(phosphorylation)"
"ENTREZID","3717","ENTREZID","6778","directed","Process(activation)"
"ENTREZID","3718","ENTREZID","6772","directed","Process(phosphorylation)"
"ENTREZID","3718","ENTREZID","6772","directed","Process(activation)"
"ENTREZID","3718","ENTREZID","6773","directed","Process(phosphorylation)"
"ENTREZID","3718","ENTREZID","6773","directed","Process(activation)"
"ENTREZID","3718","ENTREZID","6774","directed","Process(phosphorylation)"
"ENTREZID","3718","ENTREZID","6774","directed","Process(activation)"
"ENTREZID","3718","ENTREZID","6775","directed","Process(phosphorylation)"
"ENTREZID","3718","ENTREZID","6775","directed","Process(activation)"
"ENTREZID","3718","ENTREZID","6776","directed","Process(phosphorylation)"
"ENTREZID","3718","ENTREZID","6776","directed","Process(activation)"
"ENTREZID","3718","ENTREZID","6777","directed","Process(phosphorylation)"
"ENTREZID","3718","ENTREZID","6777","directed","Process(activation)"
"ENTREZID","3718","ENTREZID","6778","directed","Process(phosphorylation)"
"ENTREZID","3718","ENTREZID","6778","directed","Process(activation)"
"ENTREZID","3725","ENTREZID","4318","directed","Process(expression)"
"ENTREZID","3845","ENTREZID","369","directed","Process(activation)"
"ENTREZID","3845","ENTREZID","4214","directed","Process(activation)"
"ENTREZID","3845","ENTREZID","5894","directed","Process(activation)"
"ENTREZID","3845","ENTREZID","673","directed","Process(activation)"
"ENTREZID","4088","ENTREZID","1026","directed","Process(expression)"
"ENTREZID","4088","ENTREZID","4609","directed","Process(expression)"
"ENTREZID","4615","ENTREZID","3654","directed","Process(activation)"
"ENTREZID","4615","ENTREZID","51135","directed","Process(activation)"
"ENTREZID","468","ENTREZID","3576","directed","Process(expression)"
"ENTREZID","468","ENTREZID","5111","directed","Process(expression)"
"ENTREZID","468","ENTREZID","64764","undirected","Binding"
"ENTREZID","468","ENTREZID","84699","undirected","Binding"
"ENTREZID","468","ENTREZID","90993","undirected","Binding"
"ENTREZID","468","ENTREZID","9586","undirected","Binding"
"ENTREZID","4772","ENTREZID","7124","directed","Process(expression)"
"ENTREZID","4773","ENTREZID","7124","directed","Process(expression)"
"ENTREZID","4775","ENTREZID","7124","directed","Process(expression)"
"ENTREZID","4776","ENTREZID","7124","directed","Process(expression)"
"ENTREZID","4790","ENTREZID","3569","directed","Process(expression)"
"ENTREZID","4790","ENTREZID","4318","directed","Process(expression)"
"ENTREZID","4790","ENTREZID","4792","directed","Process(dissociation)"
"ENTREZID","4790","ENTREZID","596","directed","Process(expression)"
"ENTREZID","4790","ENTREZID","5970","directed","Process(inhibition)"
"ENTREZID","4790","ENTREZID","7124","directed","Process(expression)"
"ENTREZID","4792","ENTREZID","4790","directed","Process(dissociation)"
"ENTREZID","4792","ENTREZID","5970","directed","Process(dissociation)"
"ENTREZID","4893","ENTREZID","369","directed","Process(activation)"
"ENTREZID","4893","ENTREZID","4214","directed","Process(activation)"
"ENTREZID","4893","ENTREZID","5894","directed","Process(activation)"
"ENTREZID","4893","ENTREZID","673","directed","Process(activation)"
"ENTREZID","51135","ENTREZID","114609","directed","Process(activation)"
"ENTREZID","51135","ENTREZID","7099","directed","Process(activation)"
"ENTREZID","51135","ENTREZID","7189","directed","Process(activation)"
"ENTREZID","5290","ENTREZID","10000","directed","Process(phosphorylation)"
"ENTREZID","5290","ENTREZID","10000","directed","Process(activation)"
"ENTREZID","5290","ENTREZID","10000","directed","Process(indirect effect)"
"ENTREZID","5290","ENTREZID","207","directed","Process(phosphorylation)"
"ENTREZID","5290","ENTREZID","207","directed","Process(activation)"
"ENTREZID","5290","ENTREZID","207","directed","Process(indirect effect)"
"ENTREZID","5290","ENTREZID","208","directed","Process(phosphorylation)"
"ENTREZID","5290","ENTREZID","208","directed","Process(activation)"
"ENTREZID","5290","ENTREZID","208","directed","Process(indirect effect)"
"ENTREZID","5291","ENTREZID","10000","directed","Process(phosphorylation)"
"ENTREZID","5291","ENTREZID","10000","directed","Process(activation)"
"ENTREZID","5291","ENTREZID","10000","directed","Process(indirect effect)"
"ENTREZID","5291","ENTREZID","207","directed","Process(phosphorylation)"
"ENTREZID","5291","ENTREZID","207","directed","Process(activation)"
"ENTREZID","5291","ENTREZID","207","directed","Process(indirect effect)"
"ENTREZID","5291","ENTREZID","208","directed","Process(phosphorylation)"
"ENTREZID","5291","ENTREZID","208","directed","Process(activation)"
"ENTREZID","5291","ENTREZID","208","directed","Process(indirect effect)"
"ENTREZID","5293","ENTREZID","10000","directed","Process(phosphorylation)"
"ENTREZID","5293","ENTREZID","10000","directed","Process(activation)"
"ENTREZID","5293","ENTREZID","10000","directed","Process(indirect effect)"
"ENTREZID","5293","ENTREZID","207","directed","Process(phosphorylation)"
"ENTREZID","5293","ENTREZID","207","directed","Process(activation)"
"ENTREZID","5293","ENTREZID","207","directed","Process(indirect effect)"
"ENTREZID","5293","ENTREZID","208","directed","Process(phosphorylation)"
"ENTREZID","5293","ENTREZID","208","directed","Process(activation)"
"ENTREZID","5293","ENTREZID","208","directed","Process(indirect effect)"
"ENTREZID","5295","ENTREZID","10000","directed","Process(phosphorylation)"
"ENTREZID","5295","ENTREZID","10000","directed","Process(activation)"
"ENTREZID","5295","ENTREZID","10000","directed","Process(indirect effect)"
"ENTREZID","5295","ENTREZID","207","directed","Process(phosphorylation)"
"ENTREZID","5295","ENTREZID","207","directed","Process(activation)"
"ENTREZID","5295","ENTREZID","207","directed","Process(indirect effect)"
"ENTREZID","5295","ENTREZID","208","directed","Process(phosphorylation)"
"ENTREZID","5295","ENTREZID","208","directed","Process(activation)"
"ENTREZID","5295","ENTREZID","208","directed","Process(indirect effect)"
"ENTREZID","5296","ENTREZID","10000","directed","Process(phosphorylation)"
"ENTREZID","5296","ENTREZID","10000","directed","Process(activation)"
"ENTREZID","5296","ENTREZID","10000","directed","Process(indirect effect)"
"ENTREZID","5296","ENTREZID","207","directed","Process(phosphorylation)"
"ENTREZID","5296","ENTREZID","207","directed","Process(activation)"
"ENTREZID","5296","ENTREZID","207","directed","Process(indirect effect)"
"ENTREZID","5296","ENTREZID","208","directed","Process(phosphorylation)"
"ENTREZID","5296","ENTREZID","208","directed","Process(activation)"
"ENTREZID","5296","ENTREZID","208","directed","Process(indirect effect)"
"ENTREZID","537","ENTREZID","5578","directed","Process(binding/association)"
"ENTREZID","537","ENTREZID","5579","directed","Process(binding/association)"
"ENTREZID","537","ENTREZID","5582","directed","Process(binding/association)"
"ENTREZID","5578","ENTREZID","369","directed","Process(activation)"
"ENTREZID","5578","ENTREZID","5894","directed","Process(activation)"
"ENTREZID","5578","ENTREZID","673","directed","Process(activation)"
"ENTREZID","5579","ENTREZID","369","directed","Process(activation)"
"ENTREZID","5579","ENTREZID","5894","directed","Process(activation)"
"ENTREZID","5579","ENTREZID","673","directed","Process(activation)"
"ENTREZID","5582","ENTREZID","369","directed","Process(activation)"
"ENTREZID","5582","ENTREZID","5894","directed","Process(activation)"
"ENTREZID","5582","ENTREZID","673","directed","Process(activation)"
"ENTREZID","5594","ENTREZID","10488","directed","Process(phosphorylation)"
"ENTREZID","5594","ENTREZID","10488","directed","Process(activation)"
"ENTREZID","5594","ENTREZID","10488","directed","Process(indirect effect)"
"ENTREZID","5594","ENTREZID","1385","directed","Process(phosphorylation)"
"ENTREZID","5594","ENTREZID","1385","directed","Process(activation)"
"ENTREZID","5594","ENTREZID","1385","directed","Process(indirect effect)"
"ENTREZID","5594","ENTREZID","1386","directed","Process(phosphorylation)"
"ENTREZID","5594","ENTREZID","1386","directed","Process(activation)"
"ENTREZID","5594","ENTREZID","1386","directed","Process(indirect effect)"
"ENTREZID","5594","ENTREZID","1388","directed","Process(phosphorylation)"
"ENTREZID","5594","ENTREZID","1388","directed","Process(activation)"
"ENTREZID","5594","ENTREZID","1388","directed","Process(indirect effect)"
"ENTREZID","5594","ENTREZID","148327","directed","Process(phosphorylation)"
"ENTREZID","5594","ENTREZID","148327","directed","Process(activation)"
"ENTREZID","5594","ENTREZID","148327","directed","Process(indirect effect)"
"ENTREZID","5594","ENTREZID","468","directed","Process(phosphorylation)"
"ENTREZID","5594","ENTREZID","468","directed","Process(activation)"
"ENTREZID","5594","ENTREZID","468","directed","Process(indirect effect)"
"ENTREZID","5594","ENTREZID","64764","directed","Process(phosphorylation)"
"ENTREZID","5594","ENTREZID","64764","directed","Process(activation)"
"ENTREZID","5594","ENTREZID","64764","directed","Process(indirect effect)"
"ENTREZID","5594","ENTREZID","84699","directed","Process(phosphorylation)"
"ENTREZID","5594","ENTREZID","84699","directed","Process(activation)"
"ENTREZID","5594","ENTREZID","84699","directed","Process(indirect effect)"
"ENTREZID","5594","ENTREZID","90993","directed","Process(phosphorylation)"
"ENTREZID","5594","ENTREZID","90993","directed","Process(activation)"
"ENTREZID","5594","ENTREZID","90993","directed","Process(indirect effect)"
"ENTREZID","5594","ENTREZID","9586","directed","Process(phosphorylation)"
"ENTREZID","5594","ENTREZID","9586","directed","Process(activation)"
"ENTREZID","5594","ENTREZID","9586","directed","Process(indirect effect)"
"ENTREZID","5595","ENTREZID","10488","directed","Process(phosphorylation)"
"ENTREZID","5595","ENTREZID","10488","directed","Process(activation)"
"ENTREZID","5595","ENTREZID","10488","directed","Process(indirect effect)"
"ENTREZID","5595","ENTREZID","1385","directed","Process(phosphorylation)"
"ENTREZID","5595","ENTREZID","1385","directed","Process(activation)"
"ENTREZID","5595","ENTREZID","1385","directed","Process(indirect effect)"
"ENTREZID","5595","ENTREZID","1386","directed","Process(phosphorylation)"
"ENTREZID","5595","ENTREZID","1386","directed","Process(activation)"
"ENTREZID","5595","ENTREZID","1386","directed","Process(indirect effect)"
"ENTREZID","5595","ENTREZID","1388","directed","Process(phosphorylation)"
"ENTREZID","5595","ENTREZID","1388","directed","Process(activation)"
"ENTREZID","5595","ENTREZID","1388","directed","Process(indirect effect)"
"ENTREZID","5595","ENTREZID","148327","directed","Process(phosphorylation)"
"ENTREZID","5595","ENTREZID","148327","directed","Process(activation)"
"ENTREZID","5595","ENTREZID","148327","directed","Process(indirect effect)"
"ENTREZID","5595","ENTREZID","468","directed","Process(phosphorylation)"
"ENTREZID","5595","ENTREZID","468","directed","Process(activation)"
"ENTREZID","5595","ENTREZID","468","directed","Process(indirect effect)"
"ENTREZID","5595","ENTREZID","64764","directed","Process(phosphorylation)"
"ENTREZID","5595","ENTREZID","64764","directed","Process(activation)"
"ENTREZID","5595","ENTREZID","64764","directed","Process(indirect effect)"
"ENTREZID","5595","ENTREZID","84699","directed","Process(phosphorylation)"
"ENTREZID","5595","ENTREZID","84699","directed","Process(activation)"
"ENTREZID","5595","ENTREZID","84699","directed","Process(indirect effect)"
"ENTREZID","5595","ENTREZID","90993","directed","Process(phosphorylation)"
"ENTREZID","5595","ENTREZID","90993","directed","Process(activation)"
"ENTREZID","5595","ENTREZID","90993","directed","Process(indirect effect)"
"ENTREZID","5595","ENTREZID","9586","directed","Process(phosphorylation)"
"ENTREZID","5595","ENTREZID","9586","directed","Process(activation)"
"ENTREZID","5595","ENTREZID","9586","directed","Process(indirect effect)"
"ENTREZID","5599","ENTREZID","3725","directed","Process(phosphorylation)"
"ENTREZID","5599","ENTREZID","3725","directed","Process(activation)"
"ENTREZID","5599","ENTREZID","4088","directed","Process(phosphorylation)"
"ENTREZID","5599","ENTREZID","4088","directed","Process(activation)"
"ENTREZID","5599","ENTREZID","4089","directed","Process(activation)"
"ENTREZID","5599","ENTREZID","6714","directed","Process(activation)"
"ENTREZID","5600","ENTREZID","3725","directed","Process(activation)"
"ENTREZID","5600","ENTREZID","5599","directed","Process(activation)"
"ENTREZID","5600","ENTREZID","5601","directed","Process(activation)"
"ENTREZID","5600","ENTREZID","5602","directed","Process(activation)"
"ENTREZID","5601","ENTREZID","3725","directed","Process(phosphorylation)"
"ENTREZID","5601","ENTREZID","3725","directed","Process(activation)"
"ENTREZID","5601","ENTREZID","4088","directed","Process(phosphorylation)"
"ENTREZID","5601","ENTREZID","4088","directed","Process(activation)"
"ENTREZID","5601","ENTREZID","4089","directed","Process(activation)"
"ENTREZID","5601","ENTREZID","6714","directed","Process(activation)"
"ENTREZID","5602","ENTREZID","3725","directed","Process(phosphorylation)"
"ENTREZID","5602","ENTREZID","3725","directed","Process(activation)"
"ENTREZID","5602","ENTREZID","4088","directed","Process(phosphorylation)"
"ENTREZID","5602","ENTREZID","4088","directed","Process(activation)"
"ENTREZID","5602","ENTREZID","4089","directed","Process(activation)"
"ENTREZID","5602","ENTREZID","6714","directed","Process(activation)"
"ENTREZID","5603","ENTREZID","3725","directed","Process(activation)"
"ENTREZID","5603","ENTREZID","5599","directed","Process(activation)"
"ENTREZID","5603","ENTREZID","5601","directed","Process(activation)"
"ENTREZID","5603","ENTREZID","5602","directed","Process(activation)"
"ENTREZID","5604","ENTREZID","1432","directed","Process(phosphorylation)"
"ENTREZID","5604","ENTREZID","1432","directed","Process(activation)"
"ENTREZID","5604","ENTREZID","5594","directed","Process(phosphorylation)"
"ENTREZID","5604","ENTREZID","5594","directed","Process(activation)"
"ENTREZID","5604","ENTREZID","5595","directed","Process(phosphorylation)"
"ENTREZID","5604","ENTREZID","5595","directed","Process(activation)"
"ENTREZID","5604","ENTREZID","5599","directed","Process(phosphorylation)"
"ENTREZID","5604","ENTREZID","5599","directed","Process(activation)"
"ENTREZID","5604","ENTREZID","5600","directed","Process(phosphorylation)"
"ENTREZID","5604","ENTREZID","5600","directed","Process(activation)"
"ENTREZID","5604","ENTREZID","5601","directed","Process(phosphorylation)"
"ENTREZID","5604","ENTREZID","5601","directed","Process(activation)"
"ENTREZID","5604","ENTREZID","5602","directed","Process(phosphorylation)"
"ENTREZID","5604","ENTREZID","5602","directed","Process(activation)"
"ENTREZID","5604","ENTREZID","5603","directed","Process(phosphorylation)"
"ENTREZID","5604","ENTREZID","5603","directed","Process(activation)"
"ENTREZID","5604","ENTREZID","6300","directed","Process(phosphorylation)"
"ENTREZID","5604","ENTREZID","6300","directed","Process(activation)"
"ENTREZID","5605","ENTREZID","1432","directed","Process(phosphorylation)"
"ENTREZID","5605","ENTREZID","1432","directed","Process(activation)"
"ENTREZID","5605","ENTREZID","5594","directed","Process(phosphorylation)"
"ENTREZID","5605","ENTREZID","5594","directed","Process(activation)"
"ENTREZID","5605","ENTREZID","5595","directed","Process(phosphorylation)"
"ENTREZID","5605","ENTREZID","5595","directed","Process(activation)"
"ENTREZID","5605","ENTREZID","5599","directed","Process(phosphorylation)"
"ENTREZID","5605","ENTREZID","5599","directed","Process(activation)"
"ENTREZID","5605","ENTREZID","5600","directed","Process(phosphorylation)"
"ENTREZID","5605","ENTREZID","5600","directed","Process(activation)"
"ENTREZID","5605","ENTREZID","5601","directed","Process(phosphorylation)"
"ENTREZID","5605","ENTREZID","5601","directed","Process(activation)"
"ENTREZID","5605","ENTREZID","5602","directed","Process(phosphorylation)"
"ENTREZID","5605","ENTREZID","5602","directed","Process(activation)"
"ENTREZID","5605","ENTREZID","5603","directed","Process(phosphorylation)"
"ENTREZID","5605","ENTREZID","5603","directed","Process(activation)"
"ENTREZID","5605","ENTREZID","6300","directed","Process(phosphorylation)"
"ENTREZID","5605","ENTREZID","6300","directed","Process(activation)"
"ENTREZID","5606","ENTREZID","1432","directed","Process(phosphorylation)"
"ENTREZID","5606","ENTREZID","1432","directed","Process(activation)"
"ENTREZID","5606","ENTREZID","5600","directed","Process(phosphorylation)"
"ENTREZID","5606","ENTREZID","5600","directed","Process(activation)"
"ENTREZID","5606","ENTREZID","5603","directed","Process(phosphorylation)"
"ENTREZID","5606","ENTREZID","5603","directed","Process(activation)"
"ENTREZID","5606","ENTREZID","6300","directed","Process(phosphorylation)"
"ENTREZID","5606","ENTREZID","6300","directed","Process(activation)"
"ENTREZID","5608","ENTREZID","1432","directed","Process(phosphorylation)"
"ENTREZID","5608","ENTREZID","1432","directed","Process(activation)"
"ENTREZID","5608","ENTREZID","5600","directed","Process(phosphorylation)"
"ENTREZID","5608","ENTREZID","5600","directed","Process(activation)"
"ENTREZID","5608","ENTREZID","5603","directed","Process(phosphorylation)"
"ENTREZID","5608","ENTREZID","5603","directed","Process(activation)"
"ENTREZID","5608","ENTREZID","6300","directed","Process(phosphorylation)"
"ENTREZID","5608","ENTREZID","6300","directed","Process(activation)"
"ENTREZID","57506","ENTREZID","7187","directed","Process(activation)"
"ENTREZID","5894","ENTREZID","5604","directed","Process(phosphorylation)"
"ENTREZID","5894","ENTREZID","5604","directed","Process(activation)"
"ENTREZID","5894","ENTREZID","5605","directed","Process(phosphorylation)"
"ENTREZID","5894","ENTREZID","5605","directed","Process(activation)"
"ENTREZID","5925","ENTREZID","1869","directed","Process(dissociation)"
"ENTREZID","5925","ENTREZID","1870","directed","Process(dissociation)"
"ENTREZID","5925","ENTREZID","1871","directed","Process(dissociation)"
"ENTREZID","596","ENTREZID","581","directed","Process(inhibition)"
"ENTREZID","5970","ENTREZID","3569","directed","Process(expression)"
"ENTREZID","5970","ENTREZID","4318","directed","Process(expression)"
"ENTREZID","5970","ENTREZID","4792","directed","Process(dissociation)"
"ENTREZID","5970","ENTREZID","596","directed","Process(expression)"
"ENTREZID","5970","ENTREZID","7124","directed","Process(expression)"
"ENTREZID","6300","ENTREZID","3725","directed","Process(activation)"
"ENTREZID","6300","ENTREZID","5599","directed","Process(activation)"
"ENTREZID","6300","ENTREZID","5601","directed","Process(activation)"
"ENTREZID","6300","ENTREZID","5602","directed","Process(activation)"
"ENTREZID","64135","ENTREZID","57506","directed","Process(activation)"
"ENTREZID","64764","ENTREZID","3576","directed","Process(expression)"
"ENTREZID","64764","ENTREZID","5111","directed","Process(expression)"
"ENTREZID","64764","ENTREZID","84699","undirected","Binding"
"ENTREZID","64764","ENTREZID","90993","undirected","Binding"
"ENTREZID","64764","ENTREZID","9586","undirected","Binding"
"ENTREZID","6654","ENTREZID","3265","directed","Process(activation)"
"ENTREZID","6654","ENTREZID","3845","directed","Process(activation)"
"ENTREZID","6654","ENTREZID","4893","directed","Process(activation)"
"ENTREZID","6655","ENTREZID","3265","directed","Process(activation)"
"ENTREZID","6655","ENTREZID","3845","directed","Process(activation)"
"ENTREZID","6655","ENTREZID","4893","directed","Process(activation)"
"ENTREZID","6714","ENTREZID","2885","directed","Process(activation)"
"ENTREZID","673","ENTREZID","5604","directed","Process(phosphorylation)"
"ENTREZID","673","ENTREZID","5604","directed","Process(activation)"
"ENTREZID","673","ENTREZID","5605","directed","Process(phosphorylation)"
"ENTREZID","673","ENTREZID","5605","directed","Process(activation)"
"ENTREZID","6772","ENTREZID","4615","directed","Process(expression)"
"ENTREZID","6772","ENTREZID","6773","undirected","Binding"
"ENTREZID","6773","ENTREZID","4615","directed","Process(expression)"
"ENTREZID","6885","ENTREZID","1147","directed","Process(phosphorylation)"
"ENTREZID","6885","ENTREZID","1147","directed","Process(activation)"
"ENTREZID","6885","ENTREZID","3551","directed","Process(phosphorylation)"
"ENTREZID","6885","ENTREZID","3551","directed","Process(activation)"
"ENTREZID","6885","ENTREZID","5604","directed","Process(phosphorylation)"
"ENTREZID","6885","ENTREZID","5604","directed","Process(activation)"
"ENTREZID","6885","ENTREZID","5605","directed","Process(phosphorylation)"
"ENTREZID","6885","ENTREZID","5605","directed","Process(activation)"
"ENTREZID","6885","ENTREZID","5606","directed","Process(phosphorylation)"
"ENTREZID","6885","ENTREZID","5606","directed","Process(activation)"
"ENTREZID","6885","ENTREZID","5608","directed","Process(phosphorylation)"
"ENTREZID","6885","ENTREZID","5608","directed","Process(activation)"
"ENTREZID","6885","ENTREZID","5609","directed","Process(phosphorylation)"
"ENTREZID","6885","ENTREZID","5609","directed","Process(activation)"
"ENTREZID","6885","ENTREZID","6416","directed","Process(phosphorylation)"
"ENTREZID","6885","ENTREZID","6416","directed","Process(activation)"
"ENTREZID","6885","ENTREZID","8517","directed","Process(phosphorylation)"
"ENTREZID","6885","ENTREZID","8517","directed","Process(activation)"
"ENTREZID","7040","ENTREZID","7046","directed","Process(activation)"
"ENTREZID","7040","ENTREZID","7048","directed","Process(activation)"
"ENTREZID","7042","ENTREZID","7046","directed","Process(activation)"
"ENTREZID","7042","ENTREZID","7048","directed","Process(activation)"
"ENTREZID","7043","ENTREZID","7046","directed","Process(activation)"
"ENTREZID","7043","ENTREZID","7048","directed","Process(activation)"
"ENTREZID","7046","ENTREZID","4088","directed","Process(phosphorylation)"
"ENTREZID","7046","ENTREZID","4088","directed","Process(activation)"
"ENTREZID","7046","ENTREZID","7048","undirected","Binding"
"ENTREZID","7097","ENTREZID","114609","directed","Process(activation)"
"ENTREZID","7097","ENTREZID","4615","directed","Process(activation)"
"ENTREZID","7098","ENTREZID","148022","directed","Process(activation)"
"ENTREZID","7099","ENTREZID","353376","directed","Process(activation)"
"ENTREZID","7157","ENTREZID","1026","directed","Process(expression)"
"ENTREZID","7157","ENTREZID","355","directed","Process(expression)"
"ENTREZID","7157","ENTREZID","581","directed","Process(expression)"
"ENTREZID","7187","ENTREZID","29110","directed","Process(activation)"
"ENTREZID","7189","ENTREZID","10454","directed","Process(activation)"
"ENTREZID","7297","ENTREZID","6772","directed","Process(phosphorylation)"
"ENTREZID","7297","ENTREZID","6772","directed","Process(activation)"
"ENTREZID","7297","ENTREZID","6773","directed","Process(phosphorylation)"
"ENTREZID","7297","ENTREZID","6773","directed","Process(activation)"
"ENTREZID","7297","ENTREZID","6774","directed","Process(phosphorylation)"
"ENTREZID","7297","ENTREZID","6774","directed","Process(activation)"
"ENTREZID","7297","ENTREZID","6775","directed","Process(phosphorylation)"
"ENTREZID","7297","ENTREZID","6775","directed","Process(activation)"
"ENTREZID","7297","ENTREZID","6776","directed","Process(phosphorylation)"
"ENTREZID","7297","ENTREZID","6776","directed","Process(activation)"
"ENTREZID","7297","ENTREZID","6777","directed","Process(phosphorylation)"
"ENTREZID","7297","ENTREZID","6777","directed","Process(activation)"
"ENTREZID","7297","ENTREZID","6778","directed","Process(phosphorylation)"
"ENTREZID","7297","ENTREZID","6778","directed","Process(activation)"
"ENTREZID","841","ENTREZID","637","directed","Process(activation)"
"ENTREZID","841","ENTREZID","836","directed","Process(activation)"
"ENTREZID","841","ENTREZID","843","undirected","Binding"
"ENTREZID","842","ENTREZID","836","directed","Process(activation)"
"ENTREZID","843","ENTREZID","637","directed","Process(activation)"
"ENTREZID","843","ENTREZID","836","directed","Process(activation)"
"ENTREZID","84699","ENTREZID","3576","directed","Process(expression)"
"ENTREZID","84699","ENTREZID","5111","directed","Process(expression)"
"ENTREZID","84699","ENTREZID","90993","undirected","Binding"
"ENTREZID","84699","ENTREZID","9586","undirected","Binding"
"ENTREZID","8503","ENTREZID","10000","directed","Process(phosphorylation)"
"ENTREZID","8503","ENTREZID","10000","directed","Process(activation)"
"ENTREZID","8503","ENTREZID","10000","directed","Process(indirect effect)"
"ENTREZID","8503","ENTREZID","207","directed","Process(phosphorylation)"
"ENTREZID","8503","ENTREZID","207","directed","Process(activation)"
"ENTREZID","8503","ENTREZID","207","directed","Process(indirect effect)"
"ENTREZID","8503","ENTREZID","208","directed","Process(phosphorylation)"
"ENTREZID","8503","ENTREZID","208","directed","Process(activation)"
"ENTREZID","8503","ENTREZID","208","directed","Process(indirect effect)"
"ENTREZID","8517","ENTREZID","4792","directed","Process(phosphorylation)"
"ENTREZID","8517","ENTREZID","4792","directed","Process(activation)"
"ENTREZID","8772","ENTREZID","841","directed","Process(activation)"
"ENTREZID","8772","ENTREZID","843","directed","Process(activation)"
"ENTREZID","890","ENTREZID","8900","undirected","Binding"
"ENTREZID","898","ENTREZID","5925","directed","Process(activation)"
"ENTREZID","898","ENTREZID","5925","directed","Process(dissociation)"
"ENTREZID","898","ENTREZID","9134","undirected","Binding"
"ENTREZID","90993","ENTREZID","3576","directed","Process(expression)"
"ENTREZID","90993","ENTREZID","5111","directed","Process(expression)"
"ENTREZID","90993","ENTREZID","9586","undirected","Binding"
"ENTREZID","9134","ENTREZID","5925","directed","Process(activation)"
"ENTREZID","9134","ENTREZID","5925","directed","Process(dissociation)"
"ENTREZID","9586","ENTREZID","3576","directed","Process(expression)"
"ENTREZID","9586","ENTREZID","5111","directed","Process(expression)"
"ENTREZID","9641","ENTREZID","3661","directed","Process(phosphorylation)"
"ENTREZID","9641","ENTREZID","3661","directed","Process(activation)"
"ENTREZID","9641","ENTREZID","3665","directed","Process(phosphorylation)"
"ENTREZID","9641","ENTREZID","3665","directed","Process(activation)"
