"src_type","src","dest_type","dest","direction","type"
"ENTREZID","10000","ENTREZID","1147","directed","Process(activation)"
"ENTREZID","10000","ENTREZID","1147","directed","Process(indirect effect)"
"ENTREZID","10000","ENTREZID","3551","directed","Process(activation)"
"ENTREZID","10000","ENTREZID","3551","directed","Process(indirect effect)"
"ENTREZID","10000","ENTREZID","3725","directed","Process(activation)"
"ENTREZID","10000","ENTREZID","3725","directed","Process(indirect effect)"
"ENTREZID","10000","ENTREZID","8517","directed","Process(activation)"
"ENTREZID","10000","ENTREZID","8517","directed","Process(indirect effect)"
"ENTREZID","1017","ENTREZID","5925","directed","Process(phosphorylation)"
"ENTREZID","1017","ENTREZID","5925","directed","Process(activation)"
"ENTREZID","1017","ENTREZID","890","undirected","Binding"
"ENTREZID","1017","ENTREZID","8900","undirected","Binding"
"ENTREZID","1017","ENTREZID","898","undirected","Binding"
"ENTREZID","1017","ENTREZID","9134","undirected","Binding"
"ENTREZID","1019","ENTREZID","5925","directed","Process(phosphorylation)"
"ENTREZID","1019","ENTREZID","5925","directed","Process(activation)"
"ENTREZID","1019","ENTREZID","595","undirected","Binding"
"ENTREZID","1019","ENTREZID","894","undirected","Binding"
"ENTREZID","1019","ENTREZID","896","undirected","Binding"
"ENTREZID","1026","ENTREZID","1017","directed","Process(inhibition)"
"ENTREZID","1026","ENTREZID","890","directed","Process(inhibition)"
"ENTREZID","1026","ENTREZID","8900","directed","Process(inhibition)"
"ENTREZID","1026","ENTREZID","898","directed","Process(inhibition)"
"ENTREZID","1026","ENTREZID","9134","directed","Process(inhibition)"
"ENTREZID","1029","ENTREZID","1019","directed","Process(inhibition)"
"ENTREZID","1029","ENTREZID","595","directed","Process(inhibition)"
"ENTREZID","1029","ENTREZID","894","directed","Process(inhibition)"
"ENTREZID","1029","ENTREZID","896","directed","Process(inhibition)"
"ENTREZID","1030","ENTREZID","1019","directed","Process(inhibition)"
"ENTREZID","1030","ENTREZID","595","directed","Process(inhibition)"
"ENTREZID","1030","ENTREZID","894","directed","Process(inhibition)"
"ENTREZID","1030","ENTREZID","896","directed","Process(inhibition)"
"ENTREZID","10393","ENTREZID","10744","directed","Process(inhibition)"
"ENTREZID","10393","ENTREZID","10744","directed","Process(ubiquitination)"
"ENTREZID","10393","ENTREZID","9133","directed","Process(inhibition)"
"ENTREZID","10393","ENTREZID","9133","directed","Process(ubiquitination)"
"ENTREZID","10393","ENTREZID","9232","directed","Process(inhibition)"
"ENTREZID","10393","ENTREZID","9232","directed","Process(ubiquitination)"
"ENTREZID","10488","ENTREZID","595","directed","Process(expression)"
"ENTREZID","10744","ENTREZID","9700","directed","Process(inhibition)"
"ENTREZID","1111","ENTREZID","7157","directed","Process(phosphorylation)"
"ENTREZID","1111","ENTREZID","7157","directed","Process(activation)"
"ENTREZID","11200","ENTREZID","7157","directed","Process(phosphorylation)"
"ENTREZID","11200","ENTREZID","7157","directed","Process(activation)"
"ENTREZID","1147","ENTREZID","3551","undirected","Binding"
"ENTREZID","1147","ENTREZID","4791","directed","Process(activation)"
"ENTREZID","1147","ENTREZID","4792","directed","Process(phosphorylation)"
"ENTREZID","1147","ENTREZID","4792","directed","Process(activation)"
"ENTREZID","1147","ENTREZID","5971","directed","Process(activation)"
"ENTREZID","1147","ENTREZID","8517","undirected","Binding"
"ENTREZID","115650","ENTREZID","9020","directed","Process(activation)"
"ENTREZID","115650","ENTREZID","9020","directed","Process(indirect effect)"
"ENTREZID","119504","ENTREZID","10744","directed","Process(inhibition)"
"ENTREZID","119504","ENTREZID","10744","directed","Process(ubiquitination)"
"ENTREZID","119504","ENTREZID","9133","directed","Process(inhibition)"
"ENTREZID","119504","ENTREZID","9133","directed","Process(ubiquitination)"
"ENTREZID","119504","ENTREZID","9232","directed","Process(inhibition)"
"ENTREZID","119504","ENTREZID","9232","directed","Process(ubiquitination)"
"ENTREZID","1385","ENTREZID","595","directed","Process(expression)"
"ENTREZID","1386","ENTREZID","595","directed","Process(expression)"
"ENTREZID","1388","ENTREZID","595","directed","Process(expression)"
"ENTREZID","148327","ENTREZID","595","directed","Process(expression)"
"ENTREZID","1739","ENTREZID","5728","directed","Process(activation)"
"ENTREZID","2002","ENTREZID","1958","directed","Process(expression)"
"ENTREZID","2002","ENTREZID","1959","directed","Process(expression)"
"ENTREZID","2002","ENTREZID","2005","undirected","Binding"
"ENTREZID","2002","ENTREZID","2113","undirected","Binding"
"ENTREZID","2002","ENTREZID","2114","undirected","Binding"
"ENTREZID","2002","ENTREZID","2353","directed","Process(expression)"
"ENTREZID","2002","ENTREZID","6688","undirected","Binding"
"ENTREZID","2002","ENTREZID","6722","undirected","Binding"
"ENTREZID","2002","ENTREZID","8061","directed","Process(expression)"
"ENTREZID","2005","ENTREZID","1958","directed","Process(expression)"
"ENTREZID","2005","ENTREZID","1959","directed","Process(expression)"
"ENTREZID","2005","ENTREZID","2113","undirected","Binding"
"ENTREZID","2005","ENTREZID","2114","undirected","Binding"
"ENTREZID","2005","ENTREZID","2353","directed","Process(expression)"
"ENTREZID","2005","ENTREZID","6688","undirected","Binding"
"ENTREZID","2005","ENTREZID","6722","undirected","Binding"
"ENTREZID","2005","ENTREZID","8061","directed","Process(expression)"
"ENTREZID","207","ENTREZID","1147","directed","Process(activation)"
"ENTREZID","207","ENTREZID","1147","directed","Process(indirect effect)"
"ENTREZID","207","ENTREZID","3551","directed","Process(activation)"
"ENTREZID","207","ENTREZID","3551","directed","Process(indirect effect)"
"ENTREZID","207","ENTREZID","3725","directed","Process(activation)"
"ENTREZID","207","ENTREZID","3725","directed","Process(indirect effect)"
"ENTREZID","207","ENTREZID","8517","directed","Process(activation)"
"ENTREZID","207","ENTREZID","8517","directed","Process(indirect effect)"
"ENTREZID","208","ENTREZID","1147","directed","Process(activation)"
"ENTREZID","208","ENTREZID","1147","directed","Process(indirect effect)"
"ENTREZID","208","ENTREZID","3551","directed","Process(activation)"
"ENTREZID","208","ENTREZID","3551","directed","Process(indirect effect)"
"ENTREZID","208","ENTREZID","3725","directed","Process(activation)"
"ENTREZID","208","ENTREZID","3725","directed","Process(indirect effect)"
"ENTREZID","208","ENTREZID","8517","directed","Process(activation)"
"ENTREZID","208","ENTREZID","8517","directed","Process(indirect effect)"
"ENTREZID","2113","ENTREZID","1958","directed","Process(expression)"
"ENTREZID","2113","ENTREZID","1959","directed","Process(expression)"
"ENTREZID","2113","ENTREZID","2114","undirected","Binding"
"ENTREZID","2113","ENTREZID","2353","directed","Process(expression)"
"ENTREZID","2113","ENTREZID","6688","undirected","Binding"
"ENTREZID","2113","ENTREZID","6722","undirected","Binding"
"ENTREZID","2113","ENTREZID","8061","directed","Process(expression)"
"ENTREZID","2114","ENTREZID","1958","directed","Process(expression)"
"ENTREZID","2114","ENTREZID","1959","directed","Process(expression)"
"ENTREZID","2114","ENTREZID","2353","directed","Process(expression)"
"ENTREZID","2114","ENTREZID","6688","undirected","Binding"
"ENTREZID","2114","ENTREZID","6722","undirected","Binding"
"ENTREZID","2114","ENTREZID","8061","directed","Process(expression)"
"ENTREZID","2224","ENTREZID","3265","directed","Process(activation)"
"ENTREZID","2224","ENTREZID","3265","directed","Process(indirect effect)"
"ENTREZID","2224","ENTREZID","3845","directed","Process(activation)"
"ENTREZID","2224","ENTREZID","3845","directed","Process(indirect effect)"
"ENTREZID","2224","ENTREZID","4893","directed","Process(activation)"
"ENTREZID","2224","ENTREZID","4893","directed","Process(indirect effect)"
"ENTREZID","246184","ENTREZID","10744","directed","Process(inhibition)"
"ENTREZID","246184","ENTREZID","10744","directed","Process(ubiquitination)"
"ENTREZID","246184","ENTREZID","9133","directed","Process(inhibition)"
"ENTREZID","246184","ENTREZID","9133","directed","Process(ubiquitination)"
"ENTREZID","246184","ENTREZID","9232","directed","Process(inhibition)"
"ENTREZID","246184","ENTREZID","9232","directed","Process(ubiquitination)"
"ENTREZID","25847","ENTREZID","10744","directed","Process(inhibition)"
"ENTREZID","25847","ENTREZID","10744","directed","Process(ubiquitination)"
"ENTREZID","25847","ENTREZID","9133","directed","Process(inhibition)"
"ENTREZID","25847","ENTREZID","9133","directed","Process(ubiquitination)"
"ENTREZID","25847","ENTREZID","9232","directed","Process(inhibition)"
"ENTREZID","25847","ENTREZID","9232","directed","Process(ubiquitination)"
"ENTREZID","25906","ENTREZID","10744","directed","Process(inhibition)"
"ENTREZID","25906","ENTREZID","10744","directed","Process(ubiquitination)"
"ENTREZID","25906","ENTREZID","9133","directed","Process(inhibition)"
"ENTREZID","25906","ENTREZID","9133","directed","Process(ubiquitination)"
"ENTREZID","25906","ENTREZID","9232","directed","Process(inhibition)"
"ENTREZID","25906","ENTREZID","9232","directed","Process(ubiquitination)"
"ENTREZID","29882","ENTREZID","10744","directed","Process(inhibition)"
"ENTREZID","29882","ENTREZID","10744","directed","Process(ubiquitination)"
"ENTREZID","29882","ENTREZID","9133","directed","Process(inhibition)"
"ENTREZID","29882","ENTREZID","9133","directed","Process(ubiquitination)"
"ENTREZID","29882","ENTREZID","9232","directed","Process(inhibition)"
"ENTREZID","29882","ENTREZID","9232","directed","Process(ubiquitination)"
"ENTREZID","29945","ENTREZID","10744","directed","Process(inhibition)"
"ENTREZID","29945","ENTREZID","10744","directed","Process(ubiquitination)"
"ENTREZID","29945","ENTREZID","9133","directed","Process(inhibition)"
"ENTREZID","29945","ENTREZID","9133","directed","Process(ubiquitination)"
"ENTREZID","29945","ENTREZID","9232","directed","Process(inhibition)"
"ENTREZID","29945","ENTREZID","9232","directed","Process(ubiquitination)"
"ENTREZID","3265","ENTREZID","5604","directed","Process(activation)"
"ENTREZID","3265","ENTREZID","5605","directed","Process(activation)"
"ENTREZID","3383","ENTREZID","3265","directed","Process(activation)"
"ENTREZID","3383","ENTREZID","3683","directed","Process(binding/association)"
"ENTREZID","3383","ENTREZID","3689","directed","Process(binding/association)"
"ENTREZID","3383","ENTREZID","3845","directed","Process(activation)"
"ENTREZID","3383","ENTREZID","4893","directed","Process(activation)"
"ENTREZID","3551","ENTREZID","4792","directed","Process(phosphorylation)"
"ENTREZID","3551","ENTREZID","4792","directed","Process(activation)"
"ENTREZID","3551","ENTREZID","8517","undirected","Binding"
"ENTREZID","3554","ENTREZID","4215","directed","Process(activation)"
"ENTREZID","3554","ENTREZID","4215","directed","Process(indirect effect)"
"ENTREZID","3560","ENTREZID","3716","directed","Process(activation)"
"ENTREZID","3560","ENTREZID","3718","directed","Process(activation)"
"ENTREZID","3561","ENTREZID","3716","directed","Process(activation)"
"ENTREZID","3561","ENTREZID","3718","directed","Process(activation)"
"ENTREZID","3683","ENTREZID","3383","directed","Process(binding/association)"
"ENTREZID","3689","ENTREZID","3383","directed","Process(binding/association)"
"ENTREZID","3716","ENTREZID","6776","directed","Process(phosphorylation)"
"ENTREZID","3716","ENTREZID","6776","directed","Process(activation)"
"ENTREZID","3716","ENTREZID","6777","directed","Process(phosphorylation)"
"ENTREZID","3716","ENTREZID","6777","directed","Process(activation)"
"ENTREZID","3718","ENTREZID","6776","directed","Process(phosphorylation)"
"ENTREZID","3718","ENTREZID","6776","directed","Process(activation)"
"ENTREZID","3718","ENTREZID","6777","directed","Process(phosphorylation)"
"ENTREZID","3718","ENTREZID","6777","directed","Process(activation)"
"ENTREZID","3725","ENTREZID","4316","directed","Process(expression)"
"ENTREZID","3845","ENTREZID","5604","directed","Process(activation)"
"ENTREZID","3845","ENTREZID","5605","directed","Process(activation)"
"ENTREZID","4055","ENTREZID","9020","directed","Process(activation)"
"ENTREZID","4055","ENTREZID","9020","directed","Process(indirect effect)"
"ENTREZID","4085","ENTREZID","701","undirected","Binding"
"ENTREZID","4085","ENTREZID","9184","undirected","Binding"
"ENTREZID","4085","ENTREZID","991","directed","Process(inhibition)"
"ENTREZID","4214","ENTREZID","6416","directed","Process(phosphorylation)"
"ENTREZID","4214","ENTREZID","6416","directed","Process(activation)"
"ENTREZID","4215","ENTREZID","1147","directed","Process(phosphorylation)"
"ENTREZID","4215","ENTREZID","1147","directed","Process(activation)"
"ENTREZID","4215","ENTREZID","3551","directed","Process(phosphorylation)"
"ENTREZID","4215","ENTREZID","3551","directed","Process(activation)"
"ENTREZID","4215","ENTREZID","8517","directed","Process(phosphorylation)"
"ENTREZID","4215","ENTREZID","8517","directed","Process(activation)"
"ENTREZID","4609","ENTREZID","7015","directed","Process(expression)"
"ENTREZID","4609","ENTREZID","894","directed","Process(expression)"
"ENTREZID","468","ENTREZID","595","directed","Process(expression)"
"ENTREZID","472","ENTREZID","1111","directed","Process(phosphorylation)"
"ENTREZID","472","ENTREZID","1111","directed","Process(activation)"
"ENTREZID","472","ENTREZID","11200","directed","Process(phosphorylation)"
"ENTREZID","472","ENTREZID","11200","directed","Process(activation)"
"ENTREZID","4772","ENTREZID","3558","directed","Process(expression)"
"ENTREZID","4773","ENTREZID","3558","directed","Process(expression)"
"ENTREZID","4775","ENTREZID","3558","directed","Process(expression)"
"ENTREZID","4776","ENTREZID","3558","directed","Process(expression)"
"ENTREZID","4790","ENTREZID","1437","directed","Process(expression)"
"ENTREZID","4790","ENTREZID","331","directed","Process(expression)"
"ENTREZID","4790","ENTREZID","3558","directed","Process(expression)"
"ENTREZID","4790","ENTREZID","3559","directed","Process(expression)"
"ENTREZID","4790","ENTREZID","3569","directed","Process(expression)"
"ENTREZID","4790","ENTREZID","3600","directed","Process(expression)"
"ENTREZID","4790","ENTREZID","3601","directed","Process(expression)"
"ENTREZID","4790","ENTREZID","4049","directed","Process(expression)"
"ENTREZID","4790","ENTREZID","598","directed","Process(expression)"
"ENTREZID","4791","ENTREZID","1437","directed","Process(expression)"
"ENTREZID","4791","ENTREZID","331","directed","Process(expression)"
"ENTREZID","4791","ENTREZID","3558","directed","Process(expression)"
"ENTREZID","4791","ENTREZID","3559","directed","Process(expression)"
"ENTREZID","4791","ENTREZID","3569","directed","Process(expression)"
"ENTREZID","4791","ENTREZID","3600","directed","Process(expression)"
"ENTREZID","4791","ENTREZID","3601","directed","Process(expression)"
"ENTREZID","4791","ENTREZID","4049","directed","Process(expression)"
"ENTREZID","4791","ENTREZID","598","directed","Process(expression)"
"ENTREZID","4792","ENTREZID","4790","directed","Process(dissociation)"
"ENTREZID","4792","ENTREZID","5970","directed","Process(dissociation)"
"ENTREZID","4801","ENTREZID","3108","directed","Process(expression)"
"ENTREZID","4801","ENTREZID","3109","directed","Process(expression)"
"ENTREZID","4801","ENTREZID","3111","directed","Process(expression)"
"ENTREZID","4801","ENTREZID","3112","directed","Process(expression)"
"ENTREZID","4801","ENTREZID","3113","directed","Process(expression)"
"ENTREZID","4801","ENTREZID","3115","directed","Process(expression)"
"ENTREZID","4801","ENTREZID","3117","directed","Process(expression)"
"ENTREZID","4801","ENTREZID","3118","directed","Process(expression)"
"ENTREZID","4801","ENTREZID","3119","directed","Process(expression)"
"ENTREZID","4801","ENTREZID","3122","directed","Process(expression)"
"ENTREZID","4801","ENTREZID","3123","directed","Process(expression)"
"ENTREZID","4801","ENTREZID","3125","directed","Process(expression)"
"ENTREZID","4801","ENTREZID","3126","directed","Process(expression)"
"ENTREZID","4801","ENTREZID","3127","directed","Process(expression)"
"ENTREZID","4893","ENTREZID","5604","directed","Process(activation)"
"ENTREZID","4893","ENTREZID","5605","directed","Process(activation)"
"ENTREZID","51433","ENTREZID","10744","directed","Process(inhibition)"
"ENTREZID","51433","ENTREZID","10744","directed","Process(ubiquitination)"
"ENTREZID","51433","ENTREZID","9133","directed","Process(inhibition)"
"ENTREZID","51433","ENTREZID","9133","directed","Process(ubiquitination)"
"ENTREZID","51433","ENTREZID","9232","directed","Process(inhibition)"
"ENTREZID","51433","ENTREZID","9232","directed","Process(ubiquitination)"
"ENTREZID","51434","ENTREZID","10744","directed","Process(inhibition)"
"ENTREZID","51434","ENTREZID","10744","directed","Process(ubiquitination)"
"ENTREZID","51434","ENTREZID","9133","directed","Process(inhibition)"
"ENTREZID","51434","ENTREZID","9133","directed","Process(ubiquitination)"
"ENTREZID","51434","ENTREZID","9232","directed","Process(inhibition)"
"ENTREZID","51434","ENTREZID","9232","directed","Process(ubiquitination)"
"ENTREZID","51529","ENTREZID","10744","directed","Process(inhibition)"
"ENTREZID","51529","ENTREZID","10744","directed","Process(ubiquitination)"
"ENTREZID","51529","ENTREZID","9133","directed","Process(inhibition)"
"ENTREZID","51529","ENTREZID","9133","directed","Process(ubiquitination)"
"ENTREZID","51529","ENTREZID","9232","directed","Process(inhibition)"
"ENTREZID","51529","ENTREZID","9232","directed","Process(ubiquitination)"
"ENTREZID","545","ENTREZID","1111","directed","Process(phosphorylation)"
"ENTREZID","545","ENTREZID","1111","directed","Process(activation)"
"ENTREZID","545","ENTREZID","11200","directed","Process(phosphorylation)"
"ENTREZID","545","ENTREZID","11200","directed","Process(activation)"
"ENTREZID","5530","ENTREZID","4772","directed","Process(activation)"
"ENTREZID","5530","ENTREZID","4772","directed","Process(dephosphorylation)"
"ENTREZID","5530","ENTREZID","4773","directed","Process(activation)"
"ENTREZID","5530","ENTREZID","4773","directed","Process(dephosphorylation)"
"ENTREZID","5530","ENTREZID","4775","directed","Process(activation)"
"ENTREZID","5530","ENTREZID","4775","directed","Process(dephosphorylation)"
"ENTREZID","5530","ENTREZID","4776","directed","Process(activation)"
"ENTREZID","5530","ENTREZID","4776","directed","Process(dephosphorylation)"
"ENTREZID","5532","ENTREZID","4772","directed","Process(activation)"
"ENTREZID","5532","ENTREZID","4772","directed","Process(dephosphorylation)"
"ENTREZID","5532","ENTREZID","4773","directed","Process(activation)"
"ENTREZID","5532","ENTREZID","4773","directed","Process(dephosphorylation)"
"ENTREZID","5532","ENTREZID","4775","directed","Process(activation)"
"ENTREZID","5532","ENTREZID","4775","directed","Process(dephosphorylation)"
"ENTREZID","5532","ENTREZID","4776","directed","Process(activation)"
"ENTREZID","5532","ENTREZID","4776","directed","Process(dephosphorylation)"
"ENTREZID","5533","ENTREZID","4772","directed","Process(activation)"
"ENTREZID","5533","ENTREZID","4772","directed","Process(dephosphorylation)"
"ENTREZID","5533","ENTREZID","4773","directed","Process(activation)"
"ENTREZID","5533","ENTREZID","4773","directed","Process(dephosphorylation)"
"ENTREZID","5533","ENTREZID","4775","directed","Process(activation)"
"ENTREZID","5533","ENTREZID","4775","directed","Process(dephosphorylation)"
"ENTREZID","5533","ENTREZID","4776","directed","Process(activation)"
"ENTREZID","5533","ENTREZID","4776","directed","Process(dephosphorylation)"
"ENTREZID","5534","ENTREZID","4772","directed","Process(activation)"
"ENTREZID","5534","ENTREZID","4772","directed","Process(dephosphorylation)"
"ENTREZID","5534","ENTREZID","4773","directed","Process(activation)"
"ENTREZID","5534","ENTREZID","4773","directed","Process(dephosphorylation)"
"ENTREZID","5534","ENTREZID","4775","directed","Process(activation)"
"ENTREZID","5534","ENTREZID","4775","directed","Process(dephosphorylation)"
"ENTREZID","5534","ENTREZID","4776","directed","Process(activation)"
"ENTREZID","5534","ENTREZID","4776","directed","Process(dephosphorylation)"
"ENTREZID","5535","ENTREZID","4772","directed","Process(activation)"
"ENTREZID","5535","ENTREZID","4772","directed","Process(dephosphorylation)"
"ENTREZID","5535","ENTREZID","4773","directed","Process(activation)"
"ENTREZID","5535","ENTREZID","4773","directed","Process(dephosphorylation)"
"ENTREZID","5535","ENTREZID","4775","directed","Process(activation)"
"ENTREZID","5535","ENTREZID","4775","directed","Process(dephosphorylation)"
"ENTREZID","5535","ENTREZID","4776","directed","Process(activation)"
"ENTREZID","5535","ENTREZID","4776","directed","Process(dephosphorylation)"
"ENTREZID","5566","ENTREZID","10488","directed","Process(phosphorylation)"
"ENTREZID","5566","ENTREZID","10488","directed","Process(activation)"
"ENTREZID","5566","ENTREZID","1385","directed","Process(phosphorylation)"
"ENTREZID","5566","ENTREZID","1385","directed","Process(activation)"
"ENTREZID","5566","ENTREZID","1386","directed","Process(phosphorylation)"
"ENTREZID","5566","ENTREZID","1386","directed","Process(activation)"
"ENTREZID","5566","ENTREZID","1388","directed","Process(phosphorylation)"
"ENTREZID","5566","ENTREZID","1388","directed","Process(activation)"
"ENTREZID","5566","ENTREZID","148327","directed","Process(phosphorylation)"
"ENTREZID","5566","ENTREZID","148327","directed","Process(activation)"
"ENTREZID","5566","ENTREZID","468","directed","Process(phosphorylation)"
"ENTREZID","5566","ENTREZID","468","directed","Process(activation)"
"ENTREZID","5566","ENTREZID","64764","directed","Process(phosphorylation)"
"ENTREZID","5566","ENTREZID","64764","directed","Process(activation)"
"ENTREZID","5566","ENTREZID","84699","directed","Process(phosphorylation)"
"ENTREZID","5566","ENTREZID","84699","directed","Process(activation)"
"ENTREZID","5566","ENTREZID","90993","directed","Process(phosphorylation)"
"ENTREZID","5566","ENTREZID","90993","directed","Process(activation)"
"ENTREZID","5566","ENTREZID","9586","directed","Process(phosphorylation)"
"ENTREZID","5566","ENTREZID","9586","directed","Process(activation)"
"ENTREZID","5567","ENTREZID","10488","directed","Process(phosphorylation)"
"ENTREZID","5567","ENTREZID","10488","directed","Process(activation)"
"ENTREZID","5567","ENTREZID","1385","directed","Process(phosphorylation)"
"ENTREZID","5567","ENTREZID","1385","directed","Process(activation)"
"ENTREZID","5567","ENTREZID","1386","directed","Process(phosphorylation)"
"ENTREZID","5567","ENTREZID","1386","directed","Process(activation)"
"ENTREZID","5567","ENTREZID","1388","directed","Process(phosphorylation)"
"ENTREZID","5567","ENTREZID","1388","directed","Process(activation)"
"ENTREZID","5567","ENTREZID","148327","directed","Process(phosphorylation)"
"ENTREZID","5567","ENTREZID","148327","directed","Process(activation)"
"ENTREZID","5567","ENTREZID","468","directed","Process(phosphorylation)"
"ENTREZID","5567","ENTREZID","468","directed","Process(activation)"
"ENTREZID","5567","ENTREZID","64764","directed","Process(phosphorylation)"
"ENTREZID","5567","ENTREZID","64764","directed","Process(activation)"
"ENTREZID","5567","ENTREZID","84699","directed","Process(phosphorylation)"
"ENTREZID","5567","ENTREZID","84699","directed","Process(activation)"
"ENTREZID","5567","ENTREZID","90993","directed","Process(phosphorylation)"
"ENTREZID","5567","ENTREZID","90993","directed","Process(activation)"
"ENTREZID","5567","ENTREZID","9586","directed","Process(phosphorylation)"
"ENTREZID","5567","ENTREZID","9586","directed","Process(activation)"
"ENTREZID","5568","ENTREZID","10488","directed","Process(phosphorylation)"
"ENTREZID","5568","ENTREZID","10488","directed","Process(activation)"
"ENTREZID","5568","ENTREZID","1385","directed","Process(phosphorylation)"
"ENTREZID","5568","ENTREZID","1385","directed","Process(activation)"
"ENTREZID","5568","ENTREZID","1386","directed","Process(phosphorylation)"
"ENTREZID","5568","ENTREZID","1386","directed","Process(activation)"
"ENTREZID","5568","ENTREZID","1388","directed","Process(phosphorylation)"
"ENTREZID","5568","ENTREZID","1388","directed","Process(activation)"
"ENTREZID","5568","ENTREZID","148327","directed","Process(phosphorylation)"
"ENTREZID","5568","ENTREZID","148327","directed","Process(activation)"
"ENTREZID","5568","ENTREZID","468","directed","Process(phosphorylation)"
"ENTREZID","5568","ENTREZID","468","directed","Process(activation)"
"ENTREZID","5568","ENTREZID","64764","directed","Process(phosphorylation)"
"ENTREZID","5568","ENTREZID","64764","directed","Process(activation)"
"ENTREZID","5568","ENTREZID","84699","directed","Process(phosphorylation)"
"ENTREZID","5568","ENTREZID","84699","directed","Process(activation)"
"ENTREZID","5568","ENTREZID","90993","directed","Process(phosphorylation)"
"ENTREZID","5568","ENTREZID","90993","directed","Process(activation)"
"ENTREZID","5568","ENTREZID","9586","directed","Process(phosphorylation)"
"ENTREZID","5568","ENTREZID","9586","directed","Process(activation)"
"ENTREZID","5599","ENTREZID","3725","directed","Process(phosphorylation)"
"ENTREZID","5599","ENTREZID","3725","directed","Process(activation)"
"ENTREZID","5601","ENTREZID","3725","directed","Process(phosphorylation)"
"ENTREZID","5601","ENTREZID","3725","directed","Process(activation)"
"ENTREZID","5602","ENTREZID","3725","directed","Process(phosphorylation)"
"ENTREZID","5602","ENTREZID","3725","directed","Process(activation)"
"ENTREZID","5604","ENTREZID","5594","directed","Process(activation)"
"ENTREZID","5604","ENTREZID","5595","directed","Process(activation)"
"ENTREZID","5605","ENTREZID","5594","directed","Process(activation)"
"ENTREZID","5605","ENTREZID","5595","directed","Process(activation)"
"ENTREZID","567","ENTREZID","3105","directed","Process(binding/association)"
"ENTREZID","567","ENTREZID","3106","directed","Process(binding/association)"
"ENTREZID","567","ENTREZID","3107","directed","Process(binding/association)"
"ENTREZID","567","ENTREZID","3133","directed","Process(binding/association)"
"ENTREZID","567","ENTREZID","3134","directed","Process(binding/association)"
"ENTREZID","567","ENTREZID","3135","directed","Process(binding/association)"
"ENTREZID","5925","ENTREZID","1869","directed","Process(dissociation)"
"ENTREZID","5925","ENTREZID","1870","directed","Process(dissociation)"
"ENTREZID","5925","ENTREZID","1871","directed","Process(dissociation)"
"ENTREZID","595","ENTREZID","5925","directed","Process(phosphorylation)"
"ENTREZID","595","ENTREZID","5925","directed","Process(activation)"
"ENTREZID","595","ENTREZID","894","undirected","Binding"
"ENTREZID","595","ENTREZID","896","undirected","Binding"
"ENTREZID","5970","ENTREZID","1437","directed","Process(expression)"
"ENTREZID","5970","ENTREZID","331","directed","Process(expression)"
"ENTREZID","5970","ENTREZID","3558","directed","Process(expression)"
"ENTREZID","5970","ENTREZID","3559","directed","Process(expression)"
"ENTREZID","5970","ENTREZID","3569","directed","Process(expression)"
"ENTREZID","5970","ENTREZID","3600","directed","Process(expression)"
"ENTREZID","5970","ENTREZID","3601","directed","Process(expression)"
"ENTREZID","5970","ENTREZID","4049","directed","Process(expression)"
"ENTREZID","5970","ENTREZID","598","directed","Process(expression)"
"ENTREZID","5971","ENTREZID","1437","directed","Process(expression)"
"ENTREZID","5971","ENTREZID","331","directed","Process(expression)"
"ENTREZID","5971","ENTREZID","3558","directed","Process(expression)"
"ENTREZID","5971","ENTREZID","3559","directed","Process(expression)"
"ENTREZID","5971","ENTREZID","3569","directed","Process(expression)"
"ENTREZID","5971","ENTREZID","3600","directed","Process(expression)"
"ENTREZID","5971","ENTREZID","3601","directed","Process(expression)"
"ENTREZID","5971","ENTREZID","4049","directed","Process(expression)"
"ENTREZID","5971","ENTREZID","598","directed","Process(expression)"
"ENTREZID","6416","ENTREZID","5599","directed","Process(phosphorylation)"
"ENTREZID","6416","ENTREZID","5599","directed","Process(activation)"
"ENTREZID","6416","ENTREZID","5601","directed","Process(phosphorylation)"
"ENTREZID","6416","ENTREZID","5601","directed","Process(activation)"
"ENTREZID","6416","ENTREZID","5602","directed","Process(phosphorylation)"
"ENTREZID","6416","ENTREZID","5602","directed","Process(activation)"
"ENTREZID","64682","ENTREZID","10744","directed","Process(inhibition)"
"ENTREZID","64682","ENTREZID","10744","directed","Process(ubiquitination)"
"ENTREZID","64682","ENTREZID","9133","directed","Process(inhibition)"
"ENTREZID","64682","ENTREZID","9133","directed","Process(ubiquitination)"
"ENTREZID","64682","ENTREZID","9232","directed","Process(inhibition)"
"ENTREZID","64682","ENTREZID","9232","directed","Process(ubiquitination)"
"ENTREZID","64764","ENTREZID","595","directed","Process(expression)"
"ENTREZID","6688","ENTREZID","1958","directed","Process(expression)"
"ENTREZID","6688","ENTREZID","1959","directed","Process(expression)"
"ENTREZID","6688","ENTREZID","2353","directed","Process(expression)"
"ENTREZID","6688","ENTREZID","6722","undirected","Binding"
"ENTREZID","6688","ENTREZID","8061","directed","Process(expression)"
"ENTREZID","6722","ENTREZID","1958","directed","Process(expression)"
"ENTREZID","6722","ENTREZID","1959","directed","Process(expression)"
"ENTREZID","6722","ENTREZID","2353","directed","Process(expression)"
"ENTREZID","6722","ENTREZID","8061","directed","Process(expression)"
"ENTREZID","6776","ENTREZID","3558","directed","Process(expression)"
"ENTREZID","6777","ENTREZID","3558","directed","Process(expression)"
"ENTREZID","6929","ENTREZID","1031","directed","Process(expression)"
"ENTREZID","6929","ENTREZID","3932","directed","Process(expression)"
"ENTREZID","6929","ENTREZID","5423","directed","Process(expression)"
"ENTREZID","6929","ENTREZID","581","directed","Process(expression)"
"ENTREZID","701","ENTREZID","3725","directed","Process(inhibition)"
"ENTREZID","701","ENTREZID","9184","undirected","Binding"
"ENTREZID","7040","ENTREZID","7046","directed","Process(activation)"
"ENTREZID","7040","ENTREZID","7048","directed","Process(activation)"
"ENTREZID","7042","ENTREZID","7046","directed","Process(activation)"
"ENTREZID","7042","ENTREZID","7048","directed","Process(activation)"
"ENTREZID","7043","ENTREZID","7046","directed","Process(activation)"
"ENTREZID","7043","ENTREZID","7048","directed","Process(activation)"
"ENTREZID","7046","ENTREZID","4087","directed","Process(phosphorylation)"
"ENTREZID","7046","ENTREZID","4087","directed","Process(activation)"
"ENTREZID","7046","ENTREZID","4088","directed","Process(phosphorylation)"
"ENTREZID","7046","ENTREZID","4088","directed","Process(activation)"
"ENTREZID","7048","ENTREZID","4087","directed","Process(phosphorylation)"
"ENTREZID","7048","ENTREZID","4087","directed","Process(activation)"
"ENTREZID","7048","ENTREZID","4088","directed","Process(phosphorylation)"
"ENTREZID","7048","ENTREZID","4088","directed","Process(activation)"
"ENTREZID","7124","ENTREZID","7132","directed","Process(activation)"
"ENTREZID","7132","ENTREZID","4214","directed","Process(activation)"
"ENTREZID","7132","ENTREZID","4214","directed","Process(indirect effect)"
"ENTREZID","7132","ENTREZID","4215","directed","Process(activation)"
"ENTREZID","7132","ENTREZID","4215","directed","Process(indirect effect)"
"ENTREZID","7157","ENTREZID","1026","directed","Process(expression)"
"ENTREZID","7850","ENTREZID","4215","directed","Process(activation)"
"ENTREZID","7850","ENTREZID","4215","directed","Process(indirect effect)"
"ENTREZID","8379","ENTREZID","4085","directed","Process(activation)"
"ENTREZID","8379","ENTREZID","701","directed","Process(activation)"
"ENTREZID","8379","ENTREZID","9184","directed","Process(activation)"
"ENTREZID","84699","ENTREZID","595","directed","Process(expression)"
"ENTREZID","8517","ENTREZID","1147","directed","Process(activation)"
"ENTREZID","8517","ENTREZID","4792","directed","Process(phosphorylation)"
"ENTREZID","8517","ENTREZID","4792","directed","Process(activation)"
"ENTREZID","8697","ENTREZID","10744","directed","Process(inhibition)"
"ENTREZID","8697","ENTREZID","10744","directed","Process(ubiquitination)"
"ENTREZID","8697","ENTREZID","9133","directed","Process(inhibition)"
"ENTREZID","8697","ENTREZID","9133","directed","Process(ubiquitination)"
"ENTREZID","8697","ENTREZID","9232","directed","Process(inhibition)"
"ENTREZID","8697","ENTREZID","9232","directed","Process(ubiquitination)"
"ENTREZID","8881","ENTREZID","10744","directed","Process(inhibition)"
"ENTREZID","8881","ENTREZID","10744","directed","Process(ubiquitination)"
"ENTREZID","8881","ENTREZID","9133","directed","Process(inhibition)"
"ENTREZID","8881","ENTREZID","9133","directed","Process(ubiquitination)"
"ENTREZID","8881","ENTREZID","9232","directed","Process(inhibition)"
"ENTREZID","8881","ENTREZID","9232","directed","Process(ubiquitination)"
"ENTREZID","890","ENTREZID","5925","directed","Process(phosphorylation)"
"ENTREZID","890","ENTREZID","5925","directed","Process(activation)"
"ENTREZID","890","ENTREZID","8900","undirected","Binding"
"ENTREZID","890","ENTREZID","898","undirected","Binding"
"ENTREZID","890","ENTREZID","9134","undirected","Binding"
"ENTREZID","8900","ENTREZID","5925","directed","Process(phosphorylation)"
"ENTREZID","8900","ENTREZID","5925","directed","Process(activation)"
"ENTREZID","8900","ENTREZID","898","undirected","Binding"
"ENTREZID","8900","ENTREZID","9134","undirected","Binding"
"ENTREZID","894","ENTREZID","5925","directed","Process(phosphorylation)"
"ENTREZID","894","ENTREZID","5925","directed","Process(activation)"
"ENTREZID","894","ENTREZID","896","undirected","Binding"
"ENTREZID","896","ENTREZID","5925","directed","Process(phosphorylation)"
"ENTREZID","896","ENTREZID","5925","directed","Process(activation)"
"ENTREZID","898","ENTREZID","5925","directed","Process(phosphorylation)"
"ENTREZID","898","ENTREZID","5925","directed","Process(activation)"
"ENTREZID","898","ENTREZID","9134","undirected","Binding"
"ENTREZID","9020","ENTREZID","1147","directed","Process(phosphorylation)"
"ENTREZID","9020","ENTREZID","1147","directed","Process(activation)"
"ENTREZID","90993","ENTREZID","595","directed","Process(expression)"
"ENTREZID","9134","ENTREZID","5925","directed","Process(phosphorylation)"
"ENTREZID","9134","ENTREZID","5925","directed","Process(activation)"
"ENTREZID","915","ENTREZID","4215","directed","Process(activation)"
"ENTREZID","915","ENTREZID","4215","directed","Process(indirect effect)"
"ENTREZID","916","ENTREZID","4215","directed","Process(activation)"
"ENTREZID","916","ENTREZID","4215","directed","Process(indirect effect)"
"ENTREZID","917","ENTREZID","4215","directed","Process(activation)"
"ENTREZID","917","ENTREZID","4215","directed","Process(indirect effect)"
"ENTREZID","9232","ENTREZID","9700","directed","Process(inhibition)"
"ENTREZID","958","ENTREZID","9020","directed","Process(activation)"
"ENTREZID","958","ENTREZID","9020","directed","Process(indirect effect)"
"ENTREZID","9586","ENTREZID","595","directed","Process(expression)"
"ENTREZID","996","ENTREZID","10744","directed","Process(inhibition)"
"ENTREZID","996","ENTREZID","10744","directed","Process(ubiquitination)"
"ENTREZID","996","ENTREZID","9133","directed","Process(inhibition)"
"ENTREZID","996","ENTREZID","9133","directed","Process(ubiquitination)"
"ENTREZID","996","ENTREZID","9232","directed","Process(inhibition)"
"ENTREZID","996","ENTREZID","9232","directed","Process(ubiquitination)"
