"src_type","src","dest_type","dest","direction","type"
"ENTREZID","10000","ENTREZID","7248","directed","Process(inhibition)"
"ENTREZID","10000","ENTREZID","7249","directed","Process(inhibition)"
"ENTREZID","10379","ENTREZID","6772","directed","Process(binding/association)"
"ENTREZID","10379","ENTREZID","6773","directed","Process(binding/association)"
"ENTREZID","10454","ENTREZID","1147","directed","Process(activation)"
"ENTREZID","10454","ENTREZID","23118","undirected","Binding"
"ENTREZID","10454","ENTREZID","3551","directed","Process(activation)"
"ENTREZID","10454","ENTREZID","6885","undirected","Binding"
"ENTREZID","10454","ENTREZID","8517","directed","Process(activation)"
"ENTREZID","10929","ENTREZID","10482","directed","Process(missing interaction)"
"ENTREZID","10929","ENTREZID","56000","directed","Process(missing interaction)"
"ENTREZID","10929","ENTREZID","56001","directed","Process(missing interaction)"
"ENTREZID","10929","ENTREZID","728343","directed","Process(missing interaction)"
"ENTREZID","1147","ENTREZID","3665","directed","Process(activation)"
"ENTREZID","1147","ENTREZID","4792","directed","Process(phosphorylation)"
"ENTREZID","1147","ENTREZID","4792","directed","Process(activation)"
"ENTREZID","148022","ENTREZID","3654","directed","Process(activation)"
"ENTREZID","148022","ENTREZID","51135","directed","Process(activation)"
"ENTREZID","148022","ENTREZID","7189","directed","Process(activation)"
"ENTREZID","207","ENTREZID","7248","directed","Process(inhibition)"
"ENTREZID","207","ENTREZID","7249","directed","Process(inhibition)"
"ENTREZID","208","ENTREZID","7248","directed","Process(inhibition)"
"ENTREZID","208","ENTREZID","7249","directed","Process(inhibition)"
"ENTREZID","23118","ENTREZID","1147","directed","Process(activation)"
"ENTREZID","23118","ENTREZID","3551","directed","Process(activation)"
"ENTREZID","23118","ENTREZID","6885","undirected","Binding"
"ENTREZID","23118","ENTREZID","8517","directed","Process(activation)"
"ENTREZID","23586","ENTREZID","57506","directed","Process(activation)"
"ENTREZID","2475","ENTREZID","1978","directed","Process(inhibition)"
"ENTREZID","27102","ENTREZID","1965","directed","Process(phosphorylation)"
"ENTREZID","27102","ENTREZID","1965","directed","Process(activation)"
"ENTREZID","29110","ENTREZID","3661","directed","Process(phosphorylation)"
"ENTREZID","29110","ENTREZID","3661","directed","Process(activation)"
"ENTREZID","29110","ENTREZID","3665","directed","Process(phosphorylation)"
"ENTREZID","29110","ENTREZID","3665","directed","Process(activation)"
"ENTREZID","29110","ENTREZID","9641","undirected","Binding"
"ENTREZID","2923","ENTREZID","3105","directed","Process(binding/association)"
"ENTREZID","2923","ENTREZID","3106","directed","Process(binding/association)"
"ENTREZID","2923","ENTREZID","3107","directed","Process(binding/association)"
"ENTREZID","2923","ENTREZID","3133","directed","Process(binding/association)"
"ENTREZID","2923","ENTREZID","3134","directed","Process(binding/association)"
"ENTREZID","2923","ENTREZID","3135","directed","Process(binding/association)"
"ENTREZID","2923","ENTREZID","811","undirected","Binding"
"ENTREZID","29990","ENTREZID","5781","directed","Process(binding/association)"
"ENTREZID","29992","ENTREZID","5781","directed","Process(binding/association)"
"ENTREZID","3105","ENTREZID","567","directed","Process(binding/association)"
"ENTREZID","3106","ENTREZID","567","directed","Process(binding/association)"
"ENTREZID","3107","ENTREZID","567","directed","Process(binding/association)"
"ENTREZID","3133","ENTREZID","567","directed","Process(binding/association)"
"ENTREZID","3134","ENTREZID","567","directed","Process(binding/association)"
"ENTREZID","3135","ENTREZID","567","directed","Process(binding/association)"
"ENTREZID","317","ENTREZID","842","directed","Process(activation)"
"ENTREZID","340061","ENTREZID","29110","directed","Process(binding/association)"
"ENTREZID","3439","ENTREZID","3454","directed","Process(activation)"
"ENTREZID","3439","ENTREZID","3455","directed","Process(activation)"
"ENTREZID","3440","ENTREZID","3454","directed","Process(activation)"
"ENTREZID","3440","ENTREZID","3455","directed","Process(activation)"
"ENTREZID","3441","ENTREZID","3454","directed","Process(activation)"
"ENTREZID","3441","ENTREZID","3455","directed","Process(activation)"
"ENTREZID","3442","ENTREZID","3454","directed","Process(activation)"
"ENTREZID","3442","ENTREZID","3455","directed","Process(activation)"
"ENTREZID","3443","ENTREZID","3454","directed","Process(activation)"
"ENTREZID","3443","ENTREZID","3455","directed","Process(activation)"
"ENTREZID","3444","ENTREZID","3454","directed","Process(activation)"
"ENTREZID","3444","ENTREZID","3455","directed","Process(activation)"
"ENTREZID","3445","ENTREZID","3454","directed","Process(activation)"
"ENTREZID","3445","ENTREZID","3455","directed","Process(activation)"
"ENTREZID","3446","ENTREZID","3454","directed","Process(activation)"
"ENTREZID","3446","ENTREZID","3455","directed","Process(activation)"
"ENTREZID","3447","ENTREZID","3454","directed","Process(activation)"
"ENTREZID","3447","ENTREZID","3455","directed","Process(activation)"
"ENTREZID","3448","ENTREZID","3454","directed","Process(activation)"
"ENTREZID","3448","ENTREZID","3455","directed","Process(activation)"
"ENTREZID","3449","ENTREZID","3454","directed","Process(activation)"
"ENTREZID","3449","ENTREZID","3455","directed","Process(activation)"
"ENTREZID","3451","ENTREZID","3454","directed","Process(activation)"
"ENTREZID","3451","ENTREZID","3455","directed","Process(activation)"
"ENTREZID","3452","ENTREZID","3454","directed","Process(activation)"
"ENTREZID","3452","ENTREZID","3455","directed","Process(activation)"
"ENTREZID","3454","ENTREZID","3716","directed","Process(binding/association)"
"ENTREZID","3454","ENTREZID","7297","directed","Process(binding/association)"
"ENTREZID","3455","ENTREZID","3716","directed","Process(binding/association)"
"ENTREZID","3455","ENTREZID","7297","directed","Process(binding/association)"
"ENTREZID","3456","ENTREZID","3454","directed","Process(activation)"
"ENTREZID","3456","ENTREZID","3455","directed","Process(activation)"
"ENTREZID","3458","ENTREZID","3459","directed","Process(activation)"
"ENTREZID","3458","ENTREZID","3460","directed","Process(activation)"
"ENTREZID","3459","ENTREZID","3716","directed","Process(binding/association)"
"ENTREZID","3459","ENTREZID","3717","directed","Process(binding/association)"
"ENTREZID","3460","ENTREZID","3716","directed","Process(binding/association)"
"ENTREZID","3460","ENTREZID","3717","directed","Process(binding/association)"
"ENTREZID","355","ENTREZID","8772","directed","Process(activation)"
"ENTREZID","3551","ENTREZID","4792","directed","Process(phosphorylation)"
"ENTREZID","3551","ENTREZID","4792","directed","Process(activation)"
"ENTREZID","356","ENTREZID","355","directed","Process(activation)"
"ENTREZID","3654","ENTREZID","10454","directed","Process(activation)"
"ENTREZID","3654","ENTREZID","1147","directed","Process(activation)"
"ENTREZID","3654","ENTREZID","23118","directed","Process(activation)"
"ENTREZID","3654","ENTREZID","51135","undirected","Binding"
"ENTREZID","3654","ENTREZID","6885","directed","Process(activation)"
"ENTREZID","3654","ENTREZID","7189","undirected","Binding"
"ENTREZID","3661","ENTREZID","3439","directed","Process(expression)"
"ENTREZID","3661","ENTREZID","3440","directed","Process(expression)"
"ENTREZID","3661","ENTREZID","3441","directed","Process(expression)"
"ENTREZID","3661","ENTREZID","3442","directed","Process(expression)"
"ENTREZID","3661","ENTREZID","3443","directed","Process(expression)"
"ENTREZID","3661","ENTREZID","3444","directed","Process(expression)"
"ENTREZID","3661","ENTREZID","3445","directed","Process(expression)"
"ENTREZID","3661","ENTREZID","3446","directed","Process(expression)"
"ENTREZID","3661","ENTREZID","3447","directed","Process(expression)"
"ENTREZID","3661","ENTREZID","3448","directed","Process(expression)"
"ENTREZID","3661","ENTREZID","3449","directed","Process(expression)"
"ENTREZID","3661","ENTREZID","3451","directed","Process(expression)"
"ENTREZID","3661","ENTREZID","3452","directed","Process(expression)"
"ENTREZID","3661","ENTREZID","3456","directed","Process(expression)"
"ENTREZID","3665","ENTREZID","3439","directed","Process(expression)"
"ENTREZID","3665","ENTREZID","3440","directed","Process(expression)"
"ENTREZID","3665","ENTREZID","3441","directed","Process(expression)"
"ENTREZID","3665","ENTREZID","3442","directed","Process(expression)"
"ENTREZID","3665","ENTREZID","3443","directed","Process(expression)"
"ENTREZID","3665","ENTREZID","3444","directed","Process(expression)"
"ENTREZID","3665","ENTREZID","3445","directed","Process(expression)"
"ENTREZID","3665","ENTREZID","3446","directed","Process(expression)"
"ENTREZID","3665","ENTREZID","3447","directed","Process(expression)"
"ENTREZID","3665","ENTREZID","3448","directed","Process(expression)"
"ENTREZID","3665","ENTREZID","3449","directed","Process(expression)"
"ENTREZID","3665","ENTREZID","3451","directed","Process(expression)"
"ENTREZID","3665","ENTREZID","3452","directed","Process(expression)"
"ENTREZID","3665","ENTREZID","3456","directed","Process(expression)"
"ENTREZID","3678","ENTREZID","3690","undirected","Binding"
"ENTREZID","3678","ENTREZID","6714","directed","Process(activation)"
"ENTREZID","3690","ENTREZID","6714","directed","Process(activation)"
"ENTREZID","3716","ENTREZID","6772","directed","Process(phosphorylation)"
"ENTREZID","3716","ENTREZID","6772","directed","Process(activation)"
"ENTREZID","3716","ENTREZID","6773","directed","Process(phosphorylation)"
"ENTREZID","3716","ENTREZID","6773","directed","Process(activation)"
"ENTREZID","3717","ENTREZID","6772","directed","Process(phosphorylation)"
"ENTREZID","3717","ENTREZID","6772","directed","Process(activation)"
"ENTREZID","4049","ENTREZID","8764","directed","Process(activation)"
"ENTREZID","440275","ENTREZID","1965","directed","Process(phosphorylation)"
"ENTREZID","440275","ENTREZID","1965","directed","Process(activation)"
"ENTREZID","4615","ENTREZID","3654","directed","Process(activation)"
"ENTREZID","4615","ENTREZID","51135","directed","Process(activation)"
"ENTREZID","4615","ENTREZID","7189","directed","Process(activation)"
"ENTREZID","4790","ENTREZID","329","directed","Process(expression)"
"ENTREZID","4790","ENTREZID","330","directed","Process(expression)"
"ENTREZID","4790","ENTREZID","3553","directed","Process(expression)"
"ENTREZID","4790","ENTREZID","3569","directed","Process(expression)"
"ENTREZID","4790","ENTREZID","3592","directed","Process(expression)"
"ENTREZID","4790","ENTREZID","3593","directed","Process(expression)"
"ENTREZID","4790","ENTREZID","5970","directed","Process(expression)"
"ENTREZID","4790","ENTREZID","6347","directed","Process(expression)"
"ENTREZID","4790","ENTREZID","6352","directed","Process(expression)"
"ENTREZID","4790","ENTREZID","7124","directed","Process(expression)"
"ENTREZID","51135","ENTREZID","10454","directed","Process(activation)"
"ENTREZID","51135","ENTREZID","1147","directed","Process(activation)"
"ENTREZID","51135","ENTREZID","23118","directed","Process(activation)"
"ENTREZID","51135","ENTREZID","6885","directed","Process(activation)"
"ENTREZID","51135","ENTREZID","7189","undirected","Binding"
"ENTREZID","54106","ENTREZID","4615","directed","Process(activation)"
"ENTREZID","54205","ENTREZID","842","directed","Process(activation)"
"ENTREZID","5499","ENTREZID","1965","directed","Process(inhibition)"
"ENTREZID","5499","ENTREZID","1965","directed","Process(dephosphorylation)"
"ENTREZID","5500","ENTREZID","1965","directed","Process(inhibition)"
"ENTREZID","5500","ENTREZID","1965","directed","Process(dephosphorylation)"
"ENTREZID","5501","ENTREZID","1965","directed","Process(inhibition)"
"ENTREZID","5501","ENTREZID","1965","directed","Process(dephosphorylation)"
"ENTREZID","5610","ENTREZID","1965","directed","Process(phosphorylation)"
"ENTREZID","5610","ENTREZID","1965","directed","Process(activation)"
"ENTREZID","572","ENTREZID","596","directed","Process(inhibition)"
"ENTREZID","572","ENTREZID","598","directed","Process(inhibition)"
"ENTREZID","57506","ENTREZID","3654","directed","Process(activation)"
"ENTREZID","57506","ENTREZID","51135","directed","Process(activation)"
"ENTREZID","57506","ENTREZID","7187","directed","Process(activation)"
"ENTREZID","57506","ENTREZID","7189","directed","Process(activation)"
"ENTREZID","578","ENTREZID","54205","directed","Process(activation)"
"ENTREZID","581","ENTREZID","54205","directed","Process(activation)"
"ENTREZID","596","ENTREZID","578","directed","Process(inhibition)"
"ENTREZID","5970","ENTREZID","329","directed","Process(expression)"
"ENTREZID","5970","ENTREZID","330","directed","Process(expression)"
"ENTREZID","5970","ENTREZID","3553","directed","Process(expression)"
"ENTREZID","5970","ENTREZID","3569","directed","Process(expression)"
"ENTREZID","5970","ENTREZID","3592","directed","Process(expression)"
"ENTREZID","5970","ENTREZID","3593","directed","Process(expression)"
"ENTREZID","5970","ENTREZID","4790","directed","Process(expression)"
"ENTREZID","5970","ENTREZID","6347","directed","Process(expression)"
"ENTREZID","5970","ENTREZID","6352","directed","Process(expression)"
"ENTREZID","5970","ENTREZID","7124","directed","Process(expression)"
"ENTREZID","6009","ENTREZID","2475","directed","Process(activation)"
"ENTREZID","637","ENTREZID","578","directed","Process(activation)"
"ENTREZID","637","ENTREZID","581","directed","Process(activation)"
"ENTREZID","64135","ENTREZID","57506","directed","Process(activation)"
"ENTREZID","64170","ENTREZID","3661","directed","Process(activation)"
"ENTREZID","6426","ENTREZID","10482","directed","Process(missing interaction)"
"ENTREZID","6426","ENTREZID","56000","directed","Process(missing interaction)"
"ENTREZID","6426","ENTREZID","56001","directed","Process(missing interaction)"
"ENTREZID","6426","ENTREZID","728343","directed","Process(missing interaction)"
"ENTREZID","6427","ENTREZID","10482","directed","Process(missing interaction)"
"ENTREZID","6427","ENTREZID","56000","directed","Process(missing interaction)"
"ENTREZID","6427","ENTREZID","56001","directed","Process(missing interaction)"
"ENTREZID","6427","ENTREZID","728343","directed","Process(missing interaction)"
"ENTREZID","6428","ENTREZID","10482","directed","Process(missing interaction)"
"ENTREZID","6428","ENTREZID","56000","directed","Process(missing interaction)"
"ENTREZID","6428","ENTREZID","56001","directed","Process(missing interaction)"
"ENTREZID","6428","ENTREZID","728343","directed","Process(missing interaction)"
"ENTREZID","6429","ENTREZID","10482","directed","Process(missing interaction)"
"ENTREZID","6429","ENTREZID","56000","directed","Process(missing interaction)"
"ENTREZID","6429","ENTREZID","56001","directed","Process(missing interaction)"
"ENTREZID","6429","ENTREZID","728343","directed","Process(missing interaction)"
"ENTREZID","6430","ENTREZID","10482","directed","Process(missing interaction)"
"ENTREZID","6430","ENTREZID","56000","directed","Process(missing interaction)"
"ENTREZID","6430","ENTREZID","56001","directed","Process(missing interaction)"
"ENTREZID","6430","ENTREZID","728343","directed","Process(missing interaction)"
"ENTREZID","6431","ENTREZID","10482","directed","Process(missing interaction)"
"ENTREZID","6431","ENTREZID","56000","directed","Process(missing interaction)"
"ENTREZID","6431","ENTREZID","56001","directed","Process(missing interaction)"
"ENTREZID","6431","ENTREZID","728343","directed","Process(missing interaction)"
"ENTREZID","6432","ENTREZID","10482","directed","Process(missing interaction)"
"ENTREZID","6432","ENTREZID","56000","directed","Process(missing interaction)"
"ENTREZID","6432","ENTREZID","56001","directed","Process(missing interaction)"
"ENTREZID","6432","ENTREZID","728343","directed","Process(missing interaction)"
"ENTREZID","6714","ENTREZID","6850","directed","Process(activation)"
"ENTREZID","6732","ENTREZID","10929","directed","Process(phosphorylation)"
"ENTREZID","6732","ENTREZID","10929","directed","Process(activation)"
"ENTREZID","6732","ENTREZID","6426","directed","Process(phosphorylation)"
"ENTREZID","6732","ENTREZID","6426","directed","Process(activation)"
"ENTREZID","6732","ENTREZID","6427","directed","Process(phosphorylation)"
"ENTREZID","6732","ENTREZID","6427","directed","Process(activation)"
"ENTREZID","6732","ENTREZID","6428","directed","Process(phosphorylation)"
"ENTREZID","6732","ENTREZID","6428","directed","Process(activation)"
"ENTREZID","6732","ENTREZID","6429","directed","Process(phosphorylation)"
"ENTREZID","6732","ENTREZID","6429","directed","Process(activation)"
"ENTREZID","6732","ENTREZID","6430","directed","Process(phosphorylation)"
"ENTREZID","6732","ENTREZID","6430","directed","Process(activation)"
"ENTREZID","6732","ENTREZID","6431","directed","Process(phosphorylation)"
"ENTREZID","6732","ENTREZID","6431","directed","Process(activation)"
"ENTREZID","6732","ENTREZID","6432","directed","Process(phosphorylation)"
"ENTREZID","6732","ENTREZID","6432","directed","Process(activation)"
"ENTREZID","6732","ENTREZID","8683","directed","Process(phosphorylation)"
"ENTREZID","6732","ENTREZID","8683","directed","Process(activation)"
"ENTREZID","6772","ENTREZID","100129543","directed","Process(expression)"
"ENTREZID","6772","ENTREZID","100129842","directed","Process(expression)"
"ENTREZID","6772","ENTREZID","100131017","directed","Process(expression)"
"ENTREZID","6772","ENTREZID","100131827","directed","Process(expression)"
"ENTREZID","6772","ENTREZID","100287226","directed","Process(expression)"
"ENTREZID","6772","ENTREZID","100289635","directed","Process(expression)"
"ENTREZID","6772","ENTREZID","100289678","directed","Process(expression)"
"ENTREZID","6772","ENTREZID","100529215","directed","Process(expression)"
"ENTREZID","6772","ENTREZID","101060200","directed","Process(expression)"
"ENTREZID","6772","ENTREZID","10172","directed","Process(expression)"
"ENTREZID","6772","ENTREZID","10224","directed","Process(expression)"
"ENTREZID","6772","ENTREZID","10308","directed","Process(expression)"
"ENTREZID","6772","ENTREZID","10520","directed","Process(expression)"
"ENTREZID","6772","ENTREZID","10780","directed","Process(expression)"
"ENTREZID","6772","ENTREZID","10793","directed","Process(expression)"
"ENTREZID","6772","ENTREZID","10794","directed","Process(expression)"
"ENTREZID","6772","ENTREZID","10795","directed","Process(expression)"
"ENTREZID","6772","ENTREZID","10838","directed","Process(expression)"
"ENTREZID","6772","ENTREZID","113835","directed","Process(expression)"
"ENTREZID","6772","ENTREZID","114026","directed","Process(expression)"
"ENTREZID","6772","ENTREZID","115196","directed","Process(expression)"
"ENTREZID","6772","ENTREZID","115509","directed","Process(expression)"
"ENTREZID","6772","ENTREZID","117608","directed","Process(expression)"
"ENTREZID","6772","ENTREZID","121274","directed","Process(expression)"
"ENTREZID","6772","ENTREZID","125893","directed","Process(expression)"
"ENTREZID","6772","ENTREZID","125919","directed","Process(expression)"
"ENTREZID","6772","ENTREZID","126017","directed","Process(expression)"
"ENTREZID","6772","ENTREZID","126068","directed","Process(expression)"
"ENTREZID","6772","ENTREZID","126070","directed","Process(expression)"
"ENTREZID","6772","ENTREZID","126231","directed","Process(expression)"
"ENTREZID","6772","ENTREZID","126295","directed","Process(expression)"
"ENTREZID","6772","ENTREZID","126375","directed","Process(expression)"
"ENTREZID","6772","ENTREZID","127396","directed","Process(expression)"
"ENTREZID","6772","ENTREZID","136051","directed","Process(expression)"
"ENTREZID","6772","ENTREZID","139735","directed","Process(expression)"
"ENTREZID","6772","ENTREZID","140612","directed","Process(expression)"
"ENTREZID","6772","ENTREZID","146198","directed","Process(expression)"
"ENTREZID","6772","ENTREZID","146434","directed","Process(expression)"
"ENTREZID","6772","ENTREZID","146540","directed","Process(expression)"
"ENTREZID","6772","ENTREZID","146542","directed","Process(expression)"
"ENTREZID","6772","ENTREZID","147657","directed","Process(expression)"
"ENTREZID","6772","ENTREZID","147658","directed","Process(expression)"
"ENTREZID","6772","ENTREZID","147660","directed","Process(expression)"
"ENTREZID","6772","ENTREZID","147686","directed","Process(expression)"
"ENTREZID","6772","ENTREZID","147687","directed","Process(expression)"
"ENTREZID","6772","ENTREZID","147694","directed","Process(expression)"
"ENTREZID","6772","ENTREZID","147741","directed","Process(expression)"
"ENTREZID","6772","ENTREZID","147837","directed","Process(expression)"
"ENTREZID","6772","ENTREZID","147923","directed","Process(expression)"
"ENTREZID","6772","ENTREZID","147929","directed","Process(expression)"
"ENTREZID","6772","ENTREZID","147948","directed","Process(expression)"
"ENTREZID","6772","ENTREZID","147949","directed","Process(expression)"
"ENTREZID","6772","ENTREZID","148103","directed","Process(expression)"
"ENTREZID","6772","ENTREZID","148156","directed","Process(expression)"
"ENTREZID","6772","ENTREZID","148198","directed","Process(expression)"
"ENTREZID","6772","ENTREZID","148206","directed","Process(expression)"
"ENTREZID","6772","ENTREZID","148254","directed","Process(expression)"
"ENTREZID","6772","ENTREZID","148266","directed","Process(expression)"
"ENTREZID","6772","ENTREZID","148268","directed","Process(expression)"
"ENTREZID","6772","ENTREZID","152687","directed","Process(expression)"
"ENTREZID","6772","ENTREZID","155054","directed","Process(expression)"
"ENTREZID","6772","ENTREZID","155061","directed","Process(expression)"
"ENTREZID","6772","ENTREZID","158431","directed","Process(expression)"
"ENTREZID","6772","ENTREZID","162239","directed","Process(expression)"
"ENTREZID","6772","ENTREZID","162655","directed","Process(expression)"
"ENTREZID","6772","ENTREZID","162962","directed","Process(expression)"
"ENTREZID","6772","ENTREZID","162963","directed","Process(expression)"
"ENTREZID","6772","ENTREZID","162966","directed","Process(expression)"
"ENTREZID","6772","ENTREZID","162967","directed","Process(expression)"
"ENTREZID","6772","ENTREZID","162972","directed","Process(expression)"
"ENTREZID","6772","ENTREZID","162993","directed","Process(expression)"
"ENTREZID","6772","ENTREZID","163049","directed","Process(expression)"
"ENTREZID","6772","ENTREZID","163050","directed","Process(expression)"
"ENTREZID","6772","ENTREZID","163051","directed","Process(expression)"
"ENTREZID","6772","ENTREZID","163059","directed","Process(expression)"
"ENTREZID","6772","ENTREZID","163071","directed","Process(expression)"
"ENTREZID","6772","ENTREZID","163081","directed","Process(expression)"
"ENTREZID","6772","ENTREZID","163087","directed","Process(expression)"
"ENTREZID","6772","ENTREZID","163131","directed","Process(expression)"
"ENTREZID","6772","ENTREZID","163223","directed","Process(expression)"
"ENTREZID","6772","ENTREZID","163227","directed","Process(expression)"
"ENTREZID","6772","ENTREZID","163255","directed","Process(expression)"
"ENTREZID","6772","ENTREZID","168417","directed","Process(expression)"
"ENTREZID","6772","ENTREZID","169270","directed","Process(expression)"
"ENTREZID","6772","ENTREZID","169841","directed","Process(expression)"
"ENTREZID","6772","ENTREZID","170959","directed","Process(expression)"
"ENTREZID","6772","ENTREZID","170960","directed","Process(expression)"
"ENTREZID","6772","ENTREZID","171392","directed","Process(expression)"
"ENTREZID","6772","ENTREZID","197320","directed","Process(expression)"
"ENTREZID","6772","ENTREZID","199692","directed","Process(expression)"
"ENTREZID","6772","ENTREZID","199704","directed","Process(expression)"
"ENTREZID","6772","ENTREZID","201514","directed","Process(expression)"
"ENTREZID","6772","ENTREZID","219749","directed","Process(expression)"
"ENTREZID","6772","ENTREZID","22835","directed","Process(expression)"
"ENTREZID","6772","ENTREZID","22869","directed","Process(expression)"
"ENTREZID","6772","ENTREZID","253639","directed","Process(expression)"
"ENTREZID","6772","ENTREZID","255403","directed","Process(expression)"
"ENTREZID","6772","ENTREZID","256051","directed","Process(expression)"
"ENTREZID","6772","ENTREZID","25799","directed","Process(expression)"
"ENTREZID","6772","ENTREZID","25888","directed","Process(expression)"
"ENTREZID","6772","ENTREZID","26149","directed","Process(expression)"
"ENTREZID","6772","ENTREZID","26152","directed","Process(expression)"
"ENTREZID","6772","ENTREZID","26974","directed","Process(expression)"
"ENTREZID","6772","ENTREZID","27102","directed","Process(expression)"
"ENTREZID","6772","ENTREZID","27153","directed","Process(expression)"
"ENTREZID","6772","ENTREZID","27300","directed","Process(expression)"
"ENTREZID","6772","ENTREZID","282890","directed","Process(expression)"
"ENTREZID","6772","ENTREZID","284306","directed","Process(expression)"
"ENTREZID","6772","ENTREZID","284307","directed","Process(expression)"
"ENTREZID","6772","ENTREZID","284323","directed","Process(expression)"
"ENTREZID","6772","ENTREZID","284349","directed","Process(expression)"
"ENTREZID","6772","ENTREZID","284370","directed","Process(expression)"
"ENTREZID","6772","ENTREZID","284371","directed","Process(expression)"
"ENTREZID","6772","ENTREZID","284390","directed","Process(expression)"
"ENTREZID","6772","ENTREZID","284406","directed","Process(expression)"
"ENTREZID","6772","ENTREZID","284459","directed","Process(expression)"
"ENTREZID","6772","ENTREZID","285267","directed","Process(expression)"
"ENTREZID","6772","ENTREZID","285268","directed","Process(expression)"
"ENTREZID","6772","ENTREZID","285676","directed","Process(expression)"
"ENTREZID","6772","ENTREZID","286075","directed","Process(expression)"
"ENTREZID","6772","ENTREZID","30832","directed","Process(expression)"
"ENTREZID","6772","ENTREZID","339318","directed","Process(expression)"
"ENTREZID","6772","ENTREZID","339327","directed","Process(expression)"
"ENTREZID","6772","ENTREZID","339559","directed","Process(expression)"
"ENTREZID","6772","ENTREZID","340252","directed","Process(expression)"
"ENTREZID","6772","ENTREZID","340385","directed","Process(expression)"
"ENTREZID","6772","ENTREZID","342892","directed","Process(expression)"
"ENTREZID","6772","ENTREZID","342908","directed","Process(expression)"
"ENTREZID","6772","ENTREZID","342909","directed","Process(expression)"
"ENTREZID","6772","ENTREZID","342926","directed","Process(expression)"
"ENTREZID","6772","ENTREZID","344787","directed","Process(expression)"
"ENTREZID","6772","ENTREZID","345462","directed","Process(expression)"
"ENTREZID","6772","ENTREZID","346171","directed","Process(expression)"
"ENTREZID","6772","ENTREZID","347344","directed","Process(expression)"
"ENTREZID","6772","ENTREZID","348327","directed","Process(expression)"
"ENTREZID","6772","ENTREZID","349075","directed","Process(expression)"
"ENTREZID","6772","ENTREZID","353088","directed","Process(expression)"
"ENTREZID","6772","ENTREZID","353355","directed","Process(expression)"
"ENTREZID","6772","ENTREZID","374879","directed","Process(expression)"
"ENTREZID","6772","ENTREZID","374899","directed","Process(expression)"
"ENTREZID","6772","ENTREZID","374900","directed","Process(expression)"
"ENTREZID","6772","ENTREZID","374928","directed","Process(expression)"
"ENTREZID","6772","ENTREZID","388536","directed","Process(expression)"
"ENTREZID","6772","ENTREZID","388558","directed","Process(expression)"
"ENTREZID","6772","ENTREZID","388559","directed","Process(expression)"
"ENTREZID","6772","ENTREZID","388561","directed","Process(expression)"
"ENTREZID","6772","ENTREZID","388566","directed","Process(expression)"
"ENTREZID","6772","ENTREZID","388567","directed","Process(expression)"
"ENTREZID","6772","ENTREZID","388569","directed","Process(expression)"
"ENTREZID","6772","ENTREZID","389114","directed","Process(expression)"
"ENTREZID","6772","ENTREZID","390927","directed","Process(expression)"
"ENTREZID","6772","ENTREZID","390980","directed","Process(expression)"
"ENTREZID","6772","ENTREZID","400720","directed","Process(expression)"
"ENTREZID","6772","ENTREZID","440077","directed","Process(expression)"
"ENTREZID","6772","ENTREZID","440275","directed","Process(expression)"
"ENTREZID","6772","ENTREZID","440515","directed","Process(expression)"
"ENTREZID","6772","ENTREZID","441234","directed","Process(expression)"
"ENTREZID","6772","ENTREZID","442319","directed","Process(expression)"
"ENTREZID","6772","ENTREZID","4938","directed","Process(expression)"
"ENTREZID","6772","ENTREZID","4939","directed","Process(expression)"
"ENTREZID","6772","ENTREZID","4940","directed","Process(expression)"
"ENTREZID","6772","ENTREZID","51276","directed","Process(expression)"
"ENTREZID","6772","ENTREZID","51385","directed","Process(expression)"
"ENTREZID","6772","ENTREZID","51427","directed","Process(expression)"
"ENTREZID","6772","ENTREZID","51710","directed","Process(expression)"
"ENTREZID","6772","ENTREZID","54753","directed","Process(expression)"
"ENTREZID","6772","ENTREZID","54811","directed","Process(expression)"
"ENTREZID","6772","ENTREZID","54925","directed","Process(expression)"
"ENTREZID","6772","ENTREZID","55422","directed","Process(expression)"
"ENTREZID","6772","ENTREZID","55552","directed","Process(expression)"
"ENTREZID","6772","ENTREZID","55659","directed","Process(expression)"
"ENTREZID","6772","ENTREZID","55713","directed","Process(expression)"
"ENTREZID","6772","ENTREZID","55762","directed","Process(expression)"
"ENTREZID","6772","ENTREZID","55769","directed","Process(expression)"
"ENTREZID","6772","ENTREZID","55786","directed","Process(expression)"
"ENTREZID","6772","ENTREZID","55900","directed","Process(expression)"
"ENTREZID","6772","ENTREZID","5610","directed","Process(expression)"
"ENTREZID","6772","ENTREZID","56242","directed","Process(expression)"
"ENTREZID","6772","ENTREZID","57209","directed","Process(expression)"
"ENTREZID","6772","ENTREZID","57232","directed","Process(expression)"
"ENTREZID","6772","ENTREZID","57335","directed","Process(expression)"
"ENTREZID","6772","ENTREZID","57343","directed","Process(expression)"
"ENTREZID","6772","ENTREZID","57474","directed","Process(expression)"
"ENTREZID","6772","ENTREZID","57541","directed","Process(expression)"
"ENTREZID","6772","ENTREZID","57547","directed","Process(expression)"
"ENTREZID","6772","ENTREZID","57573","directed","Process(expression)"
"ENTREZID","6772","ENTREZID","57615","directed","Process(expression)"
"ENTREZID","6772","ENTREZID","57677","directed","Process(expression)"
"ENTREZID","6772","ENTREZID","57693","directed","Process(expression)"
"ENTREZID","6772","ENTREZID","57711","directed","Process(expression)"
"ENTREZID","6772","ENTREZID","57786","directed","Process(expression)"
"ENTREZID","6772","ENTREZID","58492","directed","Process(expression)"
"ENTREZID","6772","ENTREZID","58500","directed","Process(expression)"
"ENTREZID","6772","ENTREZID","59348","directed","Process(expression)"
"ENTREZID","6772","ENTREZID","63934","directed","Process(expression)"
"ENTREZID","6772","ENTREZID","641339","directed","Process(expression)"
"ENTREZID","6772","ENTREZID","65243","directed","Process(expression)"
"ENTREZID","6772","ENTREZID","65251","directed","Process(expression)"
"ENTREZID","6772","ENTREZID","684","directed","Process(expression)"
"ENTREZID","6772","ENTREZID","6940","directed","Process(expression)"
"ENTREZID","6772","ENTREZID","728927","directed","Process(expression)"
"ENTREZID","6772","ENTREZID","728957","directed","Process(expression)"
"ENTREZID","6772","ENTREZID","729747","directed","Process(expression)"
"ENTREZID","6772","ENTREZID","730051","directed","Process(expression)"
"ENTREZID","6772","ENTREZID","730087","directed","Process(expression)"
"ENTREZID","6772","ENTREZID","730291","directed","Process(expression)"
"ENTREZID","6772","ENTREZID","7539","directed","Process(expression)"
"ENTREZID","6772","ENTREZID","7549","directed","Process(expression)"
"ENTREZID","6772","ENTREZID","7551","directed","Process(expression)"
"ENTREZID","6772","ENTREZID","7553","directed","Process(expression)"
"ENTREZID","6772","ENTREZID","7554","directed","Process(expression)"
"ENTREZID","6772","ENTREZID","7556","directed","Process(expression)"
"ENTREZID","6772","ENTREZID","7559","directed","Process(expression)"
"ENTREZID","6772","ENTREZID","7561","directed","Process(expression)"
"ENTREZID","6772","ENTREZID","7562","directed","Process(expression)"
"ENTREZID","6772","ENTREZID","7565","directed","Process(expression)"
"ENTREZID","6772","ENTREZID","7567","directed","Process(expression)"
"ENTREZID","6772","ENTREZID","7568","directed","Process(expression)"
"ENTREZID","6772","ENTREZID","7569","directed","Process(expression)"
"ENTREZID","6772","ENTREZID","7571","directed","Process(expression)"
"ENTREZID","6772","ENTREZID","7574","directed","Process(expression)"
"ENTREZID","6772","ENTREZID","7581","directed","Process(expression)"
"ENTREZID","6772","ENTREZID","7582","directed","Process(expression)"
"ENTREZID","6772","ENTREZID","7587","directed","Process(expression)"
"ENTREZID","6772","ENTREZID","7592","directed","Process(expression)"
"ENTREZID","6772","ENTREZID","7594","directed","Process(expression)"
"ENTREZID","6772","ENTREZID","7596","directed","Process(expression)"
"ENTREZID","6772","ENTREZID","7625","directed","Process(expression)"
"ENTREZID","6772","ENTREZID","7633","directed","Process(expression)"
"ENTREZID","6772","ENTREZID","7637","directed","Process(expression)"
"ENTREZID","6772","ENTREZID","7638","directed","Process(expression)"
"ENTREZID","6772","ENTREZID","7639","directed","Process(expression)"
"ENTREZID","6772","ENTREZID","7643","directed","Process(expression)"
"ENTREZID","6772","ENTREZID","7644","directed","Process(expression)"
"ENTREZID","6772","ENTREZID","7652","directed","Process(expression)"
"ENTREZID","6772","ENTREZID","7673","directed","Process(expression)"
"ENTREZID","6772","ENTREZID","7678","directed","Process(expression)"
"ENTREZID","6772","ENTREZID","7691","directed","Process(expression)"
"ENTREZID","6772","ENTREZID","7692","directed","Process(expression)"
"ENTREZID","6772","ENTREZID","7694","directed","Process(expression)"
"ENTREZID","6772","ENTREZID","7695","directed","Process(expression)"
"ENTREZID","6772","ENTREZID","7699","directed","Process(expression)"
"ENTREZID","6772","ENTREZID","7700","directed","Process(expression)"
"ENTREZID","6772","ENTREZID","7710","directed","Process(expression)"
"ENTREZID","6772","ENTREZID","7711","directed","Process(expression)"
"ENTREZID","6772","ENTREZID","7712","directed","Process(expression)"
"ENTREZID","6772","ENTREZID","7728","directed","Process(expression)"
"ENTREZID","6772","ENTREZID","7730","directed","Process(expression)"
"ENTREZID","6772","ENTREZID","7733","directed","Process(expression)"
"ENTREZID","6772","ENTREZID","7738","directed","Process(expression)"
"ENTREZID","6772","ENTREZID","7743","directed","Process(expression)"
"ENTREZID","6772","ENTREZID","7748","directed","Process(expression)"
"ENTREZID","6772","ENTREZID","7752","directed","Process(expression)"
"ENTREZID","6772","ENTREZID","7755","directed","Process(expression)"
"ENTREZID","6772","ENTREZID","7757","directed","Process(expression)"
"ENTREZID","6772","ENTREZID","7761","directed","Process(expression)"
"ENTREZID","6772","ENTREZID","7766","directed","Process(expression)"
"ENTREZID","6772","ENTREZID","7767","directed","Process(expression)"
"ENTREZID","6772","ENTREZID","7768","directed","Process(expression)"
"ENTREZID","6772","ENTREZID","7769","directed","Process(expression)"
"ENTREZID","6772","ENTREZID","7770","directed","Process(expression)"
"ENTREZID","6772","ENTREZID","7771","directed","Process(expression)"
"ENTREZID","6772","ENTREZID","7772","directed","Process(expression)"
"ENTREZID","6772","ENTREZID","7773","directed","Process(expression)"
"ENTREZID","6772","ENTREZID","79088","directed","Process(expression)"
"ENTREZID","6772","ENTREZID","79175","directed","Process(expression)"
"ENTREZID","6772","ENTREZID","79230","directed","Process(expression)"
"ENTREZID","6772","ENTREZID","79724","directed","Process(expression)"
"ENTREZID","6772","ENTREZID","79744","directed","Process(expression)"
"ENTREZID","6772","ENTREZID","79788","directed","Process(expression)"
"ENTREZID","6772","ENTREZID","79818","directed","Process(expression)"
"ENTREZID","6772","ENTREZID","79862","directed","Process(expression)"
"ENTREZID","6772","ENTREZID","7988","directed","Process(expression)"
"ENTREZID","6772","ENTREZID","79891","directed","Process(expression)"
"ENTREZID","6772","ENTREZID","79898","directed","Process(expression)"
"ENTREZID","6772","ENTREZID","79973","directed","Process(expression)"
"ENTREZID","6772","ENTREZID","80032","directed","Process(expression)"
"ENTREZID","6772","ENTREZID","80095","directed","Process(expression)"
"ENTREZID","6772","ENTREZID","80110","directed","Process(expression)"
"ENTREZID","6772","ENTREZID","80264","directed","Process(expression)"
"ENTREZID","6772","ENTREZID","80778","directed","Process(expression)"
"ENTREZID","6772","ENTREZID","80818","directed","Process(expression)"
"ENTREZID","6772","ENTREZID","81856","directed","Process(expression)"
"ENTREZID","6772","ENTREZID","81931","directed","Process(expression)"
"ENTREZID","6772","ENTREZID","83744","directed","Process(expression)"
"ENTREZID","6772","ENTREZID","8427","directed","Process(expression)"
"ENTREZID","6772","ENTREZID","84436","directed","Process(expression)"
"ENTREZID","6772","ENTREZID","84449","directed","Process(expression)"
"ENTREZID","6772","ENTREZID","84503","directed","Process(expression)"
"ENTREZID","6772","ENTREZID","84527","directed","Process(expression)"
"ENTREZID","6772","ENTREZID","84671","directed","Process(expression)"
"ENTREZID","6772","ENTREZID","84765","directed","Process(expression)"
"ENTREZID","6772","ENTREZID","84775","directed","Process(expression)"
"ENTREZID","6772","ENTREZID","84874","directed","Process(expression)"
"ENTREZID","6772","ENTREZID","84911","directed","Process(expression)"
"ENTREZID","6772","ENTREZID","84914","directed","Process(expression)"
"ENTREZID","6772","ENTREZID","84924","directed","Process(expression)"
"ENTREZID","6772","ENTREZID","90075","directed","Process(expression)"
"ENTREZID","6772","ENTREZID","90233","directed","Process(expression)"
"ENTREZID","6772","ENTREZID","90317","directed","Process(expression)"
"ENTREZID","6772","ENTREZID","90321","directed","Process(expression)"
"ENTREZID","6772","ENTREZID","90333","directed","Process(expression)"
"ENTREZID","6772","ENTREZID","90338","directed","Process(expression)"
"ENTREZID","6772","ENTREZID","90576","directed","Process(expression)"
"ENTREZID","6772","ENTREZID","90592","directed","Process(expression)"
"ENTREZID","6772","ENTREZID","90594","directed","Process(expression)"
"ENTREZID","6772","ENTREZID","90649","directed","Process(expression)"
"ENTREZID","6772","ENTREZID","90827","directed","Process(expression)"
"ENTREZID","6772","ENTREZID","90987","directed","Process(expression)"
"ENTREZID","6772","ENTREZID","91120","directed","Process(expression)"
"ENTREZID","6772","ENTREZID","91661","directed","Process(expression)"
"ENTREZID","6772","ENTREZID","91664","directed","Process(expression)"
"ENTREZID","6772","ENTREZID","91975","directed","Process(expression)"
"ENTREZID","6772","ENTREZID","92283","directed","Process(expression)"
"ENTREZID","6772","ENTREZID","92285","directed","Process(expression)"
"ENTREZID","6772","ENTREZID","92595","directed","Process(expression)"
"ENTREZID","6772","ENTREZID","9310","directed","Process(expression)"
"ENTREZID","6772","ENTREZID","93134","directed","Process(expression)"
"ENTREZID","6772","ENTREZID","93474","directed","Process(expression)"
"ENTREZID","6772","ENTREZID","94039","directed","Process(expression)"
"ENTREZID","6772","ENTREZID","9451","directed","Process(expression)"
"ENTREZID","6772","ENTREZID","9534","directed","Process(expression)"
"ENTREZID","6772","ENTREZID","9668","directed","Process(expression)"
"ENTREZID","6772","ENTREZID","9831","directed","Process(expression)"
"ENTREZID","6773","ENTREZID","100129543","directed","Process(expression)"
"ENTREZID","6773","ENTREZID","100129842","directed","Process(expression)"
"ENTREZID","6773","ENTREZID","100131017","directed","Process(expression)"
"ENTREZID","6773","ENTREZID","100131827","directed","Process(expression)"
"ENTREZID","6773","ENTREZID","100287226","directed","Process(expression)"
"ENTREZID","6773","ENTREZID","100289635","directed","Process(expression)"
"ENTREZID","6773","ENTREZID","100289678","directed","Process(expression)"
"ENTREZID","6773","ENTREZID","100529215","directed","Process(expression)"
"ENTREZID","6773","ENTREZID","101060200","directed","Process(expression)"
"ENTREZID","6773","ENTREZID","10172","directed","Process(expression)"
"ENTREZID","6773","ENTREZID","10224","directed","Process(expression)"
"ENTREZID","6773","ENTREZID","10308","directed","Process(expression)"
"ENTREZID","6773","ENTREZID","10520","directed","Process(expression)"
"ENTREZID","6773","ENTREZID","10780","directed","Process(expression)"
"ENTREZID","6773","ENTREZID","10793","directed","Process(expression)"
"ENTREZID","6773","ENTREZID","10794","directed","Process(expression)"
"ENTREZID","6773","ENTREZID","10795","directed","Process(expression)"
"ENTREZID","6773","ENTREZID","10838","directed","Process(expression)"
"ENTREZID","6773","ENTREZID","113835","directed","Process(expression)"
"ENTREZID","6773","ENTREZID","114026","directed","Process(expression)"
"ENTREZID","6773","ENTREZID","115196","directed","Process(expression)"
"ENTREZID","6773","ENTREZID","115509","directed","Process(expression)"
"ENTREZID","6773","ENTREZID","117608","directed","Process(expression)"
"ENTREZID","6773","ENTREZID","121274","directed","Process(expression)"
"ENTREZID","6773","ENTREZID","125893","directed","Process(expression)"
"ENTREZID","6773","ENTREZID","125919","directed","Process(expression)"
"ENTREZID","6773","ENTREZID","126017","directed","Process(expression)"
"ENTREZID","6773","ENTREZID","126068","directed","Process(expression)"
"ENTREZID","6773","ENTREZID","126070","directed","Process(expression)"
"ENTREZID","6773","ENTREZID","126231","directed","Process(expression)"
"ENTREZID","6773","ENTREZID","126295","directed","Process(expression)"
"ENTREZID","6773","ENTREZID","126375","directed","Process(expression)"
"ENTREZID","6773","ENTREZID","127396","directed","Process(expression)"
"ENTREZID","6773","ENTREZID","136051","directed","Process(expression)"
"ENTREZID","6773","ENTREZID","139735","directed","Process(expression)"
"ENTREZID","6773","ENTREZID","140612","directed","Process(expression)"
"ENTREZID","6773","ENTREZID","146198","directed","Process(expression)"
"ENTREZID","6773","ENTREZID","146434","directed","Process(expression)"
"ENTREZID","6773","ENTREZID","146540","directed","Process(expression)"
"ENTREZID","6773","ENTREZID","146542","directed","Process(expression)"
"ENTREZID","6773","ENTREZID","147657","directed","Process(expression)"
"ENTREZID","6773","ENTREZID","147658","directed","Process(expression)"
"ENTREZID","6773","ENTREZID","147660","directed","Process(expression)"
"ENTREZID","6773","ENTREZID","147686","directed","Process(expression)"
"ENTREZID","6773","ENTREZID","147687","directed","Process(expression)"
"ENTREZID","6773","ENTREZID","147694","directed","Process(expression)"
"ENTREZID","6773","ENTREZID","147741","directed","Process(expression)"
"ENTREZID","6773","ENTREZID","147837","directed","Process(expression)"
"ENTREZID","6773","ENTREZID","147923","directed","Process(expression)"
"ENTREZID","6773","ENTREZID","147929","directed","Process(expression)"
"ENTREZID","6773","ENTREZID","147948","directed","Process(expression)"
"ENTREZID","6773","ENTREZID","147949","directed","Process(expression)"
"ENTREZID","6773","ENTREZID","148103","directed","Process(expression)"
"ENTREZID","6773","ENTREZID","148156","directed","Process(expression)"
"ENTREZID","6773","ENTREZID","148198","directed","Process(expression)"
"ENTREZID","6773","ENTREZID","148206","directed","Process(expression)"
"ENTREZID","6773","ENTREZID","148254","directed","Process(expression)"
"ENTREZID","6773","ENTREZID","148266","directed","Process(expression)"
"ENTREZID","6773","ENTREZID","148268","directed","Process(expression)"
"ENTREZID","6773","ENTREZID","152687","directed","Process(expression)"
"ENTREZID","6773","ENTREZID","155054","directed","Process(expression)"
"ENTREZID","6773","ENTREZID","155061","directed","Process(expression)"
"ENTREZID","6773","ENTREZID","158431","directed","Process(expression)"
"ENTREZID","6773","ENTREZID","162239","directed","Process(expression)"
"ENTREZID","6773","ENTREZID","162655","directed","Process(expression)"
"ENTREZID","6773","ENTREZID","162962","directed","Process(expression)"
"ENTREZID","6773","ENTREZID","162963","directed","Process(expression)"
"ENTREZID","6773","ENTREZID","162966","directed","Process(expression)"
"ENTREZID","6773","ENTREZID","162967","directed","Process(expression)"
"ENTREZID","6773","ENTREZID","162972","directed","Process(expression)"
"ENTREZID","6773","ENTREZID","162993","directed","Process(expression)"
"ENTREZID","6773","ENTREZID","163049","directed","Process(expression)"
"ENTREZID","6773","ENTREZID","163050","directed","Process(expression)"
"ENTREZID","6773","ENTREZID","163051","directed","Process(expression)"
"ENTREZID","6773","ENTREZID","163059","directed","Process(expression)"
"ENTREZID","6773","ENTREZID","163071","directed","Process(expression)"
"ENTREZID","6773","ENTREZID","163081","directed","Process(expression)"
"ENTREZID","6773","ENTREZID","163087","directed","Process(expression)"
"ENTREZID","6773","ENTREZID","163131","directed","Process(expression)"
"ENTREZID","6773","ENTREZID","163223","directed","Process(expression)"
"ENTREZID","6773","ENTREZID","163227","directed","Process(expression)"
"ENTREZID","6773","ENTREZID","163255","directed","Process(expression)"
"ENTREZID","6773","ENTREZID","168417","directed","Process(expression)"
"ENTREZID","6773","ENTREZID","169270","directed","Process(expression)"
"ENTREZID","6773","ENTREZID","169841","directed","Process(expression)"
"ENTREZID","6773","ENTREZID","170959","directed","Process(expression)"
"ENTREZID","6773","ENTREZID","170960","directed","Process(expression)"
"ENTREZID","6773","ENTREZID","171392","directed","Process(expression)"
"ENTREZID","6773","ENTREZID","197320","directed","Process(expression)"
"ENTREZID","6773","ENTREZID","199692","directed","Process(expression)"
"ENTREZID","6773","ENTREZID","199704","directed","Process(expression)"
"ENTREZID","6773","ENTREZID","201514","directed","Process(expression)"
"ENTREZID","6773","ENTREZID","219749","directed","Process(expression)"
"ENTREZID","6773","ENTREZID","22835","directed","Process(expression)"
"ENTREZID","6773","ENTREZID","22869","directed","Process(expression)"
"ENTREZID","6773","ENTREZID","253639","directed","Process(expression)"
"ENTREZID","6773","ENTREZID","255403","directed","Process(expression)"
"ENTREZID","6773","ENTREZID","256051","directed","Process(expression)"
"ENTREZID","6773","ENTREZID","25799","directed","Process(expression)"
"ENTREZID","6773","ENTREZID","25888","directed","Process(expression)"
"ENTREZID","6773","ENTREZID","26149","directed","Process(expression)"
"ENTREZID","6773","ENTREZID","26152","directed","Process(expression)"
"ENTREZID","6773","ENTREZID","26974","directed","Process(expression)"
"ENTREZID","6773","ENTREZID","27102","directed","Process(expression)"
"ENTREZID","6773","ENTREZID","27153","directed","Process(expression)"
"ENTREZID","6773","ENTREZID","27300","directed","Process(expression)"
"ENTREZID","6773","ENTREZID","282890","directed","Process(expression)"
"ENTREZID","6773","ENTREZID","284306","directed","Process(expression)"
"ENTREZID","6773","ENTREZID","284307","directed","Process(expression)"
"ENTREZID","6773","ENTREZID","284323","directed","Process(expression)"
"ENTREZID","6773","ENTREZID","284349","directed","Process(expression)"
"ENTREZID","6773","ENTREZID","284370","directed","Process(expression)"
"ENTREZID","6773","ENTREZID","284371","directed","Process(expression)"
"ENTREZID","6773","ENTREZID","284390","directed","Process(expression)"
"ENTREZID","6773","ENTREZID","284406","directed","Process(expression)"
"ENTREZID","6773","ENTREZID","284459","directed","Process(expression)"
"ENTREZID","6773","ENTREZID","285267","directed","Process(expression)"
"ENTREZID","6773","ENTREZID","285268","directed","Process(expression)"
"ENTREZID","6773","ENTREZID","285676","directed","Process(expression)"
"ENTREZID","6773","ENTREZID","286075","directed","Process(expression)"
"ENTREZID","6773","ENTREZID","30832","directed","Process(expression)"
"ENTREZID","6773","ENTREZID","339318","directed","Process(expression)"
"ENTREZID","6773","ENTREZID","339327","directed","Process(expression)"
"ENTREZID","6773","ENTREZID","339559","directed","Process(expression)"
"ENTREZID","6773","ENTREZID","340252","directed","Process(expression)"
"ENTREZID","6773","ENTREZID","340385","directed","Process(expression)"
"ENTREZID","6773","ENTREZID","342892","directed","Process(expression)"
"ENTREZID","6773","ENTREZID","342908","directed","Process(expression)"
"ENTREZID","6773","ENTREZID","342909","directed","Process(expression)"
"ENTREZID","6773","ENTREZID","342926","directed","Process(expression)"
"ENTREZID","6773","ENTREZID","344787","directed","Process(expression)"
"ENTREZID","6773","ENTREZID","345462","directed","Process(expression)"
"ENTREZID","6773","ENTREZID","346171","directed","Process(expression)"
"ENTREZID","6773","ENTREZID","347344","directed","Process(expression)"
"ENTREZID","6773","ENTREZID","348327","directed","Process(expression)"
"ENTREZID","6773","ENTREZID","349075","directed","Process(expression)"
"ENTREZID","6773","ENTREZID","353088","directed","Process(expression)"
"ENTREZID","6773","ENTREZID","353355","directed","Process(expression)"
"ENTREZID","6773","ENTREZID","374879","directed","Process(expression)"
"ENTREZID","6773","ENTREZID","374899","directed","Process(expression)"
"ENTREZID","6773","ENTREZID","374900","directed","Process(expression)"
"ENTREZID","6773","ENTREZID","374928","directed","Process(expression)"
"ENTREZID","6773","ENTREZID","388536","directed","Process(expression)"
"ENTREZID","6773","ENTREZID","388558","directed","Process(expression)"
"ENTREZID","6773","ENTREZID","388559","directed","Process(expression)"
"ENTREZID","6773","ENTREZID","388561","directed","Process(expression)"
"ENTREZID","6773","ENTREZID","388566","directed","Process(expression)"
"ENTREZID","6773","ENTREZID","388567","directed","Process(expression)"
"ENTREZID","6773","ENTREZID","388569","directed","Process(expression)"
"ENTREZID","6773","ENTREZID","389114","directed","Process(expression)"
"ENTREZID","6773","ENTREZID","390927","directed","Process(expression)"
"ENTREZID","6773","ENTREZID","390980","directed","Process(expression)"
"ENTREZID","6773","ENTREZID","400720","directed","Process(expression)"
"ENTREZID","6773","ENTREZID","440077","directed","Process(expression)"
"ENTREZID","6773","ENTREZID","440275","directed","Process(expression)"
"ENTREZID","6773","ENTREZID","440515","directed","Process(expression)"
"ENTREZID","6773","ENTREZID","441234","directed","Process(expression)"
"ENTREZID","6773","ENTREZID","442319","directed","Process(expression)"
"ENTREZID","6773","ENTREZID","4938","directed","Process(expression)"
"ENTREZID","6773","ENTREZID","4939","directed","Process(expression)"
"ENTREZID","6773","ENTREZID","4940","directed","Process(expression)"
"ENTREZID","6773","ENTREZID","51276","directed","Process(expression)"
"ENTREZID","6773","ENTREZID","51385","directed","Process(expression)"
"ENTREZID","6773","ENTREZID","51427","directed","Process(expression)"
"ENTREZID","6773","ENTREZID","51710","directed","Process(expression)"
"ENTREZID","6773","ENTREZID","54753","directed","Process(expression)"
"ENTREZID","6773","ENTREZID","54811","directed","Process(expression)"
"ENTREZID","6773","ENTREZID","54925","directed","Process(expression)"
"ENTREZID","6773","ENTREZID","55422","directed","Process(expression)"
"ENTREZID","6773","ENTREZID","55552","directed","Process(expression)"
"ENTREZID","6773","ENTREZID","55659","directed","Process(expression)"
"ENTREZID","6773","ENTREZID","55713","directed","Process(expression)"
"ENTREZID","6773","ENTREZID","55762","directed","Process(expression)"
"ENTREZID","6773","ENTREZID","55769","directed","Process(expression)"
"ENTREZID","6773","ENTREZID","55786","directed","Process(expression)"
"ENTREZID","6773","ENTREZID","55900","directed","Process(expression)"
"ENTREZID","6773","ENTREZID","5610","directed","Process(expression)"
"ENTREZID","6773","ENTREZID","56242","directed","Process(expression)"
"ENTREZID","6773","ENTREZID","57209","directed","Process(expression)"
"ENTREZID","6773","ENTREZID","57232","directed","Process(expression)"
"ENTREZID","6773","ENTREZID","57335","directed","Process(expression)"
"ENTREZID","6773","ENTREZID","57343","directed","Process(expression)"
"ENTREZID","6773","ENTREZID","57474","directed","Process(expression)"
"ENTREZID","6773","ENTREZID","57541","directed","Process(expression)"
"ENTREZID","6773","ENTREZID","57547","directed","Process(expression)"
"ENTREZID","6773","ENTREZID","57573","directed","Process(expression)"
"ENTREZID","6773","ENTREZID","57615","directed","Process(expression)"
"ENTREZID","6773","ENTREZID","57677","directed","Process(expression)"
"ENTREZID","6773","ENTREZID","57693","directed","Process(expression)"
"ENTREZID","6773","ENTREZID","57711","directed","Process(expression)"
"ENTREZID","6773","ENTREZID","57786","directed","Process(expression)"
"ENTREZID","6773","ENTREZID","58492","directed","Process(expression)"
"ENTREZID","6773","ENTREZID","58500","directed","Process(expression)"
"ENTREZID","6773","ENTREZID","59348","directed","Process(expression)"
"ENTREZID","6773","ENTREZID","63934","directed","Process(expression)"
"ENTREZID","6773","ENTREZID","641339","directed","Process(expression)"
"ENTREZID","6773","ENTREZID","65243","directed","Process(expression)"
"ENTREZID","6773","ENTREZID","65251","directed","Process(expression)"
"ENTREZID","6773","ENTREZID","684","directed","Process(expression)"
"ENTREZID","6773","ENTREZID","6940","directed","Process(expression)"
"ENTREZID","6773","ENTREZID","728927","directed","Process(expression)"
"ENTREZID","6773","ENTREZID","728957","directed","Process(expression)"
"ENTREZID","6773","ENTREZID","729747","directed","Process(expression)"
"ENTREZID","6773","ENTREZID","730051","directed","Process(expression)"
"ENTREZID","6773","ENTREZID","730087","directed","Process(expression)"
"ENTREZID","6773","ENTREZID","730291","directed","Process(expression)"
"ENTREZID","6773","ENTREZID","7539","directed","Process(expression)"
"ENTREZID","6773","ENTREZID","7549","directed","Process(expression)"
"ENTREZID","6773","ENTREZID","7551","directed","Process(expression)"
"ENTREZID","6773","ENTREZID","7553","directed","Process(expression)"
"ENTREZID","6773","ENTREZID","7554","directed","Process(expression)"
"ENTREZID","6773","ENTREZID","7556","directed","Process(expression)"
"ENTREZID","6773","ENTREZID","7559","directed","Process(expression)"
"ENTREZID","6773","ENTREZID","7561","directed","Process(expression)"
"ENTREZID","6773","ENTREZID","7562","directed","Process(expression)"
"ENTREZID","6773","ENTREZID","7565","directed","Process(expression)"
"ENTREZID","6773","ENTREZID","7567","directed","Process(expression)"
"ENTREZID","6773","ENTREZID","7568","directed","Process(expression)"
"ENTREZID","6773","ENTREZID","7569","directed","Process(expression)"
"ENTREZID","6773","ENTREZID","7571","directed","Process(expression)"
"ENTREZID","6773","ENTREZID","7574","directed","Process(expression)"
"ENTREZID","6773","ENTREZID","7581","directed","Process(expression)"
"ENTREZID","6773","ENTREZID","7582","directed","Process(expression)"
"ENTREZID","6773","ENTREZID","7587","directed","Process(expression)"
"ENTREZID","6773","ENTREZID","7592","directed","Process(expression)"
"ENTREZID","6773","ENTREZID","7594","directed","Process(expression)"
"ENTREZID","6773","ENTREZID","7596","directed","Process(expression)"
"ENTREZID","6773","ENTREZID","7625","directed","Process(expression)"
"ENTREZID","6773","ENTREZID","7633","directed","Process(expression)"
"ENTREZID","6773","ENTREZID","7637","directed","Process(expression)"
"ENTREZID","6773","ENTREZID","7638","directed","Process(expression)"
"ENTREZID","6773","ENTREZID","7639","directed","Process(expression)"
"ENTREZID","6773","ENTREZID","7643","directed","Process(expression)"
"ENTREZID","6773","ENTREZID","7644","directed","Process(expression)"
"ENTREZID","6773","ENTREZID","7652","directed","Process(expression)"
"ENTREZID","6773","ENTREZID","7673","directed","Process(expression)"
"ENTREZID","6773","ENTREZID","7678","directed","Process(expression)"
"ENTREZID","6773","ENTREZID","7691","directed","Process(expression)"
"ENTREZID","6773","ENTREZID","7692","directed","Process(expression)"
"ENTREZID","6773","ENTREZID","7694","directed","Process(expression)"
"ENTREZID","6773","ENTREZID","7695","directed","Process(expression)"
"ENTREZID","6773","ENTREZID","7699","directed","Process(expression)"
"ENTREZID","6773","ENTREZID","7700","directed","Process(expression)"
"ENTREZID","6773","ENTREZID","7710","directed","Process(expression)"
"ENTREZID","6773","ENTREZID","7711","directed","Process(expression)"
"ENTREZID","6773","ENTREZID","7712","directed","Process(expression)"
"ENTREZID","6773","ENTREZID","7728","directed","Process(expression)"
"ENTREZID","6773","ENTREZID","7730","directed","Process(expression)"
"ENTREZID","6773","ENTREZID","7733","directed","Process(expression)"
"ENTREZID","6773","ENTREZID","7738","directed","Process(expression)"
"ENTREZID","6773","ENTREZID","7743","directed","Process(expression)"
"ENTREZID","6773","ENTREZID","7748","directed","Process(expression)"
"ENTREZID","6773","ENTREZID","7752","directed","Process(expression)"
"ENTREZID","6773","ENTREZID","7755","directed","Process(expression)"
"ENTREZID","6773","ENTREZID","7757","directed","Process(expression)"
"ENTREZID","6773","ENTREZID","7761","directed","Process(expression)"
"ENTREZID","6773","ENTREZID","7766","directed","Process(expression)"
"ENTREZID","6773","ENTREZID","7767","directed","Process(expression)"
"ENTREZID","6773","ENTREZID","7768","directed","Process(expression)"
"ENTREZID","6773","ENTREZID","7769","directed","Process(expression)"
"ENTREZID","6773","ENTREZID","7770","directed","Process(expression)"
"ENTREZID","6773","ENTREZID","7771","directed","Process(expression)"
"ENTREZID","6773","ENTREZID","7772","directed","Process(expression)"
"ENTREZID","6773","ENTREZID","7773","directed","Process(expression)"
"ENTREZID","6773","ENTREZID","79088","directed","Process(expression)"
"ENTREZID","6773","ENTREZID","79175","directed","Process(expression)"
"ENTREZID","6773","ENTREZID","79230","directed","Process(expression)"
"ENTREZID","6773","ENTREZID","79724","directed","Process(expression)"
"ENTREZID","6773","ENTREZID","79744","directed","Process(expression)"
"ENTREZID","6773","ENTREZID","79788","directed","Process(expression)"
"ENTREZID","6773","ENTREZID","79818","directed","Process(expression)"
"ENTREZID","6773","ENTREZID","79862","directed","Process(expression)"
"ENTREZID","6773","ENTREZID","7988","directed","Process(expression)"
"ENTREZID","6773","ENTREZID","79891","directed","Process(expression)"
"ENTREZID","6773","ENTREZID","79898","directed","Process(expression)"
"ENTREZID","6773","ENTREZID","79973","directed","Process(expression)"
"ENTREZID","6773","ENTREZID","80032","directed","Process(expression)"
"ENTREZID","6773","ENTREZID","80095","directed","Process(expression)"
"ENTREZID","6773","ENTREZID","80110","directed","Process(expression)"
"ENTREZID","6773","ENTREZID","80264","directed","Process(expression)"
"ENTREZID","6773","ENTREZID","80778","directed","Process(expression)"
"ENTREZID","6773","ENTREZID","80818","directed","Process(expression)"
"ENTREZID","6773","ENTREZID","81856","directed","Process(expression)"
"ENTREZID","6773","ENTREZID","81931","directed","Process(expression)"
"ENTREZID","6773","ENTREZID","83744","directed","Process(expression)"
"ENTREZID","6773","ENTREZID","8427","directed","Process(expression)"
"ENTREZID","6773","ENTREZID","84436","directed","Process(expression)"
"ENTREZID","6773","ENTREZID","84449","directed","Process(expression)"
"ENTREZID","6773","ENTREZID","84503","directed","Process(expression)"
"ENTREZID","6773","ENTREZID","84527","directed","Process(expression)"
"ENTREZID","6773","ENTREZID","84671","directed","Process(expression)"
"ENTREZID","6773","ENTREZID","84765","directed","Process(expression)"
"ENTREZID","6773","ENTREZID","84775","directed","Process(expression)"
"ENTREZID","6773","ENTREZID","84874","directed","Process(expression)"
"ENTREZID","6773","ENTREZID","84911","directed","Process(expression)"
"ENTREZID","6773","ENTREZID","84914","directed","Process(expression)"
"ENTREZID","6773","ENTREZID","84924","directed","Process(expression)"
"ENTREZID","6773","ENTREZID","90075","directed","Process(expression)"
"ENTREZID","6773","ENTREZID","90233","directed","Process(expression)"
"ENTREZID","6773","ENTREZID","90317","directed","Process(expression)"
"ENTREZID","6773","ENTREZID","90321","directed","Process(expression)"
"ENTREZID","6773","ENTREZID","90333","directed","Process(expression)"
"ENTREZID","6773","ENTREZID","90338","directed","Process(expression)"
"ENTREZID","6773","ENTREZID","90576","directed","Process(expression)"
"ENTREZID","6773","ENTREZID","90592","directed","Process(expression)"
"ENTREZID","6773","ENTREZID","90594","directed","Process(expression)"
"ENTREZID","6773","ENTREZID","90649","directed","Process(expression)"
"ENTREZID","6773","ENTREZID","90827","directed","Process(expression)"
"ENTREZID","6773","ENTREZID","90987","directed","Process(expression)"
"ENTREZID","6773","ENTREZID","91120","directed","Process(expression)"
"ENTREZID","6773","ENTREZID","91661","directed","Process(expression)"
"ENTREZID","6773","ENTREZID","91664","directed","Process(expression)"
"ENTREZID","6773","ENTREZID","91975","directed","Process(expression)"
"ENTREZID","6773","ENTREZID","92283","directed","Process(expression)"
"ENTREZID","6773","ENTREZID","92285","directed","Process(expression)"
"ENTREZID","6773","ENTREZID","92595","directed","Process(expression)"
"ENTREZID","6773","ENTREZID","9310","directed","Process(expression)"
"ENTREZID","6773","ENTREZID","93134","directed","Process(expression)"
"ENTREZID","6773","ENTREZID","93474","directed","Process(expression)"
"ENTREZID","6773","ENTREZID","94039","directed","Process(expression)"
"ENTREZID","6773","ENTREZID","9451","directed","Process(expression)"
"ENTREZID","6773","ENTREZID","9534","directed","Process(expression)"
"ENTREZID","6773","ENTREZID","9668","directed","Process(expression)"
"ENTREZID","6773","ENTREZID","9831","directed","Process(expression)"
"ENTREZID","6850","ENTREZID","64170","directed","Process(activation)"
"ENTREZID","6885","ENTREZID","1147","directed","Process(activation)"
"ENTREZID","6885","ENTREZID","3551","directed","Process(activation)"
"ENTREZID","6885","ENTREZID","8517","directed","Process(activation)"
"ENTREZID","6890","ENTREZID","2923","directed","Process(binding/association)"
"ENTREZID","6890","ENTREZID","6891","undirected","Binding"
"ENTREZID","6890","ENTREZID","6892","undirected","Binding"
"ENTREZID","6890","ENTREZID","811","directed","Process(binding/association)"
"ENTREZID","6891","ENTREZID","2923","directed","Process(binding/association)"
"ENTREZID","6891","ENTREZID","6892","undirected","Binding"
"ENTREZID","6891","ENTREZID","811","directed","Process(binding/association)"
"ENTREZID","6892","ENTREZID","2923","directed","Process(binding/association)"
"ENTREZID","6892","ENTREZID","811","directed","Process(binding/association)"
"ENTREZID","7097","ENTREZID","4615","directed","Process(activation)"
"ENTREZID","7098","ENTREZID","148022","directed","Process(activation)"
"ENTREZID","7124","ENTREZID","7132","directed","Process(activation)"
"ENTREZID","7132","ENTREZID","8717","directed","Process(activation)"
"ENTREZID","7132","ENTREZID","8717","directed","Process(indirect effect)"
"ENTREZID","718","ENTREZID","5199","directed","Process(binding/association)"
"ENTREZID","718","ENTREZID","727","directed","Process(binding/association)"
"ENTREZID","7186","ENTREZID","1147","directed","Process(phosphorylation)"
"ENTREZID","7186","ENTREZID","1147","directed","Process(indirect effect)"
"ENTREZID","7186","ENTREZID","3551","directed","Process(phosphorylation)"
"ENTREZID","7186","ENTREZID","3551","directed","Process(indirect effect)"
"ENTREZID","7186","ENTREZID","8517","directed","Process(phosphorylation)"
"ENTREZID","7186","ENTREZID","8517","directed","Process(indirect effect)"
"ENTREZID","7187","ENTREZID","29110","directed","Process(activation)"
"ENTREZID","7187","ENTREZID","9641","directed","Process(activation)"
"ENTREZID","7188","ENTREZID","1147","directed","Process(phosphorylation)"
"ENTREZID","7188","ENTREZID","1147","directed","Process(indirect effect)"
"ENTREZID","7188","ENTREZID","3551","directed","Process(phosphorylation)"
"ENTREZID","7188","ENTREZID","3551","directed","Process(indirect effect)"
"ENTREZID","7188","ENTREZID","8517","directed","Process(phosphorylation)"
"ENTREZID","7188","ENTREZID","8517","directed","Process(indirect effect)"
"ENTREZID","7189","ENTREZID","10454","directed","Process(activation)"
"ENTREZID","7189","ENTREZID","1147","directed","Process(activation)"
"ENTREZID","7189","ENTREZID","23118","directed","Process(activation)"
"ENTREZID","7189","ENTREZID","6885","directed","Process(activation)"
"ENTREZID","7248","ENTREZID","6009","directed","Process(inhibition)"
"ENTREZID","7248","ENTREZID","7249","undirected","Binding"
"ENTREZID","7249","ENTREZID","6009","directed","Process(inhibition)"
"ENTREZID","7297","ENTREZID","6772","directed","Process(phosphorylation)"
"ENTREZID","7297","ENTREZID","6772","directed","Process(activation)"
"ENTREZID","7297","ENTREZID","6773","directed","Process(phosphorylation)"
"ENTREZID","7297","ENTREZID","6773","directed","Process(activation)"
"ENTREZID","811","ENTREZID","3105","directed","Process(binding/association)"
"ENTREZID","811","ENTREZID","3106","directed","Process(binding/association)"
"ENTREZID","811","ENTREZID","3107","directed","Process(binding/association)"
"ENTREZID","811","ENTREZID","3133","directed","Process(binding/association)"
"ENTREZID","811","ENTREZID","3134","directed","Process(binding/association)"
"ENTREZID","811","ENTREZID","3135","directed","Process(binding/association)"
"ENTREZID","841","ENTREZID","637","directed","Process(activation)"
"ENTREZID","841","ENTREZID","836","directed","Process(activation)"
"ENTREZID","842","ENTREZID","836","directed","Process(activation)"
"ENTREZID","8517","ENTREZID","4792","directed","Process(phosphorylation)"
"ENTREZID","8517","ENTREZID","4792","directed","Process(activation)"
"ENTREZID","8683","ENTREZID","10482","directed","Process(missing interaction)"
"ENTREZID","8683","ENTREZID","56000","directed","Process(missing interaction)"
"ENTREZID","8683","ENTREZID","56001","directed","Process(missing interaction)"
"ENTREZID","8683","ENTREZID","728343","directed","Process(missing interaction)"
"ENTREZID","8717","ENTREZID","8772","directed","Process(activation)"
"ENTREZID","8740","ENTREZID","8764","directed","Process(activation)"
"ENTREZID","8764","ENTREZID","7186","directed","Process(activation)"
"ENTREZID","8764","ENTREZID","7188","directed","Process(activation)"
"ENTREZID","8772","ENTREZID","841","directed","Process(activation)"
"ENTREZID","9021","ENTREZID","3716","directed","Process(inhibition)"
"ENTREZID","9021","ENTREZID","7297","directed","Process(inhibition)"
"ENTREZID","9451","ENTREZID","1965","directed","Process(phosphorylation)"
"ENTREZID","9451","ENTREZID","1965","directed","Process(activation)"
"ENTREZID","9641","ENTREZID","3661","directed","Process(phosphorylation)"
"ENTREZID","9641","ENTREZID","3661","directed","Process(activation)"
"ENTREZID","9641","ENTREZID","3665","directed","Process(phosphorylation)"
"ENTREZID","9641","ENTREZID","3665","directed","Process(activation)"
"ENTREZID","972","ENTREZID","3108","directed","Process(binding/association)"
"ENTREZID","972","ENTREZID","3109","directed","Process(binding/association)"
"ENTREZID","972","ENTREZID","3111","directed","Process(binding/association)"
"ENTREZID","972","ENTREZID","3112","directed","Process(binding/association)"
"ENTREZID","972","ENTREZID","3113","directed","Process(binding/association)"
"ENTREZID","972","ENTREZID","3115","directed","Process(binding/association)"
"ENTREZID","972","ENTREZID","3117","directed","Process(binding/association)"
"ENTREZID","972","ENTREZID","3118","directed","Process(binding/association)"
"ENTREZID","972","ENTREZID","3119","directed","Process(binding/association)"
"ENTREZID","972","ENTREZID","3122","directed","Process(binding/association)"
"ENTREZID","972","ENTREZID","3123","directed","Process(binding/association)"
"ENTREZID","972","ENTREZID","3125","directed","Process(binding/association)"
"ENTREZID","972","ENTREZID","3126","directed","Process(binding/association)"
"ENTREZID","972","ENTREZID","3127","directed","Process(binding/association)"
