"src_type","src","dest_type","dest","direction","type"
"ENTREZID","100302238","ENTREZID","2261","directed","Process(inhibition)"
"ENTREZID","100302238","ENTREZID","23405","directed","Process(inhibition)"
"ENTREZID","100302238","ENTREZID","5578","directed","Process(inhibition)"
"ENTREZID","100302238","ENTREZID","5579","directed","Process(inhibition)"
"ENTREZID","100302238","ENTREZID","5582","directed","Process(inhibition)"
"ENTREZID","100302238","ENTREZID","9252","directed","Process(inhibition)"
"ENTREZID","100302282","ENTREZID","2261","directed","Process(inhibition)"
"ENTREZID","100302282","ENTREZID","23405","directed","Process(inhibition)"
"ENTREZID","100302282","ENTREZID","5578","directed","Process(inhibition)"
"ENTREZID","100302282","ENTREZID","5579","directed","Process(inhibition)"
"ENTREZID","100302282","ENTREZID","5582","directed","Process(inhibition)"
"ENTREZID","100302282","ENTREZID","9252","directed","Process(inhibition)"
"ENTREZID","406881","ENTREZID","1021","directed","Process(inhibition)"
"ENTREZID","406881","ENTREZID","10642","directed","Process(inhibition)"
"ENTREZID","406881","ENTREZID","131405","directed","Process(inhibition)"
"ENTREZID","406881","ENTREZID","3265","directed","Process(inhibition)"
"ENTREZID","406881","ENTREZID","3845","directed","Process(inhibition)"
"ENTREZID","406881","ENTREZID","406901","directed","Process(inhibition)"
"ENTREZID","406881","ENTREZID","4893","directed","Process(inhibition)"
"ENTREZID","406881","ENTREZID","8091","directed","Process(inhibition)"
"ENTREZID","406881","ENTREZID","993","directed","Process(inhibition)"
"ENTREZID","406881","ENTREZID","994","directed","Process(inhibition)"
"ENTREZID","406881","ENTREZID","995","directed","Process(inhibition)"
"ENTREZID","406882","ENTREZID","1021","directed","Process(inhibition)"
"ENTREZID","406882","ENTREZID","10642","directed","Process(inhibition)"
"ENTREZID","406882","ENTREZID","131405","directed","Process(inhibition)"
"ENTREZID","406882","ENTREZID","3265","directed","Process(inhibition)"
"ENTREZID","406882","ENTREZID","3845","directed","Process(inhibition)"
"ENTREZID","406882","ENTREZID","406901","directed","Process(inhibition)"
"ENTREZID","406882","ENTREZID","4893","directed","Process(inhibition)"
"ENTREZID","406882","ENTREZID","8091","directed","Process(inhibition)"
"ENTREZID","406882","ENTREZID","993","directed","Process(inhibition)"
"ENTREZID","406882","ENTREZID","994","directed","Process(inhibition)"
"ENTREZID","406882","ENTREZID","995","directed","Process(inhibition)"
"ENTREZID","406883","ENTREZID","1021","directed","Process(inhibition)"
"ENTREZID","406883","ENTREZID","10642","directed","Process(inhibition)"
"ENTREZID","406883","ENTREZID","131405","directed","Process(inhibition)"
"ENTREZID","406883","ENTREZID","3265","directed","Process(inhibition)"
"ENTREZID","406883","ENTREZID","3845","directed","Process(inhibition)"
"ENTREZID","406883","ENTREZID","406901","directed","Process(inhibition)"
"ENTREZID","406883","ENTREZID","4893","directed","Process(inhibition)"
"ENTREZID","406883","ENTREZID","8091","directed","Process(inhibition)"
"ENTREZID","406883","ENTREZID","993","directed","Process(inhibition)"
"ENTREZID","406883","ENTREZID","994","directed","Process(inhibition)"
"ENTREZID","406883","ENTREZID","995","directed","Process(inhibition)"
"ENTREZID","406884","ENTREZID","1021","directed","Process(inhibition)"
"ENTREZID","406884","ENTREZID","10642","directed","Process(inhibition)"
"ENTREZID","406884","ENTREZID","131405","directed","Process(inhibition)"
"ENTREZID","406884","ENTREZID","3265","directed","Process(inhibition)"
"ENTREZID","406884","ENTREZID","3845","directed","Process(inhibition)"
"ENTREZID","406884","ENTREZID","406901","directed","Process(inhibition)"
"ENTREZID","406884","ENTREZID","4893","directed","Process(inhibition)"
"ENTREZID","406884","ENTREZID","8091","directed","Process(inhibition)"
"ENTREZID","406884","ENTREZID","993","directed","Process(inhibition)"
"ENTREZID","406884","ENTREZID","994","directed","Process(inhibition)"
"ENTREZID","406884","ENTREZID","995","directed","Process(inhibition)"
"ENTREZID","406885","ENTREZID","3265","directed","Process(inhibition)"
"ENTREZID","406885","ENTREZID","3845","directed","Process(inhibition)"
"ENTREZID","406885","ENTREZID","4609","directed","Process(inhibition)"
"ENTREZID","406885","ENTREZID","4893","directed","Process(inhibition)"
"ENTREZID","406885","ENTREZID","6774","directed","Process(inhibition)"
"ENTREZID","406885","ENTREZID","8091","directed","Process(inhibition)"
"ENTREZID","406885","ENTREZID","836","directed","Process(inhibition)"
"ENTREZID","406886","ENTREZID","1021","directed","Process(inhibition)"
"ENTREZID","406886","ENTREZID","10642","directed","Process(inhibition)"
"ENTREZID","406886","ENTREZID","131405","directed","Process(inhibition)"
"ENTREZID","406886","ENTREZID","3265","directed","Process(inhibition)"
"ENTREZID","406886","ENTREZID","3845","directed","Process(inhibition)"
"ENTREZID","406886","ENTREZID","406901","directed","Process(inhibition)"
"ENTREZID","406886","ENTREZID","4893","directed","Process(inhibition)"
"ENTREZID","406886","ENTREZID","8091","directed","Process(inhibition)"
"ENTREZID","406886","ENTREZID","993","directed","Process(inhibition)"
"ENTREZID","406886","ENTREZID","994","directed","Process(inhibition)"
"ENTREZID","406886","ENTREZID","995","directed","Process(inhibition)"
"ENTREZID","406887","ENTREZID","1021","directed","Process(inhibition)"
"ENTREZID","406887","ENTREZID","10642","directed","Process(inhibition)"
"ENTREZID","406887","ENTREZID","131405","directed","Process(inhibition)"
"ENTREZID","406887","ENTREZID","3265","directed","Process(inhibition)"
"ENTREZID","406887","ENTREZID","3845","directed","Process(inhibition)"
"ENTREZID","406887","ENTREZID","406901","directed","Process(inhibition)"
"ENTREZID","406887","ENTREZID","4893","directed","Process(inhibition)"
"ENTREZID","406887","ENTREZID","8091","directed","Process(inhibition)"
"ENTREZID","406887","ENTREZID","993","directed","Process(inhibition)"
"ENTREZID","406887","ENTREZID","994","directed","Process(inhibition)"
"ENTREZID","406887","ENTREZID","995","directed","Process(inhibition)"
"ENTREZID","406888","ENTREZID","1021","directed","Process(inhibition)"
"ENTREZID","406888","ENTREZID","10642","directed","Process(inhibition)"
"ENTREZID","406888","ENTREZID","131405","directed","Process(inhibition)"
"ENTREZID","406888","ENTREZID","3265","directed","Process(inhibition)"
"ENTREZID","406888","ENTREZID","3845","directed","Process(inhibition)"
"ENTREZID","406888","ENTREZID","406901","directed","Process(inhibition)"
"ENTREZID","406888","ENTREZID","4893","directed","Process(inhibition)"
"ENTREZID","406888","ENTREZID","8091","directed","Process(inhibition)"
"ENTREZID","406888","ENTREZID","993","directed","Process(inhibition)"
"ENTREZID","406888","ENTREZID","994","directed","Process(inhibition)"
"ENTREZID","406888","ENTREZID","995","directed","Process(inhibition)"
"ENTREZID","406889","ENTREZID","1021","directed","Process(inhibition)"
"ENTREZID","406889","ENTREZID","10642","directed","Process(inhibition)"
"ENTREZID","406889","ENTREZID","131405","directed","Process(inhibition)"
"ENTREZID","406889","ENTREZID","3265","directed","Process(inhibition)"
"ENTREZID","406889","ENTREZID","3845","directed","Process(inhibition)"
"ENTREZID","406889","ENTREZID","406901","directed","Process(inhibition)"
"ENTREZID","406889","ENTREZID","4893","directed","Process(inhibition)"
"ENTREZID","406889","ENTREZID","8091","directed","Process(inhibition)"
"ENTREZID","406889","ENTREZID","993","directed","Process(inhibition)"
"ENTREZID","406889","ENTREZID","994","directed","Process(inhibition)"
"ENTREZID","406889","ENTREZID","995","directed","Process(inhibition)"
"ENTREZID","406890","ENTREZID","1021","directed","Process(inhibition)"
"ENTREZID","406890","ENTREZID","10642","directed","Process(inhibition)"
"ENTREZID","406890","ENTREZID","131405","directed","Process(inhibition)"
"ENTREZID","406890","ENTREZID","3265","directed","Process(inhibition)"
"ENTREZID","406890","ENTREZID","3845","directed","Process(inhibition)"
"ENTREZID","406890","ENTREZID","406901","directed","Process(inhibition)"
"ENTREZID","406890","ENTREZID","4893","directed","Process(inhibition)"
"ENTREZID","406890","ENTREZID","8091","directed","Process(inhibition)"
"ENTREZID","406890","ENTREZID","993","directed","Process(inhibition)"
"ENTREZID","406890","ENTREZID","994","directed","Process(inhibition)"
"ENTREZID","406890","ENTREZID","995","directed","Process(inhibition)"
"ENTREZID","406891","ENTREZID","1021","directed","Process(inhibition)"
"ENTREZID","406891","ENTREZID","10642","directed","Process(inhibition)"
"ENTREZID","406891","ENTREZID","131405","directed","Process(inhibition)"
"ENTREZID","406891","ENTREZID","3265","directed","Process(inhibition)"
"ENTREZID","406891","ENTREZID","3845","directed","Process(inhibition)"
"ENTREZID","406891","ENTREZID","406901","directed","Process(inhibition)"
"ENTREZID","406891","ENTREZID","4893","directed","Process(inhibition)"
"ENTREZID","406891","ENTREZID","8091","directed","Process(inhibition)"
"ENTREZID","406891","ENTREZID","993","directed","Process(inhibition)"
"ENTREZID","406891","ENTREZID","994","directed","Process(inhibition)"
"ENTREZID","406891","ENTREZID","995","directed","Process(inhibition)"
"ENTREZID","406892","ENTREZID","2261","directed","Process(inhibition)"
"ENTREZID","406893","ENTREZID","2146","directed","Process(inhibition)"
"ENTREZID","406893","ENTREZID","2261","directed","Process(inhibition)"
"ENTREZID","406893","ENTREZID","5335","directed","Process(inhibition)"
"ENTREZID","406893","ENTREZID","5336","directed","Process(inhibition)"
"ENTREZID","406894","ENTREZID","2146","directed","Process(inhibition)"
"ENTREZID","406894","ENTREZID","2261","directed","Process(inhibition)"
"ENTREZID","406894","ENTREZID","5335","directed","Process(inhibition)"
"ENTREZID","406894","ENTREZID","5336","directed","Process(inhibition)"
"ENTREZID","406895","ENTREZID","2261","directed","Process(inhibition)"
"ENTREZID","406895","ENTREZID","23405","directed","Process(inhibition)"
"ENTREZID","406895","ENTREZID","5578","directed","Process(inhibition)"
"ENTREZID","406895","ENTREZID","5579","directed","Process(inhibition)"
"ENTREZID","406895","ENTREZID","5582","directed","Process(inhibition)"
"ENTREZID","406895","ENTREZID","9252","directed","Process(inhibition)"
"ENTREZID","406896","ENTREZID","2261","directed","Process(inhibition)"
"ENTREZID","406896","ENTREZID","23405","directed","Process(inhibition)"
"ENTREZID","406896","ENTREZID","5578","directed","Process(inhibition)"
"ENTREZID","406896","ENTREZID","5579","directed","Process(inhibition)"
"ENTREZID","406896","ENTREZID","5582","directed","Process(inhibition)"
"ENTREZID","406896","ENTREZID","9252","directed","Process(inhibition)"
"ENTREZID","406900","ENTREZID","1026","directed","Process(inhibition)"
"ENTREZID","406900","ENTREZID","1869","directed","Process(inhibition)"
"ENTREZID","406901","ENTREZID","23405","directed","Process(inhibition)"
"ENTREZID","406902","ENTREZID","11186","directed","Process(inhibition)"
"ENTREZID","406902","ENTREZID","2261","directed","Process(inhibition)"
"ENTREZID","406902","ENTREZID","2885","directed","Process(inhibition)"
"ENTREZID","406902","ENTREZID","4193","directed","Process(inhibition)"
"ENTREZID","406902","ENTREZID","4194","directed","Process(inhibition)"
"ENTREZID","406902","ENTREZID","472","directed","Process(inhibition)"
"ENTREZID","406902","ENTREZID","5578","directed","Process(inhibition)"
"ENTREZID","406902","ENTREZID","5579","directed","Process(inhibition)"
"ENTREZID","406902","ENTREZID","5582","directed","Process(inhibition)"
"ENTREZID","406902","ENTREZID","5594","directed","Process(inhibition)"
"ENTREZID","406902","ENTREZID","5595","directed","Process(inhibition)"
"ENTREZID","406903","ENTREZID","11186","directed","Process(inhibition)"
"ENTREZID","406903","ENTREZID","2261","directed","Process(inhibition)"
"ENTREZID","406903","ENTREZID","2885","directed","Process(inhibition)"
"ENTREZID","406903","ENTREZID","3236","directed","Process(inhibition)"
"ENTREZID","406903","ENTREZID","4193","directed","Process(inhibition)"
"ENTREZID","406903","ENTREZID","4194","directed","Process(inhibition)"
"ENTREZID","406903","ENTREZID","472","directed","Process(inhibition)"
"ENTREZID","406903","ENTREZID","5578","directed","Process(inhibition)"
"ENTREZID","406903","ENTREZID","5579","directed","Process(inhibition)"
"ENTREZID","406903","ENTREZID","5582","directed","Process(inhibition)"
"ENTREZID","406903","ENTREZID","5594","directed","Process(inhibition)"
"ENTREZID","406903","ENTREZID","5595","directed","Process(inhibition)"
"ENTREZID","406904","ENTREZID","10014","directed","Process(inhibition)"
"ENTREZID","406904","ENTREZID","27086","directed","Process(inhibition)"
"ENTREZID","406904","ENTREZID","4233","directed","Process(inhibition)"
"ENTREZID","406904","ENTREZID","5292","directed","Process(inhibition)"
"ENTREZID","406904","ENTREZID","9759","directed","Process(inhibition)"
"ENTREZID","406905","ENTREZID","10014","directed","Process(inhibition)"
"ENTREZID","406905","ENTREZID","27086","directed","Process(inhibition)"
"ENTREZID","406905","ENTREZID","4233","directed","Process(inhibition)"
"ENTREZID","406905","ENTREZID","5292","directed","Process(inhibition)"
"ENTREZID","406905","ENTREZID","9759","directed","Process(inhibition)"
"ENTREZID","406906","ENTREZID","3162","directed","Process(inhibition)"
"ENTREZID","406906","ENTREZID","6541","directed","Process(inhibition)"
"ENTREZID","406906","ENTREZID","900","directed","Process(inhibition)"
"ENTREZID","406907","ENTREZID","1021","directed","Process(inhibition)"
"ENTREZID","406908","ENTREZID","1021","directed","Process(inhibition)"
"ENTREZID","406909","ENTREZID","1021","directed","Process(inhibition)"
"ENTREZID","406910","ENTREZID","1029","directed","Process(inhibition)"
"ENTREZID","406910","ENTREZID","1956","directed","Process(inhibition)"
"ENTREZID","406910","ENTREZID","2064","directed","Process(inhibition)"
"ENTREZID","406910","ENTREZID","2261","directed","Process(inhibition)"
"ENTREZID","406910","ENTREZID","3845","directed","Process(inhibition)"
"ENTREZID","406910","ENTREZID","7157","directed","Process(inhibition)"
"ENTREZID","406911","ENTREZID","1029","directed","Process(inhibition)"
"ENTREZID","406911","ENTREZID","1956","directed","Process(inhibition)"
"ENTREZID","406911","ENTREZID","2064","directed","Process(inhibition)"
"ENTREZID","406911","ENTREZID","2261","directed","Process(inhibition)"
"ENTREZID","406911","ENTREZID","3845","directed","Process(inhibition)"
"ENTREZID","406911","ENTREZID","578","directed","Process(inhibition)"
"ENTREZID","406911","ENTREZID","7157","directed","Process(inhibition)"
"ENTREZID","406912","ENTREZID","1029","directed","Process(inhibition)"
"ENTREZID","406912","ENTREZID","1956","directed","Process(inhibition)"
"ENTREZID","406912","ENTREZID","2064","directed","Process(inhibition)"
"ENTREZID","406912","ENTREZID","2261","directed","Process(inhibition)"
"ENTREZID","406912","ENTREZID","3845","directed","Process(inhibition)"
"ENTREZID","406912","ENTREZID","578","directed","Process(inhibition)"
"ENTREZID","406912","ENTREZID","7157","directed","Process(inhibition)"
"ENTREZID","406913","ENTREZID","1398","directed","Process(inhibition)"
"ENTREZID","406913","ENTREZID","1399","directed","Process(inhibition)"
"ENTREZID","406913","ENTREZID","5290","directed","Process(inhibition)"
"ENTREZID","406913","ENTREZID","5291","directed","Process(inhibition)"
"ENTREZID","406913","ENTREZID","5293","directed","Process(inhibition)"
"ENTREZID","406913","ENTREZID","5295","directed","Process(inhibition)"
"ENTREZID","406913","ENTREZID","5296","directed","Process(inhibition)"
"ENTREZID","406913","ENTREZID","7422","directed","Process(inhibition)"
"ENTREZID","406913","ENTREZID","8503","directed","Process(inhibition)"
"ENTREZID","406913","ENTREZID","85414","directed","Process(inhibition)"
"ENTREZID","406915","ENTREZID","100532731","directed","Process(inhibition)"
"ENTREZID","406915","ENTREZID","1871","directed","Process(inhibition)"
"ENTREZID","406915","ENTREZID","648","directed","Process(inhibition)"
"ENTREZID","406916","ENTREZID","100532731","directed","Process(inhibition)"
"ENTREZID","406916","ENTREZID","1871","directed","Process(inhibition)"
"ENTREZID","406916","ENTREZID","648","directed","Process(inhibition)"
"ENTREZID","406917","ENTREZID","2885","directed","Process(inhibition)"
"ENTREZID","406917","ENTREZID","399694","directed","Process(inhibition)"
"ENTREZID","406917","ENTREZID","4194","directed","Process(inhibition)"
"ENTREZID","406917","ENTREZID","472","directed","Process(inhibition)"
"ENTREZID","406917","ENTREZID","5578","directed","Process(inhibition)"
"ENTREZID","406917","ENTREZID","5579","directed","Process(inhibition)"
"ENTREZID","406917","ENTREZID","5582","directed","Process(inhibition)"
"ENTREZID","406918","ENTREZID","2885","directed","Process(inhibition)"
"ENTREZID","406918","ENTREZID","399694","directed","Process(inhibition)"
"ENTREZID","406918","ENTREZID","4194","directed","Process(inhibition)"
"ENTREZID","406918","ENTREZID","472","directed","Process(inhibition)"
"ENTREZID","406918","ENTREZID","5578","directed","Process(inhibition)"
"ENTREZID","406918","ENTREZID","5579","directed","Process(inhibition)"
"ENTREZID","406918","ENTREZID","5582","directed","Process(inhibition)"
"ENTREZID","406922","ENTREZID","4170","directed","Process(inhibition)"
"ENTREZID","406922","ENTREZID","599","directed","Process(inhibition)"
"ENTREZID","406923","ENTREZID","4170","directed","Process(inhibition)"
"ENTREZID","406923","ENTREZID","599","directed","Process(inhibition)"
"ENTREZID","406925","ENTREZID","10297","directed","Process(inhibition)"
"ENTREZID","406925","ENTREZID","324","directed","Process(inhibition)"
"ENTREZID","406926","ENTREZID","10297","directed","Process(inhibition)"
"ENTREZID","406926","ENTREZID","324","directed","Process(inhibition)"
"ENTREZID","406928","ENTREZID","1021","directed","Process(inhibition)"
"ENTREZID","406933","ENTREZID","7042","directed","Process(inhibition)"
"ENTREZID","406935","ENTREZID","1788","directed","Process(inhibition)"
"ENTREZID","406935","ENTREZID","3845","directed","Process(inhibition)"
"ENTREZID","406935","ENTREZID","472","directed","Process(inhibition)"
"ENTREZID","406935","ENTREZID","5155","directed","Process(inhibition)"
"ENTREZID","406935","ENTREZID","5159","directed","Process(inhibition)"
"ENTREZID","406935","ENTREZID","5578","directed","Process(inhibition)"
"ENTREZID","406935","ENTREZID","5579","directed","Process(inhibition)"
"ENTREZID","406935","ENTREZID","5582","directed","Process(inhibition)"
"ENTREZID","406935","ENTREZID","5598","directed","Process(inhibition)"
"ENTREZID","406935","ENTREZID","5894","directed","Process(inhibition)"
"ENTREZID","406935","ENTREZID","6654","directed","Process(inhibition)"
"ENTREZID","406935","ENTREZID","6655","directed","Process(inhibition)"
"ENTREZID","406935","ENTREZID","7157","directed","Process(inhibition)"
"ENTREZID","406937","ENTREZID","1956","directed","Process(inhibition)"
"ENTREZID","406937","ENTREZID","2261","directed","Process(inhibition)"
"ENTREZID","406937","ENTREZID","3667","directed","Process(inhibition)"
"ENTREZID","406937","ENTREZID","5578","directed","Process(inhibition)"
"ENTREZID","406937","ENTREZID","5579","directed","Process(inhibition)"
"ENTREZID","406937","ENTREZID","5582","directed","Process(inhibition)"
"ENTREZID","406938","ENTREZID","4325","directed","Process(inhibition)"
"ENTREZID","406938","ENTREZID","6093","directed","Process(inhibition)"
"ENTREZID","406938","ENTREZID","672","directed","Process(inhibition)"
"ENTREZID","406943","ENTREZID","1786","directed","Process(inhibition)"
"ENTREZID","406947","ENTREZID","8651","directed","Process(inhibition)"
"ENTREZID","406948","ENTREZID","595","directed","Process(inhibition)"
"ENTREZID","406948","ENTREZID","596","directed","Process(inhibition)"
"ENTREZID","406948","ENTREZID","7473","directed","Process(inhibition)"
"ENTREZID","406948","ENTREZID","894","directed","Process(inhibition)"
"ENTREZID","406948","ENTREZID","89780","directed","Process(inhibition)"
"ENTREZID","406948","ENTREZID","898","directed","Process(inhibition)"
"ENTREZID","406948","ENTREZID","9134","directed","Process(inhibition)"
"ENTREZID","406949","ENTREZID","595","directed","Process(inhibition)"
"ENTREZID","406949","ENTREZID","894","directed","Process(inhibition)"
"ENTREZID","406949","ENTREZID","898","directed","Process(inhibition)"
"ENTREZID","406949","ENTREZID","9134","directed","Process(inhibition)"
"ENTREZID","406950","ENTREZID","595","directed","Process(inhibition)"
"ENTREZID","406950","ENTREZID","894","directed","Process(inhibition)"
"ENTREZID","406950","ENTREZID","898","directed","Process(inhibition)"
"ENTREZID","406950","ENTREZID","9134","directed","Process(inhibition)"
"ENTREZID","406951","ENTREZID","595","directed","Process(inhibition)"
"ENTREZID","406951","ENTREZID","894","directed","Process(inhibition)"
"ENTREZID","406951","ENTREZID","898","directed","Process(inhibition)"
"ENTREZID","406951","ENTREZID","9134","directed","Process(inhibition)"
"ENTREZID","406952","ENTREZID","5728","directed","Process(inhibition)"
"ENTREZID","406952","ENTREZID","7431","directed","Process(inhibition)"
"ENTREZID","406953","ENTREZID","3845","directed","Process(inhibition)"
"ENTREZID","406953","ENTREZID","5728","directed","Process(inhibition)"
"ENTREZID","406954","ENTREZID","472","directed","Process(inhibition)"
"ENTREZID","406955","ENTREZID","472","directed","Process(inhibition)"
"ENTREZID","406956","ENTREZID","472","directed","Process(inhibition)"
"ENTREZID","406957","ENTREZID","472","directed","Process(inhibition)"
"ENTREZID","406959","ENTREZID","7430","directed","Process(inhibition)"
"ENTREZID","406971","ENTREZID","2261","directed","Process(inhibition)"
"ENTREZID","406971","ENTREZID","2885","directed","Process(inhibition)"
"ENTREZID","406971","ENTREZID","5578","directed","Process(inhibition)"
"ENTREZID","406971","ENTREZID","5579","directed","Process(inhibition)"
"ENTREZID","406971","ENTREZID","5582","directed","Process(inhibition)"
"ENTREZID","406971","ENTREZID","5594","directed","Process(inhibition)"
"ENTREZID","406971","ENTREZID","5595","directed","Process(inhibition)"
"ENTREZID","406971","ENTREZID","5604","directed","Process(inhibition)"
"ENTREZID","406971","ENTREZID","5605","directed","Process(inhibition)"
"ENTREZID","406971","ENTREZID","5894","directed","Process(inhibition)"
"ENTREZID","406971","ENTREZID","6654","directed","Process(inhibition)"
"ENTREZID","406971","ENTREZID","6655","directed","Process(inhibition)"
"ENTREZID","406976","ENTREZID","3551","directed","Process(inhibition)"
"ENTREZID","406976","ENTREZID","5743","directed","Process(inhibition)"
"ENTREZID","406977","ENTREZID","3551","directed","Process(inhibition)"
"ENTREZID","406977","ENTREZID","5743","directed","Process(inhibition)"
"ENTREZID","406979","ENTREZID","5728","directed","Process(inhibition)"
"ENTREZID","406979","ENTREZID","7057","directed","Process(inhibition)"
"ENTREZID","406980","ENTREZID","5728","directed","Process(inhibition)"
"ENTREZID","406981","ENTREZID","5728","directed","Process(inhibition)"
"ENTREZID","406982","ENTREZID","1026","directed","Process(inhibition)"
"ENTREZID","406982","ENTREZID","1869","directed","Process(inhibition)"
"ENTREZID","406982","ENTREZID","1870","directed","Process(inhibition)"
"ENTREZID","406982","ENTREZID","1871","directed","Process(inhibition)"
"ENTREZID","406982","ENTREZID","5728","directed","Process(inhibition)"
"ENTREZID","406983","ENTREZID","100532731","directed","Process(inhibition)"
"ENTREZID","406983","ENTREZID","23414","directed","Process(inhibition)"
"ENTREZID","406983","ENTREZID","648","directed","Process(inhibition)"
"ENTREZID","406983","ENTREZID","6935","directed","Process(inhibition)"
"ENTREZID","406983","ENTREZID","9839","directed","Process(inhibition)"
"ENTREZID","406984","ENTREZID","100532731","directed","Process(inhibition)"
"ENTREZID","406984","ENTREZID","23414","directed","Process(inhibition)"
"ENTREZID","406984","ENTREZID","648","directed","Process(inhibition)"
"ENTREZID","406984","ENTREZID","6935","directed","Process(inhibition)"
"ENTREZID","406984","ENTREZID","9839","directed","Process(inhibition)"
"ENTREZID","406985","ENTREZID","100532731","directed","Process(inhibition)"
"ENTREZID","406985","ENTREZID","23414","directed","Process(inhibition)"
"ENTREZID","406985","ENTREZID","648","directed","Process(inhibition)"
"ENTREZID","406985","ENTREZID","6935","directed","Process(inhibition)"
"ENTREZID","406985","ENTREZID","9839","directed","Process(inhibition)"
"ENTREZID","406988","ENTREZID","2065","directed","Process(inhibition)"
"ENTREZID","406988","ENTREZID","5581","directed","Process(inhibition)"
"ENTREZID","406988","ENTREZID","9839","directed","Process(inhibition)"
"ENTREZID","406991","ENTREZID","10253","directed","Process(inhibition)"
"ENTREZID","406991","ENTREZID","27250","directed","Process(inhibition)"
"ENTREZID","406991","ENTREZID","3190","directed","Process(inhibition)"
"ENTREZID","406991","ENTREZID","4082","directed","Process(inhibition)"
"ENTREZID","406991","ENTREZID","472","directed","Process(inhibition)"
"ENTREZID","406991","ENTREZID","5268","directed","Process(inhibition)"
"ENTREZID","406991","ENTREZID","5728","directed","Process(inhibition)"
"ENTREZID","406991","ENTREZID","659","directed","Process(inhibition)"
"ENTREZID","406991","ENTREZID","7078","directed","Process(inhibition)"
"ENTREZID","406991","ENTREZID","7168","directed","Process(inhibition)"
"ENTREZID","406991","ENTREZID","8434","directed","Process(inhibition)"
"ENTREZID","406991","ENTREZID","8626","directed","Process(inhibition)"
"ENTREZID","406992","ENTREZID","1871","directed","Process(inhibition)"
"ENTREZID","406995","ENTREZID","472","directed","Process(inhibition)"
"ENTREZID","406996","ENTREZID","5728","directed","Process(inhibition)"
"ENTREZID","407006","ENTREZID","1027","directed","Process(inhibition)"
"ENTREZID","407006","ENTREZID","4193","directed","Process(inhibition)"
"ENTREZID","407006","ENTREZID","472","directed","Process(inhibition)"
"ENTREZID","407006","ENTREZID","54541","directed","Process(inhibition)"
"ENTREZID","407006","ENTREZID","5728","directed","Process(inhibition)"
"ENTREZID","407006","ENTREZID","7078","directed","Process(inhibition)"
"ENTREZID","407006","ENTREZID","90427","directed","Process(inhibition)"
"ENTREZID","407007","ENTREZID","1027","directed","Process(inhibition)"
"ENTREZID","407007","ENTREZID","5728","directed","Process(inhibition)"
"ENTREZID","407007","ENTREZID","7078","directed","Process(inhibition)"
"ENTREZID","407008","ENTREZID","3925","directed","Process(inhibition)"
"ENTREZID","407008","ENTREZID","7157","directed","Process(inhibition)"
"ENTREZID","407009","ENTREZID","10298","directed","Process(inhibition)"
"ENTREZID","407009","ENTREZID","4318","directed","Process(inhibition)"
"ENTREZID","407010","ENTREZID","2261","directed","Process(inhibition)"
"ENTREZID","407010","ENTREZID","27165","directed","Process(inhibition)"
"ENTREZID","407010","ENTREZID","2744","directed","Process(inhibition)"
"ENTREZID","407010","ENTREZID","5594","directed","Process(inhibition)"
"ENTREZID","407010","ENTREZID","5595","directed","Process(inhibition)"
"ENTREZID","407015","ENTREZID","5728","directed","Process(inhibition)"
"ENTREZID","407016","ENTREZID","5728","directed","Process(inhibition)"
"ENTREZID","407021","ENTREZID","1788","directed","Process(inhibition)"
"ENTREZID","407021","ENTREZID","1789","directed","Process(inhibition)"
"ENTREZID","407021","ENTREZID","2261","directed","Process(inhibition)"
"ENTREZID","407021","ENTREZID","5156","directed","Process(inhibition)"
"ENTREZID","407024","ENTREZID","1788","directed","Process(inhibition)"
"ENTREZID","407024","ENTREZID","1789","directed","Process(inhibition)"
"ENTREZID","407024","ENTREZID","2261","directed","Process(inhibition)"
"ENTREZID","407024","ENTREZID","5156","directed","Process(inhibition)"
"ENTREZID","407025","ENTREZID","1788","directed","Process(inhibition)"
"ENTREZID","407025","ENTREZID","1789","directed","Process(inhibition)"
"ENTREZID","407025","ENTREZID","2261","directed","Process(inhibition)"
"ENTREZID","407025","ENTREZID","5156","directed","Process(inhibition)"
"ENTREZID","407026","ENTREZID","1788","directed","Process(inhibition)"
"ENTREZID","407026","ENTREZID","1789","directed","Process(inhibition)"
"ENTREZID","407026","ENTREZID","2261","directed","Process(inhibition)"
"ENTREZID","407026","ENTREZID","5156","directed","Process(inhibition)"
"ENTREZID","407029","ENTREZID","3690","directed","Process(inhibition)"
"ENTREZID","407029","ENTREZID","472","directed","Process(inhibition)"
"ENTREZID","407029","ENTREZID","5154","directed","Process(inhibition)"
"ENTREZID","407029","ENTREZID","5335","directed","Process(inhibition)"
"ENTREZID","407029","ENTREZID","5336","directed","Process(inhibition)"
"ENTREZID","407029","ENTREZID","5578","directed","Process(inhibition)"
"ENTREZID","407029","ENTREZID","5579","directed","Process(inhibition)"
"ENTREZID","407029","ENTREZID","5582","directed","Process(inhibition)"
"ENTREZID","407029","ENTREZID","7157","directed","Process(inhibition)"
"ENTREZID","407029","ENTREZID","7329","directed","Process(inhibition)"
"ENTREZID","407030","ENTREZID","472","directed","Process(inhibition)"
"ENTREZID","407030","ENTREZID","5154","directed","Process(inhibition)"
"ENTREZID","407030","ENTREZID","5335","directed","Process(inhibition)"
"ENTREZID","407030","ENTREZID","5336","directed","Process(inhibition)"
"ENTREZID","407030","ENTREZID","5578","directed","Process(inhibition)"
"ENTREZID","407030","ENTREZID","5579","directed","Process(inhibition)"
"ENTREZID","407030","ENTREZID","5582","directed","Process(inhibition)"
"ENTREZID","407030","ENTREZID","7157","directed","Process(inhibition)"
"ENTREZID","407031","ENTREZID","472","directed","Process(inhibition)"
"ENTREZID","407031","ENTREZID","5154","directed","Process(inhibition)"
"ENTREZID","407031","ENTREZID","5335","directed","Process(inhibition)"
"ENTREZID","407031","ENTREZID","5336","directed","Process(inhibition)"
"ENTREZID","407031","ENTREZID","5578","directed","Process(inhibition)"
"ENTREZID","407031","ENTREZID","5579","directed","Process(inhibition)"
"ENTREZID","407031","ENTREZID","5582","directed","Process(inhibition)"
"ENTREZID","407031","ENTREZID","7157","directed","Process(inhibition)"
"ENTREZID","407032","ENTREZID","472","directed","Process(inhibition)"
"ENTREZID","407032","ENTREZID","5154","directed","Process(inhibition)"
"ENTREZID","407032","ENTREZID","5335","directed","Process(inhibition)"
"ENTREZID","407032","ENTREZID","5336","directed","Process(inhibition)"
"ENTREZID","407032","ENTREZID","5578","directed","Process(inhibition)"
"ENTREZID","407032","ENTREZID","5579","directed","Process(inhibition)"
"ENTREZID","407032","ENTREZID","5582","directed","Process(inhibition)"
"ENTREZID","407032","ENTREZID","7157","directed","Process(inhibition)"
"ENTREZID","407033","ENTREZID","3690","directed","Process(inhibition)"
"ENTREZID","407033","ENTREZID","472","directed","Process(inhibition)"
"ENTREZID","407033","ENTREZID","5154","directed","Process(inhibition)"
"ENTREZID","407033","ENTREZID","5335","directed","Process(inhibition)"
"ENTREZID","407033","ENTREZID","5336","directed","Process(inhibition)"
"ENTREZID","407033","ENTREZID","5578","directed","Process(inhibition)"
"ENTREZID","407033","ENTREZID","5579","directed","Process(inhibition)"
"ENTREZID","407033","ENTREZID","5582","directed","Process(inhibition)"
"ENTREZID","407033","ENTREZID","7157","directed","Process(inhibition)"
"ENTREZID","407033","ENTREZID","7329","directed","Process(inhibition)"
"ENTREZID","407034","ENTREZID","3690","directed","Process(inhibition)"
"ENTREZID","407034","ENTREZID","472","directed","Process(inhibition)"
"ENTREZID","407034","ENTREZID","5154","directed","Process(inhibition)"
"ENTREZID","407034","ENTREZID","5335","directed","Process(inhibition)"
"ENTREZID","407034","ENTREZID","5336","directed","Process(inhibition)"
"ENTREZID","407034","ENTREZID","5578","directed","Process(inhibition)"
"ENTREZID","407034","ENTREZID","5579","directed","Process(inhibition)"
"ENTREZID","407034","ENTREZID","5582","directed","Process(inhibition)"
"ENTREZID","407034","ENTREZID","7157","directed","Process(inhibition)"
"ENTREZID","407034","ENTREZID","7329","directed","Process(inhibition)"
"ENTREZID","407035","ENTREZID","3678","directed","Process(inhibition)"
"ENTREZID","407035","ENTREZID","387","directed","Process(inhibition)"
"ENTREZID","407035","ENTREZID","5962","directed","Process(inhibition)"
"ENTREZID","407035","ENTREZID","7976","directed","Process(inhibition)"
"ENTREZID","407036","ENTREZID","10018","directed","Process(inhibition)"
"ENTREZID","407040","ENTREZID","1021","directed","Process(inhibition)"
"ENTREZID","407040","ENTREZID","23411","directed","Process(inhibition)"
"ENTREZID","407040","ENTREZID","4233","directed","Process(inhibition)"
"ENTREZID","407040","ENTREZID","4851","directed","Process(inhibition)"
"ENTREZID","407040","ENTREZID","4853","directed","Process(inhibition)"
"ENTREZID","407040","ENTREZID","4854","directed","Process(inhibition)"
"ENTREZID","407040","ENTREZID","4855","directed","Process(inhibition)"
"ENTREZID","407041","ENTREZID","1021","directed","Process(inhibition)"
"ENTREZID","407041","ENTREZID","4233","directed","Process(inhibition)"
"ENTREZID","407041","ENTREZID","4851","directed","Process(inhibition)"
"ENTREZID","407041","ENTREZID","4853","directed","Process(inhibition)"
"ENTREZID","407041","ENTREZID","4854","directed","Process(inhibition)"
"ENTREZID","407041","ENTREZID","4855","directed","Process(inhibition)"
"ENTREZID","407043","ENTREZID","1956","directed","Process(inhibition)"
"ENTREZID","407043","ENTREZID","4363","directed","Process(inhibition)"
"ENTREZID","407043","ENTREZID","5578","directed","Process(inhibition)"
"ENTREZID","407043","ENTREZID","5579","directed","Process(inhibition)"
"ENTREZID","407043","ENTREZID","5582","directed","Process(inhibition)"
"ENTREZID","407043","ENTREZID","6464","directed","Process(inhibition)"
"ENTREZID","407043","ENTREZID","8660","directed","Process(inhibition)"
"ENTREZID","407044","ENTREZID","1956","directed","Process(inhibition)"
"ENTREZID","407044","ENTREZID","4363","directed","Process(inhibition)"
"ENTREZID","407044","ENTREZID","5578","directed","Process(inhibition)"
"ENTREZID","407044","ENTREZID","5579","directed","Process(inhibition)"
"ENTREZID","407044","ENTREZID","5582","directed","Process(inhibition)"
"ENTREZID","407044","ENTREZID","6464","directed","Process(inhibition)"
"ENTREZID","407044","ENTREZID","8660","directed","Process(inhibition)"
"ENTREZID","407045","ENTREZID","1956","directed","Process(inhibition)"
"ENTREZID","407045","ENTREZID","4363","directed","Process(inhibition)"
"ENTREZID","407045","ENTREZID","5578","directed","Process(inhibition)"
"ENTREZID","407045","ENTREZID","5579","directed","Process(inhibition)"
"ENTREZID","407045","ENTREZID","5582","directed","Process(inhibition)"
"ENTREZID","407045","ENTREZID","6464","directed","Process(inhibition)"
"ENTREZID","407045","ENTREZID","8660","directed","Process(inhibition)"
"ENTREZID","407046","ENTREZID","4790","directed","Process(inhibition)"
"ENTREZID","407047","ENTREZID","4790","directed","Process(inhibition)"
"ENTREZID","407048","ENTREZID","5728","directed","Process(inhibition)"
"ENTREZID","407049","ENTREZID","5728","directed","Process(inhibition)"
"ENTREZID","407051","ENTREZID","4790","directed","Process(inhibition)"
"ENTREZID","407055","ENTREZID","2261","directed","Process(inhibition)"
"ENTREZID","442890","ENTREZID","4170","directed","Process(inhibition)"
"ENTREZID","442890","ENTREZID","599","directed","Process(inhibition)"
"ENTREZID","442891","ENTREZID","10297","directed","Process(inhibition)"
"ENTREZID","442891","ENTREZID","324","directed","Process(inhibition)"
"ENTREZID","442900","ENTREZID","4851","directed","Process(inhibition)"
"ENTREZID","442900","ENTREZID","4853","directed","Process(inhibition)"
"ENTREZID","442900","ENTREZID","4854","directed","Process(inhibition)"
"ENTREZID","442900","ENTREZID","4855","directed","Process(inhibition)"
"ENTREZID","442902","ENTREZID","1869","directed","Process(inhibition)"
"ENTREZID","442903","ENTREZID","113130","directed","Process(inhibition)"
"ENTREZID","442903","ENTREZID","2064","directed","Process(inhibition)"
"ENTREZID","442903","ENTREZID","9493","directed","Process(inhibition)"
"ENTREZID","442904","ENTREZID","3371","directed","Process(inhibition)"
"ENTREZID","442904","ENTREZID","63923","directed","Process(inhibition)"
"ENTREZID","442904","ENTREZID","6659","directed","Process(inhibition)"
"ENTREZID","442904","ENTREZID","7143","directed","Process(inhibition)"
"ENTREZID","442904","ENTREZID","7148","directed","Process(inhibition)"
"ENTREZID","442910","ENTREZID","4363","directed","Process(inhibition)"
"ENTREZID","442918","ENTREZID","960","directed","Process(inhibition)"
"ENTREZID","554213","ENTREZID","3065","directed","Process(inhibition)"
"ENTREZID","554213","ENTREZID","3066","directed","Process(inhibition)"
"ENTREZID","574411","ENTREZID","5243","directed","Process(inhibition)"
"ENTREZID","574455","ENTREZID","5328","directed","Process(inhibition)"
"ENTREZID","574457","ENTREZID","472","directed","Process(inhibition)"
"ENTREZID","574461","ENTREZID","960","directed","Process(inhibition)"
"ENTREZID","574467","ENTREZID","960","directed","Process(inhibition)"
"ENTREZID","574473","ENTREZID","960","directed","Process(inhibition)"
"ENTREZID","574476","ENTREZID","960","directed","Process(inhibition)"
"ENTREZID","574484","ENTREZID","960","directed","Process(inhibition)"
"ENTREZID","574493","ENTREZID","960","directed","Process(inhibition)"
"ENTREZID","693187","ENTREZID","11186","directed","Process(inhibition)"
