"src_type","src","dest_type","dest","direction","type"
"ENTREZID","10000","ENTREZID","2309","directed","Process(inhibition)"
"ENTREZID","10000","ENTREZID","2309","directed","Process(phosphorylation)"
"ENTREZID","10000","ENTREZID","572","directed","Process(inhibition)"
"ENTREZID","10000","ENTREZID","572","directed","Process(phosphorylation)"
"ENTREZID","1147","ENTREZID","4792","directed","Process(phosphorylation)"
"ENTREZID","1147","ENTREZID","4792","directed","Process(activation)"
"ENTREZID","1432","ENTREZID","2353","directed","Process(activation)"
"ENTREZID","1432","ENTREZID","3725","directed","Process(activation)"
"ENTREZID","1535","ENTREZID","27035","undirected","Binding"
"ENTREZID","1535","ENTREZID","4688","undirected","Binding"
"ENTREZID","1535","ENTREZID","50507","undirected","Binding"
"ENTREZID","1535","ENTREZID","653361","undirected","Binding"
"ENTREZID","1950","ENTREZID","1956","directed","Process(activation)"
"ENTREZID","1956","ENTREZID","2885","directed","Process(activation)"
"ENTREZID","1956","ENTREZID","5290","directed","Process(activation)"
"ENTREZID","1956","ENTREZID","5291","directed","Process(activation)"
"ENTREZID","1956","ENTREZID","5293","directed","Process(activation)"
"ENTREZID","1956","ENTREZID","5295","directed","Process(activation)"
"ENTREZID","1956","ENTREZID","5296","directed","Process(activation)"
"ENTREZID","1956","ENTREZID","8503","directed","Process(activation)"
"ENTREZID","196","ENTREZID","1543","directed","Process(expression)"
"ENTREZID","196","ENTREZID","1545","directed","Process(expression)"
"ENTREZID","207","ENTREZID","2309","directed","Process(inhibition)"
"ENTREZID","207","ENTREZID","2309","directed","Process(phosphorylation)"
"ENTREZID","207","ENTREZID","572","directed","Process(inhibition)"
"ENTREZID","207","ENTREZID","572","directed","Process(phosphorylation)"
"ENTREZID","208","ENTREZID","2309","directed","Process(inhibition)"
"ENTREZID","208","ENTREZID","2309","directed","Process(phosphorylation)"
"ENTREZID","208","ENTREZID","572","directed","Process(inhibition)"
"ENTREZID","208","ENTREZID","572","directed","Process(phosphorylation)"
"ENTREZID","23683","ENTREZID","1147","directed","Process(activation)"
"ENTREZID","23683","ENTREZID","3551","directed","Process(activation)"
"ENTREZID","23683","ENTREZID","8517","directed","Process(activation)"
"ENTREZID","25","ENTREZID","23683","directed","Process(phosphorylation)"
"ENTREZID","25","ENTREZID","23683","directed","Process(activation)"
"ENTREZID","25","ENTREZID","25865","directed","Process(phosphorylation)"
"ENTREZID","25","ENTREZID","25865","directed","Process(activation)"
"ENTREZID","25","ENTREZID","5587","directed","Process(phosphorylation)"
"ENTREZID","25","ENTREZID","5587","directed","Process(activation)"
"ENTREZID","25865","ENTREZID","1147","directed","Process(activation)"
"ENTREZID","25865","ENTREZID","3551","directed","Process(activation)"
"ENTREZID","25865","ENTREZID","8517","directed","Process(activation)"
"ENTREZID","27","ENTREZID","23683","directed","Process(phosphorylation)"
"ENTREZID","27","ENTREZID","23683","directed","Process(activation)"
"ENTREZID","27","ENTREZID","25865","directed","Process(phosphorylation)"
"ENTREZID","27","ENTREZID","25865","directed","Process(activation)"
"ENTREZID","27","ENTREZID","5587","directed","Process(phosphorylation)"
"ENTREZID","27","ENTREZID","5587","directed","Process(activation)"
"ENTREZID","27035","ENTREZID","4688","undirected","Binding"
"ENTREZID","27035","ENTREZID","653361","undirected","Binding"
"ENTREZID","2885","ENTREZID","6654","directed","Process(activation)"
"ENTREZID","2885","ENTREZID","6655","directed","Process(activation)"
"ENTREZID","3082","ENTREZID","4233","directed","Process(activation)"
"ENTREZID","3091","ENTREZID","405","undirected","Binding"
"ENTREZID","3091","ENTREZID","7422","directed","Process(expression)"
"ENTREZID","3265","ENTREZID","1432","directed","Process(activation)"
"ENTREZID","3265","ENTREZID","369","directed","Process(activation)"
"ENTREZID","3265","ENTREZID","5600","directed","Process(activation)"
"ENTREZID","3265","ENTREZID","5603","directed","Process(activation)"
"ENTREZID","3265","ENTREZID","5894","directed","Process(activation)"
"ENTREZID","3265","ENTREZID","6300","directed","Process(activation)"
"ENTREZID","3265","ENTREZID","673","directed","Process(activation)"
"ENTREZID","3551","ENTREZID","4792","directed","Process(phosphorylation)"
"ENTREZID","3551","ENTREZID","4792","directed","Process(activation)"
"ENTREZID","369","ENTREZID","5604","directed","Process(phosphorylation)"
"ENTREZID","369","ENTREZID","5604","directed","Process(activation)"
"ENTREZID","369","ENTREZID","5605","directed","Process(phosphorylation)"
"ENTREZID","369","ENTREZID","5605","directed","Process(activation)"
"ENTREZID","3845","ENTREZID","1432","directed","Process(activation)"
"ENTREZID","3845","ENTREZID","369","directed","Process(activation)"
"ENTREZID","3845","ENTREZID","5600","directed","Process(activation)"
"ENTREZID","3845","ENTREZID","5603","directed","Process(activation)"
"ENTREZID","3845","ENTREZID","5894","directed","Process(activation)"
"ENTREZID","3845","ENTREZID","6300","directed","Process(activation)"
"ENTREZID","3845","ENTREZID","673","directed","Process(activation)"
"ENTREZID","405","ENTREZID","7422","directed","Process(expression)"
"ENTREZID","4217","ENTREZID","1432","directed","Process(activation)"
"ENTREZID","4217","ENTREZID","5600","directed","Process(activation)"
"ENTREZID","4217","ENTREZID","5603","directed","Process(activation)"
"ENTREZID","4217","ENTREZID","5609","directed","Process(activation)"
"ENTREZID","4217","ENTREZID","6300","directed","Process(activation)"
"ENTREZID","4217","ENTREZID","6416","directed","Process(activation)"
"ENTREZID","4233","ENTREZID","2885","directed","Process(activation)"
"ENTREZID","4233","ENTREZID","5290","directed","Process(activation)"
"ENTREZID","4233","ENTREZID","5291","directed","Process(activation)"
"ENTREZID","4233","ENTREZID","5293","directed","Process(activation)"
"ENTREZID","4233","ENTREZID","5295","directed","Process(activation)"
"ENTREZID","4233","ENTREZID","5296","directed","Process(activation)"
"ENTREZID","4233","ENTREZID","8503","directed","Process(activation)"
"ENTREZID","4688","ENTREZID","653361","undirected","Binding"
"ENTREZID","4780","ENTREZID","10327","directed","Process(expression)"
"ENTREZID","4780","ENTREZID","1109","directed","Process(expression)"
"ENTREZID","4780","ENTREZID","1645","directed","Process(expression)"
"ENTREZID","4780","ENTREZID","1646","directed","Process(expression)"
"ENTREZID","4780","ENTREZID","1728","directed","Process(expression)"
"ENTREZID","4780","ENTREZID","3162","directed","Process(expression)"
"ENTREZID","4780","ENTREZID","8644","directed","Process(expression)"
"ENTREZID","4893","ENTREZID","1432","directed","Process(activation)"
"ENTREZID","4893","ENTREZID","369","directed","Process(activation)"
"ENTREZID","4893","ENTREZID","5600","directed","Process(activation)"
"ENTREZID","4893","ENTREZID","5603","directed","Process(activation)"
"ENTREZID","4893","ENTREZID","5894","directed","Process(activation)"
"ENTREZID","4893","ENTREZID","6300","directed","Process(activation)"
"ENTREZID","4893","ENTREZID","673","directed","Process(activation)"
"ENTREZID","5170","ENTREZID","10000","directed","Process(phosphorylation)"
"ENTREZID","5170","ENTREZID","10000","directed","Process(activation)"
"ENTREZID","5170","ENTREZID","207","directed","Process(phosphorylation)"
"ENTREZID","5170","ENTREZID","207","directed","Process(activation)"
"ENTREZID","5170","ENTREZID","208","directed","Process(phosphorylation)"
"ENTREZID","5170","ENTREZID","208","directed","Process(activation)"
"ENTREZID","52","ENTREZID","5747","directed","Process(inhibition)"
"ENTREZID","52","ENTREZID","6714","directed","Process(inhibition)"
"ENTREZID","5290","ENTREZID","5879","directed","Process(activation)"
"ENTREZID","5291","ENTREZID","5879","directed","Process(activation)"
"ENTREZID","5293","ENTREZID","5879","directed","Process(activation)"
"ENTREZID","5295","ENTREZID","5879","directed","Process(activation)"
"ENTREZID","5296","ENTREZID","5879","directed","Process(activation)"
"ENTREZID","5337","ENTREZID","23683","directed","Process(activation)"
"ENTREZID","5337","ENTREZID","25865","directed","Process(activation)"
"ENTREZID","5337","ENTREZID","5587","directed","Process(activation)"
"ENTREZID","5338","ENTREZID","23683","directed","Process(activation)"
"ENTREZID","5338","ENTREZID","25865","directed","Process(activation)"
"ENTREZID","5338","ENTREZID","5587","directed","Process(activation)"
"ENTREZID","5580","ENTREZID","23683","directed","Process(phosphorylation)"
"ENTREZID","5580","ENTREZID","23683","directed","Process(activation)"
"ENTREZID","5580","ENTREZID","25865","directed","Process(phosphorylation)"
"ENTREZID","5580","ENTREZID","25865","directed","Process(activation)"
"ENTREZID","5580","ENTREZID","5587","directed","Process(phosphorylation)"
"ENTREZID","5580","ENTREZID","5587","directed","Process(activation)"
"ENTREZID","5587","ENTREZID","1147","directed","Process(activation)"
"ENTREZID","5587","ENTREZID","3551","directed","Process(activation)"
"ENTREZID","5587","ENTREZID","8517","directed","Process(activation)"
"ENTREZID","5594","ENTREZID","2353","directed","Process(activation)"
"ENTREZID","5594","ENTREZID","3725","directed","Process(activation)"
"ENTREZID","5595","ENTREZID","2353","directed","Process(activation)"
"ENTREZID","5595","ENTREZID","3725","directed","Process(activation)"
"ENTREZID","5599","ENTREZID","2353","directed","Process(activation)"
"ENTREZID","5599","ENTREZID","3725","directed","Process(activation)"
"ENTREZID","5600","ENTREZID","2353","directed","Process(activation)"
"ENTREZID","5600","ENTREZID","3725","directed","Process(activation)"
"ENTREZID","5601","ENTREZID","2353","directed","Process(activation)"
"ENTREZID","5601","ENTREZID","3725","directed","Process(activation)"
"ENTREZID","5602","ENTREZID","2353","directed","Process(activation)"
"ENTREZID","5602","ENTREZID","3725","directed","Process(activation)"
"ENTREZID","5603","ENTREZID","2353","directed","Process(activation)"
"ENTREZID","5603","ENTREZID","3725","directed","Process(activation)"
"ENTREZID","5604","ENTREZID","5594","directed","Process(phosphorylation)"
"ENTREZID","5604","ENTREZID","5594","directed","Process(activation)"
"ENTREZID","5604","ENTREZID","5595","directed","Process(phosphorylation)"
"ENTREZID","5604","ENTREZID","5595","directed","Process(activation)"
"ENTREZID","5605","ENTREZID","5594","directed","Process(phosphorylation)"
"ENTREZID","5605","ENTREZID","5594","directed","Process(activation)"
"ENTREZID","5605","ENTREZID","5595","directed","Process(phosphorylation)"
"ENTREZID","5605","ENTREZID","5595","directed","Process(activation)"
"ENTREZID","5609","ENTREZID","5599","directed","Process(phosphorylation)"
"ENTREZID","5609","ENTREZID","5599","directed","Process(activation)"
"ENTREZID","5609","ENTREZID","5601","directed","Process(phosphorylation)"
"ENTREZID","5609","ENTREZID","5601","directed","Process(activation)"
"ENTREZID","5609","ENTREZID","5602","directed","Process(phosphorylation)"
"ENTREZID","5609","ENTREZID","5602","directed","Process(activation)"
"ENTREZID","5770","ENTREZID","4233","directed","Process(inhibition)"
"ENTREZID","5770","ENTREZID","4233","directed","Process(dephosphorylation)"
"ENTREZID","5781","ENTREZID","5747","directed","Process(inhibition)"
"ENTREZID","5781","ENTREZID","6714","directed","Process(inhibition)"
"ENTREZID","5795","ENTREZID","5747","directed","Process(inhibition)"
"ENTREZID","5795","ENTREZID","6714","directed","Process(inhibition)"
"ENTREZID","5879","ENTREZID","1535","directed","Process(activation)"
"ENTREZID","5879","ENTREZID","27035","directed","Process(activation)"
"ENTREZID","5879","ENTREZID","4688","directed","Process(activation)"
"ENTREZID","5879","ENTREZID","653361","directed","Process(activation)"
"ENTREZID","5894","ENTREZID","5604","directed","Process(phosphorylation)"
"ENTREZID","5894","ENTREZID","5604","directed","Process(activation)"
"ENTREZID","5894","ENTREZID","5605","directed","Process(phosphorylation)"
"ENTREZID","5894","ENTREZID","5605","directed","Process(activation)"
"ENTREZID","6300","ENTREZID","2353","directed","Process(activation)"
"ENTREZID","6300","ENTREZID","3725","directed","Process(activation)"
"ENTREZID","6416","ENTREZID","5599","directed","Process(phosphorylation)"
"ENTREZID","6416","ENTREZID","5599","directed","Process(activation)"
"ENTREZID","6416","ENTREZID","5601","directed","Process(phosphorylation)"
"ENTREZID","6416","ENTREZID","5601","directed","Process(activation)"
"ENTREZID","6416","ENTREZID","5602","directed","Process(phosphorylation)"
"ENTREZID","6416","ENTREZID","5602","directed","Process(activation)"
"ENTREZID","6654","ENTREZID","3265","directed","Process(activation)"
"ENTREZID","6654","ENTREZID","3845","directed","Process(activation)"
"ENTREZID","6654","ENTREZID","4893","directed","Process(activation)"
"ENTREZID","6655","ENTREZID","3265","directed","Process(activation)"
"ENTREZID","6655","ENTREZID","3845","directed","Process(activation)"
"ENTREZID","6655","ENTREZID","4893","directed","Process(activation)"
"ENTREZID","6714","ENTREZID","25","directed","Process(activation)"
"ENTREZID","6714","ENTREZID","27","directed","Process(activation)"
"ENTREZID","6714","ENTREZID","5580","directed","Process(phosphorylation)"
"ENTREZID","6714","ENTREZID","5580","directed","Process(activation)"
"ENTREZID","673","ENTREZID","5604","directed","Process(phosphorylation)"
"ENTREZID","673","ENTREZID","5604","directed","Process(activation)"
"ENTREZID","673","ENTREZID","5605","directed","Process(phosphorylation)"
"ENTREZID","673","ENTREZID","5605","directed","Process(activation)"
"ENTREZID","8503","ENTREZID","5879","directed","Process(activation)"
"ENTREZID","8517","ENTREZID","4792","directed","Process(phosphorylation)"
"ENTREZID","8517","ENTREZID","4792","directed","Process(activation)"
"ENTREZID","9020","ENTREZID","4790","directed","Process(activation)"
"ENTREZID","9020","ENTREZID","5970","directed","Process(activation)"
"ENTREZID","9817","ENTREZID","4780","directed","Process(inhibition)"
