"src_type","src","dest_type","dest","direction","type"
"ENTREZID","10000","ENTREZID","2475","directed","Process(activation)"
"ENTREZID","10000","ENTREZID","2932","directed","Process(phosphorylation)"
"ENTREZID","10000","ENTREZID","572","directed","Process(phosphorylation)"
"ENTREZID","10000","ENTREZID","842","directed","Process(phosphorylation)"
"ENTREZID","10018","ENTREZID","596","directed","Process(inhibition)"
"ENTREZID","1499","ENTREZID","51176","directed","Process(activation)"
"ENTREZID","1499","ENTREZID","6932","directed","Process(activation)"
"ENTREZID","1499","ENTREZID","6934","directed","Process(activation)"
"ENTREZID","1499","ENTREZID","83439","directed","Process(activation)"
"ENTREZID","1630","ENTREZID","26060","directed","Process(missing interaction)"
"ENTREZID","1630","ENTREZID","842","directed","Process(missing interaction)"
"ENTREZID","1950","ENTREZID","1956","directed","Process(activation)"
"ENTREZID","1956","ENTREZID","2885","directed","Process(activation)"
"ENTREZID","1956","ENTREZID","5290","directed","Process(activation)"
"ENTREZID","1956","ENTREZID","5290","directed","Process(indirect effect)"
"ENTREZID","1956","ENTREZID","5291","directed","Process(activation)"
"ENTREZID","1956","ENTREZID","5291","directed","Process(indirect effect)"
"ENTREZID","1956","ENTREZID","5293","directed","Process(activation)"
"ENTREZID","1956","ENTREZID","5293","directed","Process(indirect effect)"
"ENTREZID","1956","ENTREZID","5295","directed","Process(activation)"
"ENTREZID","1956","ENTREZID","5295","directed","Process(indirect effect)"
"ENTREZID","1956","ENTREZID","5296","directed","Process(activation)"
"ENTREZID","1956","ENTREZID","5296","directed","Process(indirect effect)"
"ENTREZID","1956","ENTREZID","8503","directed","Process(activation)"
"ENTREZID","1956","ENTREZID","8503","directed","Process(indirect effect)"
"ENTREZID","2069","ENTREZID","1956","directed","Process(activation)"
"ENTREZID","207","ENTREZID","2475","directed","Process(activation)"
"ENTREZID","207","ENTREZID","2932","directed","Process(phosphorylation)"
"ENTREZID","207","ENTREZID","572","directed","Process(phosphorylation)"
"ENTREZID","207","ENTREZID","842","directed","Process(phosphorylation)"
"ENTREZID","208","ENTREZID","2475","directed","Process(activation)"
"ENTREZID","208","ENTREZID","2932","directed","Process(phosphorylation)"
"ENTREZID","208","ENTREZID","572","directed","Process(phosphorylation)"
"ENTREZID","208","ENTREZID","842","directed","Process(phosphorylation)"
"ENTREZID","2353","ENTREZID","595","directed","Process(expression)"
"ENTREZID","2475","ENTREZID","6198","directed","Process(activation)"
"ENTREZID","2475","ENTREZID","6199","directed","Process(activation)"
"ENTREZID","26060","ENTREZID","836","directed","Process(missing interaction)"
"ENTREZID","26060","ENTREZID","842","undirected","Binding"
"ENTREZID","27113","ENTREZID","596","directed","Process(inhibition)"
"ENTREZID","2885","ENTREZID","6654","directed","Process(activation)"
"ENTREZID","2885","ENTREZID","6655","directed","Process(activation)"
"ENTREZID","2932","ENTREZID","1499","directed","Process(missing interaction)"
"ENTREZID","3265","ENTREZID","369","directed","Process(activation)"
"ENTREZID","3265","ENTREZID","5894","directed","Process(activation)"
"ENTREZID","3265","ENTREZID","673","directed","Process(activation)"
"ENTREZID","369","ENTREZID","5604","directed","Process(phosphorylation)"
"ENTREZID","369","ENTREZID","5604","directed","Process(activation)"
"ENTREZID","369","ENTREZID","5605","directed","Process(phosphorylation)"
"ENTREZID","369","ENTREZID","5605","directed","Process(activation)"
"ENTREZID","3725","ENTREZID","595","directed","Process(expression)"
"ENTREZID","374","ENTREZID","1956","directed","Process(activation)"
"ENTREZID","3845","ENTREZID","369","directed","Process(activation)"
"ENTREZID","3845","ENTREZID","5290","directed","Process(activation)"
"ENTREZID","3845","ENTREZID","5291","directed","Process(activation)"
"ENTREZID","3845","ENTREZID","5293","directed","Process(activation)"
"ENTREZID","3845","ENTREZID","5295","directed","Process(activation)"
"ENTREZID","3845","ENTREZID","5296","directed","Process(activation)"
"ENTREZID","3845","ENTREZID","5894","directed","Process(activation)"
"ENTREZID","3845","ENTREZID","5900","directed","Process(activation)"
"ENTREZID","3845","ENTREZID","673","directed","Process(activation)"
"ENTREZID","3845","ENTREZID","8503","directed","Process(activation)"
"ENTREZID","387","ENTREZID","5599","directed","Process(activation)"
"ENTREZID","387","ENTREZID","5601","directed","Process(activation)"
"ENTREZID","387","ENTREZID","5602","directed","Process(activation)"
"ENTREZID","4087","ENTREZID","4089","directed","Process(binding/association)"
"ENTREZID","4088","ENTREZID","4089","directed","Process(binding/association)"
"ENTREZID","4609","ENTREZID","595","directed","Process(expression)"
"ENTREZID","4893","ENTREZID","369","directed","Process(activation)"
"ENTREZID","4893","ENTREZID","5894","directed","Process(activation)"
"ENTREZID","4893","ENTREZID","673","directed","Process(activation)"
"ENTREZID","51176","ENTREZID","332","directed","Process(expression)"
"ENTREZID","51176","ENTREZID","4609","directed","Process(expression)"
"ENTREZID","51176","ENTREZID","595","directed","Process(expression)"
"ENTREZID","5290","ENTREZID","10000","directed","Process(activation)"
"ENTREZID","5290","ENTREZID","207","directed","Process(activation)"
"ENTREZID","5290","ENTREZID","208","directed","Process(activation)"
"ENTREZID","5291","ENTREZID","10000","directed","Process(activation)"
"ENTREZID","5291","ENTREZID","207","directed","Process(activation)"
"ENTREZID","5291","ENTREZID","208","directed","Process(activation)"
"ENTREZID","5293","ENTREZID","10000","directed","Process(activation)"
"ENTREZID","5293","ENTREZID","207","directed","Process(activation)"
"ENTREZID","5293","ENTREZID","208","directed","Process(activation)"
"ENTREZID","5295","ENTREZID","10000","directed","Process(activation)"
"ENTREZID","5295","ENTREZID","207","directed","Process(activation)"
"ENTREZID","5295","ENTREZID","208","directed","Process(activation)"
"ENTREZID","5296","ENTREZID","10000","directed","Process(activation)"
"ENTREZID","5296","ENTREZID","207","directed","Process(activation)"
"ENTREZID","5296","ENTREZID","208","directed","Process(activation)"
"ENTREZID","5366","ENTREZID","596","directed","Process(inhibition)"
"ENTREZID","5594","ENTREZID","2353","directed","Process(phosphorylation)"
"ENTREZID","5594","ENTREZID","3725","directed","Process(phosphorylation)"
"ENTREZID","5594","ENTREZID","4609","directed","Process(phosphorylation)"
"ENTREZID","5595","ENTREZID","2353","directed","Process(phosphorylation)"
"ENTREZID","5595","ENTREZID","3725","directed","Process(phosphorylation)"
"ENTREZID","5595","ENTREZID","4609","directed","Process(phosphorylation)"
"ENTREZID","5604","ENTREZID","5594","directed","Process(phosphorylation)"
"ENTREZID","5604","ENTREZID","5594","directed","Process(activation)"
"ENTREZID","5604","ENTREZID","5595","directed","Process(phosphorylation)"
"ENTREZID","5604","ENTREZID","5595","directed","Process(activation)"
"ENTREZID","5605","ENTREZID","5594","directed","Process(phosphorylation)"
"ENTREZID","5605","ENTREZID","5594","directed","Process(activation)"
"ENTREZID","5605","ENTREZID","5595","directed","Process(phosphorylation)"
"ENTREZID","5605","ENTREZID","5595","directed","Process(activation)"
"ENTREZID","572","ENTREZID","596","directed","Process(inhibition)"
"ENTREZID","581","ENTREZID","596","directed","Process(inhibition)"
"ENTREZID","5879","ENTREZID","5599","directed","Process(activation)"
"ENTREZID","5879","ENTREZID","5601","directed","Process(activation)"
"ENTREZID","5879","ENTREZID","5602","directed","Process(activation)"
"ENTREZID","5880","ENTREZID","5599","directed","Process(activation)"
"ENTREZID","5880","ENTREZID","5601","directed","Process(activation)"
"ENTREZID","5880","ENTREZID","5602","directed","Process(activation)"
"ENTREZID","5881","ENTREZID","5599","directed","Process(activation)"
"ENTREZID","5881","ENTREZID","5601","directed","Process(activation)"
"ENTREZID","5881","ENTREZID","5602","directed","Process(activation)"
"ENTREZID","5894","ENTREZID","5604","directed","Process(phosphorylation)"
"ENTREZID","5894","ENTREZID","5604","directed","Process(activation)"
"ENTREZID","5894","ENTREZID","5605","directed","Process(phosphorylation)"
"ENTREZID","5894","ENTREZID","5605","directed","Process(activation)"
"ENTREZID","5898","ENTREZID","387","directed","Process(activation)"
"ENTREZID","5898","ENTREZID","5879","directed","Process(activation)"
"ENTREZID","5898","ENTREZID","5880","directed","Process(activation)"
"ENTREZID","5898","ENTREZID","5881","directed","Process(activation)"
"ENTREZID","5899","ENTREZID","387","directed","Process(activation)"
"ENTREZID","5899","ENTREZID","5879","directed","Process(activation)"
"ENTREZID","5899","ENTREZID","5880","directed","Process(activation)"
"ENTREZID","5899","ENTREZID","5881","directed","Process(activation)"
"ENTREZID","5900","ENTREZID","5898","directed","Process(activation)"
"ENTREZID","5900","ENTREZID","5899","directed","Process(activation)"
"ENTREZID","6654","ENTREZID","3265","directed","Process(activation)"
"ENTREZID","6654","ENTREZID","3845","directed","Process(activation)"
"ENTREZID","6654","ENTREZID","4893","directed","Process(activation)"
"ENTREZID","6655","ENTREZID","3265","directed","Process(activation)"
"ENTREZID","6655","ENTREZID","3845","directed","Process(activation)"
"ENTREZID","6655","ENTREZID","4893","directed","Process(activation)"
"ENTREZID","673","ENTREZID","5604","directed","Process(phosphorylation)"
"ENTREZID","673","ENTREZID","5604","directed","Process(activation)"
"ENTREZID","673","ENTREZID","5605","directed","Process(phosphorylation)"
"ENTREZID","673","ENTREZID","5605","directed","Process(activation)"
"ENTREZID","6932","ENTREZID","332","directed","Process(expression)"
"ENTREZID","6932","ENTREZID","4609","directed","Process(expression)"
"ENTREZID","6932","ENTREZID","595","directed","Process(expression)"
"ENTREZID","6934","ENTREZID","332","directed","Process(expression)"
"ENTREZID","6934","ENTREZID","4609","directed","Process(expression)"
"ENTREZID","6934","ENTREZID","595","directed","Process(expression)"
"ENTREZID","7039","ENTREZID","1956","directed","Process(activation)"
"ENTREZID","7046","ENTREZID","4087","directed","Process(missing interaction)"
"ENTREZID","7046","ENTREZID","4088","directed","Process(missing interaction)"
"ENTREZID","7046","ENTREZID","7048","undirected","Binding"
"ENTREZID","7048","ENTREZID","4087","directed","Process(missing interaction)"
"ENTREZID","7048","ENTREZID","4088","directed","Process(missing interaction)"
"ENTREZID","7157","ENTREZID","1026","directed","Process(missing interaction)"
"ENTREZID","7157","ENTREZID","10912","directed","Process(missing interaction)"
"ENTREZID","7157","ENTREZID","1643","directed","Process(missing interaction)"
"ENTREZID","7157","ENTREZID","1647","directed","Process(missing interaction)"
"ENTREZID","7157","ENTREZID","4616","directed","Process(missing interaction)"
"ENTREZID","7157","ENTREZID","51426","directed","Process(missing interaction)"
"ENTREZID","7157","ENTREZID","578","directed","Process(missing interaction)"
"ENTREZID","7157","ENTREZID","581","directed","Process(missing interaction)"
"ENTREZID","83439","ENTREZID","332","directed","Process(expression)"
"ENTREZID","83439","ENTREZID","4609","directed","Process(expression)"
"ENTREZID","83439","ENTREZID","595","directed","Process(expression)"
"ENTREZID","836","ENTREZID","1630","directed","Process(activation)"
"ENTREZID","842","ENTREZID","836","directed","Process(missing interaction)"
"ENTREZID","8503","ENTREZID","10000","directed","Process(activation)"
"ENTREZID","8503","ENTREZID","207","directed","Process(activation)"
"ENTREZID","8503","ENTREZID","208","directed","Process(activation)"
