"src_type","src","dest_type","dest","direction","type"
"ENTREZID","10000","ENTREZID","1026","directed","Process(inhibition)"
"ENTREZID","10000","ENTREZID","1026","directed","Process(phosphorylation)"
"ENTREZID","10000","ENTREZID","1027","directed","Process(inhibition)"
"ENTREZID","10000","ENTREZID","1027","directed","Process(phosphorylation)"
"ENTREZID","10000","ENTREZID","1147","directed","Process(phosphorylation)"
"ENTREZID","10000","ENTREZID","1147","directed","Process(activation)"
"ENTREZID","10000","ENTREZID","2308","directed","Process(inhibition)"
"ENTREZID","10000","ENTREZID","2308","directed","Process(phosphorylation)"
"ENTREZID","10000","ENTREZID","2475","directed","Process(phosphorylation)"
"ENTREZID","10000","ENTREZID","2475","directed","Process(activation)"
"ENTREZID","10000","ENTREZID","2932","directed","Process(inhibition)"
"ENTREZID","10000","ENTREZID","2932","directed","Process(phosphorylation)"
"ENTREZID","10000","ENTREZID","3551","directed","Process(phosphorylation)"
"ENTREZID","10000","ENTREZID","3551","directed","Process(activation)"
"ENTREZID","10000","ENTREZID","4193","directed","Process(phosphorylation)"
"ENTREZID","10000","ENTREZID","4193","directed","Process(activation)"
"ENTREZID","10000","ENTREZID","572","directed","Process(inhibition)"
"ENTREZID","10000","ENTREZID","572","directed","Process(phosphorylation)"
"ENTREZID","10000","ENTREZID","842","directed","Process(inhibition)"
"ENTREZID","10000","ENTREZID","842","directed","Process(phosphorylation)"
"ENTREZID","10000","ENTREZID","8517","directed","Process(phosphorylation)"
"ENTREZID","10000","ENTREZID","8517","directed","Process(activation)"
"ENTREZID","1017","ENTREZID","5925","directed","Process(phosphorylation)"
"ENTREZID","1017","ENTREZID","5925","directed","Process(activation)"
"ENTREZID","1017","ENTREZID","898","undirected","Binding"
"ENTREZID","1017","ENTREZID","9134","undirected","Binding"
"ENTREZID","1027","ENTREZID","1017","directed","Process(missing interaction)"
"ENTREZID","1027","ENTREZID","898","directed","Process(missing interaction)"
"ENTREZID","1027","ENTREZID","9134","directed","Process(missing interaction)"
"ENTREZID","10488","ENTREZID","1387","directed","Process(inhibition)"
"ENTREZID","10488","ENTREZID","2033","directed","Process(inhibition)"
"ENTREZID","1147","ENTREZID","4792","directed","Process(phosphorylation)"
"ENTREZID","1147","ENTREZID","4792","directed","Process(activation)"
"ENTREZID","1385","ENTREZID","1387","directed","Process(inhibition)"
"ENTREZID","1385","ENTREZID","2033","directed","Process(inhibition)"
"ENTREZID","1387","ENTREZID","7157","directed","Process(missing interaction)"
"ENTREZID","148327","ENTREZID","1387","directed","Process(inhibition)"
"ENTREZID","148327","ENTREZID","2033","directed","Process(inhibition)"
"ENTREZID","1499","ENTREZID","1387","directed","Process(inhibition)"
"ENTREZID","1499","ENTREZID","2033","directed","Process(inhibition)"
"ENTREZID","1499","ENTREZID","51176","directed","Process(activation)"
"ENTREZID","1499","ENTREZID","6932","directed","Process(activation)"
"ENTREZID","1499","ENTREZID","6934","directed","Process(activation)"
"ENTREZID","1499","ENTREZID","83439","directed","Process(activation)"
"ENTREZID","1869","ENTREZID","5925","directed","Process(dissociation)"
"ENTREZID","1870","ENTREZID","5925","directed","Process(dissociation)"
"ENTREZID","1871","ENTREZID","5925","directed","Process(dissociation)"
"ENTREZID","1950","ENTREZID","1956","directed","Process(activation)"
"ENTREZID","1950","ENTREZID","2064","directed","Process(activation)"
"ENTREZID","1950","ENTREZID","2260","directed","Process(activation)"
"ENTREZID","1950","ENTREZID","2263","directed","Process(activation)"
"ENTREZID","1950","ENTREZID","3480","directed","Process(activation)"
"ENTREZID","1950","ENTREZID","3645","directed","Process(activation)"
"ENTREZID","1950","ENTREZID","5156","directed","Process(activation)"
"ENTREZID","1950","ENTREZID","5159","directed","Process(activation)"
"ENTREZID","1956","ENTREZID","2885","directed","Process(activation)"
"ENTREZID","1956","ENTREZID","5290","directed","Process(activation)"
"ENTREZID","1956","ENTREZID","5291","directed","Process(activation)"
"ENTREZID","1956","ENTREZID","5293","directed","Process(activation)"
"ENTREZID","1956","ENTREZID","5295","directed","Process(activation)"
"ENTREZID","1956","ENTREZID","5296","directed","Process(activation)"
"ENTREZID","1956","ENTREZID","8503","directed","Process(activation)"
"ENTREZID","2033","ENTREZID","7157","directed","Process(missing interaction)"
"ENTREZID","2064","ENTREZID","2885","directed","Process(activation)"
"ENTREZID","2064","ENTREZID","5290","directed","Process(activation)"
"ENTREZID","2064","ENTREZID","5291","directed","Process(activation)"
"ENTREZID","2064","ENTREZID","5293","directed","Process(activation)"
"ENTREZID","2064","ENTREZID","5295","directed","Process(activation)"
"ENTREZID","2064","ENTREZID","5296","directed","Process(activation)"
"ENTREZID","2064","ENTREZID","8503","directed","Process(activation)"
"ENTREZID","207","ENTREZID","1026","directed","Process(inhibition)"
"ENTREZID","207","ENTREZID","1026","directed","Process(phosphorylation)"
"ENTREZID","207","ENTREZID","1027","directed","Process(inhibition)"
"ENTREZID","207","ENTREZID","1027","directed","Process(phosphorylation)"
"ENTREZID","207","ENTREZID","1147","directed","Process(phosphorylation)"
"ENTREZID","207","ENTREZID","1147","directed","Process(activation)"
"ENTREZID","207","ENTREZID","2308","directed","Process(inhibition)"
"ENTREZID","207","ENTREZID","2308","directed","Process(phosphorylation)"
"ENTREZID","207","ENTREZID","2475","directed","Process(phosphorylation)"
"ENTREZID","207","ENTREZID","2475","directed","Process(activation)"
"ENTREZID","207","ENTREZID","2932","directed","Process(inhibition)"
"ENTREZID","207","ENTREZID","2932","directed","Process(phosphorylation)"
"ENTREZID","207","ENTREZID","3551","directed","Process(phosphorylation)"
"ENTREZID","207","ENTREZID","3551","directed","Process(activation)"
"ENTREZID","207","ENTREZID","4193","directed","Process(phosphorylation)"
"ENTREZID","207","ENTREZID","4193","directed","Process(activation)"
"ENTREZID","207","ENTREZID","572","directed","Process(inhibition)"
"ENTREZID","207","ENTREZID","572","directed","Process(phosphorylation)"
"ENTREZID","207","ENTREZID","842","directed","Process(inhibition)"
"ENTREZID","207","ENTREZID","842","directed","Process(phosphorylation)"
"ENTREZID","207","ENTREZID","8517","directed","Process(phosphorylation)"
"ENTREZID","207","ENTREZID","8517","directed","Process(activation)"
"ENTREZID","208","ENTREZID","1026","directed","Process(inhibition)"
"ENTREZID","208","ENTREZID","1026","directed","Process(phosphorylation)"
"ENTREZID","208","ENTREZID","1027","directed","Process(inhibition)"
"ENTREZID","208","ENTREZID","1027","directed","Process(phosphorylation)"
"ENTREZID","208","ENTREZID","1147","directed","Process(phosphorylation)"
"ENTREZID","208","ENTREZID","1147","directed","Process(activation)"
"ENTREZID","208","ENTREZID","2308","directed","Process(inhibition)"
"ENTREZID","208","ENTREZID","2308","directed","Process(phosphorylation)"
"ENTREZID","208","ENTREZID","2475","directed","Process(phosphorylation)"
"ENTREZID","208","ENTREZID","2475","directed","Process(activation)"
"ENTREZID","208","ENTREZID","2932","directed","Process(inhibition)"
"ENTREZID","208","ENTREZID","2932","directed","Process(phosphorylation)"
"ENTREZID","208","ENTREZID","3551","directed","Process(phosphorylation)"
"ENTREZID","208","ENTREZID","3551","directed","Process(activation)"
"ENTREZID","208","ENTREZID","4193","directed","Process(phosphorylation)"
"ENTREZID","208","ENTREZID","4193","directed","Process(activation)"
"ENTREZID","208","ENTREZID","572","directed","Process(inhibition)"
"ENTREZID","208","ENTREZID","572","directed","Process(phosphorylation)"
"ENTREZID","208","ENTREZID","842","directed","Process(inhibition)"
"ENTREZID","208","ENTREZID","842","directed","Process(phosphorylation)"
"ENTREZID","208","ENTREZID","8517","directed","Process(phosphorylation)"
"ENTREZID","208","ENTREZID","8517","directed","Process(activation)"
"ENTREZID","2260","ENTREZID","2885","directed","Process(activation)"
"ENTREZID","2260","ENTREZID","5290","directed","Process(activation)"
"ENTREZID","2260","ENTREZID","5291","directed","Process(activation)"
"ENTREZID","2260","ENTREZID","5293","directed","Process(activation)"
"ENTREZID","2260","ENTREZID","5295","directed","Process(activation)"
"ENTREZID","2260","ENTREZID","5296","directed","Process(activation)"
"ENTREZID","2260","ENTREZID","8503","directed","Process(activation)"
"ENTREZID","2263","ENTREZID","2885","directed","Process(activation)"
"ENTREZID","2263","ENTREZID","5290","directed","Process(activation)"
"ENTREZID","2263","ENTREZID","5291","directed","Process(activation)"
"ENTREZID","2263","ENTREZID","5293","directed","Process(activation)"
"ENTREZID","2263","ENTREZID","5295","directed","Process(activation)"
"ENTREZID","2263","ENTREZID","5296","directed","Process(activation)"
"ENTREZID","2263","ENTREZID","8503","directed","Process(activation)"
"ENTREZID","2885","ENTREZID","6654","directed","Process(activation)"
"ENTREZID","2885","ENTREZID","6655","directed","Process(activation)"
"ENTREZID","2932","ENTREZID","10488","directed","Process(inhibition)"
"ENTREZID","2932","ENTREZID","10488","directed","Process(phosphorylation)"
"ENTREZID","2932","ENTREZID","1385","directed","Process(inhibition)"
"ENTREZID","2932","ENTREZID","1385","directed","Process(phosphorylation)"
"ENTREZID","2932","ENTREZID","148327","directed","Process(inhibition)"
"ENTREZID","2932","ENTREZID","148327","directed","Process(phosphorylation)"
"ENTREZID","2932","ENTREZID","1499","directed","Process(inhibition)"
"ENTREZID","2932","ENTREZID","1499","directed","Process(phosphorylation)"
"ENTREZID","2932","ENTREZID","468","directed","Process(inhibition)"
"ENTREZID","2932","ENTREZID","468","directed","Process(phosphorylation)"
"ENTREZID","2932","ENTREZID","64764","directed","Process(inhibition)"
"ENTREZID","2932","ENTREZID","64764","directed","Process(phosphorylation)"
"ENTREZID","2932","ENTREZID","84699","directed","Process(inhibition)"
"ENTREZID","2932","ENTREZID","84699","directed","Process(phosphorylation)"
"ENTREZID","2932","ENTREZID","90993","directed","Process(inhibition)"
"ENTREZID","2932","ENTREZID","90993","directed","Process(phosphorylation)"
"ENTREZID","2932","ENTREZID","9586","directed","Process(inhibition)"
"ENTREZID","2932","ENTREZID","9586","directed","Process(phosphorylation)"
"ENTREZID","3265","ENTREZID","369","directed","Process(activation)"
"ENTREZID","3265","ENTREZID","5894","directed","Process(activation)"
"ENTREZID","3265","ENTREZID","673","directed","Process(activation)"
"ENTREZID","3320","ENTREZID","3326","undirected","Binding"
"ENTREZID","3320","ENTREZID","367","directed","Process(activation)"
"ENTREZID","3320","ENTREZID","367","undirected","Binding"
"ENTREZID","3320","ENTREZID","7184","undirected","Binding"
"ENTREZID","3326","ENTREZID","367","directed","Process(activation)"
"ENTREZID","3326","ENTREZID","367","undirected","Binding"
"ENTREZID","3326","ENTREZID","7184","undirected","Binding"
"ENTREZID","3479","ENTREZID","1956","directed","Process(activation)"
"ENTREZID","3479","ENTREZID","2064","directed","Process(activation)"
"ENTREZID","3479","ENTREZID","2260","directed","Process(activation)"
"ENTREZID","3479","ENTREZID","2263","directed","Process(activation)"
"ENTREZID","3479","ENTREZID","3480","directed","Process(activation)"
"ENTREZID","3479","ENTREZID","3645","directed","Process(activation)"
"ENTREZID","3479","ENTREZID","5156","directed","Process(activation)"
"ENTREZID","3479","ENTREZID","5159","directed","Process(activation)"
"ENTREZID","3480","ENTREZID","2885","directed","Process(activation)"
"ENTREZID","3480","ENTREZID","5290","directed","Process(activation)"
"ENTREZID","3480","ENTREZID","5291","directed","Process(activation)"
"ENTREZID","3480","ENTREZID","5293","directed","Process(activation)"
"ENTREZID","3480","ENTREZID","5295","directed","Process(activation)"
"ENTREZID","3480","ENTREZID","5296","directed","Process(activation)"
"ENTREZID","3480","ENTREZID","8503","directed","Process(activation)"
"ENTREZID","3551","ENTREZID","4792","directed","Process(phosphorylation)"
"ENTREZID","3551","ENTREZID","4792","directed","Process(activation)"
"ENTREZID","3630","ENTREZID","1956","directed","Process(activation)"
"ENTREZID","3630","ENTREZID","2064","directed","Process(activation)"
"ENTREZID","3630","ENTREZID","2260","directed","Process(activation)"
"ENTREZID","3630","ENTREZID","2263","directed","Process(activation)"
"ENTREZID","3630","ENTREZID","3480","directed","Process(activation)"
"ENTREZID","3630","ENTREZID","3645","directed","Process(activation)"
"ENTREZID","3630","ENTREZID","5156","directed","Process(activation)"
"ENTREZID","3630","ENTREZID","5159","directed","Process(activation)"
"ENTREZID","3645","ENTREZID","2885","directed","Process(activation)"
"ENTREZID","3645","ENTREZID","5290","directed","Process(activation)"
"ENTREZID","3645","ENTREZID","5291","directed","Process(activation)"
"ENTREZID","3645","ENTREZID","5293","directed","Process(activation)"
"ENTREZID","3645","ENTREZID","5295","directed","Process(activation)"
"ENTREZID","3645","ENTREZID","5296","directed","Process(activation)"
"ENTREZID","3645","ENTREZID","8503","directed","Process(activation)"
"ENTREZID","367","ENTREZID","354","directed","Process(expression)"
"ENTREZID","367","ENTREZID","7184","undirected","Binding"
"ENTREZID","369","ENTREZID","5604","directed","Process(phosphorylation)"
"ENTREZID","369","ENTREZID","5604","directed","Process(activation)"
"ENTREZID","369","ENTREZID","5605","directed","Process(phosphorylation)"
"ENTREZID","369","ENTREZID","5605","directed","Process(activation)"
"ENTREZID","3845","ENTREZID","369","directed","Process(activation)"
"ENTREZID","3845","ENTREZID","5894","directed","Process(activation)"
"ENTREZID","3845","ENTREZID","673","directed","Process(activation)"
"ENTREZID","4193","ENTREZID","7157","directed","Process(inhibition)"
"ENTREZID","468","ENTREZID","1387","directed","Process(inhibition)"
"ENTREZID","468","ENTREZID","2033","directed","Process(inhibition)"
"ENTREZID","4790","ENTREZID","4792","directed","Process(dissociation)"
"ENTREZID","4790","ENTREZID","596","directed","Process(expression)"
"ENTREZID","4824","ENTREZID","10000","directed","Process(missing interaction)"
"ENTREZID","4824","ENTREZID","207","directed","Process(missing interaction)"
"ENTREZID","4824","ENTREZID","208","directed","Process(missing interaction)"
"ENTREZID","4893","ENTREZID","369","directed","Process(activation)"
"ENTREZID","4893","ENTREZID","5894","directed","Process(activation)"
"ENTREZID","4893","ENTREZID","673","directed","Process(activation)"
"ENTREZID","51176","ENTREZID","595","directed","Process(expression)"
"ENTREZID","5154","ENTREZID","1956","directed","Process(activation)"
"ENTREZID","5154","ENTREZID","2064","directed","Process(activation)"
"ENTREZID","5154","ENTREZID","2260","directed","Process(activation)"
"ENTREZID","5154","ENTREZID","2263","directed","Process(activation)"
"ENTREZID","5154","ENTREZID","3480","directed","Process(activation)"
"ENTREZID","5154","ENTREZID","3645","directed","Process(activation)"
"ENTREZID","5154","ENTREZID","5156","directed","Process(activation)"
"ENTREZID","5154","ENTREZID","5159","directed","Process(activation)"
"ENTREZID","5155","ENTREZID","1956","directed","Process(activation)"
"ENTREZID","5155","ENTREZID","2064","directed","Process(activation)"
"ENTREZID","5155","ENTREZID","2260","directed","Process(activation)"
"ENTREZID","5155","ENTREZID","2263","directed","Process(activation)"
"ENTREZID","5155","ENTREZID","3480","directed","Process(activation)"
"ENTREZID","5155","ENTREZID","3645","directed","Process(activation)"
"ENTREZID","5155","ENTREZID","5156","directed","Process(activation)"
"ENTREZID","5155","ENTREZID","5159","directed","Process(activation)"
"ENTREZID","5156","ENTREZID","2885","directed","Process(activation)"
"ENTREZID","5156","ENTREZID","5290","directed","Process(activation)"
"ENTREZID","5156","ENTREZID","5291","directed","Process(activation)"
"ENTREZID","5156","ENTREZID","5293","directed","Process(activation)"
"ENTREZID","5156","ENTREZID","5295","directed","Process(activation)"
"ENTREZID","5156","ENTREZID","5296","directed","Process(activation)"
"ENTREZID","5156","ENTREZID","8503","directed","Process(activation)"
"ENTREZID","5159","ENTREZID","2885","directed","Process(activation)"
"ENTREZID","5159","ENTREZID","5290","directed","Process(activation)"
"ENTREZID","5159","ENTREZID","5291","directed","Process(activation)"
"ENTREZID","5159","ENTREZID","5293","directed","Process(activation)"
"ENTREZID","5159","ENTREZID","5295","directed","Process(activation)"
"ENTREZID","5159","ENTREZID","5296","directed","Process(activation)"
"ENTREZID","5159","ENTREZID","8503","directed","Process(activation)"
"ENTREZID","5170","ENTREZID","10000","directed","Process(phosphorylation)"
"ENTREZID","5170","ENTREZID","10000","directed","Process(activation)"
"ENTREZID","5170","ENTREZID","207","directed","Process(phosphorylation)"
"ENTREZID","5170","ENTREZID","207","directed","Process(activation)"
"ENTREZID","5170","ENTREZID","208","directed","Process(phosphorylation)"
"ENTREZID","5170","ENTREZID","208","directed","Process(activation)"
"ENTREZID","5290","ENTREZID","10000","directed","Process(activation)"
"ENTREZID","5290","ENTREZID","207","directed","Process(activation)"
"ENTREZID","5290","ENTREZID","208","directed","Process(activation)"
"ENTREZID","5290","ENTREZID","5170","directed","Process(activation)"
"ENTREZID","5291","ENTREZID","10000","directed","Process(activation)"
"ENTREZID","5291","ENTREZID","207","directed","Process(activation)"
"ENTREZID","5291","ENTREZID","208","directed","Process(activation)"
"ENTREZID","5291","ENTREZID","5170","directed","Process(activation)"
"ENTREZID","5293","ENTREZID","10000","directed","Process(activation)"
"ENTREZID","5293","ENTREZID","207","directed","Process(activation)"
"ENTREZID","5293","ENTREZID","208","directed","Process(activation)"
"ENTREZID","5293","ENTREZID","5170","directed","Process(activation)"
"ENTREZID","5295","ENTREZID","10000","directed","Process(activation)"
"ENTREZID","5295","ENTREZID","207","directed","Process(activation)"
"ENTREZID","5295","ENTREZID","208","directed","Process(activation)"
"ENTREZID","5295","ENTREZID","5170","directed","Process(activation)"
"ENTREZID","5296","ENTREZID","10000","directed","Process(activation)"
"ENTREZID","5296","ENTREZID","207","directed","Process(activation)"
"ENTREZID","5296","ENTREZID","208","directed","Process(activation)"
"ENTREZID","5296","ENTREZID","5170","directed","Process(activation)"
"ENTREZID","5594","ENTREZID","367","directed","Process(indirect effect)"
"ENTREZID","5595","ENTREZID","367","directed","Process(indirect effect)"
"ENTREZID","56034","ENTREZID","1956","directed","Process(activation)"
"ENTREZID","56034","ENTREZID","2064","directed","Process(activation)"
"ENTREZID","56034","ENTREZID","2260","directed","Process(activation)"
"ENTREZID","56034","ENTREZID","2263","directed","Process(activation)"
"ENTREZID","56034","ENTREZID","3480","directed","Process(activation)"
"ENTREZID","56034","ENTREZID","3645","directed","Process(activation)"
"ENTREZID","56034","ENTREZID","5156","directed","Process(activation)"
"ENTREZID","56034","ENTREZID","5159","directed","Process(activation)"
"ENTREZID","5604","ENTREZID","5594","directed","Process(phosphorylation)"
"ENTREZID","5604","ENTREZID","5594","directed","Process(activation)"
"ENTREZID","5604","ENTREZID","5595","directed","Process(phosphorylation)"
"ENTREZID","5604","ENTREZID","5595","directed","Process(activation)"
"ENTREZID","5605","ENTREZID","5594","directed","Process(phosphorylation)"
"ENTREZID","5605","ENTREZID","5594","directed","Process(activation)"
"ENTREZID","5605","ENTREZID","5595","directed","Process(phosphorylation)"
"ENTREZID","5605","ENTREZID","5595","directed","Process(activation)"
"ENTREZID","5894","ENTREZID","5604","directed","Process(phosphorylation)"
"ENTREZID","5894","ENTREZID","5604","directed","Process(activation)"
"ENTREZID","5894","ENTREZID","5605","directed","Process(phosphorylation)"
"ENTREZID","5894","ENTREZID","5605","directed","Process(activation)"
"ENTREZID","5970","ENTREZID","4792","directed","Process(dissociation)"
"ENTREZID","5970","ENTREZID","596","directed","Process(expression)"
"ENTREZID","64764","ENTREZID","1387","directed","Process(inhibition)"
"ENTREZID","64764","ENTREZID","2033","directed","Process(inhibition)"
"ENTREZID","6654","ENTREZID","3265","directed","Process(activation)"
"ENTREZID","6654","ENTREZID","3845","directed","Process(activation)"
"ENTREZID","6654","ENTREZID","4893","directed","Process(activation)"
"ENTREZID","6655","ENTREZID","3265","directed","Process(activation)"
"ENTREZID","6655","ENTREZID","3845","directed","Process(activation)"
"ENTREZID","6655","ENTREZID","4893","directed","Process(activation)"
"ENTREZID","673","ENTREZID","5604","directed","Process(phosphorylation)"
"ENTREZID","673","ENTREZID","5604","directed","Process(activation)"
"ENTREZID","673","ENTREZID","5605","directed","Process(phosphorylation)"
"ENTREZID","673","ENTREZID","5605","directed","Process(activation)"
"ENTREZID","6932","ENTREZID","595","directed","Process(expression)"
"ENTREZID","6934","ENTREZID","595","directed","Process(expression)"
"ENTREZID","7039","ENTREZID","1956","directed","Process(activation)"
"ENTREZID","7039","ENTREZID","2064","directed","Process(activation)"
"ENTREZID","7039","ENTREZID","2260","directed","Process(activation)"
"ENTREZID","7039","ENTREZID","2263","directed","Process(activation)"
"ENTREZID","7039","ENTREZID","3480","directed","Process(activation)"
"ENTREZID","7039","ENTREZID","3645","directed","Process(activation)"
"ENTREZID","7039","ENTREZID","5156","directed","Process(activation)"
"ENTREZID","7039","ENTREZID","5159","directed","Process(activation)"
"ENTREZID","7184","ENTREZID","367","directed","Process(activation)"
"ENTREZID","80310","ENTREZID","1956","directed","Process(activation)"
"ENTREZID","80310","ENTREZID","2064","directed","Process(activation)"
"ENTREZID","80310","ENTREZID","2260","directed","Process(activation)"
"ENTREZID","80310","ENTREZID","2263","directed","Process(activation)"
"ENTREZID","80310","ENTREZID","3480","directed","Process(activation)"
"ENTREZID","80310","ENTREZID","3645","directed","Process(activation)"
"ENTREZID","80310","ENTREZID","5156","directed","Process(activation)"
"ENTREZID","80310","ENTREZID","5159","directed","Process(activation)"
"ENTREZID","83439","ENTREZID","595","directed","Process(expression)"
"ENTREZID","84699","ENTREZID","1387","directed","Process(inhibition)"
"ENTREZID","84699","ENTREZID","2033","directed","Process(inhibition)"
"ENTREZID","8503","ENTREZID","10000","directed","Process(activation)"
"ENTREZID","8503","ENTREZID","207","directed","Process(activation)"
"ENTREZID","8503","ENTREZID","208","directed","Process(activation)"
"ENTREZID","8503","ENTREZID","5170","directed","Process(activation)"
"ENTREZID","8517","ENTREZID","4792","directed","Process(phosphorylation)"
"ENTREZID","8517","ENTREZID","4792","directed","Process(activation)"
"ENTREZID","898","ENTREZID","5925","directed","Process(phosphorylation)"
"ENTREZID","898","ENTREZID","5925","directed","Process(activation)"
"ENTREZID","898","ENTREZID","9134","undirected","Binding"
"ENTREZID","90993","ENTREZID","1387","directed","Process(inhibition)"
"ENTREZID","90993","ENTREZID","2033","directed","Process(inhibition)"
"ENTREZID","9134","ENTREZID","5925","directed","Process(phosphorylation)"
"ENTREZID","9134","ENTREZID","5925","directed","Process(activation)"
"ENTREZID","9586","ENTREZID","1387","directed","Process(inhibition)"
"ENTREZID","9586","ENTREZID","2033","directed","Process(inhibition)"
