"src_type","src","dest_type","dest","direction","type"
"ENTREZID","10000","ENTREZID","2309","directed","Process(inhibition)"
"ENTREZID","10000","ENTREZID","2309","directed","Process(phosphorylation)"
"ENTREZID","10000","ENTREZID","572","directed","Process(inhibition)"
"ENTREZID","10000","ENTREZID","572","directed","Process(phosphorylation)"
"ENTREZID","10000","ENTREZID","842","directed","Process(inhibition)"
"ENTREZID","10000","ENTREZID","842","directed","Process(phosphorylation)"
"ENTREZID","1019","ENTREZID","1021","undirected","Binding"
"ENTREZID","1019","ENTREZID","5925","directed","Process(phosphorylation)"
"ENTREZID","1019","ENTREZID","5925","directed","Process(activation)"
"ENTREZID","1019","ENTREZID","595","undirected","Binding"
"ENTREZID","1021","ENTREZID","5925","directed","Process(phosphorylation)"
"ENTREZID","1021","ENTREZID","5925","directed","Process(activation)"
"ENTREZID","1021","ENTREZID","595","undirected","Binding"
"ENTREZID","1029","ENTREZID","1019","directed","Process(missing interaction)"
"ENTREZID","1029","ENTREZID","1021","directed","Process(missing interaction)"
"ENTREZID","1029","ENTREZID","595","directed","Process(missing interaction)"
"ENTREZID","11186","ENTREZID","595","directed","Process(missing interaction)"
"ENTREZID","11186","ENTREZID","6789","directed","Process(missing interaction)"
"ENTREZID","11186","ENTREZID","83593","directed","Process(binding/association)"
"ENTREZID","11186","ENTREZID","83593","undirected","Binding"
"ENTREZID","1869","ENTREZID","5925","directed","Process(dissociation)"
"ENTREZID","1870","ENTREZID","5925","directed","Process(dissociation)"
"ENTREZID","1871","ENTREZID","5925","directed","Process(dissociation)"
"ENTREZID","1950","ENTREZID","1956","directed","Process(activation)"
"ENTREZID","1950","ENTREZID","2064","directed","Process(activation)"
"ENTREZID","1956","ENTREZID","2885","directed","Process(activation)"
"ENTREZID","1956","ENTREZID","5290","directed","Process(activation)"
"ENTREZID","1956","ENTREZID","5291","directed","Process(activation)"
"ENTREZID","1956","ENTREZID","5293","directed","Process(activation)"
"ENTREZID","1956","ENTREZID","5335","directed","Process(phosphorylation)"
"ENTREZID","1956","ENTREZID","5335","directed","Process(activation)"
"ENTREZID","1956","ENTREZID","5336","directed","Process(phosphorylation)"
"ENTREZID","1956","ENTREZID","5336","directed","Process(activation)"
"ENTREZID","2064","ENTREZID","2885","directed","Process(activation)"
"ENTREZID","2064","ENTREZID","5290","directed","Process(activation)"
"ENTREZID","2064","ENTREZID","5291","directed","Process(activation)"
"ENTREZID","2064","ENTREZID","5293","directed","Process(activation)"
"ENTREZID","2064","ENTREZID","5335","directed","Process(phosphorylation)"
"ENTREZID","2064","ENTREZID","5335","directed","Process(activation)"
"ENTREZID","2064","ENTREZID","5336","directed","Process(phosphorylation)"
"ENTREZID","2064","ENTREZID","5336","directed","Process(activation)"
"ENTREZID","207","ENTREZID","2309","directed","Process(inhibition)"
"ENTREZID","207","ENTREZID","2309","directed","Process(phosphorylation)"
"ENTREZID","207","ENTREZID","572","directed","Process(inhibition)"
"ENTREZID","207","ENTREZID","572","directed","Process(phosphorylation)"
"ENTREZID","207","ENTREZID","842","directed","Process(inhibition)"
"ENTREZID","207","ENTREZID","842","directed","Process(phosphorylation)"
"ENTREZID","208","ENTREZID","2309","directed","Process(inhibition)"
"ENTREZID","208","ENTREZID","2309","directed","Process(phosphorylation)"
"ENTREZID","208","ENTREZID","572","directed","Process(inhibition)"
"ENTREZID","208","ENTREZID","572","directed","Process(phosphorylation)"
"ENTREZID","208","ENTREZID","842","directed","Process(inhibition)"
"ENTREZID","208","ENTREZID","842","directed","Process(phosphorylation)"
"ENTREZID","238","ENTREZID","3265","directed","Process(activation)"
"ENTREZID","238","ENTREZID","3265","directed","Process(indirect effect)"
"ENTREZID","238","ENTREZID","3718","directed","Process(activation)"
"ENTREZID","238","ENTREZID","3845","directed","Process(activation)"
"ENTREZID","238","ENTREZID","3845","directed","Process(indirect effect)"
"ENTREZID","238","ENTREZID","4893","directed","Process(activation)"
"ENTREZID","238","ENTREZID","4893","directed","Process(indirect effect)"
"ENTREZID","238","ENTREZID","5290","directed","Process(activation)"
"ENTREZID","238","ENTREZID","5291","directed","Process(activation)"
"ENTREZID","238","ENTREZID","5293","directed","Process(activation)"
"ENTREZID","27436","ENTREZID","3265","directed","Process(activation)"
"ENTREZID","27436","ENTREZID","3265","directed","Process(indirect effect)"
"ENTREZID","27436","ENTREZID","3718","directed","Process(activation)"
"ENTREZID","27436","ENTREZID","3845","directed","Process(activation)"
"ENTREZID","27436","ENTREZID","3845","directed","Process(indirect effect)"
"ENTREZID","27436","ENTREZID","4893","directed","Process(activation)"
"ENTREZID","27436","ENTREZID","4893","directed","Process(indirect effect)"
"ENTREZID","27436","ENTREZID","5290","directed","Process(activation)"
"ENTREZID","27436","ENTREZID","5291","directed","Process(activation)"
"ENTREZID","27436","ENTREZID","5293","directed","Process(activation)"
"ENTREZID","2885","ENTREZID","6654","directed","Process(activation)"
"ENTREZID","2885","ENTREZID","6655","directed","Process(activation)"
"ENTREZID","3082","ENTREZID","4233","directed","Process(activation)"
"ENTREZID","3265","ENTREZID","369","directed","Process(activation)"
"ENTREZID","3265","ENTREZID","5894","directed","Process(activation)"
"ENTREZID","3265","ENTREZID","673","directed","Process(activation)"
"ENTREZID","369","ENTREZID","5604","directed","Process(phosphorylation)"
"ENTREZID","369","ENTREZID","5604","directed","Process(activation)"
"ENTREZID","369","ENTREZID","5605","directed","Process(phosphorylation)"
"ENTREZID","369","ENTREZID","5605","directed","Process(activation)"
"ENTREZID","3718","ENTREZID","6774","directed","Process(phosphorylation)"
"ENTREZID","3718","ENTREZID","6774","directed","Process(activation)"
"ENTREZID","3718","ENTREZID","6776","directed","Process(phosphorylation)"
"ENTREZID","3718","ENTREZID","6776","directed","Process(activation)"
"ENTREZID","3718","ENTREZID","6777","directed","Process(phosphorylation)"
"ENTREZID","3718","ENTREZID","6777","directed","Process(activation)"
"ENTREZID","3798","ENTREZID","3265","directed","Process(missing)"
"ENTREZID","3798","ENTREZID","3845","directed","Process(missing)"
"ENTREZID","3798","ENTREZID","4893","directed","Process(missing)"
"ENTREZID","3799","ENTREZID","3265","directed","Process(missing)"
"ENTREZID","3799","ENTREZID","3845","directed","Process(missing)"
"ENTREZID","3799","ENTREZID","4893","directed","Process(missing)"
"ENTREZID","3800","ENTREZID","3265","directed","Process(missing)"
"ENTREZID","3800","ENTREZID","3845","directed","Process(missing)"
"ENTREZID","3800","ENTREZID","4893","directed","Process(missing)"
"ENTREZID","3845","ENTREZID","11186","directed","Process(activation)"
"ENTREZID","3845","ENTREZID","369","directed","Process(activation)"
"ENTREZID","3845","ENTREZID","5290","directed","Process(activation)"
"ENTREZID","3845","ENTREZID","5291","directed","Process(activation)"
"ENTREZID","3845","ENTREZID","5293","directed","Process(activation)"
"ENTREZID","3845","ENTREZID","5295","directed","Process(activation)"
"ENTREZID","3845","ENTREZID","5296","directed","Process(activation)"
"ENTREZID","3845","ENTREZID","5894","directed","Process(activation)"
"ENTREZID","3845","ENTREZID","673","directed","Process(activation)"
"ENTREZID","3845","ENTREZID","8503","directed","Process(activation)"
"ENTREZID","4233","ENTREZID","2885","directed","Process(activation)"
"ENTREZID","4233","ENTREZID","5290","directed","Process(activation)"
"ENTREZID","4233","ENTREZID","5291","directed","Process(activation)"
"ENTREZID","4233","ENTREZID","5293","directed","Process(activation)"
"ENTREZID","4893","ENTREZID","369","directed","Process(activation)"
"ENTREZID","4893","ENTREZID","5894","directed","Process(activation)"
"ENTREZID","4893","ENTREZID","673","directed","Process(activation)"
"ENTREZID","5170","ENTREZID","10000","directed","Process(phosphorylation)"
"ENTREZID","5170","ENTREZID","10000","directed","Process(activation)"
"ENTREZID","5170","ENTREZID","207","directed","Process(phosphorylation)"
"ENTREZID","5170","ENTREZID","207","directed","Process(activation)"
"ENTREZID","5170","ENTREZID","208","directed","Process(phosphorylation)"
"ENTREZID","5170","ENTREZID","208","directed","Process(activation)"
"ENTREZID","5578","ENTREZID","369","directed","Process(activation)"
"ENTREZID","5578","ENTREZID","5894","directed","Process(activation)"
"ENTREZID","5578","ENTREZID","673","directed","Process(activation)"
"ENTREZID","5579","ENTREZID","369","directed","Process(activation)"
"ENTREZID","5579","ENTREZID","5894","directed","Process(activation)"
"ENTREZID","5579","ENTREZID","673","directed","Process(activation)"
"ENTREZID","5582","ENTREZID","369","directed","Process(activation)"
"ENTREZID","5582","ENTREZID","5894","directed","Process(activation)"
"ENTREZID","5582","ENTREZID","673","directed","Process(activation)"
"ENTREZID","5594","ENTREZID","595","directed","Process(expression)"
"ENTREZID","5595","ENTREZID","595","directed","Process(expression)"
"ENTREZID","5604","ENTREZID","5594","directed","Process(phosphorylation)"
"ENTREZID","5604","ENTREZID","5594","directed","Process(activation)"
"ENTREZID","5604","ENTREZID","5595","directed","Process(phosphorylation)"
"ENTREZID","5604","ENTREZID","5595","directed","Process(activation)"
"ENTREZID","5605","ENTREZID","5594","directed","Process(phosphorylation)"
"ENTREZID","5605","ENTREZID","5594","directed","Process(activation)"
"ENTREZID","5605","ENTREZID","5595","directed","Process(phosphorylation)"
"ENTREZID","5605","ENTREZID","5595","directed","Process(activation)"
"ENTREZID","5894","ENTREZID","5604","directed","Process(phosphorylation)"
"ENTREZID","5894","ENTREZID","5604","directed","Process(activation)"
"ENTREZID","5894","ENTREZID","5605","directed","Process(phosphorylation)"
"ENTREZID","5894","ENTREZID","5605","directed","Process(activation)"
"ENTREZID","5915","ENTREZID","6256","undirected","Binding"
"ENTREZID","5915","ENTREZID","6257","undirected","Binding"
"ENTREZID","5915","ENTREZID","6258","undirected","Binding"
"ENTREZID","595","ENTREZID","5925","directed","Process(phosphorylation)"
"ENTREZID","595","ENTREZID","5925","directed","Process(activation)"
"ENTREZID","5979","ENTREZID","3265","directed","Process(missing)"
"ENTREZID","5979","ENTREZID","3845","directed","Process(missing)"
"ENTREZID","5979","ENTREZID","4893","directed","Process(missing)"
"ENTREZID","6256","ENTREZID","6257","undirected","Binding"
"ENTREZID","6256","ENTREZID","6258","undirected","Binding"
"ENTREZID","6257","ENTREZID","6258","undirected","Binding"
"ENTREZID","6654","ENTREZID","3265","directed","Process(activation)"
"ENTREZID","6654","ENTREZID","3845","directed","Process(activation)"
"ENTREZID","6654","ENTREZID","4893","directed","Process(activation)"
"ENTREZID","6655","ENTREZID","3265","directed","Process(activation)"
"ENTREZID","6655","ENTREZID","3845","directed","Process(activation)"
"ENTREZID","6655","ENTREZID","4893","directed","Process(activation)"
"ENTREZID","673","ENTREZID","5604","directed","Process(phosphorylation)"
"ENTREZID","673","ENTREZID","5604","directed","Process(activation)"
"ENTREZID","673","ENTREZID","5605","directed","Process(phosphorylation)"
"ENTREZID","673","ENTREZID","5605","directed","Process(activation)"
"ENTREZID","7039","ENTREZID","1956","directed","Process(activation)"
"ENTREZID","7039","ENTREZID","2064","directed","Process(activation)"
"ENTREZID","7157","ENTREZID","1026","directed","Process(missing interaction)"
"ENTREZID","7157","ENTREZID","10912","directed","Process(missing interaction)"
"ENTREZID","7157","ENTREZID","1643","directed","Process(missing interaction)"
"ENTREZID","7157","ENTREZID","1647","directed","Process(missing interaction)"
"ENTREZID","7157","ENTREZID","4616","directed","Process(missing interaction)"
"ENTREZID","7157","ENTREZID","51426","directed","Process(missing interaction)"
"ENTREZID","7157","ENTREZID","578","directed","Process(missing interaction)"
"ENTREZID","7157","ENTREZID","581","directed","Process(missing interaction)"
"ENTREZID","83593","ENTREZID","6789","directed","Process(missing interaction)"
