"src_type","src","dest_type","dest","direction","type"
"ENTREZID","10000","ENTREZID","2475","directed","Process(activation)"
"ENTREZID","10000","ENTREZID","2475","directed","Process(indirect effect)"
"ENTREZID","1956","ENTREZID","3265","directed","Process(activation)"
"ENTREZID","1956","ENTREZID","3265","directed","Process(indirect effect)"
"ENTREZID","1956","ENTREZID","3845","directed","Process(activation)"
"ENTREZID","1956","ENTREZID","3845","directed","Process(indirect effect)"
"ENTREZID","1956","ENTREZID","4893","directed","Process(activation)"
"ENTREZID","1956","ENTREZID","4893","directed","Process(indirect effect)"
"ENTREZID","1956","ENTREZID","5290","directed","Process(activation)"
"ENTREZID","1956","ENTREZID","5290","directed","Process(indirect effect)"
"ENTREZID","1956","ENTREZID","5291","directed","Process(activation)"
"ENTREZID","1956","ENTREZID","5291","directed","Process(indirect effect)"
"ENTREZID","1956","ENTREZID","5293","directed","Process(activation)"
"ENTREZID","1956","ENTREZID","5293","directed","Process(indirect effect)"
"ENTREZID","1956","ENTREZID","5295","directed","Process(activation)"
"ENTREZID","1956","ENTREZID","5295","directed","Process(indirect effect)"
"ENTREZID","1956","ENTREZID","5296","directed","Process(activation)"
"ENTREZID","1956","ENTREZID","5296","directed","Process(indirect effect)"
"ENTREZID","1956","ENTREZID","8503","directed","Process(activation)"
"ENTREZID","1956","ENTREZID","8503","directed","Process(indirect effect)"
"ENTREZID","2064","ENTREZID","3265","directed","Process(activation)"
"ENTREZID","2064","ENTREZID","3265","directed","Process(indirect effect)"
"ENTREZID","2064","ENTREZID","3845","directed","Process(activation)"
"ENTREZID","2064","ENTREZID","3845","directed","Process(indirect effect)"
"ENTREZID","2064","ENTREZID","4893","directed","Process(activation)"
"ENTREZID","2064","ENTREZID","4893","directed","Process(indirect effect)"
"ENTREZID","2064","ENTREZID","5290","directed","Process(activation)"
"ENTREZID","2064","ENTREZID","5290","directed","Process(indirect effect)"
"ENTREZID","2064","ENTREZID","5291","directed","Process(activation)"
"ENTREZID","2064","ENTREZID","5291","directed","Process(indirect effect)"
"ENTREZID","2064","ENTREZID","5293","directed","Process(activation)"
"ENTREZID","2064","ENTREZID","5293","directed","Process(indirect effect)"
"ENTREZID","2064","ENTREZID","5295","directed","Process(activation)"
"ENTREZID","2064","ENTREZID","5295","directed","Process(indirect effect)"
"ENTREZID","2064","ENTREZID","5296","directed","Process(activation)"
"ENTREZID","2064","ENTREZID","5296","directed","Process(indirect effect)"
"ENTREZID","2064","ENTREZID","8503","directed","Process(activation)"
"ENTREZID","2064","ENTREZID","8503","directed","Process(indirect effect)"
"ENTREZID","207","ENTREZID","2475","directed","Process(activation)"
"ENTREZID","207","ENTREZID","2475","directed","Process(indirect effect)"
"ENTREZID","208","ENTREZID","2475","directed","Process(activation)"
"ENTREZID","208","ENTREZID","2475","directed","Process(indirect effect)"
"ENTREZID","2260","ENTREZID","3265","directed","Process(activation)"
"ENTREZID","2260","ENTREZID","3265","directed","Process(indirect effect)"
"ENTREZID","2260","ENTREZID","3845","directed","Process(activation)"
"ENTREZID","2260","ENTREZID","3845","directed","Process(indirect effect)"
"ENTREZID","2260","ENTREZID","4893","directed","Process(activation)"
"ENTREZID","2260","ENTREZID","4893","directed","Process(indirect effect)"
"ENTREZID","2261","ENTREZID","3265","directed","Process(activation)"
"ENTREZID","2261","ENTREZID","3265","directed","Process(indirect effect)"
"ENTREZID","2261","ENTREZID","3845","directed","Process(activation)"
"ENTREZID","2261","ENTREZID","3845","directed","Process(indirect effect)"
"ENTREZID","2261","ENTREZID","4893","directed","Process(activation)"
"ENTREZID","2261","ENTREZID","4893","directed","Process(indirect effect)"
"ENTREZID","2263","ENTREZID","3265","directed","Process(activation)"
"ENTREZID","2263","ENTREZID","3265","directed","Process(indirect effect)"
"ENTREZID","2263","ENTREZID","3845","directed","Process(activation)"
"ENTREZID","2263","ENTREZID","3845","directed","Process(indirect effect)"
"ENTREZID","2263","ENTREZID","4893","directed","Process(activation)"
"ENTREZID","2263","ENTREZID","4893","directed","Process(indirect effect)"
"ENTREZID","2322","ENTREZID","3265","directed","Process(activation)"
"ENTREZID","2322","ENTREZID","3265","directed","Process(indirect effect)"
"ENTREZID","2322","ENTREZID","3845","directed","Process(activation)"
"ENTREZID","2322","ENTREZID","3845","directed","Process(indirect effect)"
"ENTREZID","2322","ENTREZID","4893","directed","Process(activation)"
"ENTREZID","2322","ENTREZID","4893","directed","Process(indirect effect)"
"ENTREZID","2475","ENTREZID","3091","directed","Process(activation)"
"ENTREZID","2475","ENTREZID","3091","directed","Process(indirect effect)"
"ENTREZID","2475","ENTREZID","8140","directed","Process(activation)"
"ENTREZID","2475","ENTREZID","8140","directed","Process(indirect effect)"
"ENTREZID","3091","ENTREZID","160287","directed","Process(expression)"
"ENTREZID","3091","ENTREZID","3098","directed","Process(expression)"
"ENTREZID","3091","ENTREZID","3099","directed","Process(expression)"
"ENTREZID","3091","ENTREZID","3101","directed","Process(expression)"
"ENTREZID","3091","ENTREZID","3939","directed","Process(expression)"
"ENTREZID","3091","ENTREZID","3945","directed","Process(expression)"
"ENTREZID","3091","ENTREZID","3948","directed","Process(expression)"
"ENTREZID","3091","ENTREZID","441531","directed","Process(expression)"
"ENTREZID","3091","ENTREZID","5163","directed","Process(expression)"
"ENTREZID","3091","ENTREZID","5211","directed","Process(expression)"
"ENTREZID","3091","ENTREZID","5213","directed","Process(expression)"
"ENTREZID","3091","ENTREZID","5214","directed","Process(expression)"
"ENTREZID","3091","ENTREZID","5223","directed","Process(expression)"
"ENTREZID","3091","ENTREZID","5224","directed","Process(expression)"
"ENTREZID","3091","ENTREZID","5315","directed","Process(expression)"
"ENTREZID","3091","ENTREZID","6513","directed","Process(expression)"
"ENTREZID","3091","ENTREZID","80201","directed","Process(expression)"
"ENTREZID","3091","ENTREZID","92483","directed","Process(expression)"
"ENTREZID","3265","ENTREZID","5894","directed","Process(activation)"
"ENTREZID","3815","ENTREZID","3265","directed","Process(activation)"
"ENTREZID","3815","ENTREZID","3265","directed","Process(indirect effect)"
"ENTREZID","3815","ENTREZID","3845","directed","Process(activation)"
"ENTREZID","3815","ENTREZID","3845","directed","Process(indirect effect)"
"ENTREZID","3815","ENTREZID","4893","directed","Process(activation)"
"ENTREZID","3815","ENTREZID","4893","directed","Process(indirect effect)"
"ENTREZID","3845","ENTREZID","5894","directed","Process(activation)"
"ENTREZID","4233","ENTREZID","3265","directed","Process(activation)"
"ENTREZID","4233","ENTREZID","3265","directed","Process(indirect effect)"
"ENTREZID","4233","ENTREZID","3845","directed","Process(activation)"
"ENTREZID","4233","ENTREZID","3845","directed","Process(indirect effect)"
"ENTREZID","4233","ENTREZID","4893","directed","Process(activation)"
"ENTREZID","4233","ENTREZID","4893","directed","Process(indirect effect)"
"ENTREZID","4233","ENTREZID","5290","directed","Process(activation)"
"ENTREZID","4233","ENTREZID","5290","directed","Process(indirect effect)"
"ENTREZID","4233","ENTREZID","5291","directed","Process(activation)"
"ENTREZID","4233","ENTREZID","5291","directed","Process(indirect effect)"
"ENTREZID","4233","ENTREZID","5293","directed","Process(activation)"
"ENTREZID","4233","ENTREZID","5293","directed","Process(indirect effect)"
"ENTREZID","4233","ENTREZID","5295","directed","Process(activation)"
"ENTREZID","4233","ENTREZID","5295","directed","Process(indirect effect)"
"ENTREZID","4233","ENTREZID","5296","directed","Process(activation)"
"ENTREZID","4233","ENTREZID","5296","directed","Process(indirect effect)"
"ENTREZID","4233","ENTREZID","8503","directed","Process(activation)"
"ENTREZID","4233","ENTREZID","8503","directed","Process(indirect effect)"
"ENTREZID","4609","ENTREZID","160287","directed","Process(expression)"
"ENTREZID","4609","ENTREZID","27165","directed","Process(expression)"
"ENTREZID","4609","ENTREZID","2744","directed","Process(expression)"
"ENTREZID","4609","ENTREZID","3098","directed","Process(expression)"
"ENTREZID","4609","ENTREZID","3099","directed","Process(expression)"
"ENTREZID","4609","ENTREZID","3101","directed","Process(expression)"
"ENTREZID","4609","ENTREZID","3939","directed","Process(expression)"
"ENTREZID","4609","ENTREZID","3945","directed","Process(expression)"
"ENTREZID","4609","ENTREZID","3948","directed","Process(expression)"
"ENTREZID","4609","ENTREZID","441531","directed","Process(expression)"
"ENTREZID","4609","ENTREZID","5223","directed","Process(expression)"
"ENTREZID","4609","ENTREZID","5224","directed","Process(expression)"
"ENTREZID","4609","ENTREZID","5315","directed","Process(expression)"
"ENTREZID","4609","ENTREZID","6510","directed","Process(expression)"
"ENTREZID","4609","ENTREZID","6513","directed","Process(expression)"
"ENTREZID","4609","ENTREZID","6514","directed","Process(expression)"
"ENTREZID","4609","ENTREZID","80201","directed","Process(expression)"
"ENTREZID","4609","ENTREZID","92483","directed","Process(expression)"
"ENTREZID","4893","ENTREZID","5894","directed","Process(activation)"
"ENTREZID","4914","ENTREZID","3265","directed","Process(activation)"
"ENTREZID","4914","ENTREZID","3265","directed","Process(indirect effect)"
"ENTREZID","4914","ENTREZID","3845","directed","Process(activation)"
"ENTREZID","4914","ENTREZID","3845","directed","Process(indirect effect)"
"ENTREZID","4914","ENTREZID","4893","directed","Process(activation)"
"ENTREZID","4914","ENTREZID","4893","directed","Process(indirect effect)"
"ENTREZID","4916","ENTREZID","3265","directed","Process(activation)"
"ENTREZID","4916","ENTREZID","3265","directed","Process(indirect effect)"
"ENTREZID","4916","ENTREZID","3845","directed","Process(activation)"
"ENTREZID","4916","ENTREZID","3845","directed","Process(indirect effect)"
"ENTREZID","4916","ENTREZID","4893","directed","Process(activation)"
"ENTREZID","4916","ENTREZID","4893","directed","Process(indirect effect)"
"ENTREZID","51548","ENTREZID","3091","directed","Process(inhibition)"
"ENTREZID","51548","ENTREZID","3091","directed","Process(missing interaction)"
"ENTREZID","51548","ENTREZID","4609","directed","Process(inhibition)"
"ENTREZID","51548","ENTREZID","4609","directed","Process(missing interaction)"
"ENTREZID","5156","ENTREZID","3265","directed","Process(activation)"
"ENTREZID","5156","ENTREZID","3265","directed","Process(indirect effect)"
"ENTREZID","5156","ENTREZID","3845","directed","Process(activation)"
"ENTREZID","5156","ENTREZID","3845","directed","Process(indirect effect)"
"ENTREZID","5156","ENTREZID","4893","directed","Process(activation)"
"ENTREZID","5156","ENTREZID","4893","directed","Process(indirect effect)"
"ENTREZID","5159","ENTREZID","3265","directed","Process(activation)"
"ENTREZID","5159","ENTREZID","3265","directed","Process(indirect effect)"
"ENTREZID","5159","ENTREZID","3845","directed","Process(activation)"
"ENTREZID","5159","ENTREZID","3845","directed","Process(indirect effect)"
"ENTREZID","5159","ENTREZID","4893","directed","Process(activation)"
"ENTREZID","5159","ENTREZID","4893","directed","Process(indirect effect)"
"ENTREZID","5163","ENTREZID","5160","directed","Process(inhibition)"
"ENTREZID","5163","ENTREZID","5161","directed","Process(inhibition)"
"ENTREZID","5163","ENTREZID","5162","directed","Process(inhibition)"
"ENTREZID","5290","ENTREZID","10000","directed","Process(activation)"
"ENTREZID","5290","ENTREZID","10000","directed","Process(indirect effect)"
"ENTREZID","5290","ENTREZID","207","directed","Process(activation)"
"ENTREZID","5290","ENTREZID","207","directed","Process(indirect effect)"
"ENTREZID","5290","ENTREZID","208","directed","Process(activation)"
"ENTREZID","5290","ENTREZID","208","directed","Process(indirect effect)"
"ENTREZID","5291","ENTREZID","10000","directed","Process(activation)"
"ENTREZID","5291","ENTREZID","10000","directed","Process(indirect effect)"
"ENTREZID","5291","ENTREZID","207","directed","Process(activation)"
"ENTREZID","5291","ENTREZID","207","directed","Process(indirect effect)"
"ENTREZID","5291","ENTREZID","208","directed","Process(activation)"
"ENTREZID","5291","ENTREZID","208","directed","Process(indirect effect)"
"ENTREZID","5293","ENTREZID","10000","directed","Process(activation)"
"ENTREZID","5293","ENTREZID","10000","directed","Process(indirect effect)"
"ENTREZID","5293","ENTREZID","207","directed","Process(activation)"
"ENTREZID","5293","ENTREZID","207","directed","Process(indirect effect)"
"ENTREZID","5293","ENTREZID","208","directed","Process(activation)"
"ENTREZID","5293","ENTREZID","208","directed","Process(indirect effect)"
"ENTREZID","5295","ENTREZID","10000","directed","Process(activation)"
"ENTREZID","5295","ENTREZID","10000","directed","Process(indirect effect)"
"ENTREZID","5295","ENTREZID","207","directed","Process(activation)"
"ENTREZID","5295","ENTREZID","207","directed","Process(indirect effect)"
"ENTREZID","5295","ENTREZID","208","directed","Process(activation)"
"ENTREZID","5295","ENTREZID","208","directed","Process(indirect effect)"
"ENTREZID","5296","ENTREZID","10000","directed","Process(activation)"
"ENTREZID","5296","ENTREZID","10000","directed","Process(indirect effect)"
"ENTREZID","5296","ENTREZID","207","directed","Process(activation)"
"ENTREZID","5296","ENTREZID","207","directed","Process(indirect effect)"
"ENTREZID","5296","ENTREZID","208","directed","Process(activation)"
"ENTREZID","5296","ENTREZID","208","directed","Process(indirect effect)"
"ENTREZID","5594","ENTREZID","4609","directed","Process(phosphorylation)"
"ENTREZID","5594","ENTREZID","4609","directed","Process(activation)"
"ENTREZID","5595","ENTREZID","4609","directed","Process(phosphorylation)"
"ENTREZID","5595","ENTREZID","4609","directed","Process(activation)"
"ENTREZID","5604","ENTREZID","5594","directed","Process(phosphorylation)"
"ENTREZID","5604","ENTREZID","5594","directed","Process(activation)"
"ENTREZID","5604","ENTREZID","5595","directed","Process(phosphorylation)"
"ENTREZID","5604","ENTREZID","5595","directed","Process(activation)"
"ENTREZID","5605","ENTREZID","5594","directed","Process(phosphorylation)"
"ENTREZID","5605","ENTREZID","5594","directed","Process(activation)"
"ENTREZID","5605","ENTREZID","5595","directed","Process(phosphorylation)"
"ENTREZID","5605","ENTREZID","5595","directed","Process(activation)"
"ENTREZID","5894","ENTREZID","5604","directed","Process(phosphorylation)"
"ENTREZID","5894","ENTREZID","5604","directed","Process(activation)"
"ENTREZID","5894","ENTREZID","5605","directed","Process(phosphorylation)"
"ENTREZID","5894","ENTREZID","5605","directed","Process(activation)"
"ENTREZID","5979","ENTREZID","3265","directed","Process(activation)"
"ENTREZID","5979","ENTREZID","3265","directed","Process(indirect effect)"
"ENTREZID","5979","ENTREZID","3845","directed","Process(activation)"
"ENTREZID","5979","ENTREZID","3845","directed","Process(indirect effect)"
"ENTREZID","5979","ENTREZID","4893","directed","Process(activation)"
"ENTREZID","5979","ENTREZID","4893","directed","Process(indirect effect)"
"ENTREZID","7157","ENTREZID","2539","directed","Process(missing interaction)"
"ENTREZID","7157","ENTREZID","57103","directed","Process(missing interaction)"
"ENTREZID","7157","ENTREZID","5728","directed","Process(missing interaction)"
"ENTREZID","7157","ENTREZID","6513","directed","Process(missing interaction)"
"ENTREZID","7157","ENTREZID","6514","directed","Process(missing interaction)"
"ENTREZID","7157","ENTREZID","9997","directed","Process(activation)"
"ENTREZID","7157","ENTREZID","9997","directed","Process(missing interaction)"
"ENTREZID","7157","ENTREZID","9997","directed","Process(indirect effect)"
"ENTREZID","8503","ENTREZID","10000","directed","Process(activation)"
"ENTREZID","8503","ENTREZID","10000","directed","Process(indirect effect)"
"ENTREZID","8503","ENTREZID","207","directed","Process(activation)"
"ENTREZID","8503","ENTREZID","207","directed","Process(indirect effect)"
"ENTREZID","8503","ENTREZID","208","directed","Process(activation)"
"ENTREZID","8503","ENTREZID","208","directed","Process(indirect effect)"
