"src_type","src","dest_type","dest","direction","type"
"ENTREZID","10000","ENTREZID","7248","directed","Process(inhibition)"
"ENTREZID","10000","ENTREZID","7248","directed","Process(phosphorylation)"
"ENTREZID","10000","ENTREZID","7249","directed","Process(inhibition)"
"ENTREZID","10000","ENTREZID","7249","directed","Process(phosphorylation)"
"ENTREZID","1950","ENTREZID","1956","directed","Process(activation)"
"ENTREZID","1950","ENTREZID","5156","directed","Process(activation)"
"ENTREZID","1950","ENTREZID","5159","directed","Process(activation)"
"ENTREZID","1956","ENTREZID","2885","directed","Process(activation)"
"ENTREZID","1956","ENTREZID","5290","directed","Process(activation)"
"ENTREZID","1956","ENTREZID","5291","directed","Process(activation)"
"ENTREZID","1956","ENTREZID","5293","directed","Process(activation)"
"ENTREZID","1956","ENTREZID","5295","directed","Process(activation)"
"ENTREZID","1956","ENTREZID","5296","directed","Process(activation)"
"ENTREZID","1956","ENTREZID","8503","directed","Process(activation)"
"ENTREZID","207","ENTREZID","7248","directed","Process(inhibition)"
"ENTREZID","207","ENTREZID","7248","directed","Process(phosphorylation)"
"ENTREZID","207","ENTREZID","7249","directed","Process(inhibition)"
"ENTREZID","207","ENTREZID","7249","directed","Process(phosphorylation)"
"ENTREZID","208","ENTREZID","7248","directed","Process(inhibition)"
"ENTREZID","208","ENTREZID","7248","directed","Process(phosphorylation)"
"ENTREZID","208","ENTREZID","7249","directed","Process(inhibition)"
"ENTREZID","208","ENTREZID","7249","directed","Process(phosphorylation)"
"ENTREZID","23396","ENTREZID","7454","directed","Process(activation)"
"ENTREZID","23396","ENTREZID","7454","directed","Process(indirect effect)"
"ENTREZID","2353","ENTREZID","1119","directed","Process(activation)"
"ENTREZID","2353","ENTREZID","1119","directed","Process(indirect effect)"
"ENTREZID","2353","ENTREZID","1120","directed","Process(activation)"
"ENTREZID","2353","ENTREZID","1120","directed","Process(indirect effect)"
"ENTREZID","2475","ENTREZID","1978","directed","Process(inhibition)"
"ENTREZID","2475","ENTREZID","1978","directed","Process(phosphorylation)"
"ENTREZID","2475","ENTREZID","6198","directed","Process(phosphorylation)"
"ENTREZID","2475","ENTREZID","6198","directed","Process(activation)"
"ENTREZID","2475","ENTREZID","6199","directed","Process(phosphorylation)"
"ENTREZID","2475","ENTREZID","6199","directed","Process(activation)"
"ENTREZID","2885","ENTREZID","6654","directed","Process(activation)"
"ENTREZID","2885","ENTREZID","6655","directed","Process(activation)"
"ENTREZID","3091","ENTREZID","1119","directed","Process(activation)"
"ENTREZID","3091","ENTREZID","1119","directed","Process(indirect effect)"
"ENTREZID","3091","ENTREZID","1120","directed","Process(activation)"
"ENTREZID","3091","ENTREZID","1120","directed","Process(indirect effect)"
"ENTREZID","3265","ENTREZID","5335","directed","Process(activation)"
"ENTREZID","3265","ENTREZID","5335","directed","Process(indirect effect)"
"ENTREZID","3265","ENTREZID","5337","directed","Process(activation)"
"ENTREZID","3265","ENTREZID","5337","directed","Process(indirect effect)"
"ENTREZID","3265","ENTREZID","5338","directed","Process(activation)"
"ENTREZID","3265","ENTREZID","5338","directed","Process(indirect effect)"
"ENTREZID","3265","ENTREZID","5894","directed","Process(activation)"
"ENTREZID","3265","ENTREZID","5900","directed","Process(activation)"
"ENTREZID","3725","ENTREZID","1119","directed","Process(activation)"
"ENTREZID","3725","ENTREZID","1119","directed","Process(indirect effect)"
"ENTREZID","3725","ENTREZID","1120","directed","Process(activation)"
"ENTREZID","3725","ENTREZID","1120","directed","Process(indirect effect)"
"ENTREZID","3845","ENTREZID","5335","directed","Process(activation)"
"ENTREZID","3845","ENTREZID","5335","directed","Process(indirect effect)"
"ENTREZID","3845","ENTREZID","5337","directed","Process(activation)"
"ENTREZID","3845","ENTREZID","5337","directed","Process(indirect effect)"
"ENTREZID","3845","ENTREZID","5338","directed","Process(activation)"
"ENTREZID","3845","ENTREZID","5338","directed","Process(indirect effect)"
"ENTREZID","3845","ENTREZID","5894","directed","Process(activation)"
"ENTREZID","3845","ENTREZID","5900","directed","Process(activation)"
"ENTREZID","4893","ENTREZID","5335","directed","Process(activation)"
"ENTREZID","4893","ENTREZID","5335","directed","Process(indirect effect)"
"ENTREZID","4893","ENTREZID","5337","directed","Process(activation)"
"ENTREZID","4893","ENTREZID","5337","directed","Process(indirect effect)"
"ENTREZID","4893","ENTREZID","5338","directed","Process(activation)"
"ENTREZID","4893","ENTREZID","5338","directed","Process(indirect effect)"
"ENTREZID","4893","ENTREZID","5894","directed","Process(activation)"
"ENTREZID","4893","ENTREZID","5900","directed","Process(activation)"
"ENTREZID","5154","ENTREZID","1956","directed","Process(activation)"
"ENTREZID","5154","ENTREZID","5156","directed","Process(activation)"
"ENTREZID","5154","ENTREZID","5159","directed","Process(activation)"
"ENTREZID","5155","ENTREZID","1956","directed","Process(activation)"
"ENTREZID","5155","ENTREZID","5156","directed","Process(activation)"
"ENTREZID","5155","ENTREZID","5159","directed","Process(activation)"
"ENTREZID","5156","ENTREZID","2885","directed","Process(activation)"
"ENTREZID","5156","ENTREZID","5290","directed","Process(activation)"
"ENTREZID","5156","ENTREZID","5291","directed","Process(activation)"
"ENTREZID","5156","ENTREZID","5293","directed","Process(activation)"
"ENTREZID","5156","ENTREZID","5295","directed","Process(activation)"
"ENTREZID","5156","ENTREZID","5296","directed","Process(activation)"
"ENTREZID","5156","ENTREZID","8503","directed","Process(activation)"
"ENTREZID","5159","ENTREZID","2885","directed","Process(activation)"
"ENTREZID","5159","ENTREZID","5290","directed","Process(activation)"
"ENTREZID","5159","ENTREZID","5291","directed","Process(activation)"
"ENTREZID","5159","ENTREZID","5293","directed","Process(activation)"
"ENTREZID","5159","ENTREZID","5295","directed","Process(activation)"
"ENTREZID","5159","ENTREZID","5296","directed","Process(activation)"
"ENTREZID","5159","ENTREZID","8503","directed","Process(activation)"
"ENTREZID","5170","ENTREZID","10000","directed","Process(activation)"
"ENTREZID","5170","ENTREZID","207","directed","Process(activation)"
"ENTREZID","5170","ENTREZID","208","directed","Process(activation)"
"ENTREZID","5290","ENTREZID","1119","directed","Process(activation)"
"ENTREZID","5290","ENTREZID","1119","directed","Process(indirect effect)"
"ENTREZID","5290","ENTREZID","1120","directed","Process(activation)"
"ENTREZID","5290","ENTREZID","1120","directed","Process(indirect effect)"
"ENTREZID","5290","ENTREZID","5337","directed","Process(activation)"
"ENTREZID","5290","ENTREZID","5337","directed","Process(indirect effect)"
"ENTREZID","5290","ENTREZID","5338","directed","Process(activation)"
"ENTREZID","5290","ENTREZID","5338","directed","Process(indirect effect)"
"ENTREZID","5291","ENTREZID","1119","directed","Process(activation)"
"ENTREZID","5291","ENTREZID","1119","directed","Process(indirect effect)"
"ENTREZID","5291","ENTREZID","1120","directed","Process(activation)"
"ENTREZID","5291","ENTREZID","1120","directed","Process(indirect effect)"
"ENTREZID","5291","ENTREZID","5337","directed","Process(activation)"
"ENTREZID","5291","ENTREZID","5337","directed","Process(indirect effect)"
"ENTREZID","5291","ENTREZID","5338","directed","Process(activation)"
"ENTREZID","5291","ENTREZID","5338","directed","Process(indirect effect)"
"ENTREZID","5293","ENTREZID","1119","directed","Process(activation)"
"ENTREZID","5293","ENTREZID","1119","directed","Process(indirect effect)"
"ENTREZID","5293","ENTREZID","1120","directed","Process(activation)"
"ENTREZID","5293","ENTREZID","1120","directed","Process(indirect effect)"
"ENTREZID","5293","ENTREZID","5337","directed","Process(activation)"
"ENTREZID","5293","ENTREZID","5337","directed","Process(indirect effect)"
"ENTREZID","5293","ENTREZID","5338","directed","Process(activation)"
"ENTREZID","5293","ENTREZID","5338","directed","Process(indirect effect)"
"ENTREZID","5295","ENTREZID","1119","directed","Process(activation)"
"ENTREZID","5295","ENTREZID","1119","directed","Process(indirect effect)"
"ENTREZID","5295","ENTREZID","1120","directed","Process(activation)"
"ENTREZID","5295","ENTREZID","1120","directed","Process(indirect effect)"
"ENTREZID","5295","ENTREZID","5337","directed","Process(activation)"
"ENTREZID","5295","ENTREZID","5337","directed","Process(indirect effect)"
"ENTREZID","5295","ENTREZID","5338","directed","Process(activation)"
"ENTREZID","5295","ENTREZID","5338","directed","Process(indirect effect)"
"ENTREZID","5296","ENTREZID","1119","directed","Process(activation)"
"ENTREZID","5296","ENTREZID","1119","directed","Process(indirect effect)"
"ENTREZID","5296","ENTREZID","1120","directed","Process(activation)"
"ENTREZID","5296","ENTREZID","1120","directed","Process(indirect effect)"
"ENTREZID","5296","ENTREZID","5337","directed","Process(activation)"
"ENTREZID","5296","ENTREZID","5337","directed","Process(indirect effect)"
"ENTREZID","5296","ENTREZID","5338","directed","Process(activation)"
"ENTREZID","5296","ENTREZID","5338","directed","Process(indirect effect)"
"ENTREZID","5594","ENTREZID","100137049","directed","Process(expression)"
"ENTREZID","5594","ENTREZID","123745","directed","Process(expression)"
"ENTREZID","5594","ENTREZID","255189","directed","Process(expression)"
"ENTREZID","5594","ENTREZID","283748","directed","Process(expression)"
"ENTREZID","5594","ENTREZID","5130","directed","Process(inhibition)"
"ENTREZID","5594","ENTREZID","5130","directed","Process(phosphorylation)"
"ENTREZID","5594","ENTREZID","5321","directed","Process(expression)"
"ENTREZID","5594","ENTREZID","8605","directed","Process(expression)"
"ENTREZID","5594","ENTREZID","8681","directed","Process(expression)"
"ENTREZID","5594","ENTREZID","9468","directed","Process(inhibition)"
"ENTREZID","5594","ENTREZID","9468","directed","Process(phosphorylation)"
"ENTREZID","5595","ENTREZID","100137049","directed","Process(expression)"
"ENTREZID","5595","ENTREZID","123745","directed","Process(expression)"
"ENTREZID","5595","ENTREZID","255189","directed","Process(expression)"
"ENTREZID","5595","ENTREZID","283748","directed","Process(expression)"
"ENTREZID","5595","ENTREZID","5130","directed","Process(inhibition)"
"ENTREZID","5595","ENTREZID","5130","directed","Process(phosphorylation)"
"ENTREZID","5595","ENTREZID","5321","directed","Process(expression)"
"ENTREZID","5595","ENTREZID","8605","directed","Process(expression)"
"ENTREZID","5595","ENTREZID","8681","directed","Process(expression)"
"ENTREZID","5595","ENTREZID","9468","directed","Process(inhibition)"
"ENTREZID","5595","ENTREZID","9468","directed","Process(phosphorylation)"
"ENTREZID","5599","ENTREZID","100137049","directed","Process(expression)"
"ENTREZID","5599","ENTREZID","123745","directed","Process(expression)"
"ENTREZID","5599","ENTREZID","255189","directed","Process(expression)"
"ENTREZID","5599","ENTREZID","283748","directed","Process(expression)"
"ENTREZID","5599","ENTREZID","5130","directed","Process(inhibition)"
"ENTREZID","5599","ENTREZID","5130","directed","Process(phosphorylation)"
"ENTREZID","5599","ENTREZID","5321","directed","Process(expression)"
"ENTREZID","5599","ENTREZID","8605","directed","Process(expression)"
"ENTREZID","5599","ENTREZID","8681","directed","Process(expression)"
"ENTREZID","5599","ENTREZID","9468","directed","Process(inhibition)"
"ENTREZID","5599","ENTREZID","9468","directed","Process(phosphorylation)"
"ENTREZID","5601","ENTREZID","100137049","directed","Process(expression)"
"ENTREZID","5601","ENTREZID","123745","directed","Process(expression)"
"ENTREZID","5601","ENTREZID","255189","directed","Process(expression)"
"ENTREZID","5601","ENTREZID","283748","directed","Process(expression)"
"ENTREZID","5601","ENTREZID","5130","directed","Process(inhibition)"
"ENTREZID","5601","ENTREZID","5130","directed","Process(phosphorylation)"
"ENTREZID","5601","ENTREZID","5321","directed","Process(expression)"
"ENTREZID","5601","ENTREZID","8605","directed","Process(expression)"
"ENTREZID","5601","ENTREZID","8681","directed","Process(expression)"
"ENTREZID","5601","ENTREZID","9468","directed","Process(inhibition)"
"ENTREZID","5601","ENTREZID","9468","directed","Process(phosphorylation)"
"ENTREZID","5602","ENTREZID","100137049","directed","Process(expression)"
"ENTREZID","5602","ENTREZID","123745","directed","Process(expression)"
"ENTREZID","5602","ENTREZID","255189","directed","Process(expression)"
"ENTREZID","5602","ENTREZID","283748","directed","Process(expression)"
"ENTREZID","5602","ENTREZID","5130","directed","Process(inhibition)"
"ENTREZID","5602","ENTREZID","5130","directed","Process(phosphorylation)"
"ENTREZID","5602","ENTREZID","5321","directed","Process(expression)"
"ENTREZID","5602","ENTREZID","8605","directed","Process(expression)"
"ENTREZID","5602","ENTREZID","8681","directed","Process(expression)"
"ENTREZID","5602","ENTREZID","9468","directed","Process(inhibition)"
"ENTREZID","5602","ENTREZID","9468","directed","Process(phosphorylation)"
"ENTREZID","56034","ENTREZID","1956","directed","Process(activation)"
"ENTREZID","56034","ENTREZID","5156","directed","Process(activation)"
"ENTREZID","56034","ENTREZID","5159","directed","Process(activation)"
"ENTREZID","5604","ENTREZID","5594","directed","Process(phosphorylation)"
"ENTREZID","5604","ENTREZID","5594","directed","Process(activation)"
"ENTREZID","5604","ENTREZID","5595","directed","Process(phosphorylation)"
"ENTREZID","5604","ENTREZID","5595","directed","Process(activation)"
"ENTREZID","5605","ENTREZID","5594","directed","Process(phosphorylation)"
"ENTREZID","5605","ENTREZID","5594","directed","Process(activation)"
"ENTREZID","5605","ENTREZID","5595","directed","Process(phosphorylation)"
"ENTREZID","5605","ENTREZID","5595","directed","Process(activation)"
"ENTREZID","5879","ENTREZID","10163","directed","Process(activation)"
"ENTREZID","5879","ENTREZID","10163","directed","Process(indirect effect)"
"ENTREZID","5879","ENTREZID","10810","directed","Process(activation)"
"ENTREZID","5879","ENTREZID","10810","directed","Process(indirect effect)"
"ENTREZID","5879","ENTREZID","8936","directed","Process(activation)"
"ENTREZID","5879","ENTREZID","8936","directed","Process(indirect effect)"
"ENTREZID","5880","ENTREZID","10163","directed","Process(activation)"
"ENTREZID","5880","ENTREZID","10163","directed","Process(indirect effect)"
"ENTREZID","5880","ENTREZID","10810","directed","Process(activation)"
"ENTREZID","5880","ENTREZID","10810","directed","Process(indirect effect)"
"ENTREZID","5880","ENTREZID","8936","directed","Process(activation)"
"ENTREZID","5880","ENTREZID","8936","directed","Process(indirect effect)"
"ENTREZID","5881","ENTREZID","10163","directed","Process(activation)"
"ENTREZID","5881","ENTREZID","10163","directed","Process(indirect effect)"
"ENTREZID","5881","ENTREZID","10810","directed","Process(activation)"
"ENTREZID","5881","ENTREZID","10810","directed","Process(indirect effect)"
"ENTREZID","5881","ENTREZID","8936","directed","Process(activation)"
"ENTREZID","5881","ENTREZID","8936","directed","Process(indirect effect)"
"ENTREZID","5894","ENTREZID","1119","directed","Process(activation)"
"ENTREZID","5894","ENTREZID","1119","directed","Process(indirect effect)"
"ENTREZID","5894","ENTREZID","1120","directed","Process(activation)"
"ENTREZID","5894","ENTREZID","1120","directed","Process(indirect effect)"
"ENTREZID","5894","ENTREZID","5337","directed","Process(activation)"
"ENTREZID","5894","ENTREZID","5337","directed","Process(indirect effect)"
"ENTREZID","5894","ENTREZID","5338","directed","Process(activation)"
"ENTREZID","5894","ENTREZID","5338","directed","Process(indirect effect)"
"ENTREZID","5894","ENTREZID","5604","directed","Process(phosphorylation)"
"ENTREZID","5894","ENTREZID","5604","directed","Process(activation)"
"ENTREZID","5894","ENTREZID","5605","directed","Process(phosphorylation)"
"ENTREZID","5894","ENTREZID","5605","directed","Process(activation)"
"ENTREZID","5900","ENTREZID","1119","directed","Process(activation)"
"ENTREZID","5900","ENTREZID","1119","directed","Process(indirect effect)"
"ENTREZID","5900","ENTREZID","1120","directed","Process(activation)"
"ENTREZID","5900","ENTREZID","1120","directed","Process(indirect effect)"
"ENTREZID","5900","ENTREZID","5337","directed","Process(activation)"
"ENTREZID","5900","ENTREZID","5337","directed","Process(indirect effect)"
"ENTREZID","5900","ENTREZID","5338","directed","Process(activation)"
"ENTREZID","5900","ENTREZID","5338","directed","Process(indirect effect)"
"ENTREZID","5900","ENTREZID","5599","directed","Process(activation)"
"ENTREZID","5900","ENTREZID","5601","directed","Process(activation)"
"ENTREZID","5900","ENTREZID","5602","directed","Process(activation)"
"ENTREZID","6009","ENTREZID","2475","directed","Process(activation)"
"ENTREZID","6654","ENTREZID","3265","directed","Process(activation)"
"ENTREZID","6654","ENTREZID","3845","directed","Process(activation)"
"ENTREZID","6654","ENTREZID","4893","directed","Process(activation)"
"ENTREZID","6655","ENTREZID","3265","directed","Process(activation)"
"ENTREZID","6655","ENTREZID","3845","directed","Process(activation)"
"ENTREZID","6655","ENTREZID","4893","directed","Process(activation)"
"ENTREZID","6667","ENTREZID","126969","directed","Process(activation)"
"ENTREZID","6667","ENTREZID","126969","directed","Process(indirect effect)"
"ENTREZID","6667","ENTREZID","204962","directed","Process(activation)"
"ENTREZID","6667","ENTREZID","204962","directed","Process(indirect effect)"
"ENTREZID","6667","ENTREZID","23446","directed","Process(activation)"
"ENTREZID","6667","ENTREZID","23446","directed","Process(indirect effect)"
"ENTREZID","6667","ENTREZID","5130","directed","Process(activation)"
"ENTREZID","6667","ENTREZID","5130","directed","Process(indirect effect)"
"ENTREZID","6667","ENTREZID","5337","directed","Process(activation)"
"ENTREZID","6667","ENTREZID","5337","directed","Process(indirect effect)"
"ENTREZID","6667","ENTREZID","5338","directed","Process(activation)"
"ENTREZID","6667","ENTREZID","5338","directed","Process(indirect effect)"
"ENTREZID","6667","ENTREZID","57153","directed","Process(activation)"
"ENTREZID","6667","ENTREZID","57153","directed","Process(indirect effect)"
"ENTREZID","6667","ENTREZID","60482","directed","Process(activation)"
"ENTREZID","6667","ENTREZID","60482","directed","Process(indirect effect)"
"ENTREZID","6667","ENTREZID","6580","directed","Process(activation)"
"ENTREZID","6667","ENTREZID","6580","directed","Process(indirect effect)"
"ENTREZID","6667","ENTREZID","6581","directed","Process(activation)"
"ENTREZID","6667","ENTREZID","6581","directed","Process(indirect effect)"
"ENTREZID","6667","ENTREZID","6582","directed","Process(activation)"
"ENTREZID","6667","ENTREZID","6582","directed","Process(indirect effect)"
"ENTREZID","6667","ENTREZID","6583","directed","Process(activation)"
"ENTREZID","6667","ENTREZID","6583","directed","Process(indirect effect)"
"ENTREZID","6667","ENTREZID","6584","directed","Process(activation)"
"ENTREZID","6667","ENTREZID","6584","directed","Process(indirect effect)"
"ENTREZID","6667","ENTREZID","80736","directed","Process(activation)"
"ENTREZID","6667","ENTREZID","80736","directed","Process(indirect effect)"
"ENTREZID","6667","ENTREZID","9468","directed","Process(activation)"
"ENTREZID","6667","ENTREZID","9468","directed","Process(indirect effect)"
"ENTREZID","80310","ENTREZID","1956","directed","Process(activation)"
"ENTREZID","80310","ENTREZID","5156","directed","Process(activation)"
"ENTREZID","80310","ENTREZID","5159","directed","Process(activation)"
"ENTREZID","8394","ENTREZID","7454","directed","Process(activation)"
"ENTREZID","8394","ENTREZID","7454","directed","Process(indirect effect)"
"ENTREZID","8395","ENTREZID","7454","directed","Process(activation)"
"ENTREZID","8395","ENTREZID","7454","directed","Process(indirect effect)"
"ENTREZID","8503","ENTREZID","1119","directed","Process(activation)"
"ENTREZID","8503","ENTREZID","1119","directed","Process(indirect effect)"
"ENTREZID","8503","ENTREZID","1120","directed","Process(activation)"
"ENTREZID","8503","ENTREZID","1120","directed","Process(indirect effect)"
"ENTREZID","8503","ENTREZID","5337","directed","Process(activation)"
"ENTREZID","8503","ENTREZID","5337","directed","Process(indirect effect)"
"ENTREZID","8503","ENTREZID","5338","directed","Process(activation)"
"ENTREZID","8503","ENTREZID","5338","directed","Process(indirect effect)"
