"src_type","src","dest_type","dest","direction","type"
"ENTREZID","149233","ENTREZID","6774","directed","Process(activation)"
"ENTREZID","2625","ENTREZID","3458","directed","Process(inhibition)"
"ENTREZID","2625","ENTREZID","3458","directed","Process(indirect effect)"
"ENTREZID","2625","ENTREZID","3565","directed","Process(expression)"
"ENTREZID","2625","ENTREZID","3565","directed","Process(indirect effect)"
"ENTREZID","2625","ENTREZID","3567","directed","Process(expression)"
"ENTREZID","2625","ENTREZID","3596","directed","Process(expression)"
"ENTREZID","30009","ENTREZID","3565","directed","Process(inhibition)"
"ENTREZID","30009","ENTREZID","3565","directed","Process(expression)"
"ENTREZID","30009","ENTREZID","3567","directed","Process(inhibition)"
"ENTREZID","30009","ENTREZID","3567","directed","Process(expression)"
"ENTREZID","30009","ENTREZID","3595","directed","Process(expression)"
"ENTREZID","3458","ENTREZID","3459","directed","Process(activation)"
"ENTREZID","3458","ENTREZID","3460","directed","Process(activation)"
"ENTREZID","3459","ENTREZID","6772","directed","Process(activation)"
"ENTREZID","3460","ENTREZID","6772","directed","Process(activation)"
"ENTREZID","3561","ENTREZID","6778","directed","Process(activation)"
"ENTREZID","3565","ENTREZID","3561","directed","Process(activation)"
"ENTREZID","3565","ENTREZID","3566","directed","Process(activation)"
"ENTREZID","3566","ENTREZID","6778","directed","Process(activation)"
"ENTREZID","3569","ENTREZID","6774","directed","Process(activation)"
"ENTREZID","3569","ENTREZID","6774","directed","Process(indirect effect)"
"ENTREZID","3592","ENTREZID","3594","directed","Process(activation)"
"ENTREZID","3592","ENTREZID","3595","directed","Process(activation)"
"ENTREZID","3593","ENTREZID","3594","directed","Process(activation)"
"ENTREZID","3593","ENTREZID","3595","directed","Process(activation)"
"ENTREZID","3594","ENTREZID","6774","directed","Process(activation)"
"ENTREZID","3594","ENTREZID","6775","directed","Process(activation)"
"ENTREZID","3594","ENTREZID","8807","directed","Process(expression)"
"ENTREZID","3594","ENTREZID","8807","directed","Process(indirect effect)"
"ENTREZID","3594","ENTREZID","8809","directed","Process(expression)"
"ENTREZID","3594","ENTREZID","8809","directed","Process(indirect effect)"
"ENTREZID","3595","ENTREZID","6775","directed","Process(activation)"
"ENTREZID","3595","ENTREZID","8807","directed","Process(expression)"
"ENTREZID","3595","ENTREZID","8807","directed","Process(indirect effect)"
"ENTREZID","3595","ENTREZID","8809","directed","Process(expression)"
"ENTREZID","3595","ENTREZID","8809","directed","Process(indirect effect)"
"ENTREZID","3606","ENTREZID","8807","directed","Process(activation)"
"ENTREZID","3606","ENTREZID","8809","directed","Process(activation)"
"ENTREZID","3725","ENTREZID","3458","directed","Process(expression)"
"ENTREZID","4094","ENTREZID","3565","directed","Process(expression)"
"ENTREZID","4772","ENTREZID","3565","directed","Process(expression)"
"ENTREZID","4790","ENTREZID","3458","directed","Process(expression)"
"ENTREZID","4790","ENTREZID","3592","directed","Process(expression)"
"ENTREZID","4790","ENTREZID","3593","directed","Process(expression)"
"ENTREZID","4790","ENTREZID","7124","directed","Process(expression)"
"ENTREZID","50615","ENTREZID","6774","directed","Process(activation)"
"ENTREZID","50943","ENTREZID","6097","directed","Process(inhibition)"
"ENTREZID","51561","ENTREZID","149233","directed","Process(activation)"
"ENTREZID","51561","ENTREZID","3594","directed","Process(activation)"
"ENTREZID","59067","ENTREZID","50615","directed","Process(activation)"
"ENTREZID","5970","ENTREZID","3458","directed","Process(expression)"
"ENTREZID","5970","ENTREZID","3592","directed","Process(expression)"
"ENTREZID","5970","ENTREZID","3593","directed","Process(expression)"
"ENTREZID","5970","ENTREZID","7124","directed","Process(expression)"
"ENTREZID","6095","ENTREZID","112744","directed","Process(expression)"
"ENTREZID","6095","ENTREZID","3605","directed","Process(expression)"
"ENTREZID","6095","ENTREZID","50616","directed","Process(expression)"
"ENTREZID","6097","ENTREZID","112744","directed","Process(expression)"
"ENTREZID","6097","ENTREZID","3605","directed","Process(expression)"
"ENTREZID","6097","ENTREZID","50616","directed","Process(expression)"
"ENTREZID","6772","ENTREZID","30009","directed","Process(expression)"
"ENTREZID","6774","ENTREZID","149233","directed","Process(activation)"
"ENTREZID","6774","ENTREZID","149233","directed","Process(indirect effect)"
"ENTREZID","6774","ENTREZID","59067","directed","Process(expression)"
"ENTREZID","6774","ENTREZID","6095","directed","Process(expression)"
"ENTREZID","6774","ENTREZID","6097","directed","Process(expression)"
"ENTREZID","6775","ENTREZID","3558","directed","Process(expression)"
"ENTREZID","6778","ENTREZID","2625","directed","Process(expression)"
"ENTREZID","6778","ENTREZID","3586","directed","Process(expression)"
"ENTREZID","7040","ENTREZID","4087","directed","Process(activation)"
"ENTREZID","7040","ENTREZID","4087","directed","Process(indirect effect)"
"ENTREZID","7040","ENTREZID","4088","directed","Process(activation)"
"ENTREZID","7040","ENTREZID","4088","directed","Process(indirect effect)"
"ENTREZID","7040","ENTREZID","50943","directed","Process(activation)"
"ENTREZID","7040","ENTREZID","50943","directed","Process(indirect effect)"
"ENTREZID","7042","ENTREZID","4087","directed","Process(activation)"
"ENTREZID","7042","ENTREZID","4087","directed","Process(indirect effect)"
"ENTREZID","7042","ENTREZID","4088","directed","Process(activation)"
"ENTREZID","7042","ENTREZID","4088","directed","Process(indirect effect)"
"ENTREZID","7042","ENTREZID","50943","directed","Process(activation)"
"ENTREZID","7042","ENTREZID","50943","directed","Process(indirect effect)"
"ENTREZID","7043","ENTREZID","4087","directed","Process(activation)"
"ENTREZID","7043","ENTREZID","4087","directed","Process(indirect effect)"
"ENTREZID","7043","ENTREZID","4088","directed","Process(activation)"
"ENTREZID","7043","ENTREZID","4088","directed","Process(indirect effect)"
"ENTREZID","7043","ENTREZID","50943","directed","Process(activation)"
"ENTREZID","7043","ENTREZID","50943","directed","Process(indirect effect)"
"ENTREZID","7097","ENTREZID","4790","directed","Process(activation)"
"ENTREZID","7097","ENTREZID","5970","directed","Process(activation)"
"ENTREZID","7099","ENTREZID","4790","directed","Process(activation)"
"ENTREZID","7099","ENTREZID","5970","directed","Process(activation)"
"ENTREZID","7100","ENTREZID","4790","directed","Process(activation)"
"ENTREZID","7100","ENTREZID","5970","directed","Process(activation)"
"ENTREZID","8807","ENTREZID","3725","directed","Process(activation)"
"ENTREZID","8807","ENTREZID","3725","directed","Process(indirect effect)"
"ENTREZID","8807","ENTREZID","4790","directed","Process(activation)"
"ENTREZID","8807","ENTREZID","4790","directed","Process(indirect effect)"
"ENTREZID","8807","ENTREZID","5970","directed","Process(activation)"
"ENTREZID","8807","ENTREZID","5970","directed","Process(indirect effect)"
"ENTREZID","8809","ENTREZID","3725","directed","Process(activation)"
"ENTREZID","8809","ENTREZID","3725","directed","Process(indirect effect)"
"ENTREZID","8809","ENTREZID","4790","directed","Process(activation)"
"ENTREZID","8809","ENTREZID","4790","directed","Process(indirect effect)"
"ENTREZID","8809","ENTREZID","5970","directed","Process(activation)"
"ENTREZID","8809","ENTREZID","5970","directed","Process(indirect effect)"
