"src_type","src","dest_type","dest","direction","type"
"ENTREZID","102723407","ENTREZID","3105","directed","Process(binding/association)"
"ENTREZID","102723407","ENTREZID","3106","directed","Process(binding/association)"
"ENTREZID","102723407","ENTREZID","3107","directed","Process(binding/association)"
"ENTREZID","102723407","ENTREZID","3108","directed","Process(binding/association)"
"ENTREZID","102723407","ENTREZID","3109","directed","Process(binding/association)"
"ENTREZID","102723407","ENTREZID","3111","directed","Process(binding/association)"
"ENTREZID","102723407","ENTREZID","3112","directed","Process(binding/association)"
"ENTREZID","102723407","ENTREZID","3113","directed","Process(binding/association)"
"ENTREZID","102723407","ENTREZID","3115","directed","Process(binding/association)"
"ENTREZID","102723407","ENTREZID","3117","directed","Process(binding/association)"
"ENTREZID","102723407","ENTREZID","3118","directed","Process(binding/association)"
"ENTREZID","102723407","ENTREZID","3119","directed","Process(binding/association)"
"ENTREZID","102723407","ENTREZID","3122","directed","Process(binding/association)"
"ENTREZID","102723407","ENTREZID","3123","directed","Process(binding/association)"
"ENTREZID","102723407","ENTREZID","3125","directed","Process(binding/association)"
"ENTREZID","102723407","ENTREZID","3126","directed","Process(binding/association)"
"ENTREZID","102723407","ENTREZID","3127","directed","Process(binding/association)"
"ENTREZID","102723407","ENTREZID","3133","directed","Process(binding/association)"
"ENTREZID","102723407","ENTREZID","3134","directed","Process(binding/association)"
"ENTREZID","102723407","ENTREZID","3135","directed","Process(binding/association)"
"ENTREZID","356","ENTREZID","355","directed","Process(activation)"
"ENTREZID","941","ENTREZID","940","directed","Process(activation)"
"ENTREZID","942","ENTREZID","940","directed","Process(activation)"
"ENTREZID","959","ENTREZID","958","directed","Process(activation)"
