"src_type","src","dest_type","dest","direction","type"
"ENTREZID","1499","ENTREZID","51176","directed","Process(activation)"
"ENTREZID","1499","ENTREZID","6932","directed","Process(activation)"
"ENTREZID","1499","ENTREZID","6934","directed","Process(activation)"
"ENTREZID","1499","ENTREZID","83439","directed","Process(activation)"
"ENTREZID","1824","ENTREZID","1829","directed","Process(missing interaction)"
"ENTREZID","1829","ENTREZID","1824","directed","Process(missing interaction)"
"ENTREZID","284217","ENTREZID","1605","directed","Process(binding/association)"
"ENTREZID","3728","ENTREZID","51176","directed","Process(activation)"
"ENTREZID","3728","ENTREZID","6932","directed","Process(activation)"
"ENTREZID","3728","ENTREZID","6934","directed","Process(activation)"
"ENTREZID","3728","ENTREZID","83439","directed","Process(activation)"
"ENTREZID","3908","ENTREZID","1605","directed","Process(binding/association)"
