"src_type","src","dest_type","dest","direction","type"
"ENTREZID","102723407","ENTREZID","153","directed","Process(activation)"
"ENTREZID","153","ENTREZID","2778","directed","Process(activation)"
"ENTREZID","1605","ENTREZID","1756","directed","Process(binding/association)"
"ENTREZID","1756","ENTREZID","60","directed","Process(binding/association)"
"ENTREZID","1756","ENTREZID","71","directed","Process(binding/association)"
"ENTREZID","22801","ENTREZID","3655","undirected","Binding"
"ENTREZID","22801","ENTREZID","3672","undirected","Binding"
"ENTREZID","22801","ENTREZID","3673","undirected","Binding"
"ENTREZID","22801","ENTREZID","3674","undirected","Binding"
"ENTREZID","22801","ENTREZID","3675","undirected","Binding"
"ENTREZID","22801","ENTREZID","3676","undirected","Binding"
"ENTREZID","22801","ENTREZID","3678","undirected","Binding"
"ENTREZID","22801","ENTREZID","3679","undirected","Binding"
"ENTREZID","22801","ENTREZID","3680","undirected","Binding"
"ENTREZID","22801","ENTREZID","3685","undirected","Binding"
"ENTREZID","22801","ENTREZID","3688","undirected","Binding"
"ENTREZID","22801","ENTREZID","3690","undirected","Binding"
"ENTREZID","22801","ENTREZID","3691","undirected","Binding"
"ENTREZID","22801","ENTREZID","3693","undirected","Binding"
"ENTREZID","22801","ENTREZID","3694","undirected","Binding"
"ENTREZID","22801","ENTREZID","3695","undirected","Binding"
"ENTREZID","22801","ENTREZID","3696","undirected","Binding"
"ENTREZID","22801","ENTREZID","60","directed","Process(binding/association)"
"ENTREZID","22801","ENTREZID","71","directed","Process(binding/association)"
"ENTREZID","22801","ENTREZID","8515","undirected","Binding"
"ENTREZID","22801","ENTREZID","8516","undirected","Binding"
"ENTREZID","2778","ENTREZID","107","directed","Process(activation)"
"ENTREZID","2778","ENTREZID","108","directed","Process(activation)"
"ENTREZID","2778","ENTREZID","109","directed","Process(activation)"
"ENTREZID","2778","ENTREZID","111","directed","Process(activation)"
"ENTREZID","2778","ENTREZID","112","directed","Process(activation)"
"ENTREZID","2778","ENTREZID","113","directed","Process(activation)"
"ENTREZID","2778","ENTREZID","114","directed","Process(activation)"
"ENTREZID","2778","ENTREZID","115","directed","Process(activation)"
"ENTREZID","2778","ENTREZID","196883","directed","Process(activation)"
"ENTREZID","284217","ENTREZID","1605","directed","Process(binding/association)"
"ENTREZID","3655","ENTREZID","3672","undirected","Binding"
"ENTREZID","3655","ENTREZID","3673","undirected","Binding"
"ENTREZID","3655","ENTREZID","3674","undirected","Binding"
"ENTREZID","3655","ENTREZID","3675","undirected","Binding"
"ENTREZID","3655","ENTREZID","3676","undirected","Binding"
"ENTREZID","3655","ENTREZID","3678","undirected","Binding"
"ENTREZID","3655","ENTREZID","3679","undirected","Binding"
"ENTREZID","3655","ENTREZID","3680","undirected","Binding"
"ENTREZID","3655","ENTREZID","3685","undirected","Binding"
"ENTREZID","3655","ENTREZID","3688","undirected","Binding"
"ENTREZID","3655","ENTREZID","3690","undirected","Binding"
"ENTREZID","3655","ENTREZID","3691","undirected","Binding"
"ENTREZID","3655","ENTREZID","3693","undirected","Binding"
"ENTREZID","3655","ENTREZID","3694","undirected","Binding"
"ENTREZID","3655","ENTREZID","3695","undirected","Binding"
"ENTREZID","3655","ENTREZID","3696","undirected","Binding"
"ENTREZID","3655","ENTREZID","60","directed","Process(binding/association)"
"ENTREZID","3655","ENTREZID","71","directed","Process(binding/association)"
"ENTREZID","3655","ENTREZID","8515","undirected","Binding"
"ENTREZID","3655","ENTREZID","8516","undirected","Binding"
"ENTREZID","3672","ENTREZID","3673","undirected","Binding"
"ENTREZID","3672","ENTREZID","3674","undirected","Binding"
"ENTREZID","3672","ENTREZID","3675","undirected","Binding"
"ENTREZID","3672","ENTREZID","3676","undirected","Binding"
"ENTREZID","3672","ENTREZID","3678","undirected","Binding"
"ENTREZID","3672","ENTREZID","3679","undirected","Binding"
"ENTREZID","3672","ENTREZID","3680","undirected","Binding"
"ENTREZID","3672","ENTREZID","3685","undirected","Binding"
"ENTREZID","3672","ENTREZID","3688","undirected","Binding"
"ENTREZID","3672","ENTREZID","3690","undirected","Binding"
"ENTREZID","3672","ENTREZID","3691","undirected","Binding"
"ENTREZID","3672","ENTREZID","3693","undirected","Binding"
"ENTREZID","3672","ENTREZID","3694","undirected","Binding"
"ENTREZID","3672","ENTREZID","3695","undirected","Binding"
"ENTREZID","3672","ENTREZID","3696","undirected","Binding"
"ENTREZID","3672","ENTREZID","60","directed","Process(binding/association)"
"ENTREZID","3672","ENTREZID","71","directed","Process(binding/association)"
"ENTREZID","3672","ENTREZID","8515","undirected","Binding"
"ENTREZID","3672","ENTREZID","8516","undirected","Binding"
"ENTREZID","3673","ENTREZID","3674","undirected","Binding"
"ENTREZID","3673","ENTREZID","3675","undirected","Binding"
"ENTREZID","3673","ENTREZID","3676","undirected","Binding"
"ENTREZID","3673","ENTREZID","3678","undirected","Binding"
"ENTREZID","3673","ENTREZID","3679","undirected","Binding"
"ENTREZID","3673","ENTREZID","3680","undirected","Binding"
"ENTREZID","3673","ENTREZID","3685","undirected","Binding"
"ENTREZID","3673","ENTREZID","3688","undirected","Binding"
"ENTREZID","3673","ENTREZID","3690","undirected","Binding"
"ENTREZID","3673","ENTREZID","3691","undirected","Binding"
"ENTREZID","3673","ENTREZID","3693","undirected","Binding"
"ENTREZID","3673","ENTREZID","3694","undirected","Binding"
"ENTREZID","3673","ENTREZID","3695","undirected","Binding"
"ENTREZID","3673","ENTREZID","3696","undirected","Binding"
"ENTREZID","3673","ENTREZID","60","directed","Process(binding/association)"
"ENTREZID","3673","ENTREZID","71","directed","Process(binding/association)"
"ENTREZID","3673","ENTREZID","8515","undirected","Binding"
"ENTREZID","3673","ENTREZID","8516","undirected","Binding"
"ENTREZID","3674","ENTREZID","3675","undirected","Binding"
"ENTREZID","3674","ENTREZID","3676","undirected","Binding"
"ENTREZID","3674","ENTREZID","3678","undirected","Binding"
"ENTREZID","3674","ENTREZID","3679","undirected","Binding"
"ENTREZID","3674","ENTREZID","3680","undirected","Binding"
"ENTREZID","3674","ENTREZID","3685","undirected","Binding"
"ENTREZID","3674","ENTREZID","3688","undirected","Binding"
"ENTREZID","3674","ENTREZID","3690","undirected","Binding"
"ENTREZID","3674","ENTREZID","3691","undirected","Binding"
"ENTREZID","3674","ENTREZID","3693","undirected","Binding"
"ENTREZID","3674","ENTREZID","3694","undirected","Binding"
"ENTREZID","3674","ENTREZID","3695","undirected","Binding"
"ENTREZID","3674","ENTREZID","3696","undirected","Binding"
"ENTREZID","3674","ENTREZID","60","directed","Process(binding/association)"
"ENTREZID","3674","ENTREZID","71","directed","Process(binding/association)"
"ENTREZID","3674","ENTREZID","8515","undirected","Binding"
"ENTREZID","3674","ENTREZID","8516","undirected","Binding"
"ENTREZID","3675","ENTREZID","3676","undirected","Binding"
"ENTREZID","3675","ENTREZID","3678","undirected","Binding"
"ENTREZID","3675","ENTREZID","3679","undirected","Binding"
"ENTREZID","3675","ENTREZID","3680","undirected","Binding"
"ENTREZID","3675","ENTREZID","3685","undirected","Binding"
"ENTREZID","3675","ENTREZID","3688","undirected","Binding"
"ENTREZID","3675","ENTREZID","3690","undirected","Binding"
"ENTREZID","3675","ENTREZID","3691","undirected","Binding"
"ENTREZID","3675","ENTREZID","3693","undirected","Binding"
"ENTREZID","3675","ENTREZID","3694","undirected","Binding"
"ENTREZID","3675","ENTREZID","3695","undirected","Binding"
"ENTREZID","3675","ENTREZID","3696","undirected","Binding"
"ENTREZID","3675","ENTREZID","60","directed","Process(binding/association)"
"ENTREZID","3675","ENTREZID","71","directed","Process(binding/association)"
"ENTREZID","3675","ENTREZID","8515","undirected","Binding"
"ENTREZID","3675","ENTREZID","8516","undirected","Binding"
"ENTREZID","3676","ENTREZID","3678","undirected","Binding"
"ENTREZID","3676","ENTREZID","3679","undirected","Binding"
"ENTREZID","3676","ENTREZID","3680","undirected","Binding"
"ENTREZID","3676","ENTREZID","3685","undirected","Binding"
"ENTREZID","3676","ENTREZID","3688","undirected","Binding"
"ENTREZID","3676","ENTREZID","3690","undirected","Binding"
"ENTREZID","3676","ENTREZID","3691","undirected","Binding"
"ENTREZID","3676","ENTREZID","3693","undirected","Binding"
"ENTREZID","3676","ENTREZID","3694","undirected","Binding"
"ENTREZID","3676","ENTREZID","3695","undirected","Binding"
"ENTREZID","3676","ENTREZID","3696","undirected","Binding"
"ENTREZID","3676","ENTREZID","60","directed","Process(binding/association)"
"ENTREZID","3676","ENTREZID","71","directed","Process(binding/association)"
"ENTREZID","3676","ENTREZID","8515","undirected","Binding"
"ENTREZID","3676","ENTREZID","8516","undirected","Binding"
"ENTREZID","3678","ENTREZID","3679","undirected","Binding"
"ENTREZID","3678","ENTREZID","3680","undirected","Binding"
"ENTREZID","3678","ENTREZID","3685","undirected","Binding"
"ENTREZID","3678","ENTREZID","3688","undirected","Binding"
"ENTREZID","3678","ENTREZID","3690","undirected","Binding"
"ENTREZID","3678","ENTREZID","3691","undirected","Binding"
"ENTREZID","3678","ENTREZID","3693","undirected","Binding"
"ENTREZID","3678","ENTREZID","3694","undirected","Binding"
"ENTREZID","3678","ENTREZID","3695","undirected","Binding"
"ENTREZID","3678","ENTREZID","3696","undirected","Binding"
"ENTREZID","3678","ENTREZID","60","directed","Process(binding/association)"
"ENTREZID","3678","ENTREZID","71","directed","Process(binding/association)"
"ENTREZID","3678","ENTREZID","8515","undirected","Binding"
"ENTREZID","3678","ENTREZID","8516","undirected","Binding"
"ENTREZID","3679","ENTREZID","3680","undirected","Binding"
"ENTREZID","3679","ENTREZID","3685","undirected","Binding"
"ENTREZID","3679","ENTREZID","3688","undirected","Binding"
"ENTREZID","3679","ENTREZID","3690","undirected","Binding"
"ENTREZID","3679","ENTREZID","3691","undirected","Binding"
"ENTREZID","3679","ENTREZID","3693","undirected","Binding"
"ENTREZID","3679","ENTREZID","3694","undirected","Binding"
"ENTREZID","3679","ENTREZID","3695","undirected","Binding"
"ENTREZID","3679","ENTREZID","3696","undirected","Binding"
"ENTREZID","3679","ENTREZID","60","directed","Process(binding/association)"
"ENTREZID","3679","ENTREZID","71","directed","Process(binding/association)"
"ENTREZID","3679","ENTREZID","8515","undirected","Binding"
"ENTREZID","3679","ENTREZID","8516","undirected","Binding"
"ENTREZID","3680","ENTREZID","3685","undirected","Binding"
"ENTREZID","3680","ENTREZID","3688","undirected","Binding"
"ENTREZID","3680","ENTREZID","3690","undirected","Binding"
"ENTREZID","3680","ENTREZID","3691","undirected","Binding"
"ENTREZID","3680","ENTREZID","3693","undirected","Binding"
"ENTREZID","3680","ENTREZID","3694","undirected","Binding"
"ENTREZID","3680","ENTREZID","3695","undirected","Binding"
"ENTREZID","3680","ENTREZID","3696","undirected","Binding"
"ENTREZID","3680","ENTREZID","60","directed","Process(binding/association)"
"ENTREZID","3680","ENTREZID","71","directed","Process(binding/association)"
"ENTREZID","3680","ENTREZID","8515","undirected","Binding"
"ENTREZID","3680","ENTREZID","8516","undirected","Binding"
"ENTREZID","3685","ENTREZID","3688","undirected","Binding"
"ENTREZID","3685","ENTREZID","3690","undirected","Binding"
"ENTREZID","3685","ENTREZID","3691","undirected","Binding"
"ENTREZID","3685","ENTREZID","3693","undirected","Binding"
"ENTREZID","3685","ENTREZID","3694","undirected","Binding"
"ENTREZID","3685","ENTREZID","3695","undirected","Binding"
"ENTREZID","3685","ENTREZID","3696","undirected","Binding"
"ENTREZID","3685","ENTREZID","60","directed","Process(binding/association)"
"ENTREZID","3685","ENTREZID","71","directed","Process(binding/association)"
"ENTREZID","3685","ENTREZID","8515","undirected","Binding"
"ENTREZID","3685","ENTREZID","8516","undirected","Binding"
"ENTREZID","3688","ENTREZID","3690","undirected","Binding"
"ENTREZID","3688","ENTREZID","3691","undirected","Binding"
"ENTREZID","3688","ENTREZID","3693","undirected","Binding"
"ENTREZID","3688","ENTREZID","3694","undirected","Binding"
"ENTREZID","3688","ENTREZID","3695","undirected","Binding"
"ENTREZID","3688","ENTREZID","3696","undirected","Binding"
"ENTREZID","3688","ENTREZID","60","directed","Process(binding/association)"
"ENTREZID","3688","ENTREZID","71","directed","Process(binding/association)"
"ENTREZID","3688","ENTREZID","8515","undirected","Binding"
"ENTREZID","3688","ENTREZID","8516","undirected","Binding"
"ENTREZID","3690","ENTREZID","3691","undirected","Binding"
"ENTREZID","3690","ENTREZID","3693","undirected","Binding"
"ENTREZID","3690","ENTREZID","3694","undirected","Binding"
"ENTREZID","3690","ENTREZID","3695","undirected","Binding"
"ENTREZID","3690","ENTREZID","3696","undirected","Binding"
"ENTREZID","3690","ENTREZID","60","directed","Process(binding/association)"
"ENTREZID","3690","ENTREZID","71","directed","Process(binding/association)"
"ENTREZID","3690","ENTREZID","8515","undirected","Binding"
"ENTREZID","3690","ENTREZID","8516","undirected","Binding"
"ENTREZID","3691","ENTREZID","3693","undirected","Binding"
"ENTREZID","3691","ENTREZID","3694","undirected","Binding"
"ENTREZID","3691","ENTREZID","3695","undirected","Binding"
"ENTREZID","3691","ENTREZID","3696","undirected","Binding"
"ENTREZID","3691","ENTREZID","60","directed","Process(binding/association)"
"ENTREZID","3691","ENTREZID","71","directed","Process(binding/association)"
"ENTREZID","3691","ENTREZID","8515","undirected","Binding"
"ENTREZID","3691","ENTREZID","8516","undirected","Binding"
"ENTREZID","3693","ENTREZID","3694","undirected","Binding"
"ENTREZID","3693","ENTREZID","3695","undirected","Binding"
"ENTREZID","3693","ENTREZID","3696","undirected","Binding"
"ENTREZID","3693","ENTREZID","60","directed","Process(binding/association)"
"ENTREZID","3693","ENTREZID","71","directed","Process(binding/association)"
"ENTREZID","3693","ENTREZID","8515","undirected","Binding"
"ENTREZID","3693","ENTREZID","8516","undirected","Binding"
"ENTREZID","3694","ENTREZID","3695","undirected","Binding"
"ENTREZID","3694","ENTREZID","3696","undirected","Binding"
"ENTREZID","3694","ENTREZID","60","directed","Process(binding/association)"
"ENTREZID","3694","ENTREZID","71","directed","Process(binding/association)"
"ENTREZID","3694","ENTREZID","8515","undirected","Binding"
"ENTREZID","3694","ENTREZID","8516","undirected","Binding"
"ENTREZID","3695","ENTREZID","3696","undirected","Binding"
"ENTREZID","3695","ENTREZID","60","directed","Process(binding/association)"
"ENTREZID","3695","ENTREZID","71","directed","Process(binding/association)"
"ENTREZID","3695","ENTREZID","8515","undirected","Binding"
"ENTREZID","3695","ENTREZID","8516","undirected","Binding"
"ENTREZID","3696","ENTREZID","60","directed","Process(binding/association)"
"ENTREZID","3696","ENTREZID","71","directed","Process(binding/association)"
"ENTREZID","3696","ENTREZID","8515","undirected","Binding"
"ENTREZID","3696","ENTREZID","8516","undirected","Binding"
"ENTREZID","3908","ENTREZID","1605","directed","Process(binding/association)"
"ENTREZID","4607","ENTREZID","4624","directed","Process(binding/association)"
"ENTREZID","4607","ENTREZID","4625","directed","Process(binding/association)"
"ENTREZID","4624","ENTREZID","4633","directed","Process(binding/association)"
"ENTREZID","4624","ENTREZID","4634","directed","Process(binding/association)"
"ENTREZID","4625","ENTREZID","4633","directed","Process(binding/association)"
"ENTREZID","4625","ENTREZID","4634","directed","Process(binding/association)"
"ENTREZID","5350","ENTREZID","487","directed","Process(inhibition)"
"ENTREZID","5350","ENTREZID","488","directed","Process(inhibition)"
"ENTREZID","5350","ENTREZID","489","directed","Process(inhibition)"
"ENTREZID","5566","ENTREZID","10368","directed","Process(phosphorylation)"
"ENTREZID","5566","ENTREZID","10368","directed","Process(activation)"
"ENTREZID","5566","ENTREZID","10369","directed","Process(phosphorylation)"
"ENTREZID","5566","ENTREZID","10369","directed","Process(activation)"
"ENTREZID","5566","ENTREZID","27091","directed","Process(phosphorylation)"
"ENTREZID","5566","ENTREZID","27091","directed","Process(activation)"
"ENTREZID","5566","ENTREZID","27092","directed","Process(phosphorylation)"
"ENTREZID","5566","ENTREZID","27092","directed","Process(activation)"
"ENTREZID","5566","ENTREZID","5350","directed","Process(inhibition)"
"ENTREZID","5566","ENTREZID","5350","directed","Process(phosphorylation)"
"ENTREZID","5566","ENTREZID","55799","directed","Process(phosphorylation)"
"ENTREZID","5566","ENTREZID","55799","directed","Process(activation)"
"ENTREZID","5566","ENTREZID","59283","directed","Process(phosphorylation)"
"ENTREZID","5566","ENTREZID","59283","directed","Process(activation)"
"ENTREZID","5566","ENTREZID","59284","directed","Process(phosphorylation)"
"ENTREZID","5566","ENTREZID","59284","directed","Process(activation)"
"ENTREZID","5566","ENTREZID","59285","directed","Process(phosphorylation)"
"ENTREZID","5566","ENTREZID","59285","directed","Process(activation)"
"ENTREZID","5566","ENTREZID","6262","directed","Process(phosphorylation)"
"ENTREZID","5566","ENTREZID","6262","directed","Process(activation)"
"ENTREZID","5566","ENTREZID","775","directed","Process(phosphorylation)"
"ENTREZID","5566","ENTREZID","775","directed","Process(activation)"
"ENTREZID","5566","ENTREZID","776","directed","Process(phosphorylation)"
"ENTREZID","5566","ENTREZID","776","directed","Process(activation)"
"ENTREZID","5566","ENTREZID","778","directed","Process(phosphorylation)"
"ENTREZID","5566","ENTREZID","778","directed","Process(activation)"
"ENTREZID","5566","ENTREZID","779","directed","Process(phosphorylation)"
"ENTREZID","5566","ENTREZID","779","directed","Process(activation)"
"ENTREZID","5566","ENTREZID","781","directed","Process(phosphorylation)"
"ENTREZID","5566","ENTREZID","781","directed","Process(activation)"
"ENTREZID","5566","ENTREZID","782","directed","Process(phosphorylation)"
"ENTREZID","5566","ENTREZID","782","directed","Process(activation)"
"ENTREZID","5566","ENTREZID","783","directed","Process(phosphorylation)"
"ENTREZID","5566","ENTREZID","783","directed","Process(activation)"
"ENTREZID","5566","ENTREZID","784","directed","Process(phosphorylation)"
"ENTREZID","5566","ENTREZID","784","directed","Process(activation)"
"ENTREZID","5566","ENTREZID","785","directed","Process(phosphorylation)"
"ENTREZID","5566","ENTREZID","785","directed","Process(activation)"
"ENTREZID","5566","ENTREZID","786","directed","Process(phosphorylation)"
"ENTREZID","5566","ENTREZID","786","directed","Process(activation)"
"ENTREZID","5566","ENTREZID","9254","directed","Process(phosphorylation)"
"ENTREZID","5566","ENTREZID","9254","directed","Process(activation)"
"ENTREZID","5566","ENTREZID","93589","directed","Process(phosphorylation)"
"ENTREZID","5566","ENTREZID","93589","directed","Process(activation)"
"ENTREZID","5567","ENTREZID","10368","directed","Process(phosphorylation)"
"ENTREZID","5567","ENTREZID","10368","directed","Process(activation)"
"ENTREZID","5567","ENTREZID","10369","directed","Process(phosphorylation)"
"ENTREZID","5567","ENTREZID","10369","directed","Process(activation)"
"ENTREZID","5567","ENTREZID","27091","directed","Process(phosphorylation)"
"ENTREZID","5567","ENTREZID","27091","directed","Process(activation)"
"ENTREZID","5567","ENTREZID","27092","directed","Process(phosphorylation)"
"ENTREZID","5567","ENTREZID","27092","directed","Process(activation)"
"ENTREZID","5567","ENTREZID","5350","directed","Process(inhibition)"
"ENTREZID","5567","ENTREZID","5350","directed","Process(phosphorylation)"
"ENTREZID","5567","ENTREZID","55799","directed","Process(phosphorylation)"
"ENTREZID","5567","ENTREZID","55799","directed","Process(activation)"
"ENTREZID","5567","ENTREZID","59283","directed","Process(phosphorylation)"
"ENTREZID","5567","ENTREZID","59283","directed","Process(activation)"
"ENTREZID","5567","ENTREZID","59284","directed","Process(phosphorylation)"
"ENTREZID","5567","ENTREZID","59284","directed","Process(activation)"
"ENTREZID","5567","ENTREZID","59285","directed","Process(phosphorylation)"
"ENTREZID","5567","ENTREZID","59285","directed","Process(activation)"
"ENTREZID","5567","ENTREZID","6262","directed","Process(phosphorylation)"
"ENTREZID","5567","ENTREZID","6262","directed","Process(activation)"
"ENTREZID","5567","ENTREZID","775","directed","Process(phosphorylation)"
"ENTREZID","5567","ENTREZID","775","directed","Process(activation)"
"ENTREZID","5567","ENTREZID","776","directed","Process(phosphorylation)"
"ENTREZID","5567","ENTREZID","776","directed","Process(activation)"
"ENTREZID","5567","ENTREZID","778","directed","Process(phosphorylation)"
"ENTREZID","5567","ENTREZID","778","directed","Process(activation)"
"ENTREZID","5567","ENTREZID","779","directed","Process(phosphorylation)"
"ENTREZID","5567","ENTREZID","779","directed","Process(activation)"
"ENTREZID","5567","ENTREZID","781","directed","Process(phosphorylation)"
"ENTREZID","5567","ENTREZID","781","directed","Process(activation)"
"ENTREZID","5567","ENTREZID","782","directed","Process(phosphorylation)"
"ENTREZID","5567","ENTREZID","782","directed","Process(activation)"
"ENTREZID","5567","ENTREZID","783","directed","Process(phosphorylation)"
"ENTREZID","5567","ENTREZID","783","directed","Process(activation)"
"ENTREZID","5567","ENTREZID","784","directed","Process(phosphorylation)"
"ENTREZID","5567","ENTREZID","784","directed","Process(activation)"
"ENTREZID","5567","ENTREZID","785","directed","Process(phosphorylation)"
"ENTREZID","5567","ENTREZID","785","directed","Process(activation)"
"ENTREZID","5567","ENTREZID","786","directed","Process(phosphorylation)"
"ENTREZID","5567","ENTREZID","786","directed","Process(activation)"
"ENTREZID","5567","ENTREZID","9254","directed","Process(phosphorylation)"
"ENTREZID","5567","ENTREZID","9254","directed","Process(activation)"
"ENTREZID","5567","ENTREZID","93589","directed","Process(phosphorylation)"
"ENTREZID","5567","ENTREZID","93589","directed","Process(activation)"
"ENTREZID","5568","ENTREZID","10368","directed","Process(phosphorylation)"
"ENTREZID","5568","ENTREZID","10368","directed","Process(activation)"
"ENTREZID","5568","ENTREZID","10369","directed","Process(phosphorylation)"
"ENTREZID","5568","ENTREZID","10369","directed","Process(activation)"
"ENTREZID","5568","ENTREZID","27091","directed","Process(phosphorylation)"
"ENTREZID","5568","ENTREZID","27091","directed","Process(activation)"
"ENTREZID","5568","ENTREZID","27092","directed","Process(phosphorylation)"
"ENTREZID","5568","ENTREZID","27092","directed","Process(activation)"
"ENTREZID","5568","ENTREZID","5350","directed","Process(inhibition)"
"ENTREZID","5568","ENTREZID","5350","directed","Process(phosphorylation)"
"ENTREZID","5568","ENTREZID","55799","directed","Process(phosphorylation)"
"ENTREZID","5568","ENTREZID","55799","directed","Process(activation)"
"ENTREZID","5568","ENTREZID","59283","directed","Process(phosphorylation)"
"ENTREZID","5568","ENTREZID","59283","directed","Process(activation)"
"ENTREZID","5568","ENTREZID","59284","directed","Process(phosphorylation)"
"ENTREZID","5568","ENTREZID","59284","directed","Process(activation)"
"ENTREZID","5568","ENTREZID","59285","directed","Process(phosphorylation)"
"ENTREZID","5568","ENTREZID","59285","directed","Process(activation)"
"ENTREZID","5568","ENTREZID","6262","directed","Process(phosphorylation)"
"ENTREZID","5568","ENTREZID","6262","directed","Process(activation)"
"ENTREZID","5568","ENTREZID","775","directed","Process(phosphorylation)"
"ENTREZID","5568","ENTREZID","775","directed","Process(activation)"
"ENTREZID","5568","ENTREZID","776","directed","Process(phosphorylation)"
"ENTREZID","5568","ENTREZID","776","directed","Process(activation)"
"ENTREZID","5568","ENTREZID","778","directed","Process(phosphorylation)"
"ENTREZID","5568","ENTREZID","778","directed","Process(activation)"
"ENTREZID","5568","ENTREZID","779","directed","Process(phosphorylation)"
"ENTREZID","5568","ENTREZID","779","directed","Process(activation)"
"ENTREZID","5568","ENTREZID","781","directed","Process(phosphorylation)"
"ENTREZID","5568","ENTREZID","781","directed","Process(activation)"
"ENTREZID","5568","ENTREZID","782","directed","Process(phosphorylation)"
"ENTREZID","5568","ENTREZID","782","directed","Process(activation)"
"ENTREZID","5568","ENTREZID","783","directed","Process(phosphorylation)"
"ENTREZID","5568","ENTREZID","783","directed","Process(activation)"
"ENTREZID","5568","ENTREZID","784","directed","Process(phosphorylation)"
"ENTREZID","5568","ENTREZID","784","directed","Process(activation)"
"ENTREZID","5568","ENTREZID","785","directed","Process(phosphorylation)"
"ENTREZID","5568","ENTREZID","785","directed","Process(activation)"
"ENTREZID","5568","ENTREZID","786","directed","Process(phosphorylation)"
"ENTREZID","5568","ENTREZID","786","directed","Process(activation)"
"ENTREZID","5568","ENTREZID","9254","directed","Process(phosphorylation)"
"ENTREZID","5568","ENTREZID","9254","directed","Process(activation)"
"ENTREZID","5568","ENTREZID","93589","directed","Process(phosphorylation)"
"ENTREZID","5568","ENTREZID","93589","directed","Process(activation)"
"ENTREZID","70","ENTREZID","4624","directed","Process(binding/association)"
"ENTREZID","70","ENTREZID","4625","directed","Process(binding/association)"
"ENTREZID","70","ENTREZID","7168","directed","Process(binding/association)"
"ENTREZID","70","ENTREZID","7169","directed","Process(binding/association)"
"ENTREZID","70","ENTREZID","7170","directed","Process(binding/association)"
"ENTREZID","70","ENTREZID","7171","directed","Process(binding/association)"
"ENTREZID","7134","ENTREZID","7137","directed","Process(binding/association)"
"ENTREZID","7134","ENTREZID","7139","directed","Process(binding/association)"
"ENTREZID","7137","ENTREZID","70","directed","Process(binding/association)"
"ENTREZID","7139","ENTREZID","7137","directed","Process(binding/association)"
"ENTREZID","7139","ENTREZID","7168","directed","Process(binding/association)"
"ENTREZID","7139","ENTREZID","7169","directed","Process(binding/association)"
"ENTREZID","7139","ENTREZID","7170","directed","Process(binding/association)"
"ENTREZID","7139","ENTREZID","7171","directed","Process(binding/association)"
"ENTREZID","8515","ENTREZID","60","directed","Process(binding/association)"
"ENTREZID","8515","ENTREZID","71","directed","Process(binding/association)"
"ENTREZID","8515","ENTREZID","8516","undirected","Binding"
"ENTREZID","8516","ENTREZID","60","directed","Process(binding/association)"
"ENTREZID","8516","ENTREZID","71","directed","Process(binding/association)"
