"src_type","src","dest_type","dest","direction","type"
"ENTREZID","10000","ENTREZID","2475","directed","Process(activation)"
"ENTREZID","10000","ENTREZID","2475","directed","Process(indirect effect)"
"ENTREZID","10000","ENTREZID","2932","directed","Process(missing interaction)"
"ENTREZID","10000","ENTREZID","9882","directed","Process(phosphorylation)"
"ENTREZID","10000","ENTREZID","9882","directed","Process(activation)"
"ENTREZID","142","ENTREZID","2597","directed","Process(inhibition)"
"ENTREZID","1535","ENTREZID","1536","undirected","Binding"
"ENTREZID","1535","ENTREZID","4688","undirected","Binding"
"ENTREZID","1535","ENTREZID","4689","undirected","Binding"
"ENTREZID","1535","ENTREZID","5879","undirected","Binding"
"ENTREZID","1535","ENTREZID","5880","undirected","Binding"
"ENTREZID","1535","ENTREZID","653361","undirected","Binding"
"ENTREZID","1536","ENTREZID","4688","undirected","Binding"
"ENTREZID","1536","ENTREZID","4689","undirected","Binding"
"ENTREZID","1536","ENTREZID","5879","undirected","Binding"
"ENTREZID","1536","ENTREZID","5880","undirected","Binding"
"ENTREZID","1536","ENTREZID","653361","undirected","Binding"
"ENTREZID","177","ENTREZID","1432","directed","Process(activation)"
"ENTREZID","177","ENTREZID","1432","directed","Process(indirect effect)"
"ENTREZID","177","ENTREZID","1535","directed","Process(activation)"
"ENTREZID","177","ENTREZID","1535","directed","Process(indirect effect)"
"ENTREZID","177","ENTREZID","1536","directed","Process(activation)"
"ENTREZID","177","ENTREZID","1536","directed","Process(indirect effect)"
"ENTREZID","177","ENTREZID","4688","directed","Process(activation)"
"ENTREZID","177","ENTREZID","4688","directed","Process(indirect effect)"
"ENTREZID","177","ENTREZID","4689","directed","Process(activation)"
"ENTREZID","177","ENTREZID","4689","directed","Process(indirect effect)"
"ENTREZID","177","ENTREZID","4790","directed","Process(activation)"
"ENTREZID","177","ENTREZID","4790","directed","Process(indirect effect)"
"ENTREZID","177","ENTREZID","5599","directed","Process(activation)"
"ENTREZID","177","ENTREZID","5599","directed","Process(indirect effect)"
"ENTREZID","177","ENTREZID","5600","directed","Process(activation)"
"ENTREZID","177","ENTREZID","5600","directed","Process(indirect effect)"
"ENTREZID","177","ENTREZID","5601","directed","Process(activation)"
"ENTREZID","177","ENTREZID","5601","directed","Process(indirect effect)"
"ENTREZID","177","ENTREZID","5602","directed","Process(activation)"
"ENTREZID","177","ENTREZID","5602","directed","Process(indirect effect)"
"ENTREZID","177","ENTREZID","5603","directed","Process(activation)"
"ENTREZID","177","ENTREZID","5603","directed","Process(indirect effect)"
"ENTREZID","177","ENTREZID","5879","directed","Process(activation)"
"ENTREZID","177","ENTREZID","5879","directed","Process(indirect effect)"
"ENTREZID","177","ENTREZID","5880","directed","Process(activation)"
"ENTREZID","177","ENTREZID","5880","directed","Process(indirect effect)"
"ENTREZID","177","ENTREZID","5970","directed","Process(activation)"
"ENTREZID","177","ENTREZID","5970","directed","Process(indirect effect)"
"ENTREZID","177","ENTREZID","6300","directed","Process(activation)"
"ENTREZID","177","ENTREZID","6300","directed","Process(indirect effect)"
"ENTREZID","177","ENTREZID","653361","directed","Process(activation)"
"ENTREZID","177","ENTREZID","653361","directed","Process(indirect effect)"
"ENTREZID","185","ENTREZID","1535","directed","Process(activation)"
"ENTREZID","185","ENTREZID","1535","directed","Process(indirect effect)"
"ENTREZID","185","ENTREZID","1536","directed","Process(activation)"
"ENTREZID","185","ENTREZID","1536","directed","Process(indirect effect)"
"ENTREZID","185","ENTREZID","23236","directed","Process(activation)"
"ENTREZID","185","ENTREZID","23236","directed","Process(indirect effect)"
"ENTREZID","185","ENTREZID","4688","directed","Process(activation)"
"ENTREZID","185","ENTREZID","4688","directed","Process(indirect effect)"
"ENTREZID","185","ENTREZID","4689","directed","Process(activation)"
"ENTREZID","185","ENTREZID","4689","directed","Process(indirect effect)"
"ENTREZID","185","ENTREZID","5330","directed","Process(activation)"
"ENTREZID","185","ENTREZID","5330","directed","Process(indirect effect)"
"ENTREZID","185","ENTREZID","5331","directed","Process(activation)"
"ENTREZID","185","ENTREZID","5331","directed","Process(indirect effect)"
"ENTREZID","185","ENTREZID","5332","directed","Process(activation)"
"ENTREZID","185","ENTREZID","5332","directed","Process(indirect effect)"
"ENTREZID","185","ENTREZID","5879","directed","Process(activation)"
"ENTREZID","185","ENTREZID","5879","directed","Process(indirect effect)"
"ENTREZID","185","ENTREZID","5880","directed","Process(activation)"
"ENTREZID","185","ENTREZID","5880","directed","Process(indirect effect)"
"ENTREZID","185","ENTREZID","653361","directed","Process(activation)"
"ENTREZID","185","ENTREZID","653361","directed","Process(indirect effect)"
"ENTREZID","207","ENTREZID","2475","directed","Process(activation)"
"ENTREZID","207","ENTREZID","2475","directed","Process(indirect effect)"
"ENTREZID","207","ENTREZID","2932","directed","Process(missing interaction)"
"ENTREZID","207","ENTREZID","9882","directed","Process(phosphorylation)"
"ENTREZID","207","ENTREZID","9882","directed","Process(activation)"
"ENTREZID","208","ENTREZID","2475","directed","Process(activation)"
"ENTREZID","208","ENTREZID","2475","directed","Process(indirect effect)"
"ENTREZID","208","ENTREZID","2932","directed","Process(missing interaction)"
"ENTREZID","208","ENTREZID","9882","directed","Process(phosphorylation)"
"ENTREZID","208","ENTREZID","9882","directed","Process(activation)"
"ENTREZID","2932","ENTREZID","2997","directed","Process(inhibition)"
"ENTREZID","2932","ENTREZID","2997","directed","Process(phosphorylation)"
"ENTREZID","2932","ENTREZID","2998","directed","Process(inhibition)"
"ENTREZID","2932","ENTREZID","2998","directed","Process(phosphorylation)"
"ENTREZID","3630","ENTREZID","3643","directed","Process(activation)"
"ENTREZID","3643","ENTREZID","3667","directed","Process(phosphorylation)"
"ENTREZID","3643","ENTREZID","3667","directed","Process(activation)"
"ENTREZID","3667","ENTREZID","5290","directed","Process(missing interaction)"
"ENTREZID","3667","ENTREZID","5291","directed","Process(missing interaction)"
"ENTREZID","3667","ENTREZID","5293","directed","Process(missing interaction)"
"ENTREZID","3667","ENTREZID","5295","directed","Process(missing interaction)"
"ENTREZID","3667","ENTREZID","5296","directed","Process(missing interaction)"
"ENTREZID","3667","ENTREZID","8503","directed","Process(missing interaction)"
"ENTREZID","4087","ENTREZID","1277","directed","Process(expression)"
"ENTREZID","4087","ENTREZID","1278","directed","Process(expression)"
"ENTREZID","4087","ENTREZID","1281","directed","Process(expression)"
"ENTREZID","4087","ENTREZID","4313","directed","Process(expression)"
"ENTREZID","4087","ENTREZID","4318","directed","Process(expression)"
"ENTREZID","4087","ENTREZID","7040","directed","Process(expression)"
"ENTREZID","4087","ENTREZID","7042","directed","Process(expression)"
"ENTREZID","4087","ENTREZID","7043","directed","Process(expression)"
"ENTREZID","4088","ENTREZID","1277","directed","Process(expression)"
"ENTREZID","4088","ENTREZID","1278","directed","Process(expression)"
"ENTREZID","4088","ENTREZID","1281","directed","Process(expression)"
"ENTREZID","4088","ENTREZID","4313","directed","Process(expression)"
"ENTREZID","4088","ENTREZID","4318","directed","Process(expression)"
"ENTREZID","4088","ENTREZID","7040","directed","Process(expression)"
"ENTREZID","4088","ENTREZID","7042","directed","Process(expression)"
"ENTREZID","4088","ENTREZID","7043","directed","Process(expression)"
"ENTREZID","4688","ENTREZID","4689","undirected","Binding"
"ENTREZID","4688","ENTREZID","5879","undirected","Binding"
"ENTREZID","4688","ENTREZID","5880","undirected","Binding"
"ENTREZID","4688","ENTREZID","653361","undirected","Binding"
"ENTREZID","4689","ENTREZID","5879","undirected","Binding"
"ENTREZID","4689","ENTREZID","5880","undirected","Binding"
"ENTREZID","4689","ENTREZID","653361","undirected","Binding"
"ENTREZID","4790","ENTREZID","1215","directed","Process(activation)"
"ENTREZID","4790","ENTREZID","1215","directed","Process(indirect effect)"
"ENTREZID","4790","ENTREZID","1277","directed","Process(expression)"
"ENTREZID","4790","ENTREZID","1278","directed","Process(expression)"
"ENTREZID","4790","ENTREZID","1281","directed","Process(expression)"
"ENTREZID","4790","ENTREZID","183","directed","Process(activation)"
"ENTREZID","4790","ENTREZID","183","directed","Process(indirect effect)"
"ENTREZID","4790","ENTREZID","4313","directed","Process(expression)"
"ENTREZID","4790","ENTREZID","4318","directed","Process(expression)"
"ENTREZID","4790","ENTREZID","5972","directed","Process(activation)"
"ENTREZID","4790","ENTREZID","5972","directed","Process(indirect effect)"
"ENTREZID","4790","ENTREZID","7040","directed","Process(expression)"
"ENTREZID","4790","ENTREZID","7042","directed","Process(expression)"
"ENTREZID","4790","ENTREZID","7043","directed","Process(expression)"
"ENTREZID","5164","ENTREZID","5160","directed","Process(inhibition)"
"ENTREZID","5164","ENTREZID","5161","directed","Process(inhibition)"
"ENTREZID","5164","ENTREZID","5162","directed","Process(inhibition)"
"ENTREZID","5165","ENTREZID","5160","directed","Process(inhibition)"
"ENTREZID","5165","ENTREZID","5161","directed","Process(inhibition)"
"ENTREZID","5165","ENTREZID","5162","directed","Process(inhibition)"
"ENTREZID","5166","ENTREZID","5160","directed","Process(inhibition)"
"ENTREZID","5166","ENTREZID","5161","directed","Process(inhibition)"
"ENTREZID","5166","ENTREZID","5162","directed","Process(inhibition)"
"ENTREZID","5465","ENTREZID","1375","directed","Process(expression)"
"ENTREZID","5465","ENTREZID","5164","directed","Process(expression)"
"ENTREZID","5465","ENTREZID","5165","directed","Process(expression)"
"ENTREZID","5465","ENTREZID","5166","directed","Process(expression)"
"ENTREZID","5465","ENTREZID","948","directed","Process(expression)"
"ENTREZID","5578","ENTREZID","3667","directed","Process(inhibition)"
"ENTREZID","5578","ENTREZID","3667","directed","Process(phosphorylation)"
"ENTREZID","5578","ENTREZID","4846","directed","Process(inhibition)"
"ENTREZID","5578","ENTREZID","4846","directed","Process(indirect effect)"
"ENTREZID","5579","ENTREZID","1277","directed","Process(activation)"
"ENTREZID","5579","ENTREZID","1277","directed","Process(indirect effect)"
"ENTREZID","5579","ENTREZID","1278","directed","Process(activation)"
"ENTREZID","5579","ENTREZID","1278","directed","Process(indirect effect)"
"ENTREZID","5579","ENTREZID","1281","directed","Process(activation)"
"ENTREZID","5579","ENTREZID","1281","directed","Process(indirect effect)"
"ENTREZID","5579","ENTREZID","4313","directed","Process(activation)"
"ENTREZID","5579","ENTREZID","4313","directed","Process(indirect effect)"
"ENTREZID","5579","ENTREZID","4318","directed","Process(activation)"
"ENTREZID","5579","ENTREZID","4318","directed","Process(indirect effect)"
"ENTREZID","5579","ENTREZID","4790","directed","Process(activation)"
"ENTREZID","5579","ENTREZID","4790","directed","Process(indirect effect)"
"ENTREZID","5579","ENTREZID","4846","directed","Process(inhibition)"
"ENTREZID","5579","ENTREZID","4846","directed","Process(indirect effect)"
"ENTREZID","5579","ENTREZID","5970","directed","Process(activation)"
"ENTREZID","5579","ENTREZID","5970","directed","Process(indirect effect)"
"ENTREZID","5579","ENTREZID","7040","directed","Process(activation)"
"ENTREZID","5579","ENTREZID","7040","directed","Process(indirect effect)"
"ENTREZID","5579","ENTREZID","7042","directed","Process(activation)"
"ENTREZID","5579","ENTREZID","7042","directed","Process(indirect effect)"
"ENTREZID","5579","ENTREZID","7043","directed","Process(activation)"
"ENTREZID","5579","ENTREZID","7043","directed","Process(indirect effect)"
"ENTREZID","5580","ENTREZID","3667","directed","Process(inhibition)"
"ENTREZID","5580","ENTREZID","3667","directed","Process(phosphorylation)"
"ENTREZID","5582","ENTREZID","4846","directed","Process(inhibition)"
"ENTREZID","5582","ENTREZID","4846","directed","Process(indirect effect)"
"ENTREZID","5879","ENTREZID","5880","undirected","Binding"
"ENTREZID","5879","ENTREZID","653361","undirected","Binding"
"ENTREZID","5880","ENTREZID","653361","undirected","Binding"
"ENTREZID","5970","ENTREZID","1215","directed","Process(activation)"
"ENTREZID","5970","ENTREZID","1215","directed","Process(indirect effect)"
"ENTREZID","5970","ENTREZID","1277","directed","Process(expression)"
"ENTREZID","5970","ENTREZID","1278","directed","Process(expression)"
"ENTREZID","5970","ENTREZID","1281","directed","Process(expression)"
"ENTREZID","5970","ENTREZID","183","directed","Process(activation)"
"ENTREZID","5970","ENTREZID","183","directed","Process(indirect effect)"
"ENTREZID","5970","ENTREZID","4313","directed","Process(expression)"
"ENTREZID","5970","ENTREZID","4318","directed","Process(expression)"
"ENTREZID","5970","ENTREZID","5972","directed","Process(activation)"
"ENTREZID","5970","ENTREZID","5972","directed","Process(indirect effect)"
"ENTREZID","5970","ENTREZID","7040","directed","Process(expression)"
"ENTREZID","5970","ENTREZID","7042","directed","Process(expression)"
"ENTREZID","5970","ENTREZID","7043","directed","Process(expression)"
"ENTREZID","6667","ENTREZID","487","directed","Process(activation)"
"ENTREZID","6667","ENTREZID","487","directed","Process(indirect effect)"
"ENTREZID","6667","ENTREZID","488","directed","Process(activation)"
"ENTREZID","6667","ENTREZID","488","directed","Process(indirect effect)"
"ENTREZID","6667","ENTREZID","489","directed","Process(activation)"
"ENTREZID","6667","ENTREZID","489","directed","Process(indirect effect)"
"ENTREZID","7040","ENTREZID","7046","directed","Process(activation)"
"ENTREZID","7040","ENTREZID","7048","directed","Process(activation)"
"ENTREZID","7042","ENTREZID","7046","directed","Process(activation)"
"ENTREZID","7042","ENTREZID","7048","directed","Process(activation)"
"ENTREZID","7043","ENTREZID","7046","directed","Process(activation)"
"ENTREZID","7043","ENTREZID","7048","directed","Process(activation)"
"ENTREZID","7046","ENTREZID","4087","directed","Process(activation)"
"ENTREZID","7046","ENTREZID","4088","directed","Process(activation)"
"ENTREZID","7048","ENTREZID","4087","directed","Process(activation)"
"ENTREZID","7048","ENTREZID","4088","directed","Process(activation)"
"ENTREZID","815","ENTREZID","6262","directed","Process(activation)"
"ENTREZID","816","ENTREZID","6262","directed","Process(activation)"
"ENTREZID","817","ENTREZID","6262","directed","Process(activation)"
"ENTREZID","818","ENTREZID","6262","directed","Process(activation)"
