"src_type","src","dest_type","dest","direction","type"
"ENTREZID","10000","ENTREZID","2932","directed","Process(inhibition)"
"ENTREZID","10000","ENTREZID","2932","directed","Process(phosphorylation)"
"ENTREZID","10000","ENTREZID","4846","directed","Process(phosphorylation)"
"ENTREZID","10000","ENTREZID","4846","directed","Process(activation)"
"ENTREZID","10000","ENTREZID","572","directed","Process(inhibition)"
"ENTREZID","10000","ENTREZID","572","directed","Process(phosphorylation)"
"ENTREZID","10000","ENTREZID","581","directed","Process(inhibition)"
"ENTREZID","10000","ENTREZID","581","directed","Process(phosphorylation)"
"ENTREZID","10000","ENTREZID","596","directed","Process(activation)"
"ENTREZID","10000","ENTREZID","598","directed","Process(activation)"
"ENTREZID","10010","ENTREZID","29110","directed","Process(activation)"
"ENTREZID","10010","ENTREZID","9641","directed","Process(activation)"
"ENTREZID","10333","ENTREZID","114609","directed","Process(activation)"
"ENTREZID","10333","ENTREZID","4615","directed","Process(activation)"
"ENTREZID","10333","ENTREZID","5594","directed","Process(activation)"
"ENTREZID","10333","ENTREZID","5594","directed","Process(indirect effect)"
"ENTREZID","10333","ENTREZID","5595","directed","Process(activation)"
"ENTREZID","10333","ENTREZID","5595","directed","Process(indirect effect)"
"ENTREZID","10451","ENTREZID","5879","directed","Process(activation)"
"ENTREZID","10454","ENTREZID","1147","directed","Process(phosphorylation)"
"ENTREZID","10454","ENTREZID","1147","directed","Process(activation)"
"ENTREZID","10454","ENTREZID","23118","undirected","Binding"
"ENTREZID","10454","ENTREZID","3551","directed","Process(phosphorylation)"
"ENTREZID","10454","ENTREZID","3551","directed","Process(activation)"
"ENTREZID","10454","ENTREZID","6885","undirected","Binding"
"ENTREZID","10454","ENTREZID","8517","directed","Process(phosphorylation)"
"ENTREZID","10454","ENTREZID","8517","directed","Process(activation)"
"ENTREZID","114548","ENTREZID","29108","directed","Process(binding/association)"
"ENTREZID","114609","ENTREZID","4615","undirected","Binding"
"ENTREZID","1147","ENTREZID","4792","directed","Process(phosphorylation)"
"ENTREZID","1147","ENTREZID","4792","directed","Process(activation)"
"ENTREZID","142678","ENTREZID","10010","directed","Process(activation)"
"ENTREZID","142678","ENTREZID","57534","undirected","Binding"
"ENTREZID","142678","ENTREZID","7187","undirected","Binding"
"ENTREZID","1432","ENTREZID","4790","directed","Process(activation)"
"ENTREZID","1432","ENTREZID","4790","directed","Process(indirect effect)"
"ENTREZID","1432","ENTREZID","5970","directed","Process(activation)"
"ENTREZID","1432","ENTREZID","5970","directed","Process(indirect effect)"
"ENTREZID","148022","ENTREZID","142678","directed","Process(activation)"
"ENTREZID","148022","ENTREZID","57534","directed","Process(activation)"
"ENTREZID","148022","ENTREZID","7187","directed","Process(activation)"
"ENTREZID","1535","ENTREZID","1536","undirected","Binding"
"ENTREZID","1535","ENTREZID","27035","undirected","Binding"
"ENTREZID","1535","ENTREZID","4688","undirected","Binding"
"ENTREZID","1535","ENTREZID","4689","undirected","Binding"
"ENTREZID","1535","ENTREZID","5879","undirected","Binding"
"ENTREZID","1535","ENTREZID","653361","undirected","Binding"
"ENTREZID","1536","ENTREZID","27035","undirected","Binding"
"ENTREZID","1536","ENTREZID","4688","undirected","Binding"
"ENTREZID","1536","ENTREZID","4689","undirected","Binding"
"ENTREZID","1536","ENTREZID","5879","undirected","Binding"
"ENTREZID","1536","ENTREZID","653361","undirected","Binding"
"ENTREZID","163688","ENTREZID","5530","directed","Process(activation)"
"ENTREZID","163688","ENTREZID","5532","directed","Process(activation)"
"ENTREZID","163688","ENTREZID","5533","directed","Process(activation)"
"ENTREZID","163688","ENTREZID","5534","directed","Process(activation)"
"ENTREZID","163688","ENTREZID","5535","directed","Process(activation)"
"ENTREZID","1649","ENTREZID","30001","directed","Process(expression)"
"ENTREZID","177","ENTREZID","1535","directed","Process(activation)"
"ENTREZID","177","ENTREZID","1535","directed","Process(indirect effect)"
"ENTREZID","177","ENTREZID","1536","directed","Process(activation)"
"ENTREZID","177","ENTREZID","1536","directed","Process(indirect effect)"
"ENTREZID","177","ENTREZID","27035","directed","Process(activation)"
"ENTREZID","177","ENTREZID","27035","directed","Process(indirect effect)"
"ENTREZID","177","ENTREZID","4688","directed","Process(activation)"
"ENTREZID","177","ENTREZID","4688","directed","Process(indirect effect)"
"ENTREZID","177","ENTREZID","4689","directed","Process(activation)"
"ENTREZID","177","ENTREZID","4689","directed","Process(indirect effect)"
"ENTREZID","177","ENTREZID","5879","directed","Process(activation)"
"ENTREZID","177","ENTREZID","5879","directed","Process(indirect effect)"
"ENTREZID","177","ENTREZID","653361","directed","Process(activation)"
"ENTREZID","177","ENTREZID","653361","directed","Process(indirect effect)"
"ENTREZID","1965","ENTREZID","468","directed","Process(activation)"
"ENTREZID","207","ENTREZID","2932","directed","Process(inhibition)"
"ENTREZID","207","ENTREZID","2932","directed","Process(phosphorylation)"
"ENTREZID","207","ENTREZID","4846","directed","Process(phosphorylation)"
"ENTREZID","207","ENTREZID","4846","directed","Process(activation)"
"ENTREZID","207","ENTREZID","572","directed","Process(inhibition)"
"ENTREZID","207","ENTREZID","572","directed","Process(phosphorylation)"
"ENTREZID","207","ENTREZID","581","directed","Process(inhibition)"
"ENTREZID","207","ENTREZID","581","directed","Process(phosphorylation)"
"ENTREZID","207","ENTREZID","596","directed","Process(activation)"
"ENTREZID","207","ENTREZID","598","directed","Process(activation)"
"ENTREZID","208","ENTREZID","2932","directed","Process(inhibition)"
"ENTREZID","208","ENTREZID","2932","directed","Process(phosphorylation)"
"ENTREZID","208","ENTREZID","4846","directed","Process(phosphorylation)"
"ENTREZID","208","ENTREZID","4846","directed","Process(activation)"
"ENTREZID","208","ENTREZID","572","directed","Process(inhibition)"
"ENTREZID","208","ENTREZID","572","directed","Process(phosphorylation)"
"ENTREZID","208","ENTREZID","581","directed","Process(inhibition)"
"ENTREZID","208","ENTREZID","581","directed","Process(phosphorylation)"
"ENTREZID","208","ENTREZID","596","directed","Process(activation)"
"ENTREZID","208","ENTREZID","598","directed","Process(activation)"
"ENTREZID","2081","ENTREZID","7186","directed","Process(activation)"
"ENTREZID","23118","ENTREZID","1147","directed","Process(phosphorylation)"
"ENTREZID","23118","ENTREZID","1147","directed","Process(activation)"
"ENTREZID","23118","ENTREZID","3551","directed","Process(phosphorylation)"
"ENTREZID","23118","ENTREZID","3551","directed","Process(activation)"
"ENTREZID","23118","ENTREZID","6885","undirected","Binding"
"ENTREZID","23118","ENTREZID","8517","directed","Process(phosphorylation)"
"ENTREZID","23118","ENTREZID","8517","directed","Process(activation)"
"ENTREZID","2353","ENTREZID","3383","directed","Process(expression)"
"ENTREZID","2353","ENTREZID","3576","directed","Process(expression)"
"ENTREZID","2353","ENTREZID","6347","directed","Process(expression)"
"ENTREZID","23643","ENTREZID","7099","directed","Process(binding/association)"
"ENTREZID","25833","ENTREZID","1543","directed","Process(repression)"
"ENTREZID","25833","ENTREZID","1548","directed","Process(repression)"
"ENTREZID","25833","ENTREZID","1549","directed","Process(repression)"
"ENTREZID","25833","ENTREZID","1555","directed","Process(repression)"
"ENTREZID","25833","ENTREZID","1558","directed","Process(repression)"
"ENTREZID","25833","ENTREZID","1559","directed","Process(repression)"
"ENTREZID","25833","ENTREZID","1573","directed","Process(repression)"
"ENTREZID","25833","ENTREZID","4973","directed","Process(expression)"
"ENTREZID","25833","ENTREZID","958","directed","Process(expression)"
"ENTREZID","25833","ENTREZID","959","directed","Process(expression)"
"ENTREZID","27035","ENTREZID","4688","undirected","Binding"
"ENTREZID","27035","ENTREZID","4689","undirected","Binding"
"ENTREZID","27035","ENTREZID","5879","undirected","Binding"
"ENTREZID","27035","ENTREZID","653361","undirected","Binding"
"ENTREZID","29108","ENTREZID","834","directed","Process(binding/association)"
"ENTREZID","29110","ENTREZID","3661","directed","Process(phosphorylation)"
"ENTREZID","29110","ENTREZID","3661","directed","Process(activation)"
"ENTREZID","29110","ENTREZID","3665","directed","Process(phosphorylation)"
"ENTREZID","29110","ENTREZID","3665","directed","Process(activation)"
"ENTREZID","29110","ENTREZID","9641","undirected","Binding"
"ENTREZID","2932","ENTREZID","4772","directed","Process(inhibition)"
"ENTREZID","2932","ENTREZID","4772","directed","Process(phosphorylation)"
"ENTREZID","2932","ENTREZID","4773","directed","Process(inhibition)"
"ENTREZID","2932","ENTREZID","4773","directed","Process(phosphorylation)"
"ENTREZID","2932","ENTREZID","4775","directed","Process(inhibition)"
"ENTREZID","2932","ENTREZID","4775","directed","Process(phosphorylation)"
"ENTREZID","30001","ENTREZID","3708","directed","Process(activation)"
"ENTREZID","30001","ENTREZID","3708","directed","Process(indirect effect)"
"ENTREZID","3265","ENTREZID","1432","directed","Process(activation)"
"ENTREZID","3265","ENTREZID","5594","directed","Process(activation)"
"ENTREZID","3265","ENTREZID","5595","directed","Process(activation)"
"ENTREZID","3265","ENTREZID","5600","directed","Process(activation)"
"ENTREZID","3265","ENTREZID","5603","directed","Process(activation)"
"ENTREZID","3265","ENTREZID","6300","directed","Process(activation)"
"ENTREZID","3303","ENTREZID","7097","directed","Process(activation)"
"ENTREZID","3304","ENTREZID","7097","directed","Process(activation)"
"ENTREZID","3305","ENTREZID","7097","directed","Process(activation)"
"ENTREZID","3306","ENTREZID","7097","directed","Process(activation)"
"ENTREZID","3308","ENTREZID","7097","directed","Process(activation)"
"ENTREZID","3309","ENTREZID","2081","directed","Process(inhibition)"
"ENTREZID","3309","ENTREZID","22926","directed","Process(inhibition)"
"ENTREZID","3309","ENTREZID","9451","directed","Process(inhibition)"
"ENTREZID","3310","ENTREZID","7097","directed","Process(activation)"
"ENTREZID","3312","ENTREZID","7097","directed","Process(activation)"
"ENTREZID","3320","ENTREZID","7097","directed","Process(activation)"
"ENTREZID","3326","ENTREZID","7097","directed","Process(activation)"
"ENTREZID","3329","ENTREZID","7097","directed","Process(activation)"
"ENTREZID","353376","ENTREZID","148022","directed","Process(activation)"
"ENTREZID","355","ENTREZID","841","directed","Process(activation)"
"ENTREZID","355","ENTREZID","841","directed","Process(indirect effect)"
"ENTREZID","3551","ENTREZID","4792","directed","Process(phosphorylation)"
"ENTREZID","3551","ENTREZID","4792","directed","Process(activation)"
"ENTREZID","356","ENTREZID","355","directed","Process(activation)"
"ENTREZID","3654","ENTREZID","51135","undirected","Binding"
"ENTREZID","3654","ENTREZID","7189","undirected","Binding"
"ENTREZID","3661","ENTREZID","3439","directed","Process(expression)"
"ENTREZID","3661","ENTREZID","3440","directed","Process(expression)"
"ENTREZID","3661","ENTREZID","3441","directed","Process(expression)"
"ENTREZID","3661","ENTREZID","3442","directed","Process(expression)"
"ENTREZID","3661","ENTREZID","3443","directed","Process(expression)"
"ENTREZID","3661","ENTREZID","3444","directed","Process(expression)"
"ENTREZID","3661","ENTREZID","3445","directed","Process(expression)"
"ENTREZID","3661","ENTREZID","3446","directed","Process(expression)"
"ENTREZID","3661","ENTREZID","3447","directed","Process(expression)"
"ENTREZID","3661","ENTREZID","3448","directed","Process(expression)"
"ENTREZID","3661","ENTREZID","3449","directed","Process(expression)"
"ENTREZID","3661","ENTREZID","3451","directed","Process(expression)"
"ENTREZID","3661","ENTREZID","3452","directed","Process(expression)"
"ENTREZID","3661","ENTREZID","3456","directed","Process(expression)"
"ENTREZID","3665","ENTREZID","3439","directed","Process(expression)"
"ENTREZID","3665","ENTREZID","3440","directed","Process(expression)"
"ENTREZID","3665","ENTREZID","3441","directed","Process(expression)"
"ENTREZID","3665","ENTREZID","3442","directed","Process(expression)"
"ENTREZID","3665","ENTREZID","3443","directed","Process(expression)"
"ENTREZID","3665","ENTREZID","3444","directed","Process(expression)"
"ENTREZID","3665","ENTREZID","3445","directed","Process(expression)"
"ENTREZID","3665","ENTREZID","3446","directed","Process(expression)"
"ENTREZID","3665","ENTREZID","3447","directed","Process(expression)"
"ENTREZID","3665","ENTREZID","3448","directed","Process(expression)"
"ENTREZID","3665","ENTREZID","3449","directed","Process(expression)"
"ENTREZID","3665","ENTREZID","3451","directed","Process(expression)"
"ENTREZID","3665","ENTREZID","3452","directed","Process(expression)"
"ENTREZID","3665","ENTREZID","3456","directed","Process(expression)"
"ENTREZID","3717","ENTREZID","6774","directed","Process(phosphorylation)"
"ENTREZID","3717","ENTREZID","6774","directed","Process(activation)"
"ENTREZID","3725","ENTREZID","3383","directed","Process(expression)"
"ENTREZID","3725","ENTREZID","3576","directed","Process(expression)"
"ENTREZID","3725","ENTREZID","6347","directed","Process(expression)"
"ENTREZID","3845","ENTREZID","1432","directed","Process(activation)"
"ENTREZID","3845","ENTREZID","5594","directed","Process(activation)"
"ENTREZID","3845","ENTREZID","5595","directed","Process(activation)"
"ENTREZID","3845","ENTREZID","5600","directed","Process(activation)"
"ENTREZID","3845","ENTREZID","5603","directed","Process(activation)"
"ENTREZID","3845","ENTREZID","6300","directed","Process(activation)"
"ENTREZID","387","ENTREZID","9475","directed","Process(activation)"
"ENTREZID","3929","ENTREZID","929","directed","Process(binding/association)"
"ENTREZID","4067","ENTREZID","10451","directed","Process(activation)"
"ENTREZID","4067","ENTREZID","5747","directed","Process(activation)"
"ENTREZID","4067","ENTREZID","7409","directed","Process(activation)"
"ENTREZID","4067","ENTREZID","7410","directed","Process(activation)"
"ENTREZID","4217","ENTREZID","5599","directed","Process(phosphorylation)"
"ENTREZID","4217","ENTREZID","5599","directed","Process(activation)"
"ENTREZID","4217","ENTREZID","5601","directed","Process(phosphorylation)"
"ENTREZID","4217","ENTREZID","5601","directed","Process(activation)"
"ENTREZID","4217","ENTREZID","5602","directed","Process(phosphorylation)"
"ENTREZID","4217","ENTREZID","5602","directed","Process(activation)"
"ENTREZID","4312","ENTREZID","387","directed","Process(activation)"
"ENTREZID","4615","ENTREZID","3654","directed","Process(activation)"
"ENTREZID","4615","ENTREZID","51135","directed","Process(activation)"
"ENTREZID","4615","ENTREZID","7189","directed","Process(activation)"
"ENTREZID","468","ENTREZID","1649","directed","Process(expression)"
"ENTREZID","4688","ENTREZID","4689","undirected","Binding"
"ENTREZID","4688","ENTREZID","5879","undirected","Binding"
"ENTREZID","4688","ENTREZID","653361","undirected","Binding"
"ENTREZID","4689","ENTREZID","5879","undirected","Binding"
"ENTREZID","4689","ENTREZID","653361","undirected","Binding"
"ENTREZID","4790","ENTREZID","114548","directed","Process(expression)"
"ENTREZID","4790","ENTREZID","2919","directed","Process(expression)"
"ENTREZID","4790","ENTREZID","2920","directed","Process(expression)"
"ENTREZID","4790","ENTREZID","2921","directed","Process(expression)"
"ENTREZID","4790","ENTREZID","3383","directed","Process(activation)"
"ENTREZID","4790","ENTREZID","3383","directed","Process(expression)"
"ENTREZID","4790","ENTREZID","355","directed","Process(activation)"
"ENTREZID","4790","ENTREZID","355","directed","Process(expression)"
"ENTREZID","4790","ENTREZID","3553","directed","Process(activation)"
"ENTREZID","4790","ENTREZID","3553","directed","Process(expression)"
"ENTREZID","4790","ENTREZID","3569","directed","Process(activation)"
"ENTREZID","4790","ENTREZID","3569","directed","Process(expression)"
"ENTREZID","4790","ENTREZID","3576","directed","Process(activation)"
"ENTREZID","4790","ENTREZID","3576","directed","Process(expression)"
"ENTREZID","4790","ENTREZID","3592","directed","Process(expression)"
"ENTREZID","4790","ENTREZID","3593","directed","Process(expression)"
"ENTREZID","4790","ENTREZID","3606","directed","Process(expression)"
"ENTREZID","4790","ENTREZID","414062","directed","Process(expression)"
"ENTREZID","4790","ENTREZID","4312","directed","Process(activation)"
"ENTREZID","4790","ENTREZID","4312","directed","Process(expression)"
"ENTREZID","4790","ENTREZID","4314","directed","Process(activation)"
"ENTREZID","4790","ENTREZID","4314","directed","Process(expression)"
"ENTREZID","4790","ENTREZID","4318","directed","Process(activation)"
"ENTREZID","4790","ENTREZID","4318","directed","Process(expression)"
"ENTREZID","4790","ENTREZID","4846","directed","Process(repression)"
"ENTREZID","4790","ENTREZID","4973","directed","Process(expression)"
"ENTREZID","4790","ENTREZID","596","directed","Process(repression)"
"ENTREZID","4790","ENTREZID","6347","directed","Process(activation)"
"ENTREZID","4790","ENTREZID","6347","directed","Process(expression)"
"ENTREZID","4790","ENTREZID","6348","directed","Process(expression)"
"ENTREZID","4790","ENTREZID","6349","directed","Process(expression)"
"ENTREZID","4790","ENTREZID","6352","directed","Process(expression)"
"ENTREZID","4790","ENTREZID","6401","directed","Process(activation)"
"ENTREZID","4790","ENTREZID","6401","directed","Process(expression)"
"ENTREZID","4790","ENTREZID","6403","directed","Process(activation)"
"ENTREZID","4790","ENTREZID","6403","directed","Process(expression)"
"ENTREZID","4790","ENTREZID","7124","directed","Process(activation)"
"ENTREZID","4790","ENTREZID","7124","directed","Process(expression)"
"ENTREZID","4790","ENTREZID","7412","directed","Process(activation)"
"ENTREZID","4790","ENTREZID","7412","directed","Process(expression)"
"ENTREZID","4792","ENTREZID","4790","directed","Process(dissociation)"
"ENTREZID","4792","ENTREZID","5970","directed","Process(dissociation)"
"ENTREZID","4893","ENTREZID","1432","directed","Process(activation)"
"ENTREZID","4893","ENTREZID","5594","directed","Process(activation)"
"ENTREZID","4893","ENTREZID","5595","directed","Process(activation)"
"ENTREZID","4893","ENTREZID","5600","directed","Process(activation)"
"ENTREZID","4893","ENTREZID","5603","directed","Process(activation)"
"ENTREZID","4893","ENTREZID","6300","directed","Process(activation)"
"ENTREZID","4973","ENTREZID","1535","directed","Process(activation)"
"ENTREZID","4973","ENTREZID","1535","directed","Process(indirect effect)"
"ENTREZID","4973","ENTREZID","1536","directed","Process(activation)"
"ENTREZID","4973","ENTREZID","1536","directed","Process(indirect effect)"
"ENTREZID","4973","ENTREZID","27035","directed","Process(activation)"
"ENTREZID","4973","ENTREZID","27035","directed","Process(indirect effect)"
"ENTREZID","4973","ENTREZID","4688","directed","Process(activation)"
"ENTREZID","4973","ENTREZID","4688","directed","Process(indirect effect)"
"ENTREZID","4973","ENTREZID","4689","directed","Process(activation)"
"ENTREZID","4973","ENTREZID","4689","directed","Process(indirect effect)"
"ENTREZID","4973","ENTREZID","5578","directed","Process(activation)"
"ENTREZID","4973","ENTREZID","5578","directed","Process(indirect effect)"
"ENTREZID","4973","ENTREZID","5599","directed","Process(activation)"
"ENTREZID","4973","ENTREZID","5599","directed","Process(indirect effect)"
"ENTREZID","4973","ENTREZID","5601","directed","Process(activation)"
"ENTREZID","4973","ENTREZID","5601","directed","Process(indirect effect)"
"ENTREZID","4973","ENTREZID","5602","directed","Process(activation)"
"ENTREZID","4973","ENTREZID","5602","directed","Process(indirect effect)"
"ENTREZID","4973","ENTREZID","581","directed","Process(expression)"
"ENTREZID","4973","ENTREZID","581","directed","Process(indirect effect)"
"ENTREZID","4973","ENTREZID","5879","directed","Process(activation)"
"ENTREZID","4973","ENTREZID","5879","directed","Process(indirect effect)"
"ENTREZID","4973","ENTREZID","596","directed","Process(inhibition)"
"ENTREZID","4973","ENTREZID","596","directed","Process(indirect effect)"
"ENTREZID","4973","ENTREZID","653361","directed","Process(activation)"
"ENTREZID","4973","ENTREZID","653361","directed","Process(indirect effect)"
"ENTREZID","4973","ENTREZID","9138","directed","Process(binding/association)"
"ENTREZID","4973","ENTREZID","9475","directed","Process(activation)"
"ENTREZID","51135","ENTREZID","7189","undirected","Binding"
"ENTREZID","5170","ENTREZID","10000","directed","Process(activation)"
"ENTREZID","5170","ENTREZID","207","directed","Process(activation)"
"ENTREZID","5170","ENTREZID","208","directed","Process(activation)"
"ENTREZID","51806","ENTREZID","5530","directed","Process(activation)"
"ENTREZID","51806","ENTREZID","5532","directed","Process(activation)"
"ENTREZID","51806","ENTREZID","5533","directed","Process(activation)"
"ENTREZID","51806","ENTREZID","5534","directed","Process(activation)"
"ENTREZID","51806","ENTREZID","5535","directed","Process(activation)"
"ENTREZID","54205","ENTREZID","317","directed","Process(binding/association)"
"ENTREZID","54205","ENTREZID","842","directed","Process(activation)"
"ENTREZID","5451","ENTREZID","1543","directed","Process(repression)"
"ENTREZID","5451","ENTREZID","1548","directed","Process(repression)"
"ENTREZID","5451","ENTREZID","1549","directed","Process(repression)"
"ENTREZID","5451","ENTREZID","1555","directed","Process(repression)"
"ENTREZID","5451","ENTREZID","1558","directed","Process(repression)"
"ENTREZID","5451","ENTREZID","1559","directed","Process(repression)"
"ENTREZID","5451","ENTREZID","1573","directed","Process(repression)"
"ENTREZID","5451","ENTREZID","4973","directed","Process(expression)"
"ENTREZID","5451","ENTREZID","958","directed","Process(expression)"
"ENTREZID","5451","ENTREZID","959","directed","Process(expression)"
"ENTREZID","5452","ENTREZID","1543","directed","Process(repression)"
"ENTREZID","5452","ENTREZID","1548","directed","Process(repression)"
"ENTREZID","5452","ENTREZID","1549","directed","Process(repression)"
"ENTREZID","5452","ENTREZID","1555","directed","Process(repression)"
"ENTREZID","5452","ENTREZID","1558","directed","Process(repression)"
"ENTREZID","5452","ENTREZID","1559","directed","Process(repression)"
"ENTREZID","5452","ENTREZID","1573","directed","Process(repression)"
"ENTREZID","5452","ENTREZID","4973","directed","Process(expression)"
"ENTREZID","5452","ENTREZID","958","directed","Process(expression)"
"ENTREZID","5452","ENTREZID","959","directed","Process(expression)"
"ENTREZID","5468","ENTREZID","6256","undirected","Binding"
"ENTREZID","5468","ENTREZID","6257","undirected","Binding"
"ENTREZID","5468","ENTREZID","6258","undirected","Binding"
"ENTREZID","5468","ENTREZID","948","directed","Process(expression)"
"ENTREZID","5530","ENTREZID","4772","directed","Process(activation)"
"ENTREZID","5530","ENTREZID","4772","directed","Process(dephosphorylation)"
"ENTREZID","5530","ENTREZID","4773","directed","Process(activation)"
"ENTREZID","5530","ENTREZID","4773","directed","Process(dephosphorylation)"
"ENTREZID","5530","ENTREZID","4775","directed","Process(activation)"
"ENTREZID","5530","ENTREZID","4775","directed","Process(dephosphorylation)"
"ENTREZID","5532","ENTREZID","4772","directed","Process(activation)"
"ENTREZID","5532","ENTREZID","4772","directed","Process(dephosphorylation)"
"ENTREZID","5532","ENTREZID","4773","directed","Process(activation)"
"ENTREZID","5532","ENTREZID","4773","directed","Process(dephosphorylation)"
"ENTREZID","5532","ENTREZID","4775","directed","Process(activation)"
"ENTREZID","5532","ENTREZID","4775","directed","Process(dephosphorylation)"
"ENTREZID","5533","ENTREZID","4772","directed","Process(activation)"
"ENTREZID","5533","ENTREZID","4772","directed","Process(dephosphorylation)"
"ENTREZID","5533","ENTREZID","4773","directed","Process(activation)"
"ENTREZID","5533","ENTREZID","4773","directed","Process(dephosphorylation)"
"ENTREZID","5533","ENTREZID","4775","directed","Process(activation)"
"ENTREZID","5533","ENTREZID","4775","directed","Process(dephosphorylation)"
"ENTREZID","5534","ENTREZID","4772","directed","Process(activation)"
"ENTREZID","5534","ENTREZID","4772","directed","Process(dephosphorylation)"
"ENTREZID","5534","ENTREZID","4773","directed","Process(activation)"
"ENTREZID","5534","ENTREZID","4773","directed","Process(dephosphorylation)"
"ENTREZID","5534","ENTREZID","4775","directed","Process(activation)"
"ENTREZID","5534","ENTREZID","4775","directed","Process(dephosphorylation)"
"ENTREZID","5535","ENTREZID","4772","directed","Process(activation)"
"ENTREZID","5535","ENTREZID","4772","directed","Process(dephosphorylation)"
"ENTREZID","5535","ENTREZID","4773","directed","Process(activation)"
"ENTREZID","5535","ENTREZID","4773","directed","Process(dephosphorylation)"
"ENTREZID","5535","ENTREZID","4775","directed","Process(activation)"
"ENTREZID","5535","ENTREZID","4775","directed","Process(dephosphorylation)"
"ENTREZID","5578","ENTREZID","25833","directed","Process(activation)"
"ENTREZID","5578","ENTREZID","25833","directed","Process(indirect effect)"
"ENTREZID","5578","ENTREZID","5451","directed","Process(activation)"
"ENTREZID","5578","ENTREZID","5451","directed","Process(indirect effect)"
"ENTREZID","5578","ENTREZID","5452","directed","Process(activation)"
"ENTREZID","5578","ENTREZID","5452","directed","Process(indirect effect)"
"ENTREZID","5594","ENTREZID","4790","directed","Process(activation)"
"ENTREZID","5594","ENTREZID","4790","directed","Process(indirect effect)"
"ENTREZID","5594","ENTREZID","5906","directed","Process(activation)"
"ENTREZID","5594","ENTREZID","5906","directed","Process(indirect effect)"
"ENTREZID","5594","ENTREZID","5908","directed","Process(activation)"
"ENTREZID","5594","ENTREZID","5908","directed","Process(indirect effect)"
"ENTREZID","5594","ENTREZID","5970","directed","Process(activation)"
"ENTREZID","5594","ENTREZID","5970","directed","Process(indirect effect)"
"ENTREZID","5595","ENTREZID","4790","directed","Process(activation)"
"ENTREZID","5595","ENTREZID","4790","directed","Process(indirect effect)"
"ENTREZID","5595","ENTREZID","5906","directed","Process(activation)"
"ENTREZID","5595","ENTREZID","5906","directed","Process(indirect effect)"
"ENTREZID","5595","ENTREZID","5908","directed","Process(activation)"
"ENTREZID","5595","ENTREZID","5908","directed","Process(indirect effect)"
"ENTREZID","5595","ENTREZID","5970","directed","Process(activation)"
"ENTREZID","5595","ENTREZID","5970","directed","Process(indirect effect)"
"ENTREZID","5599","ENTREZID","2353","directed","Process(phosphorylation)"
"ENTREZID","5599","ENTREZID","2353","directed","Process(activation)"
"ENTREZID","5599","ENTREZID","3725","directed","Process(phosphorylation)"
"ENTREZID","5599","ENTREZID","3725","directed","Process(activation)"
"ENTREZID","5599","ENTREZID","6648","directed","Process(inhibition)"
"ENTREZID","5599","ENTREZID","6648","directed","Process(indirect effect)"
"ENTREZID","5600","ENTREZID","4790","directed","Process(activation)"
"ENTREZID","5600","ENTREZID","4790","directed","Process(indirect effect)"
"ENTREZID","5600","ENTREZID","5970","directed","Process(activation)"
"ENTREZID","5600","ENTREZID","5970","directed","Process(indirect effect)"
"ENTREZID","5601","ENTREZID","2353","directed","Process(phosphorylation)"
"ENTREZID","5601","ENTREZID","2353","directed","Process(activation)"
"ENTREZID","5601","ENTREZID","3725","directed","Process(phosphorylation)"
"ENTREZID","5601","ENTREZID","3725","directed","Process(activation)"
"ENTREZID","5601","ENTREZID","6648","directed","Process(inhibition)"
"ENTREZID","5601","ENTREZID","6648","directed","Process(indirect effect)"
"ENTREZID","5602","ENTREZID","2353","directed","Process(phosphorylation)"
"ENTREZID","5602","ENTREZID","2353","directed","Process(activation)"
"ENTREZID","5602","ENTREZID","3725","directed","Process(phosphorylation)"
"ENTREZID","5602","ENTREZID","3725","directed","Process(activation)"
"ENTREZID","5602","ENTREZID","6648","directed","Process(inhibition)"
"ENTREZID","5602","ENTREZID","6648","directed","Process(indirect effect)"
"ENTREZID","5603","ENTREZID","4790","directed","Process(activation)"
"ENTREZID","5603","ENTREZID","4790","directed","Process(indirect effect)"
"ENTREZID","5603","ENTREZID","5970","directed","Process(activation)"
"ENTREZID","5603","ENTREZID","5970","directed","Process(indirect effect)"
"ENTREZID","5606","ENTREZID","1432","directed","Process(phosphorylation)"
"ENTREZID","5606","ENTREZID","1432","directed","Process(activation)"
"ENTREZID","5606","ENTREZID","5600","directed","Process(phosphorylation)"
"ENTREZID","5606","ENTREZID","5600","directed","Process(activation)"
"ENTREZID","5606","ENTREZID","5603","directed","Process(phosphorylation)"
"ENTREZID","5606","ENTREZID","5603","directed","Process(activation)"
"ENTREZID","5606","ENTREZID","6300","directed","Process(phosphorylation)"
"ENTREZID","5606","ENTREZID","6300","directed","Process(activation)"
"ENTREZID","5608","ENTREZID","1432","directed","Process(phosphorylation)"
"ENTREZID","5608","ENTREZID","1432","directed","Process(activation)"
"ENTREZID","5608","ENTREZID","5600","directed","Process(phosphorylation)"
"ENTREZID","5608","ENTREZID","5600","directed","Process(activation)"
"ENTREZID","5608","ENTREZID","5603","directed","Process(phosphorylation)"
"ENTREZID","5608","ENTREZID","5603","directed","Process(activation)"
"ENTREZID","5608","ENTREZID","6300","directed","Process(phosphorylation)"
"ENTREZID","5608","ENTREZID","6300","directed","Process(activation)"
"ENTREZID","5609","ENTREZID","5599","directed","Process(phosphorylation)"
"ENTREZID","5609","ENTREZID","5599","directed","Process(activation)"
"ENTREZID","5609","ENTREZID","5601","directed","Process(phosphorylation)"
"ENTREZID","5609","ENTREZID","5601","directed","Process(activation)"
"ENTREZID","5609","ENTREZID","5602","directed","Process(phosphorylation)"
"ENTREZID","5609","ENTREZID","5602","directed","Process(activation)"
"ENTREZID","57534","ENTREZID","10010","directed","Process(activation)"
"ENTREZID","57534","ENTREZID","7187","undirected","Binding"
"ENTREZID","5879","ENTREZID","1535","directed","Process(activation)"
"ENTREZID","5879","ENTREZID","1536","directed","Process(activation)"
"ENTREZID","5879","ENTREZID","27035","directed","Process(activation)"
"ENTREZID","5879","ENTREZID","4688","directed","Process(activation)"
"ENTREZID","5879","ENTREZID","4689","directed","Process(activation)"
"ENTREZID","5879","ENTREZID","5606","directed","Process(activation)"
"ENTREZID","5879","ENTREZID","5608","directed","Process(activation)"
"ENTREZID","5879","ENTREZID","5609","directed","Process(activation)"
"ENTREZID","5879","ENTREZID","6416","directed","Process(activation)"
"ENTREZID","5879","ENTREZID","653361","directed","Process(activation)"
"ENTREZID","5879","ENTREZID","653361","undirected","Binding"
"ENTREZID","5906","ENTREZID","5879","directed","Process(activation)"
"ENTREZID","5908","ENTREZID","5879","directed","Process(activation)"
"ENTREZID","596","ENTREZID","581","directed","Process(inhibition)"
"ENTREZID","5970","ENTREZID","114548","directed","Process(expression)"
"ENTREZID","5970","ENTREZID","2919","directed","Process(expression)"
"ENTREZID","5970","ENTREZID","2920","directed","Process(expression)"
"ENTREZID","5970","ENTREZID","2921","directed","Process(expression)"
"ENTREZID","5970","ENTREZID","3383","directed","Process(activation)"
"ENTREZID","5970","ENTREZID","3383","directed","Process(expression)"
"ENTREZID","5970","ENTREZID","355","directed","Process(activation)"
"ENTREZID","5970","ENTREZID","355","directed","Process(expression)"
"ENTREZID","5970","ENTREZID","3553","directed","Process(activation)"
"ENTREZID","5970","ENTREZID","3553","directed","Process(expression)"
"ENTREZID","5970","ENTREZID","3569","directed","Process(activation)"
"ENTREZID","5970","ENTREZID","3569","directed","Process(expression)"
"ENTREZID","5970","ENTREZID","3576","directed","Process(activation)"
"ENTREZID","5970","ENTREZID","3576","directed","Process(expression)"
"ENTREZID","5970","ENTREZID","3592","directed","Process(expression)"
"ENTREZID","5970","ENTREZID","3593","directed","Process(expression)"
"ENTREZID","5970","ENTREZID","3606","directed","Process(expression)"
"ENTREZID","5970","ENTREZID","414062","directed","Process(expression)"
"ENTREZID","5970","ENTREZID","4312","directed","Process(activation)"
"ENTREZID","5970","ENTREZID","4312","directed","Process(expression)"
"ENTREZID","5970","ENTREZID","4314","directed","Process(activation)"
"ENTREZID","5970","ENTREZID","4314","directed","Process(expression)"
"ENTREZID","5970","ENTREZID","4318","directed","Process(activation)"
"ENTREZID","5970","ENTREZID","4318","directed","Process(expression)"
"ENTREZID","5970","ENTREZID","4846","directed","Process(repression)"
"ENTREZID","5970","ENTREZID","4973","directed","Process(expression)"
"ENTREZID","5970","ENTREZID","596","directed","Process(repression)"
"ENTREZID","5970","ENTREZID","6347","directed","Process(activation)"
"ENTREZID","5970","ENTREZID","6347","directed","Process(expression)"
"ENTREZID","5970","ENTREZID","6348","directed","Process(expression)"
"ENTREZID","5970","ENTREZID","6349","directed","Process(expression)"
"ENTREZID","5970","ENTREZID","6352","directed","Process(expression)"
"ENTREZID","5970","ENTREZID","6401","directed","Process(activation)"
"ENTREZID","5970","ENTREZID","6401","directed","Process(expression)"
"ENTREZID","5970","ENTREZID","6403","directed","Process(activation)"
"ENTREZID","5970","ENTREZID","6403","directed","Process(expression)"
"ENTREZID","5970","ENTREZID","7124","directed","Process(activation)"
"ENTREZID","5970","ENTREZID","7124","directed","Process(expression)"
"ENTREZID","5970","ENTREZID","7412","directed","Process(activation)"
"ENTREZID","5970","ENTREZID","7412","directed","Process(expression)"
"ENTREZID","6256","ENTREZID","5468","directed","Process(expression)"
"ENTREZID","6256","ENTREZID","6257","undirected","Binding"
"ENTREZID","6256","ENTREZID","6258","undirected","Binding"
"ENTREZID","6256","ENTREZID","948","directed","Process(expression)"
"ENTREZID","6257","ENTREZID","5468","directed","Process(expression)"
"ENTREZID","6257","ENTREZID","6258","undirected","Binding"
"ENTREZID","6257","ENTREZID","948","directed","Process(expression)"
"ENTREZID","6258","ENTREZID","5468","directed","Process(expression)"
"ENTREZID","6258","ENTREZID","948","directed","Process(expression)"
"ENTREZID","6300","ENTREZID","4790","directed","Process(activation)"
"ENTREZID","6300","ENTREZID","4790","directed","Process(indirect effect)"
"ENTREZID","6300","ENTREZID","5970","directed","Process(activation)"
"ENTREZID","6300","ENTREZID","5970","directed","Process(indirect effect)"
"ENTREZID","6416","ENTREZID","5599","directed","Process(phosphorylation)"
"ENTREZID","6416","ENTREZID","5599","directed","Process(activation)"
"ENTREZID","6416","ENTREZID","5601","directed","Process(phosphorylation)"
"ENTREZID","6416","ENTREZID","5601","directed","Process(activation)"
"ENTREZID","6416","ENTREZID","5602","directed","Process(phosphorylation)"
"ENTREZID","6416","ENTREZID","5602","directed","Process(activation)"
"ENTREZID","6714","ENTREZID","3265","directed","Process(activation)"
"ENTREZID","6714","ENTREZID","3717","directed","Process(activation)"
"ENTREZID","6714","ENTREZID","3717","directed","Process(indirect effect)"
"ENTREZID","6714","ENTREZID","3845","directed","Process(activation)"
"ENTREZID","6714","ENTREZID","4893","directed","Process(activation)"
"ENTREZID","6714","ENTREZID","5879","directed","Process(activation)"
"ENTREZID","6714","ENTREZID","998","directed","Process(activation)"
"ENTREZID","6885","ENTREZID","1147","directed","Process(phosphorylation)"
"ENTREZID","6885","ENTREZID","1147","directed","Process(activation)"
"ENTREZID","6885","ENTREZID","3551","directed","Process(phosphorylation)"
"ENTREZID","6885","ENTREZID","3551","directed","Process(activation)"
"ENTREZID","6885","ENTREZID","4790","directed","Process(activation)"
"ENTREZID","6885","ENTREZID","4790","directed","Process(indirect effect)"
"ENTREZID","6885","ENTREZID","5606","directed","Process(phosphorylation)"
"ENTREZID","6885","ENTREZID","5606","directed","Process(activation)"
"ENTREZID","6885","ENTREZID","5608","directed","Process(phosphorylation)"
"ENTREZID","6885","ENTREZID","5608","directed","Process(activation)"
"ENTREZID","6885","ENTREZID","5609","directed","Process(phosphorylation)"
"ENTREZID","6885","ENTREZID","5609","directed","Process(activation)"
"ENTREZID","6885","ENTREZID","5970","directed","Process(activation)"
"ENTREZID","6885","ENTREZID","5970","directed","Process(indirect effect)"
"ENTREZID","6885","ENTREZID","6416","directed","Process(phosphorylation)"
"ENTREZID","6885","ENTREZID","6416","directed","Process(activation)"
"ENTREZID","6885","ENTREZID","8517","directed","Process(phosphorylation)"
"ENTREZID","6885","ENTREZID","8517","directed","Process(activation)"
"ENTREZID","7097","ENTREZID","114609","directed","Process(activation)"
"ENTREZID","7097","ENTREZID","4615","directed","Process(activation)"
"ENTREZID","7097","ENTREZID","5594","directed","Process(activation)"
"ENTREZID","7097","ENTREZID","5594","directed","Process(indirect effect)"
"ENTREZID","7097","ENTREZID","5595","directed","Process(activation)"
"ENTREZID","7097","ENTREZID","5595","directed","Process(indirect effect)"
"ENTREZID","7099","ENTREZID","114609","directed","Process(activation)"
"ENTREZID","7099","ENTREZID","353376","directed","Process(activation)"
"ENTREZID","7099","ENTREZID","4615","directed","Process(activation)"
"ENTREZID","7099","ENTREZID","5594","directed","Process(activation)"
"ENTREZID","7099","ENTREZID","5594","directed","Process(indirect effect)"
"ENTREZID","7099","ENTREZID","5595","directed","Process(activation)"
"ENTREZID","7099","ENTREZID","5595","directed","Process(indirect effect)"
"ENTREZID","7124","ENTREZID","7132","directed","Process(activation)"
"ENTREZID","7132","ENTREZID","841","directed","Process(activation)"
"ENTREZID","7132","ENTREZID","841","directed","Process(indirect effect)"
"ENTREZID","7184","ENTREZID","7097","directed","Process(activation)"
"ENTREZID","7186","ENTREZID","4217","directed","Process(activation)"
"ENTREZID","7186","ENTREZID","6885","directed","Process(activation)"
"ENTREZID","7186","ENTREZID","7494","directed","Process(activation)"
"ENTREZID","7187","ENTREZID","10010","directed","Process(activation)"
"ENTREZID","7189","ENTREZID","10454","directed","Process(activation)"
"ENTREZID","7189","ENTREZID","23118","directed","Process(activation)"
"ENTREZID","7189","ENTREZID","6885","directed","Process(activation)"
"ENTREZID","7409","ENTREZID","5879","directed","Process(activation)"
"ENTREZID","7410","ENTREZID","5879","directed","Process(activation)"
"ENTREZID","7436","ENTREZID","5290","directed","Process(activation)"
"ENTREZID","7436","ENTREZID","5291","directed","Process(activation)"
"ENTREZID","7436","ENTREZID","5293","directed","Process(activation)"
"ENTREZID","7436","ENTREZID","5295","directed","Process(activation)"
"ENTREZID","7436","ENTREZID","5296","directed","Process(activation)"
"ENTREZID","7436","ENTREZID","8503","directed","Process(activation)"
"ENTREZID","801","ENTREZID","5530","directed","Process(activation)"
"ENTREZID","801","ENTREZID","5532","directed","Process(activation)"
"ENTREZID","801","ENTREZID","5533","directed","Process(activation)"
"ENTREZID","801","ENTREZID","5534","directed","Process(activation)"
"ENTREZID","801","ENTREZID","5535","directed","Process(activation)"
"ENTREZID","805","ENTREZID","5530","directed","Process(activation)"
"ENTREZID","805","ENTREZID","5532","directed","Process(activation)"
"ENTREZID","805","ENTREZID","5533","directed","Process(activation)"
"ENTREZID","805","ENTREZID","5534","directed","Process(activation)"
"ENTREZID","805","ENTREZID","5535","directed","Process(activation)"
"ENTREZID","808","ENTREZID","5530","directed","Process(activation)"
"ENTREZID","808","ENTREZID","5532","directed","Process(activation)"
"ENTREZID","808","ENTREZID","5533","directed","Process(activation)"
"ENTREZID","808","ENTREZID","5534","directed","Process(activation)"
"ENTREZID","808","ENTREZID","5535","directed","Process(activation)"
"ENTREZID","810","ENTREZID","5530","directed","Process(activation)"
"ENTREZID","810","ENTREZID","5532","directed","Process(activation)"
"ENTREZID","810","ENTREZID","5533","directed","Process(activation)"
"ENTREZID","810","ENTREZID","5534","directed","Process(activation)"
"ENTREZID","810","ENTREZID","5535","directed","Process(activation)"
"ENTREZID","834","ENTREZID","3553","directed","Process(activation)"
"ENTREZID","834","ENTREZID","3606","directed","Process(activation)"
"ENTREZID","841","ENTREZID","637","directed","Process(activation)"
"ENTREZID","841","ENTREZID","836","directed","Process(activation)"
"ENTREZID","841","ENTREZID","839","directed","Process(activation)"
"ENTREZID","841","ENTREZID","840","directed","Process(activation)"
"ENTREZID","842","ENTREZID","836","directed","Process(activation)"
"ENTREZID","842","ENTREZID","839","directed","Process(activation)"
"ENTREZID","842","ENTREZID","840","directed","Process(activation)"
"ENTREZID","8517","ENTREZID","4792","directed","Process(phosphorylation)"
"ENTREZID","8517","ENTREZID","4792","directed","Process(activation)"
"ENTREZID","8743","ENTREZID","8795","directed","Process(activation)"
"ENTREZID","8743","ENTREZID","8797","directed","Process(activation)"
"ENTREZID","8795","ENTREZID","841","directed","Process(activation)"
"ENTREZID","8795","ENTREZID","841","directed","Process(indirect effect)"
"ENTREZID","8797","ENTREZID","841","directed","Process(activation)"
"ENTREZID","8797","ENTREZID","841","directed","Process(indirect effect)"
"ENTREZID","9138","ENTREZID","387","directed","Process(activation)"
"ENTREZID","9138","ENTREZID","4312","directed","Process(activation)"
"ENTREZID","91860","ENTREZID","5530","directed","Process(activation)"
"ENTREZID","91860","ENTREZID","5532","directed","Process(activation)"
"ENTREZID","91860","ENTREZID","5533","directed","Process(activation)"
"ENTREZID","91860","ENTREZID","5534","directed","Process(activation)"
"ENTREZID","91860","ENTREZID","5535","directed","Process(activation)"
"ENTREZID","929","ENTREZID","7099","directed","Process(activation)"
"ENTREZID","9451","ENTREZID","1965","directed","Process(activation)"
"ENTREZID","9475","ENTREZID","4846","directed","Process(inhibition)"
"ENTREZID","9475","ENTREZID","4846","directed","Process(phosphorylation)"
"ENTREZID","948","ENTREZID","4067","directed","Process(binding/association)"
"ENTREZID","9641","ENTREZID","3661","directed","Process(phosphorylation)"
"ENTREZID","9641","ENTREZID","3661","directed","Process(activation)"
"ENTREZID","9641","ENTREZID","3665","directed","Process(phosphorylation)"
"ENTREZID","9641","ENTREZID","3665","directed","Process(activation)"
"ENTREZID","998","ENTREZID","5606","directed","Process(activation)"
"ENTREZID","998","ENTREZID","5608","directed","Process(activation)"
"ENTREZID","998","ENTREZID","5609","directed","Process(activation)"
"ENTREZID","998","ENTREZID","6416","directed","Process(activation)"
