"src_type","src","dest_type","dest","direction","type"
"ENTREZID","10905","ENTREZID","4245","directed","Process(missing)"
"ENTREZID","11253","ENTREZID","10905","directed","Process(missing)"
"ENTREZID","11253","ENTREZID","4121","directed","Process(missing)"
"ENTREZID","11253","ENTREZID","57134","directed","Process(missing)"
"ENTREZID","4121","ENTREZID","4245","directed","Process(missing)"
"ENTREZID","4122","ENTREZID","4247","directed","Process(missing)"
"ENTREZID","4124","ENTREZID","4247","directed","Process(missing)"
"ENTREZID","4245","ENTREZID","4122","directed","Process(missing)"
"ENTREZID","4245","ENTREZID","4124","directed","Process(missing)"
"ENTREZID","57134","ENTREZID","4245","directed","Process(missing)"
