"src_type","src","dest_type","dest","direction","type"
"ENTREZID","10026","ENTREZID","128869","undirected","Binding"
"ENTREZID","10026","ENTREZID","51604","undirected","Binding"
"ENTREZID","10026","ENTREZID","8733","undirected","Binding"
"ENTREZID","10026","ENTREZID","94005","undirected","Binding"
"ENTREZID","128869","ENTREZID","51604","undirected","Binding"
"ENTREZID","128869","ENTREZID","8733","undirected","Binding"
"ENTREZID","128869","ENTREZID","94005","undirected","Binding"
"ENTREZID","51227","ENTREZID","5277","undirected","Binding"
"ENTREZID","51227","ENTREZID","5279","undirected","Binding"
"ENTREZID","51227","ENTREZID","5283","undirected","Binding"
"ENTREZID","51227","ENTREZID","84992","undirected","Binding"
"ENTREZID","51227","ENTREZID","8818","undirected","Binding"
"ENTREZID","51227","ENTREZID","9091","undirected","Binding"
"ENTREZID","51604","ENTREZID","8733","undirected","Binding"
"ENTREZID","51604","ENTREZID","94005","undirected","Binding"
"ENTREZID","5277","ENTREZID","5279","undirected","Binding"
"ENTREZID","5277","ENTREZID","5283","undirected","Binding"
"ENTREZID","5277","ENTREZID","84992","undirected","Binding"
"ENTREZID","5277","ENTREZID","8818","undirected","Binding"
"ENTREZID","5277","ENTREZID","9091","undirected","Binding"
"ENTREZID","5279","ENTREZID","5283","undirected","Binding"
"ENTREZID","5279","ENTREZID","84992","undirected","Binding"
"ENTREZID","5279","ENTREZID","8818","undirected","Binding"
"ENTREZID","5279","ENTREZID","9091","undirected","Binding"
"ENTREZID","5281","ENTREZID","54872","undirected","Binding"
"ENTREZID","5281","ENTREZID","84720","undirected","Binding"
"ENTREZID","5283","ENTREZID","84992","undirected","Binding"
"ENTREZID","5283","ENTREZID","8818","undirected","Binding"
"ENTREZID","5283","ENTREZID","9091","undirected","Binding"
"ENTREZID","54965","ENTREZID","93183","undirected","Binding"
"ENTREZID","84992","ENTREZID","8818","undirected","Binding"
"ENTREZID","84992","ENTREZID","9091","undirected","Binding"
"ENTREZID","8733","ENTREZID","94005","undirected","Binding"
"ENTREZID","8818","ENTREZID","9091","undirected","Binding"
