"src_type","src","dest_type","dest","direction","type"
"ENTREZID","10327","ENTREZID","124","directed","Process(indirect)"
"ENTREZID","10327","ENTREZID","125","directed","Process(indirect)"
"ENTREZID","10327","ENTREZID","126","directed","Process(indirect)"
"ENTREZID","10327","ENTREZID","127","directed","Process(indirect)"
"ENTREZID","10327","ENTREZID","128","directed","Process(indirect)"
"ENTREZID","10327","ENTREZID","130","directed","Process(indirect)"
"ENTREZID","10327","ENTREZID","131","directed","Process(indirect)"
"ENTREZID","124","ENTREZID","10327","directed","Process(indirect)"
"ENTREZID","124","ENTREZID","10327","undirected","Process(indirect)"
"ENTREZID","124","ENTREZID","125","directed","Process(indirect)"
"ENTREZID","124","ENTREZID","126","directed","Process(indirect)"
"ENTREZID","124","ENTREZID","127","directed","Process(indirect)"
"ENTREZID","124","ENTREZID","128","directed","Process(indirect)"
"ENTREZID","124","ENTREZID","130","directed","Process(indirect)"
"ENTREZID","124","ENTREZID","131","directed","Process(indirect)"
"ENTREZID","124","ENTREZID","217","undirected","Process(indirect)"
"ENTREZID","124","ENTREZID","218","undirected","Process(indirect)"
"ENTREZID","124","ENTREZID","219","undirected","Process(indirect)"
"ENTREZID","124","ENTREZID","221","undirected","Process(indirect)"
"ENTREZID","124","ENTREZID","222","undirected","Process(indirect)"
"ENTREZID","124","ENTREZID","223","undirected","Process(indirect)"
"ENTREZID","124","ENTREZID","224","undirected","Process(indirect)"
"ENTREZID","124","ENTREZID","501","undirected","Process(indirect)"
"ENTREZID","125","ENTREZID","10327","directed","Process(indirect)"
"ENTREZID","125","ENTREZID","10327","undirected","Process(indirect)"
"ENTREZID","125","ENTREZID","124","directed","Process(indirect)"
"ENTREZID","125","ENTREZID","126","directed","Process(indirect)"
"ENTREZID","125","ENTREZID","127","directed","Process(indirect)"
"ENTREZID","125","ENTREZID","128","directed","Process(indirect)"
"ENTREZID","125","ENTREZID","130","directed","Process(indirect)"
"ENTREZID","125","ENTREZID","131","directed","Process(indirect)"
"ENTREZID","125","ENTREZID","217","undirected","Process(indirect)"
"ENTREZID","125","ENTREZID","218","undirected","Process(indirect)"
"ENTREZID","125","ENTREZID","219","undirected","Process(indirect)"
"ENTREZID","125","ENTREZID","221","undirected","Process(indirect)"
"ENTREZID","125","ENTREZID","222","undirected","Process(indirect)"
"ENTREZID","125","ENTREZID","223","undirected","Process(indirect)"
"ENTREZID","125","ENTREZID","224","undirected","Process(indirect)"
"ENTREZID","125","ENTREZID","501","undirected","Process(indirect)"
"ENTREZID","126","ENTREZID","10327","directed","Process(indirect)"
"ENTREZID","126","ENTREZID","10327","undirected","Process(indirect)"
"ENTREZID","126","ENTREZID","124","directed","Process(indirect)"
"ENTREZID","126","ENTREZID","125","directed","Process(indirect)"
"ENTREZID","126","ENTREZID","127","directed","Process(indirect)"
"ENTREZID","126","ENTREZID","128","directed","Process(indirect)"
"ENTREZID","126","ENTREZID","130","directed","Process(indirect)"
"ENTREZID","126","ENTREZID","131","directed","Process(indirect)"
"ENTREZID","126","ENTREZID","217","undirected","Process(indirect)"
"ENTREZID","126","ENTREZID","218","undirected","Process(indirect)"
"ENTREZID","126","ENTREZID","219","undirected","Process(indirect)"
"ENTREZID","126","ENTREZID","221","undirected","Process(indirect)"
"ENTREZID","126","ENTREZID","222","undirected","Process(indirect)"
"ENTREZID","126","ENTREZID","223","undirected","Process(indirect)"
"ENTREZID","126","ENTREZID","224","undirected","Process(indirect)"
"ENTREZID","126","ENTREZID","501","undirected","Process(indirect)"
"ENTREZID","127","ENTREZID","10327","directed","Process(indirect)"
"ENTREZID","127","ENTREZID","10327","undirected","Process(indirect)"
"ENTREZID","127","ENTREZID","124","directed","Process(indirect)"
"ENTREZID","127","ENTREZID","125","directed","Process(indirect)"
"ENTREZID","127","ENTREZID","126","directed","Process(indirect)"
"ENTREZID","127","ENTREZID","128","directed","Process(indirect)"
"ENTREZID","127","ENTREZID","130","directed","Process(indirect)"
"ENTREZID","127","ENTREZID","131","directed","Process(indirect)"
"ENTREZID","127","ENTREZID","217","undirected","Process(indirect)"
"ENTREZID","127","ENTREZID","218","undirected","Process(indirect)"
"ENTREZID","127","ENTREZID","219","undirected","Process(indirect)"
"ENTREZID","127","ENTREZID","221","undirected","Process(indirect)"
"ENTREZID","127","ENTREZID","222","undirected","Process(indirect)"
"ENTREZID","127","ENTREZID","223","undirected","Process(indirect)"
"ENTREZID","127","ENTREZID","224","undirected","Process(indirect)"
"ENTREZID","127","ENTREZID","501","undirected","Process(indirect)"
"ENTREZID","128","ENTREZID","10327","directed","Process(indirect)"
"ENTREZID","128","ENTREZID","10327","undirected","Process(indirect)"
"ENTREZID","128","ENTREZID","124","directed","Process(indirect)"
"ENTREZID","128","ENTREZID","125","directed","Process(indirect)"
"ENTREZID","128","ENTREZID","126","directed","Process(indirect)"
"ENTREZID","128","ENTREZID","127","directed","Process(indirect)"
"ENTREZID","128","ENTREZID","130","directed","Process(indirect)"
"ENTREZID","128","ENTREZID","131","directed","Process(indirect)"
"ENTREZID","128","ENTREZID","217","undirected","Process(indirect)"
"ENTREZID","128","ENTREZID","218","undirected","Process(indirect)"
"ENTREZID","128","ENTREZID","219","undirected","Process(indirect)"
"ENTREZID","128","ENTREZID","221","undirected","Process(indirect)"
"ENTREZID","128","ENTREZID","222","undirected","Process(indirect)"
"ENTREZID","128","ENTREZID","223","undirected","Process(indirect)"
"ENTREZID","128","ENTREZID","224","undirected","Process(indirect)"
"ENTREZID","128","ENTREZID","501","undirected","Process(indirect)"
"ENTREZID","130","ENTREZID","10327","directed","Process(indirect)"
"ENTREZID","130","ENTREZID","10327","undirected","Process(indirect)"
"ENTREZID","130","ENTREZID","124","directed","Process(indirect)"
"ENTREZID","130","ENTREZID","125","directed","Process(indirect)"
"ENTREZID","130","ENTREZID","126","directed","Process(indirect)"
"ENTREZID","130","ENTREZID","127","directed","Process(indirect)"
"ENTREZID","130","ENTREZID","128","directed","Process(indirect)"
"ENTREZID","130","ENTREZID","131","directed","Process(indirect)"
"ENTREZID","130","ENTREZID","217","undirected","Process(indirect)"
"ENTREZID","130","ENTREZID","218","undirected","Process(indirect)"
"ENTREZID","130","ENTREZID","219","undirected","Process(indirect)"
"ENTREZID","130","ENTREZID","221","undirected","Process(indirect)"
"ENTREZID","130","ENTREZID","222","undirected","Process(indirect)"
"ENTREZID","130","ENTREZID","223","undirected","Process(indirect)"
"ENTREZID","130","ENTREZID","224","undirected","Process(indirect)"
"ENTREZID","130","ENTREZID","501","undirected","Process(indirect)"
"ENTREZID","130589","ENTREZID","2538","directed","Process(indirect)"
"ENTREZID","130589","ENTREZID","2645","directed","Process(indirect)"
"ENTREZID","130589","ENTREZID","3098","directed","Process(indirect)"
"ENTREZID","130589","ENTREZID","3099","directed","Process(indirect)"
"ENTREZID","130589","ENTREZID","3101","directed","Process(indirect)"
"ENTREZID","130589","ENTREZID","57818","directed","Process(indirect)"
"ENTREZID","130589","ENTREZID","80201","directed","Process(indirect)"
"ENTREZID","130589","ENTREZID","83440","directed","Process(indirect)"
"ENTREZID","130589","ENTREZID","92579","directed","Process(indirect)"
"ENTREZID","131","ENTREZID","10327","directed","Process(indirect)"
"ENTREZID","131","ENTREZID","10327","undirected","Process(indirect)"
"ENTREZID","131","ENTREZID","124","directed","Process(indirect)"
"ENTREZID","131","ENTREZID","125","directed","Process(indirect)"
"ENTREZID","131","ENTREZID","126","directed","Process(indirect)"
"ENTREZID","131","ENTREZID","127","directed","Process(indirect)"
"ENTREZID","131","ENTREZID","128","directed","Process(indirect)"
"ENTREZID","131","ENTREZID","130","directed","Process(indirect)"
"ENTREZID","131","ENTREZID","217","undirected","Process(indirect)"
"ENTREZID","131","ENTREZID","218","undirected","Process(indirect)"
"ENTREZID","131","ENTREZID","219","undirected","Process(indirect)"
"ENTREZID","131","ENTREZID","221","undirected","Process(indirect)"
"ENTREZID","131","ENTREZID","222","undirected","Process(indirect)"
"ENTREZID","131","ENTREZID","223","undirected","Process(indirect)"
"ENTREZID","131","ENTREZID","224","undirected","Process(indirect)"
"ENTREZID","131","ENTREZID","501","undirected","Process(indirect)"
"ENTREZID","160287","ENTREZID","3939","directed","Process(indirect)"
"ENTREZID","160287","ENTREZID","3945","directed","Process(indirect)"
"ENTREZID","160287","ENTREZID","3948","directed","Process(indirect)"
"ENTREZID","160287","ENTREZID","5160","directed","Process(indirect)"
"ENTREZID","160287","ENTREZID","5161","directed","Process(indirect)"
"ENTREZID","160287","ENTREZID","5162","directed","Process(indirect)"
"ENTREZID","160287","ENTREZID","5313","directed","Process(indirect)"
"ENTREZID","160287","ENTREZID","5315","directed","Process(indirect)"
"ENTREZID","160287","ENTREZID","92483","directed","Process(indirect)"
"ENTREZID","1737","ENTREZID","1738","directed","Process(indirect)"
"ENTREZID","1737","ENTREZID","1738","undirected","Process(indirect)"
"ENTREZID","1738","ENTREZID","5160","directed","Process(indirect)"
"ENTREZID","1738","ENTREZID","5161","directed","Process(indirect)"
"ENTREZID","1738","ENTREZID","5162","directed","Process(indirect)"
"ENTREZID","2023","ENTREZID","2026","directed","Process(indirect)"
"ENTREZID","2023","ENTREZID","2027","directed","Process(indirect)"
"ENTREZID","2023","ENTREZID","387712","directed","Process(indirect)"
"ENTREZID","2023","ENTREZID","441531","directed","Process(indirect)"
"ENTREZID","2023","ENTREZID","441531","undirected","Process(indirect)"
"ENTREZID","2023","ENTREZID","5223","directed","Process(indirect)"
"ENTREZID","2023","ENTREZID","5223","undirected","Process(indirect)"
"ENTREZID","2023","ENTREZID","5224","directed","Process(indirect)"
"ENTREZID","2023","ENTREZID","5224","undirected","Process(indirect)"
"ENTREZID","2023","ENTREZID","5313","directed","Process(indirect)"
"ENTREZID","2023","ENTREZID","5315","directed","Process(indirect)"
"ENTREZID","2023","ENTREZID","669","directed","Process(indirect)"
"ENTREZID","2023","ENTREZID","669","undirected","Process(indirect)"
"ENTREZID","2023","ENTREZID","9562","directed","Process(indirect)"
"ENTREZID","2026","ENTREZID","2023","directed","Process(indirect)"
"ENTREZID","2026","ENTREZID","2027","directed","Process(indirect)"
"ENTREZID","2026","ENTREZID","387712","directed","Process(indirect)"
"ENTREZID","2026","ENTREZID","441531","directed","Process(indirect)"
"ENTREZID","2026","ENTREZID","441531","undirected","Process(indirect)"
"ENTREZID","2026","ENTREZID","5223","directed","Process(indirect)"
"ENTREZID","2026","ENTREZID","5223","undirected","Process(indirect)"
"ENTREZID","2026","ENTREZID","5224","directed","Process(indirect)"
"ENTREZID","2026","ENTREZID","5224","undirected","Process(indirect)"
"ENTREZID","2026","ENTREZID","5313","directed","Process(indirect)"
"ENTREZID","2026","ENTREZID","5315","directed","Process(indirect)"
"ENTREZID","2026","ENTREZID","669","directed","Process(indirect)"
"ENTREZID","2026","ENTREZID","669","undirected","Process(indirect)"
"ENTREZID","2026","ENTREZID","9562","directed","Process(indirect)"
"ENTREZID","2027","ENTREZID","2023","directed","Process(indirect)"
"ENTREZID","2027","ENTREZID","2026","directed","Process(indirect)"
"ENTREZID","2027","ENTREZID","387712","directed","Process(indirect)"
"ENTREZID","2027","ENTREZID","441531","directed","Process(indirect)"
"ENTREZID","2027","ENTREZID","441531","undirected","Process(indirect)"
"ENTREZID","2027","ENTREZID","5223","directed","Process(indirect)"
"ENTREZID","2027","ENTREZID","5223","undirected","Process(indirect)"
"ENTREZID","2027","ENTREZID","5224","directed","Process(indirect)"
"ENTREZID","2027","ENTREZID","5224","undirected","Process(indirect)"
"ENTREZID","2027","ENTREZID","5313","directed","Process(indirect)"
"ENTREZID","2027","ENTREZID","5315","directed","Process(indirect)"
"ENTREZID","2027","ENTREZID","669","directed","Process(indirect)"
"ENTREZID","2027","ENTREZID","669","undirected","Process(indirect)"
"ENTREZID","2027","ENTREZID","9562","directed","Process(indirect)"
"ENTREZID","217","ENTREZID","10327","directed","Process(indirect)"
"ENTREZID","217","ENTREZID","10327","undirected","Process(indirect)"
"ENTREZID","217","ENTREZID","124","directed","Process(indirect)"
"ENTREZID","217","ENTREZID","125","directed","Process(indirect)"
"ENTREZID","217","ENTREZID","126","directed","Process(indirect)"
"ENTREZID","217","ENTREZID","127","directed","Process(indirect)"
"ENTREZID","217","ENTREZID","128","directed","Process(indirect)"
"ENTREZID","217","ENTREZID","130","directed","Process(indirect)"
"ENTREZID","217","ENTREZID","131","directed","Process(indirect)"
"ENTREZID","217","ENTREZID","218","directed","Process(indirect)"
"ENTREZID","217","ENTREZID","218","undirected","Process(indirect)"
"ENTREZID","217","ENTREZID","219","directed","Process(indirect)"
"ENTREZID","217","ENTREZID","221","directed","Process(indirect)"
"ENTREZID","217","ENTREZID","221","undirected","Process(indirect)"
"ENTREZID","217","ENTREZID","222","directed","Process(indirect)"
"ENTREZID","217","ENTREZID","222","undirected","Process(indirect)"
"ENTREZID","217","ENTREZID","223","directed","Process(indirect)"
"ENTREZID","217","ENTREZID","224","directed","Process(indirect)"
"ENTREZID","217","ENTREZID","501","directed","Process(indirect)"
"ENTREZID","217","ENTREZID","55902","directed","Process(indirect)"
"ENTREZID","217","ENTREZID","84532","directed","Process(indirect)"
"ENTREZID","218","ENTREZID","10327","directed","Process(indirect)"
"ENTREZID","218","ENTREZID","10327","undirected","Process(indirect)"
"ENTREZID","218","ENTREZID","124","directed","Process(indirect)"
"ENTREZID","218","ENTREZID","125","directed","Process(indirect)"
"ENTREZID","218","ENTREZID","126","directed","Process(indirect)"
"ENTREZID","218","ENTREZID","127","directed","Process(indirect)"
"ENTREZID","218","ENTREZID","128","directed","Process(indirect)"
"ENTREZID","218","ENTREZID","130","directed","Process(indirect)"
"ENTREZID","218","ENTREZID","131","directed","Process(indirect)"
"ENTREZID","218","ENTREZID","217","directed","Process(indirect)"
"ENTREZID","218","ENTREZID","219","directed","Process(indirect)"
"ENTREZID","218","ENTREZID","219","undirected","Process(indirect)"
"ENTREZID","218","ENTREZID","221","directed","Process(indirect)"
"ENTREZID","218","ENTREZID","222","directed","Process(indirect)"
"ENTREZID","218","ENTREZID","223","directed","Process(indirect)"
"ENTREZID","218","ENTREZID","223","undirected","Process(indirect)"
"ENTREZID","218","ENTREZID","224","directed","Process(indirect)"
"ENTREZID","218","ENTREZID","224","undirected","Process(indirect)"
"ENTREZID","218","ENTREZID","501","directed","Process(indirect)"
"ENTREZID","218","ENTREZID","501","undirected","Process(indirect)"
"ENTREZID","218","ENTREZID","55902","directed","Process(indirect)"
"ENTREZID","218","ENTREZID","84532","directed","Process(indirect)"
"ENTREZID","219","ENTREZID","10327","directed","Process(indirect)"
"ENTREZID","219","ENTREZID","10327","undirected","Process(indirect)"
"ENTREZID","219","ENTREZID","124","directed","Process(indirect)"
"ENTREZID","219","ENTREZID","125","directed","Process(indirect)"
"ENTREZID","219","ENTREZID","126","directed","Process(indirect)"
"ENTREZID","219","ENTREZID","127","directed","Process(indirect)"
"ENTREZID","219","ENTREZID","128","directed","Process(indirect)"
"ENTREZID","219","ENTREZID","130","directed","Process(indirect)"
"ENTREZID","219","ENTREZID","131","directed","Process(indirect)"
"ENTREZID","219","ENTREZID","217","directed","Process(indirect)"
"ENTREZID","219","ENTREZID","218","directed","Process(indirect)"
"ENTREZID","219","ENTREZID","221","directed","Process(indirect)"
"ENTREZID","219","ENTREZID","221","undirected","Process(indirect)"
"ENTREZID","219","ENTREZID","222","directed","Process(indirect)"
"ENTREZID","219","ENTREZID","222","undirected","Process(indirect)"
"ENTREZID","219","ENTREZID","223","directed","Process(indirect)"
"ENTREZID","219","ENTREZID","224","directed","Process(indirect)"
"ENTREZID","219","ENTREZID","501","directed","Process(indirect)"
"ENTREZID","219","ENTREZID","55902","directed","Process(indirect)"
"ENTREZID","219","ENTREZID","84532","directed","Process(indirect)"
"ENTREZID","2203","ENTREZID","2821","directed","Process(indirect)"
"ENTREZID","2203","ENTREZID","5211","directed","Process(indirect)"
"ENTREZID","2203","ENTREZID","5213","directed","Process(indirect)"
"ENTREZID","2203","ENTREZID","5214","directed","Process(indirect)"
"ENTREZID","221","ENTREZID","10327","directed","Process(indirect)"
"ENTREZID","221","ENTREZID","10327","undirected","Process(indirect)"
"ENTREZID","221","ENTREZID","124","directed","Process(indirect)"
"ENTREZID","221","ENTREZID","125","directed","Process(indirect)"
"ENTREZID","221","ENTREZID","126","directed","Process(indirect)"
"ENTREZID","221","ENTREZID","127","directed","Process(indirect)"
"ENTREZID","221","ENTREZID","128","directed","Process(indirect)"
"ENTREZID","221","ENTREZID","130","directed","Process(indirect)"
"ENTREZID","221","ENTREZID","131","directed","Process(indirect)"
"ENTREZID","221","ENTREZID","217","directed","Process(indirect)"
"ENTREZID","221","ENTREZID","218","directed","Process(indirect)"
"ENTREZID","221","ENTREZID","219","directed","Process(indirect)"
"ENTREZID","221","ENTREZID","222","directed","Process(indirect)"
"ENTREZID","221","ENTREZID","223","directed","Process(indirect)"
"ENTREZID","221","ENTREZID","223","undirected","Process(indirect)"
"ENTREZID","221","ENTREZID","224","directed","Process(indirect)"
"ENTREZID","221","ENTREZID","224","undirected","Process(indirect)"
"ENTREZID","221","ENTREZID","501","directed","Process(indirect)"
"ENTREZID","221","ENTREZID","501","undirected","Process(indirect)"
"ENTREZID","221","ENTREZID","55902","directed","Process(indirect)"
"ENTREZID","221","ENTREZID","84532","directed","Process(indirect)"
"ENTREZID","222","ENTREZID","10327","directed","Process(indirect)"
"ENTREZID","222","ENTREZID","10327","undirected","Process(indirect)"
"ENTREZID","222","ENTREZID","124","directed","Process(indirect)"
"ENTREZID","222","ENTREZID","125","directed","Process(indirect)"
"ENTREZID","222","ENTREZID","126","directed","Process(indirect)"
"ENTREZID","222","ENTREZID","127","directed","Process(indirect)"
"ENTREZID","222","ENTREZID","128","directed","Process(indirect)"
"ENTREZID","222","ENTREZID","130","directed","Process(indirect)"
"ENTREZID","222","ENTREZID","131","directed","Process(indirect)"
"ENTREZID","222","ENTREZID","217","directed","Process(indirect)"
"ENTREZID","222","ENTREZID","218","directed","Process(indirect)"
"ENTREZID","222","ENTREZID","219","directed","Process(indirect)"
"ENTREZID","222","ENTREZID","221","directed","Process(indirect)"
"ENTREZID","222","ENTREZID","223","directed","Process(indirect)"
"ENTREZID","222","ENTREZID","223","undirected","Process(indirect)"
"ENTREZID","222","ENTREZID","224","directed","Process(indirect)"
"ENTREZID","222","ENTREZID","224","undirected","Process(indirect)"
"ENTREZID","222","ENTREZID","501","directed","Process(indirect)"
"ENTREZID","222","ENTREZID","501","undirected","Process(indirect)"
"ENTREZID","222","ENTREZID","55902","directed","Process(indirect)"
"ENTREZID","222","ENTREZID","84532","directed","Process(indirect)"
"ENTREZID","223","ENTREZID","10327","directed","Process(indirect)"
"ENTREZID","223","ENTREZID","10327","undirected","Process(indirect)"
"ENTREZID","223","ENTREZID","124","directed","Process(indirect)"
"ENTREZID","223","ENTREZID","125","directed","Process(indirect)"
"ENTREZID","223","ENTREZID","126","directed","Process(indirect)"
"ENTREZID","223","ENTREZID","127","directed","Process(indirect)"
"ENTREZID","223","ENTREZID","128","directed","Process(indirect)"
"ENTREZID","223","ENTREZID","130","directed","Process(indirect)"
"ENTREZID","223","ENTREZID","131","directed","Process(indirect)"
"ENTREZID","223","ENTREZID","217","directed","Process(indirect)"
"ENTREZID","223","ENTREZID","218","directed","Process(indirect)"
"ENTREZID","223","ENTREZID","219","directed","Process(indirect)"
"ENTREZID","223","ENTREZID","221","directed","Process(indirect)"
"ENTREZID","223","ENTREZID","222","directed","Process(indirect)"
"ENTREZID","223","ENTREZID","224","directed","Process(indirect)"
"ENTREZID","223","ENTREZID","501","directed","Process(indirect)"
"ENTREZID","223","ENTREZID","55902","directed","Process(indirect)"
"ENTREZID","223","ENTREZID","84532","directed","Process(indirect)"
"ENTREZID","224","ENTREZID","10327","directed","Process(indirect)"
"ENTREZID","224","ENTREZID","10327","undirected","Process(indirect)"
"ENTREZID","224","ENTREZID","124","directed","Process(indirect)"
"ENTREZID","224","ENTREZID","125","directed","Process(indirect)"
"ENTREZID","224","ENTREZID","126","directed","Process(indirect)"
"ENTREZID","224","ENTREZID","127","directed","Process(indirect)"
"ENTREZID","224","ENTREZID","128","directed","Process(indirect)"
"ENTREZID","224","ENTREZID","130","directed","Process(indirect)"
"ENTREZID","224","ENTREZID","131","directed","Process(indirect)"
"ENTREZID","224","ENTREZID","217","directed","Process(indirect)"
"ENTREZID","224","ENTREZID","218","directed","Process(indirect)"
"ENTREZID","224","ENTREZID","219","directed","Process(indirect)"
"ENTREZID","224","ENTREZID","221","directed","Process(indirect)"
"ENTREZID","224","ENTREZID","222","directed","Process(indirect)"
"ENTREZID","224","ENTREZID","223","directed","Process(indirect)"
"ENTREZID","224","ENTREZID","501","directed","Process(indirect)"
"ENTREZID","224","ENTREZID","55902","directed","Process(indirect)"
"ENTREZID","224","ENTREZID","84532","directed","Process(indirect)"
"ENTREZID","226","ENTREZID","2203","directed","Process(indirect)"
"ENTREZID","226","ENTREZID","229","directed","Process(indirect)"
"ENTREZID","226","ENTREZID","230","directed","Process(indirect)"
"ENTREZID","226","ENTREZID","2597","directed","Process(indirect)"
"ENTREZID","226","ENTREZID","2597","undirected","Process(indirect)"
"ENTREZID","226","ENTREZID","26330","directed","Process(indirect)"
"ENTREZID","226","ENTREZID","26330","undirected","Process(indirect)"
"ENTREZID","226","ENTREZID","5211","directed","Process(indirect)"
"ENTREZID","226","ENTREZID","5213","directed","Process(indirect)"
"ENTREZID","226","ENTREZID","5214","directed","Process(indirect)"
"ENTREZID","226","ENTREZID","7167","directed","Process(indirect)"
"ENTREZID","226","ENTREZID","7167","undirected","Process(indirect)"
"ENTREZID","226","ENTREZID","8789","directed","Process(indirect)"
"ENTREZID","229","ENTREZID","2203","directed","Process(indirect)"
"ENTREZID","229","ENTREZID","226","directed","Process(indirect)"
"ENTREZID","229","ENTREZID","230","directed","Process(indirect)"
"ENTREZID","229","ENTREZID","2597","directed","Process(indirect)"
"ENTREZID","229","ENTREZID","2597","undirected","Process(indirect)"
"ENTREZID","229","ENTREZID","26330","directed","Process(indirect)"
"ENTREZID","229","ENTREZID","26330","undirected","Process(indirect)"
"ENTREZID","229","ENTREZID","5211","directed","Process(indirect)"
"ENTREZID","229","ENTREZID","5213","directed","Process(indirect)"
"ENTREZID","229","ENTREZID","5214","directed","Process(indirect)"
"ENTREZID","229","ENTREZID","7167","directed","Process(indirect)"
"ENTREZID","229","ENTREZID","7167","undirected","Process(indirect)"
"ENTREZID","229","ENTREZID","8789","directed","Process(indirect)"
"ENTREZID","230","ENTREZID","2203","directed","Process(indirect)"
"ENTREZID","230","ENTREZID","226","directed","Process(indirect)"
"ENTREZID","230","ENTREZID","229","directed","Process(indirect)"
"ENTREZID","230","ENTREZID","2597","directed","Process(indirect)"
"ENTREZID","230","ENTREZID","2597","undirected","Process(indirect)"
"ENTREZID","230","ENTREZID","26330","directed","Process(indirect)"
"ENTREZID","230","ENTREZID","26330","undirected","Process(indirect)"
"ENTREZID","230","ENTREZID","5211","directed","Process(indirect)"
"ENTREZID","230","ENTREZID","5213","directed","Process(indirect)"
"ENTREZID","230","ENTREZID","5214","directed","Process(indirect)"
"ENTREZID","230","ENTREZID","7167","directed","Process(indirect)"
"ENTREZID","230","ENTREZID","7167","undirected","Process(indirect)"
"ENTREZID","230","ENTREZID","8789","directed","Process(indirect)"
"ENTREZID","2538","ENTREZID","130589","directed","Process(indirect)"
"ENTREZID","2538","ENTREZID","2645","directed","Process(indirect)"
"ENTREZID","2538","ENTREZID","3098","directed","Process(indirect)"
"ENTREZID","2538","ENTREZID","3099","directed","Process(indirect)"
"ENTREZID","2538","ENTREZID","3101","directed","Process(indirect)"
"ENTREZID","2538","ENTREZID","80201","directed","Process(indirect)"
"ENTREZID","2538","ENTREZID","83440","directed","Process(indirect)"
"ENTREZID","2597","ENTREZID","26330","directed","Process(indirect)"
"ENTREZID","2597","ENTREZID","5230","directed","Process(indirect)"
"ENTREZID","2597","ENTREZID","5232","directed","Process(indirect)"
"ENTREZID","2597","ENTREZID","669","directed","Process(indirect)"
"ENTREZID","2597","ENTREZID","669","undirected","Process(indirect)"
"ENTREZID","2597","ENTREZID","7167","directed","Process(indirect)"
"ENTREZID","2597","ENTREZID","7167","undirected","Process(indirect)"
"ENTREZID","26330","ENTREZID","2597","directed","Process(indirect)"
"ENTREZID","26330","ENTREZID","5230","directed","Process(indirect)"
"ENTREZID","26330","ENTREZID","5232","directed","Process(indirect)"
"ENTREZID","26330","ENTREZID","669","directed","Process(indirect)"
"ENTREZID","26330","ENTREZID","669","undirected","Process(indirect)"
"ENTREZID","26330","ENTREZID","7167","directed","Process(indirect)"
"ENTREZID","26330","ENTREZID","7167","undirected","Process(indirect)"
"ENTREZID","2645","ENTREZID","130589","directed","Process(indirect)"
"ENTREZID","2645","ENTREZID","2538","directed","Process(indirect)"
"ENTREZID","2645","ENTREZID","2821","directed","Process(indirect)"
"ENTREZID","2645","ENTREZID","3098","directed","Process(indirect)"
"ENTREZID","2645","ENTREZID","3099","directed","Process(indirect)"
"ENTREZID","2645","ENTREZID","3101","directed","Process(indirect)"
"ENTREZID","2645","ENTREZID","5236","directed","Process(indirect)"
"ENTREZID","2645","ENTREZID","55276","directed","Process(indirect)"
"ENTREZID","2645","ENTREZID","57818","directed","Process(indirect)"
"ENTREZID","2645","ENTREZID","80201","directed","Process(indirect)"
"ENTREZID","2645","ENTREZID","83440","directed","Process(indirect)"
"ENTREZID","2645","ENTREZID","92579","directed","Process(indirect)"
"ENTREZID","2821","ENTREZID","2538","directed","Process(indirect)"
"ENTREZID","2821","ENTREZID","2645","directed","Process(indirect)"
"ENTREZID","2821","ENTREZID","3098","directed","Process(indirect)"
"ENTREZID","2821","ENTREZID","3099","directed","Process(indirect)"
"ENTREZID","2821","ENTREZID","3101","directed","Process(indirect)"
"ENTREZID","2821","ENTREZID","5211","directed","Process(indirect)"
"ENTREZID","2821","ENTREZID","5213","directed","Process(indirect)"
"ENTREZID","2821","ENTREZID","5214","directed","Process(indirect)"
"ENTREZID","2821","ENTREZID","5236","directed","Process(indirect)"
"ENTREZID","2821","ENTREZID","5236","undirected","Process(indirect)"
"ENTREZID","2821","ENTREZID","55276","directed","Process(indirect)"
"ENTREZID","2821","ENTREZID","55276","undirected","Process(indirect)"
"ENTREZID","2821","ENTREZID","57818","directed","Process(indirect)"
"ENTREZID","2821","ENTREZID","80201","directed","Process(indirect)"
"ENTREZID","2821","ENTREZID","83440","directed","Process(indirect)"
"ENTREZID","2821","ENTREZID","83440","undirected","Process(indirect)"
"ENTREZID","2821","ENTREZID","92579","directed","Process(indirect)"
"ENTREZID","3098","ENTREZID","130589","directed","Process(indirect)"
"ENTREZID","3098","ENTREZID","2538","directed","Process(indirect)"
"ENTREZID","3098","ENTREZID","2645","directed","Process(indirect)"
"ENTREZID","3098","ENTREZID","2821","directed","Process(indirect)"
"ENTREZID","3098","ENTREZID","5236","directed","Process(indirect)"
"ENTREZID","3098","ENTREZID","55276","directed","Process(indirect)"
"ENTREZID","3098","ENTREZID","57818","directed","Process(indirect)"
"ENTREZID","3098","ENTREZID","83440","directed","Process(indirect)"
"ENTREZID","3098","ENTREZID","92579","directed","Process(indirect)"
"ENTREZID","3099","ENTREZID","130589","directed","Process(indirect)"
"ENTREZID","3099","ENTREZID","2538","directed","Process(indirect)"
"ENTREZID","3099","ENTREZID","2645","directed","Process(indirect)"
"ENTREZID","3099","ENTREZID","2821","directed","Process(indirect)"
"ENTREZID","3099","ENTREZID","5236","directed","Process(indirect)"
"ENTREZID","3099","ENTREZID","55276","directed","Process(indirect)"
"ENTREZID","3099","ENTREZID","57818","directed","Process(indirect)"
"ENTREZID","3099","ENTREZID","83440","directed","Process(indirect)"
"ENTREZID","3099","ENTREZID","92579","directed","Process(indirect)"
"ENTREZID","3101","ENTREZID","130589","directed","Process(indirect)"
"ENTREZID","3101","ENTREZID","2538","directed","Process(indirect)"
"ENTREZID","3101","ENTREZID","2645","directed","Process(indirect)"
"ENTREZID","3101","ENTREZID","2821","directed","Process(indirect)"
"ENTREZID","3101","ENTREZID","5236","directed","Process(indirect)"
"ENTREZID","3101","ENTREZID","55276","directed","Process(indirect)"
"ENTREZID","3101","ENTREZID","57818","directed","Process(indirect)"
"ENTREZID","3101","ENTREZID","83440","directed","Process(indirect)"
"ENTREZID","3101","ENTREZID","92579","directed","Process(indirect)"
"ENTREZID","387712","ENTREZID","2023","directed","Process(indirect)"
"ENTREZID","387712","ENTREZID","2026","directed","Process(indirect)"
"ENTREZID","387712","ENTREZID","2027","directed","Process(indirect)"
"ENTREZID","387712","ENTREZID","441531","directed","Process(indirect)"
"ENTREZID","387712","ENTREZID","441531","undirected","Process(indirect)"
"ENTREZID","387712","ENTREZID","5223","directed","Process(indirect)"
"ENTREZID","387712","ENTREZID","5223","undirected","Process(indirect)"
"ENTREZID","387712","ENTREZID","5224","directed","Process(indirect)"
"ENTREZID","387712","ENTREZID","5224","undirected","Process(indirect)"
"ENTREZID","387712","ENTREZID","5313","directed","Process(indirect)"
"ENTREZID","387712","ENTREZID","5315","directed","Process(indirect)"
"ENTREZID","387712","ENTREZID","669","directed","Process(indirect)"
"ENTREZID","387712","ENTREZID","669","undirected","Process(indirect)"
"ENTREZID","387712","ENTREZID","9562","directed","Process(indirect)"
"ENTREZID","3939","ENTREZID","160287","directed","Process(indirect)"
"ENTREZID","3939","ENTREZID","3945","directed","Process(indirect)"
"ENTREZID","3939","ENTREZID","3948","directed","Process(indirect)"
"ENTREZID","3939","ENTREZID","5160","directed","Process(indirect)"
"ENTREZID","3939","ENTREZID","5161","directed","Process(indirect)"
"ENTREZID","3939","ENTREZID","5162","directed","Process(indirect)"
"ENTREZID","3939","ENTREZID","5313","directed","Process(indirect)"
"ENTREZID","3939","ENTREZID","5315","directed","Process(indirect)"
"ENTREZID","3939","ENTREZID","92483","directed","Process(indirect)"
"ENTREZID","3945","ENTREZID","160287","directed","Process(indirect)"
"ENTREZID","3945","ENTREZID","3939","directed","Process(indirect)"
"ENTREZID","3945","ENTREZID","3948","directed","Process(indirect)"
"ENTREZID","3945","ENTREZID","5160","directed","Process(indirect)"
"ENTREZID","3945","ENTREZID","5161","directed","Process(indirect)"
"ENTREZID","3945","ENTREZID","5162","directed","Process(indirect)"
"ENTREZID","3945","ENTREZID","5313","directed","Process(indirect)"
"ENTREZID","3945","ENTREZID","5315","directed","Process(indirect)"
"ENTREZID","3945","ENTREZID","92483","directed","Process(indirect)"
"ENTREZID","3948","ENTREZID","160287","directed","Process(indirect)"
"ENTREZID","3948","ENTREZID","3939","directed","Process(indirect)"
"ENTREZID","3948","ENTREZID","3945","directed","Process(indirect)"
"ENTREZID","3948","ENTREZID","5160","directed","Process(indirect)"
"ENTREZID","3948","ENTREZID","5161","directed","Process(indirect)"
"ENTREZID","3948","ENTREZID","5162","directed","Process(indirect)"
"ENTREZID","3948","ENTREZID","5313","directed","Process(indirect)"
"ENTREZID","3948","ENTREZID","5315","directed","Process(indirect)"
"ENTREZID","3948","ENTREZID","92483","directed","Process(indirect)"
"ENTREZID","441531","ENTREZID","2023","directed","Process(indirect)"
"ENTREZID","441531","ENTREZID","2026","directed","Process(indirect)"
"ENTREZID","441531","ENTREZID","2027","directed","Process(indirect)"
"ENTREZID","441531","ENTREZID","387712","directed","Process(indirect)"
"ENTREZID","441531","ENTREZID","5223","directed","Process(indirect)"
"ENTREZID","441531","ENTREZID","5224","directed","Process(indirect)"
"ENTREZID","441531","ENTREZID","5230","directed","Process(indirect)"
"ENTREZID","441531","ENTREZID","5230","undirected","Process(indirect)"
"ENTREZID","441531","ENTREZID","5232","directed","Process(indirect)"
"ENTREZID","441531","ENTREZID","5232","undirected","Process(indirect)"
"ENTREZID","441531","ENTREZID","669","directed","Process(indirect)"
"ENTREZID","441531","ENTREZID","9562","directed","Process(indirect)"
"ENTREZID","501","ENTREZID","10327","directed","Process(indirect)"
"ENTREZID","501","ENTREZID","10327","undirected","Process(indirect)"
"ENTREZID","501","ENTREZID","124","directed","Process(indirect)"
"ENTREZID","501","ENTREZID","125","directed","Process(indirect)"
"ENTREZID","501","ENTREZID","126","directed","Process(indirect)"
"ENTREZID","501","ENTREZID","127","directed","Process(indirect)"
"ENTREZID","501","ENTREZID","128","directed","Process(indirect)"
"ENTREZID","501","ENTREZID","130","directed","Process(indirect)"
"ENTREZID","501","ENTREZID","131","directed","Process(indirect)"
"ENTREZID","501","ENTREZID","217","directed","Process(indirect)"
"ENTREZID","501","ENTREZID","218","directed","Process(indirect)"
"ENTREZID","501","ENTREZID","219","directed","Process(indirect)"
"ENTREZID","501","ENTREZID","221","directed","Process(indirect)"
"ENTREZID","501","ENTREZID","222","directed","Process(indirect)"
"ENTREZID","501","ENTREZID","223","directed","Process(indirect)"
"ENTREZID","501","ENTREZID","224","directed","Process(indirect)"
"ENTREZID","501","ENTREZID","55902","directed","Process(indirect)"
"ENTREZID","501","ENTREZID","84532","directed","Process(indirect)"
"ENTREZID","5105","ENTREZID","2023","directed","Process(indirect)"
"ENTREZID","5105","ENTREZID","2026","directed","Process(indirect)"
"ENTREZID","5105","ENTREZID","2027","directed","Process(indirect)"
"ENTREZID","5105","ENTREZID","387712","directed","Process(indirect)"
"ENTREZID","5105","ENTREZID","5313","directed","Process(indirect)"
"ENTREZID","5105","ENTREZID","5315","directed","Process(indirect)"
"ENTREZID","5106","ENTREZID","2023","directed","Process(indirect)"
"ENTREZID","5106","ENTREZID","2026","directed","Process(indirect)"
"ENTREZID","5106","ENTREZID","2027","directed","Process(indirect)"
"ENTREZID","5106","ENTREZID","387712","directed","Process(indirect)"
"ENTREZID","5106","ENTREZID","5313","directed","Process(indirect)"
"ENTREZID","5106","ENTREZID","5315","directed","Process(indirect)"
"ENTREZID","5160","ENTREZID","160287","directed","Process(indirect)"
"ENTREZID","5160","ENTREZID","1737","directed","Process(indirect)"
"ENTREZID","5160","ENTREZID","1738","directed","Process(indirect)"
"ENTREZID","5160","ENTREZID","3939","directed","Process(indirect)"
"ENTREZID","5160","ENTREZID","3945","directed","Process(indirect)"
"ENTREZID","5160","ENTREZID","3948","directed","Process(indirect)"
"ENTREZID","5160","ENTREZID","5313","directed","Process(indirect)"
"ENTREZID","5160","ENTREZID","5315","directed","Process(indirect)"
"ENTREZID","5160","ENTREZID","92483","directed","Process(indirect)"
"ENTREZID","5161","ENTREZID","160287","directed","Process(indirect)"
"ENTREZID","5161","ENTREZID","1737","directed","Process(indirect)"
"ENTREZID","5161","ENTREZID","1738","directed","Process(indirect)"
"ENTREZID","5161","ENTREZID","3939","directed","Process(indirect)"
"ENTREZID","5161","ENTREZID","3945","directed","Process(indirect)"
"ENTREZID","5161","ENTREZID","3948","directed","Process(indirect)"
"ENTREZID","5161","ENTREZID","5313","directed","Process(indirect)"
"ENTREZID","5161","ENTREZID","5315","directed","Process(indirect)"
"ENTREZID","5161","ENTREZID","92483","directed","Process(indirect)"
"ENTREZID","5162","ENTREZID","160287","directed","Process(indirect)"
"ENTREZID","5162","ENTREZID","1737","directed","Process(indirect)"
"ENTREZID","5162","ENTREZID","1738","directed","Process(indirect)"
"ENTREZID","5162","ENTREZID","3939","directed","Process(indirect)"
"ENTREZID","5162","ENTREZID","3945","directed","Process(indirect)"
"ENTREZID","5162","ENTREZID","3948","directed","Process(indirect)"
"ENTREZID","5162","ENTREZID","5313","directed","Process(indirect)"
"ENTREZID","5162","ENTREZID","5315","directed","Process(indirect)"
"ENTREZID","5162","ENTREZID","92483","directed","Process(indirect)"
"ENTREZID","5211","ENTREZID","2203","directed","Process(indirect)"
"ENTREZID","5211","ENTREZID","226","directed","Process(indirect)"
"ENTREZID","5211","ENTREZID","229","directed","Process(indirect)"
"ENTREZID","5211","ENTREZID","230","directed","Process(indirect)"
"ENTREZID","5211","ENTREZID","2821","directed","Process(indirect)"
"ENTREZID","5211","ENTREZID","8789","directed","Process(indirect)"
"ENTREZID","5213","ENTREZID","2203","directed","Process(indirect)"
"ENTREZID","5213","ENTREZID","226","directed","Process(indirect)"
"ENTREZID","5213","ENTREZID","229","directed","Process(indirect)"
"ENTREZID","5213","ENTREZID","230","directed","Process(indirect)"
"ENTREZID","5213","ENTREZID","2821","directed","Process(indirect)"
"ENTREZID","5213","ENTREZID","8789","directed","Process(indirect)"
"ENTREZID","5214","ENTREZID","2203","directed","Process(indirect)"
"ENTREZID","5214","ENTREZID","226","directed","Process(indirect)"
"ENTREZID","5214","ENTREZID","229","directed","Process(indirect)"
"ENTREZID","5214","ENTREZID","230","directed","Process(indirect)"
"ENTREZID","5214","ENTREZID","2821","directed","Process(indirect)"
"ENTREZID","5214","ENTREZID","8789","directed","Process(indirect)"
"ENTREZID","5223","ENTREZID","2023","directed","Process(indirect)"
"ENTREZID","5223","ENTREZID","2026","directed","Process(indirect)"
"ENTREZID","5223","ENTREZID","2027","directed","Process(indirect)"
"ENTREZID","5223","ENTREZID","387712","directed","Process(indirect)"
"ENTREZID","5223","ENTREZID","441531","directed","Process(indirect)"
"ENTREZID","5223","ENTREZID","5224","directed","Process(indirect)"
"ENTREZID","5223","ENTREZID","5230","directed","Process(indirect)"
"ENTREZID","5223","ENTREZID","5230","undirected","Process(indirect)"
"ENTREZID","5223","ENTREZID","5232","directed","Process(indirect)"
"ENTREZID","5223","ENTREZID","5232","undirected","Process(indirect)"
"ENTREZID","5223","ENTREZID","669","directed","Process(indirect)"
"ENTREZID","5223","ENTREZID","9562","directed","Process(indirect)"
"ENTREZID","5224","ENTREZID","2023","directed","Process(indirect)"
"ENTREZID","5224","ENTREZID","2026","directed","Process(indirect)"
"ENTREZID","5224","ENTREZID","2027","directed","Process(indirect)"
"ENTREZID","5224","ENTREZID","387712","directed","Process(indirect)"
"ENTREZID","5224","ENTREZID","441531","directed","Process(indirect)"
"ENTREZID","5224","ENTREZID","5223","directed","Process(indirect)"
"ENTREZID","5224","ENTREZID","5230","directed","Process(indirect)"
"ENTREZID","5224","ENTREZID","5230","undirected","Process(indirect)"
"ENTREZID","5224","ENTREZID","5232","directed","Process(indirect)"
"ENTREZID","5224","ENTREZID","5232","undirected","Process(indirect)"
"ENTREZID","5224","ENTREZID","669","directed","Process(indirect)"
"ENTREZID","5224","ENTREZID","9562","directed","Process(indirect)"
"ENTREZID","5230","ENTREZID","2597","directed","Process(indirect)"
"ENTREZID","5230","ENTREZID","26330","directed","Process(indirect)"
"ENTREZID","5230","ENTREZID","441531","directed","Process(indirect)"
"ENTREZID","5230","ENTREZID","5223","directed","Process(indirect)"
"ENTREZID","5230","ENTREZID","5224","directed","Process(indirect)"
"ENTREZID","5230","ENTREZID","5232","directed","Process(indirect)"
"ENTREZID","5230","ENTREZID","669","directed","Process(indirect)"
"ENTREZID","5230","ENTREZID","669","undirected","Process(indirect)"
"ENTREZID","5232","ENTREZID","2597","directed","Process(indirect)"
"ENTREZID","5232","ENTREZID","26330","directed","Process(indirect)"
"ENTREZID","5232","ENTREZID","441531","directed","Process(indirect)"
"ENTREZID","5232","ENTREZID","5223","directed","Process(indirect)"
"ENTREZID","5232","ENTREZID","5224","directed","Process(indirect)"
"ENTREZID","5232","ENTREZID","5230","directed","Process(indirect)"
"ENTREZID","5232","ENTREZID","669","directed","Process(indirect)"
"ENTREZID","5232","ENTREZID","669","undirected","Process(indirect)"
"ENTREZID","5236","ENTREZID","2538","directed","Process(indirect)"
"ENTREZID","5236","ENTREZID","2645","directed","Process(indirect)"
"ENTREZID","5236","ENTREZID","2821","directed","Process(indirect)"
"ENTREZID","5236","ENTREZID","3098","directed","Process(indirect)"
"ENTREZID","5236","ENTREZID","3099","directed","Process(indirect)"
"ENTREZID","5236","ENTREZID","3101","directed","Process(indirect)"
"ENTREZID","5236","ENTREZID","55276","directed","Process(indirect)"
"ENTREZID","5236","ENTREZID","57818","directed","Process(indirect)"
"ENTREZID","5236","ENTREZID","80201","directed","Process(indirect)"
"ENTREZID","5236","ENTREZID","92579","directed","Process(indirect)"
"ENTREZID","5313","ENTREZID","160287","directed","Process(indirect)"
"ENTREZID","5313","ENTREZID","2023","directed","Process(indirect)"
"ENTREZID","5313","ENTREZID","2026","directed","Process(indirect)"
"ENTREZID","5313","ENTREZID","2027","directed","Process(indirect)"
"ENTREZID","5313","ENTREZID","387712","directed","Process(indirect)"
"ENTREZID","5313","ENTREZID","3939","directed","Process(indirect)"
"ENTREZID","5313","ENTREZID","3945","directed","Process(indirect)"
"ENTREZID","5313","ENTREZID","3948","directed","Process(indirect)"
"ENTREZID","5313","ENTREZID","5160","directed","Process(indirect)"
"ENTREZID","5313","ENTREZID","5161","directed","Process(indirect)"
"ENTREZID","5313","ENTREZID","5162","directed","Process(indirect)"
"ENTREZID","5313","ENTREZID","92483","directed","Process(indirect)"
"ENTREZID","5315","ENTREZID","160287","directed","Process(indirect)"
"ENTREZID","5315","ENTREZID","2023","directed","Process(indirect)"
"ENTREZID","5315","ENTREZID","2026","directed","Process(indirect)"
"ENTREZID","5315","ENTREZID","2027","directed","Process(indirect)"
"ENTREZID","5315","ENTREZID","387712","directed","Process(indirect)"
"ENTREZID","5315","ENTREZID","3939","directed","Process(indirect)"
"ENTREZID","5315","ENTREZID","3945","directed","Process(indirect)"
"ENTREZID","5315","ENTREZID","3948","directed","Process(indirect)"
"ENTREZID","5315","ENTREZID","5160","directed","Process(indirect)"
"ENTREZID","5315","ENTREZID","5161","directed","Process(indirect)"
"ENTREZID","5315","ENTREZID","5162","directed","Process(indirect)"
"ENTREZID","5315","ENTREZID","92483","directed","Process(indirect)"
"ENTREZID","55276","ENTREZID","2538","directed","Process(indirect)"
"ENTREZID","55276","ENTREZID","2645","directed","Process(indirect)"
"ENTREZID","55276","ENTREZID","2821","directed","Process(indirect)"
"ENTREZID","55276","ENTREZID","3098","directed","Process(indirect)"
"ENTREZID","55276","ENTREZID","3099","directed","Process(indirect)"
"ENTREZID","55276","ENTREZID","3101","directed","Process(indirect)"
"ENTREZID","55276","ENTREZID","5236","directed","Process(indirect)"
"ENTREZID","55276","ENTREZID","57818","directed","Process(indirect)"
"ENTREZID","55276","ENTREZID","80201","directed","Process(indirect)"
"ENTREZID","55276","ENTREZID","92579","directed","Process(indirect)"
"ENTREZID","55902","ENTREZID","1737","directed","Process(indirect)"
"ENTREZID","55902","ENTREZID","217","directed","Process(indirect)"
"ENTREZID","55902","ENTREZID","218","directed","Process(indirect)"
"ENTREZID","55902","ENTREZID","219","directed","Process(indirect)"
"ENTREZID","55902","ENTREZID","221","directed","Process(indirect)"
"ENTREZID","55902","ENTREZID","222","directed","Process(indirect)"
"ENTREZID","55902","ENTREZID","223","directed","Process(indirect)"
"ENTREZID","55902","ENTREZID","224","directed","Process(indirect)"
"ENTREZID","55902","ENTREZID","501","directed","Process(indirect)"
"ENTREZID","57818","ENTREZID","130589","directed","Process(indirect)"
"ENTREZID","57818","ENTREZID","2645","directed","Process(indirect)"
"ENTREZID","57818","ENTREZID","3098","directed","Process(indirect)"
"ENTREZID","57818","ENTREZID","3099","directed","Process(indirect)"
"ENTREZID","57818","ENTREZID","3101","directed","Process(indirect)"
"ENTREZID","57818","ENTREZID","80201","directed","Process(indirect)"
"ENTREZID","57818","ENTREZID","83440","directed","Process(indirect)"
"ENTREZID","669","ENTREZID","2023","directed","Process(indirect)"
"ENTREZID","669","ENTREZID","2026","directed","Process(indirect)"
"ENTREZID","669","ENTREZID","2027","directed","Process(indirect)"
"ENTREZID","669","ENTREZID","387712","directed","Process(indirect)"
"ENTREZID","669","ENTREZID","441531","directed","Process(indirect)"
"ENTREZID","669","ENTREZID","5223","directed","Process(indirect)"
"ENTREZID","669","ENTREZID","5224","directed","Process(indirect)"
"ENTREZID","669","ENTREZID","5230","directed","Process(indirect)"
"ENTREZID","669","ENTREZID","5232","directed","Process(indirect)"
"ENTREZID","669","ENTREZID","9562","directed","Process(indirect)"
"ENTREZID","7167","ENTREZID","226","directed","Process(indirect)"
"ENTREZID","7167","ENTREZID","229","directed","Process(indirect)"
"ENTREZID","7167","ENTREZID","230","directed","Process(indirect)"
"ENTREZID","7167","ENTREZID","2597","directed","Process(indirect)"
"ENTREZID","7167","ENTREZID","26330","directed","Process(indirect)"
"ENTREZID","80201","ENTREZID","130589","directed","Process(indirect)"
"ENTREZID","80201","ENTREZID","2538","directed","Process(indirect)"
"ENTREZID","80201","ENTREZID","2645","directed","Process(indirect)"
"ENTREZID","80201","ENTREZID","2821","directed","Process(indirect)"
"ENTREZID","80201","ENTREZID","5236","directed","Process(indirect)"
"ENTREZID","80201","ENTREZID","55276","directed","Process(indirect)"
"ENTREZID","80201","ENTREZID","57818","directed","Process(indirect)"
"ENTREZID","80201","ENTREZID","83440","directed","Process(indirect)"
"ENTREZID","80201","ENTREZID","92579","directed","Process(indirect)"
"ENTREZID","83440","ENTREZID","130589","directed","Process(indirect)"
"ENTREZID","83440","ENTREZID","130589","undirected","Process(indirect)"
"ENTREZID","83440","ENTREZID","2538","directed","Process(indirect)"
"ENTREZID","83440","ENTREZID","2645","directed","Process(indirect)"
"ENTREZID","83440","ENTREZID","2821","directed","Process(indirect)"
"ENTREZID","83440","ENTREZID","3098","directed","Process(indirect)"
"ENTREZID","83440","ENTREZID","3099","directed","Process(indirect)"
"ENTREZID","83440","ENTREZID","3101","directed","Process(indirect)"
"ENTREZID","83440","ENTREZID","5236","directed","Process(indirect)"
"ENTREZID","83440","ENTREZID","55276","directed","Process(indirect)"
"ENTREZID","83440","ENTREZID","57818","directed","Process(indirect)"
"ENTREZID","83440","ENTREZID","80201","directed","Process(indirect)"
"ENTREZID","83440","ENTREZID","92579","directed","Process(indirect)"
"ENTREZID","84532","ENTREZID","1737","directed","Process(indirect)"
"ENTREZID","84532","ENTREZID","217","directed","Process(indirect)"
"ENTREZID","84532","ENTREZID","218","directed","Process(indirect)"
"ENTREZID","84532","ENTREZID","219","directed","Process(indirect)"
"ENTREZID","84532","ENTREZID","221","directed","Process(indirect)"
"ENTREZID","84532","ENTREZID","222","directed","Process(indirect)"
"ENTREZID","84532","ENTREZID","223","directed","Process(indirect)"
"ENTREZID","84532","ENTREZID","224","directed","Process(indirect)"
"ENTREZID","84532","ENTREZID","501","directed","Process(indirect)"
"ENTREZID","8789","ENTREZID","2821","directed","Process(indirect)"
"ENTREZID","8789","ENTREZID","5211","directed","Process(indirect)"
"ENTREZID","8789","ENTREZID","5213","directed","Process(indirect)"
"ENTREZID","8789","ENTREZID","5214","directed","Process(indirect)"
"ENTREZID","92483","ENTREZID","160287","directed","Process(indirect)"
"ENTREZID","92483","ENTREZID","3939","directed","Process(indirect)"
"ENTREZID","92483","ENTREZID","3945","directed","Process(indirect)"
"ENTREZID","92483","ENTREZID","3948","directed","Process(indirect)"
"ENTREZID","92483","ENTREZID","5160","directed","Process(indirect)"
"ENTREZID","92483","ENTREZID","5161","directed","Process(indirect)"
"ENTREZID","92483","ENTREZID","5162","directed","Process(indirect)"
"ENTREZID","92483","ENTREZID","5313","directed","Process(indirect)"
"ENTREZID","92483","ENTREZID","5315","directed","Process(indirect)"
"ENTREZID","92579","ENTREZID","130589","directed","Process(indirect)"
"ENTREZID","92579","ENTREZID","2645","directed","Process(indirect)"
"ENTREZID","92579","ENTREZID","3098","directed","Process(indirect)"
"ENTREZID","92579","ENTREZID","3099","directed","Process(indirect)"
"ENTREZID","92579","ENTREZID","3101","directed","Process(indirect)"
"ENTREZID","92579","ENTREZID","80201","directed","Process(indirect)"
"ENTREZID","92579","ENTREZID","83440","directed","Process(indirect)"
"ENTREZID","9562","ENTREZID","2023","directed","Process(indirect)"
"ENTREZID","9562","ENTREZID","2026","directed","Process(indirect)"
"ENTREZID","9562","ENTREZID","2027","directed","Process(indirect)"
"ENTREZID","9562","ENTREZID","387712","directed","Process(indirect)"
"ENTREZID","9562","ENTREZID","441531","directed","Process(indirect)"
"ENTREZID","9562","ENTREZID","5223","directed","Process(indirect)"
"ENTREZID","9562","ENTREZID","5224","directed","Process(indirect)"
"ENTREZID","9562","ENTREZID","669","directed","Process(indirect)"
