"src_type","src","dest_type","dest","direction","type"
"ENTREZID","107","ENTREZID","10411","directed","Process(indirect)"
"ENTREZID","107","ENTREZID","11069","directed","Process(indirect)"
"ENTREZID","108","ENTREZID","10411","directed","Process(indirect)"
"ENTREZID","108","ENTREZID","11069","directed","Process(indirect)"
"ENTREZID","109","ENTREZID","10411","directed","Process(indirect)"
"ENTREZID","109","ENTREZID","11069","directed","Process(indirect)"
"ENTREZID","111","ENTREZID","10411","directed","Process(indirect)"
"ENTREZID","111","ENTREZID","11069","directed","Process(indirect)"
"ENTREZID","112","ENTREZID","10411","directed","Process(indirect)"
"ENTREZID","112","ENTREZID","11069","directed","Process(indirect)"
"ENTREZID","113","ENTREZID","10411","directed","Process(indirect)"
"ENTREZID","113","ENTREZID","11069","directed","Process(indirect)"
"ENTREZID","114","ENTREZID","10411","directed","Process(indirect)"
"ENTREZID","114","ENTREZID","11069","directed","Process(indirect)"
"ENTREZID","115","ENTREZID","10411","directed","Process(indirect)"
"ENTREZID","115","ENTREZID","11069","directed","Process(indirect)"
"ENTREZID","196883","ENTREZID","10411","directed","Process(indirect)"
"ENTREZID","196883","ENTREZID","11069","directed","Process(indirect)"
"ENTREZID","23236","ENTREZID","10235","directed","Process(indirect)"
"ENTREZID","23236","ENTREZID","163688","directed","Process(indirect)"
"ENTREZID","23236","ENTREZID","25780","directed","Process(indirect)"
"ENTREZID","23236","ENTREZID","51806","directed","Process(indirect)"
"ENTREZID","23236","ENTREZID","5578","directed","Process(indirect)"
"ENTREZID","23236","ENTREZID","5579","directed","Process(indirect)"
"ENTREZID","23236","ENTREZID","5582","directed","Process(indirect)"
"ENTREZID","23236","ENTREZID","801","directed","Process(indirect)"
"ENTREZID","23236","ENTREZID","805","directed","Process(indirect)"
"ENTREZID","23236","ENTREZID","808","directed","Process(indirect)"
"ENTREZID","23236","ENTREZID","810","directed","Process(indirect)"
"ENTREZID","23236","ENTREZID","91860","directed","Process(indirect)"
"ENTREZID","3265","ENTREZID","5906","directed","Process(indirect)"
"ENTREZID","3265","ENTREZID","5908","directed","Process(indirect)"
"ENTREZID","3845","ENTREZID","5906","directed","Process(indirect)"
"ENTREZID","3845","ENTREZID","5908","directed","Process(indirect)"
"ENTREZID","4893","ENTREZID","5906","directed","Process(indirect)"
"ENTREZID","4893","ENTREZID","5908","directed","Process(indirect)"
"ENTREZID","5330","ENTREZID","10235","directed","Process(indirect)"
"ENTREZID","5330","ENTREZID","163688","directed","Process(indirect)"
"ENTREZID","5330","ENTREZID","25780","directed","Process(indirect)"
"ENTREZID","5330","ENTREZID","51806","directed","Process(indirect)"
"ENTREZID","5330","ENTREZID","5578","directed","Process(indirect)"
"ENTREZID","5330","ENTREZID","5579","directed","Process(indirect)"
"ENTREZID","5330","ENTREZID","5582","directed","Process(indirect)"
"ENTREZID","5330","ENTREZID","801","directed","Process(indirect)"
"ENTREZID","5330","ENTREZID","805","directed","Process(indirect)"
"ENTREZID","5330","ENTREZID","808","directed","Process(indirect)"
"ENTREZID","5330","ENTREZID","810","directed","Process(indirect)"
"ENTREZID","5330","ENTREZID","91860","directed","Process(indirect)"
"ENTREZID","5331","ENTREZID","10235","directed","Process(indirect)"
"ENTREZID","5331","ENTREZID","163688","directed","Process(indirect)"
"ENTREZID","5331","ENTREZID","25780","directed","Process(indirect)"
"ENTREZID","5331","ENTREZID","51806","directed","Process(indirect)"
"ENTREZID","5331","ENTREZID","5578","directed","Process(indirect)"
"ENTREZID","5331","ENTREZID","5579","directed","Process(indirect)"
"ENTREZID","5331","ENTREZID","5582","directed","Process(indirect)"
"ENTREZID","5331","ENTREZID","801","directed","Process(indirect)"
"ENTREZID","5331","ENTREZID","805","directed","Process(indirect)"
"ENTREZID","5331","ENTREZID","808","directed","Process(indirect)"
"ENTREZID","5331","ENTREZID","810","directed","Process(indirect)"
"ENTREZID","5331","ENTREZID","91860","directed","Process(indirect)"
"ENTREZID","5332","ENTREZID","10235","directed","Process(indirect)"
"ENTREZID","5332","ENTREZID","163688","directed","Process(indirect)"
"ENTREZID","5332","ENTREZID","25780","directed","Process(indirect)"
"ENTREZID","5332","ENTREZID","51806","directed","Process(indirect)"
"ENTREZID","5332","ENTREZID","5578","directed","Process(indirect)"
"ENTREZID","5332","ENTREZID","5579","directed","Process(indirect)"
"ENTREZID","5332","ENTREZID","5582","directed","Process(indirect)"
"ENTREZID","5332","ENTREZID","801","directed","Process(indirect)"
"ENTREZID","5332","ENTREZID","805","directed","Process(indirect)"
"ENTREZID","5332","ENTREZID","808","directed","Process(indirect)"
"ENTREZID","5332","ENTREZID","810","directed","Process(indirect)"
"ENTREZID","5332","ENTREZID","91860","directed","Process(indirect)"
"ENTREZID","5335","ENTREZID","10235","directed","Process(indirect)"
"ENTREZID","5335","ENTREZID","163688","directed","Process(indirect)"
"ENTREZID","5335","ENTREZID","25780","directed","Process(indirect)"
"ENTREZID","5335","ENTREZID","51806","directed","Process(indirect)"
"ENTREZID","5335","ENTREZID","5578","directed","Process(indirect)"
"ENTREZID","5335","ENTREZID","5579","directed","Process(indirect)"
"ENTREZID","5335","ENTREZID","5582","directed","Process(indirect)"
"ENTREZID","5335","ENTREZID","801","directed","Process(indirect)"
"ENTREZID","5335","ENTREZID","805","directed","Process(indirect)"
"ENTREZID","5335","ENTREZID","808","directed","Process(indirect)"
"ENTREZID","5335","ENTREZID","810","directed","Process(indirect)"
"ENTREZID","5335","ENTREZID","91860","directed","Process(indirect)"
"ENTREZID","6237","ENTREZID","5906","directed","Process(indirect)"
"ENTREZID","6237","ENTREZID","5908","directed","Process(indirect)"
