"src_type","src","dest_type","dest","direction","type"
"ENTREZID","146850","ENTREZID","10000","directed","Process(indirect)"
"ENTREZID","146850","ENTREZID","207","directed","Process(indirect)"
"ENTREZID","146850","ENTREZID","208","directed","Process(indirect)"
"ENTREZID","146850","ENTREZID","57580","directed","Process(indirect)"
"ENTREZID","23236","ENTREZID","10235","directed","Process(indirect)"
"ENTREZID","23533","ENTREZID","10000","directed","Process(indirect)"
"ENTREZID","23533","ENTREZID","207","directed","Process(indirect)"
"ENTREZID","23533","ENTREZID","208","directed","Process(indirect)"
"ENTREZID","23533","ENTREZID","57580","directed","Process(indirect)"
"ENTREZID","5294","ENTREZID","10000","directed","Process(indirect)"
"ENTREZID","5294","ENTREZID","207","directed","Process(indirect)"
"ENTREZID","5294","ENTREZID","208","directed","Process(indirect)"
"ENTREZID","5294","ENTREZID","57580","directed","Process(indirect)"
"ENTREZID","5330","ENTREZID","10235","directed","Process(indirect)"
"ENTREZID","5331","ENTREZID","10235","directed","Process(indirect)"
"ENTREZID","5332","ENTREZID","10235","directed","Process(indirect)"
"ENTREZID","5335","ENTREZID","10235","directed","Process(indirect)"
"ENTREZID","5336","ENTREZID","10235","directed","Process(indirect)"
