"src_type","src","dest_type","dest","direction","type"
"ENTREZID","5290","ENTREZID","5170","directed","Process(indirect)"
"ENTREZID","5291","ENTREZID","5170","directed","Process(indirect)"
"ENTREZID","5293","ENTREZID","5170","directed","Process(indirect)"
"ENTREZID","5295","ENTREZID","5170","directed","Process(indirect)"
"ENTREZID","5296","ENTREZID","5170","directed","Process(indirect)"
"ENTREZID","5728","ENTREZID","5170","directed","Process(indirect)"
"ENTREZID","8503","ENTREZID","5170","directed","Process(indirect)"
