"src_type","src","dest_type","dest","direction","type"
"ENTREZID","23236","ENTREZID","5578","directed","Process(indirect)"
"ENTREZID","23236","ENTREZID","5579","directed","Process(indirect)"
"ENTREZID","23236","ENTREZID","5582","directed","Process(indirect)"
"ENTREZID","5290","ENTREZID","5170","directed","Process(indirect)"
"ENTREZID","5290","ENTREZID","5337","directed","Process(indirect)"
"ENTREZID","5290","ENTREZID","5338","directed","Process(indirect)"
"ENTREZID","5291","ENTREZID","5170","directed","Process(indirect)"
"ENTREZID","5291","ENTREZID","5337","directed","Process(indirect)"
"ENTREZID","5291","ENTREZID","5338","directed","Process(indirect)"
"ENTREZID","5293","ENTREZID","5170","directed","Process(indirect)"
"ENTREZID","5293","ENTREZID","5337","directed","Process(indirect)"
"ENTREZID","5293","ENTREZID","5338","directed","Process(indirect)"
"ENTREZID","5295","ENTREZID","5170","directed","Process(indirect)"
"ENTREZID","5295","ENTREZID","5337","directed","Process(indirect)"
"ENTREZID","5295","ENTREZID","5338","directed","Process(indirect)"
"ENTREZID","5296","ENTREZID","5170","directed","Process(indirect)"
"ENTREZID","5296","ENTREZID","5337","directed","Process(indirect)"
"ENTREZID","5296","ENTREZID","5338","directed","Process(indirect)"
"ENTREZID","5330","ENTREZID","5578","directed","Process(indirect)"
"ENTREZID","5330","ENTREZID","5579","directed","Process(indirect)"
"ENTREZID","5330","ENTREZID","5582","directed","Process(indirect)"
"ENTREZID","5331","ENTREZID","5578","directed","Process(indirect)"
"ENTREZID","5331","ENTREZID","5579","directed","Process(indirect)"
"ENTREZID","5331","ENTREZID","5582","directed","Process(indirect)"
"ENTREZID","5332","ENTREZID","5578","directed","Process(indirect)"
"ENTREZID","5332","ENTREZID","5579","directed","Process(indirect)"
"ENTREZID","5332","ENTREZID","5582","directed","Process(indirect)"
"ENTREZID","8503","ENTREZID","5170","directed","Process(indirect)"
"ENTREZID","8503","ENTREZID","5337","directed","Process(indirect)"
"ENTREZID","8503","ENTREZID","5338","directed","Process(indirect)"
