"src_type","src","dest_type","dest","direction","type"
"ENTREZID","146850","ENTREZID","10000","directed","Process(indirect)"
"ENTREZID","146850","ENTREZID","207","directed","Process(indirect)"
"ENTREZID","146850","ENTREZID","208","directed","Process(indirect)"
"ENTREZID","146850","ENTREZID","5170","directed","Process(indirect)"
"ENTREZID","23533","ENTREZID","10000","directed","Process(indirect)"
"ENTREZID","23533","ENTREZID","207","directed","Process(indirect)"
"ENTREZID","23533","ENTREZID","208","directed","Process(indirect)"
"ENTREZID","23533","ENTREZID","5170","directed","Process(indirect)"
"ENTREZID","5290","ENTREZID","10000","directed","Process(indirect)"
"ENTREZID","5290","ENTREZID","207","directed","Process(indirect)"
"ENTREZID","5290","ENTREZID","208","directed","Process(indirect)"
"ENTREZID","5290","ENTREZID","5170","directed","Process(indirect)"
"ENTREZID","5291","ENTREZID","10000","directed","Process(indirect)"
"ENTREZID","5291","ENTREZID","207","directed","Process(indirect)"
"ENTREZID","5291","ENTREZID","208","directed","Process(indirect)"
"ENTREZID","5291","ENTREZID","5170","directed","Process(indirect)"
"ENTREZID","5293","ENTREZID","10000","directed","Process(indirect)"
"ENTREZID","5293","ENTREZID","207","directed","Process(indirect)"
"ENTREZID","5293","ENTREZID","208","directed","Process(indirect)"
"ENTREZID","5293","ENTREZID","5170","directed","Process(indirect)"
"ENTREZID","5294","ENTREZID","10000","directed","Process(indirect)"
"ENTREZID","5294","ENTREZID","207","directed","Process(indirect)"
"ENTREZID","5294","ENTREZID","208","directed","Process(indirect)"
"ENTREZID","5294","ENTREZID","5170","directed","Process(indirect)"
"ENTREZID","5295","ENTREZID","10000","directed","Process(indirect)"
"ENTREZID","5295","ENTREZID","207","directed","Process(indirect)"
"ENTREZID","5295","ENTREZID","208","directed","Process(indirect)"
"ENTREZID","5295","ENTREZID","5170","directed","Process(indirect)"
"ENTREZID","5296","ENTREZID","10000","directed","Process(indirect)"
"ENTREZID","5296","ENTREZID","207","directed","Process(indirect)"
"ENTREZID","5296","ENTREZID","208","directed","Process(indirect)"
"ENTREZID","5296","ENTREZID","5170","directed","Process(indirect)"
"ENTREZID","5728","ENTREZID","10000","directed","Process(indirect)"
"ENTREZID","5728","ENTREZID","207","directed","Process(indirect)"
"ENTREZID","5728","ENTREZID","208","directed","Process(indirect)"
"ENTREZID","5728","ENTREZID","5170","directed","Process(indirect)"
"ENTREZID","8503","ENTREZID","10000","directed","Process(indirect)"
"ENTREZID","8503","ENTREZID","207","directed","Process(indirect)"
"ENTREZID","8503","ENTREZID","208","directed","Process(indirect)"
"ENTREZID","8503","ENTREZID","5170","directed","Process(indirect)"
