"src_type","src","dest_type","dest","direction","type"
"ENTREZID","100861540","ENTREZID","1571","directed","Process(indirect)"
"ENTREZID","100861540","ENTREZID","1576","directed","Process(indirect)"
"ENTREZID","100861540","ENTREZID","1581","directed","Process(indirect)"
"ENTREZID","100861540","ENTREZID","1586","directed","Process(indirect)"
"ENTREZID","100861540","ENTREZID","3283","directed","Process(indirect)"
"ENTREZID","100861540","ENTREZID","3284","directed","Process(indirect)"
"ENTREZID","100861540","ENTREZID","412","directed","Process(indirect)"
"ENTREZID","100861540","ENTREZID","6820","directed","Process(indirect)"
"ENTREZID","100861540","ENTREZID","8644","directed","Process(indirect)"
"ENTREZID","10720","ENTREZID","1543","directed","Process(indirect)"
"ENTREZID","10720","ENTREZID","1545","directed","Process(indirect)"
"ENTREZID","10720","ENTREZID","1576","directed","Process(indirect)"
"ENTREZID","10720","ENTREZID","1577","directed","Process(indirect)"
"ENTREZID","10720","ENTREZID","1588","directed","Process(indirect)"
"ENTREZID","10720","ENTREZID","3283","directed","Process(indirect)"
"ENTREZID","10720","ENTREZID","3284","directed","Process(indirect)"
"ENTREZID","10720","ENTREZID","3292","directed","Process(indirect)"
"ENTREZID","10720","ENTREZID","3293","directed","Process(indirect)"
"ENTREZID","10720","ENTREZID","3294","directed","Process(indirect)"
"ENTREZID","10720","ENTREZID","51144","directed","Process(indirect)"
"ENTREZID","10720","ENTREZID","51478","directed","Process(indirect)"
"ENTREZID","10720","ENTREZID","6715","directed","Process(indirect)"
"ENTREZID","10720","ENTREZID","6716","directed","Process(indirect)"
"ENTREZID","10720","ENTREZID","6718","directed","Process(indirect)"
"ENTREZID","10720","ENTREZID","6783","directed","Process(indirect)"
"ENTREZID","10720","ENTREZID","7923","directed","Process(indirect)"
"ENTREZID","10720","ENTREZID","79644","directed","Process(indirect)"
"ENTREZID","10720","ENTREZID","8630","directed","Process(indirect)"
"ENTREZID","10720","ENTREZID","8644","directed","Process(indirect)"
"ENTREZID","10941","ENTREZID","1543","directed","Process(indirect)"
"ENTREZID","10941","ENTREZID","1545","directed","Process(indirect)"
"ENTREZID","10941","ENTREZID","1576","directed","Process(indirect)"
"ENTREZID","10941","ENTREZID","1577","directed","Process(indirect)"
"ENTREZID","10941","ENTREZID","1588","directed","Process(indirect)"
"ENTREZID","10941","ENTREZID","3283","directed","Process(indirect)"
"ENTREZID","10941","ENTREZID","3284","directed","Process(indirect)"
"ENTREZID","10941","ENTREZID","3292","directed","Process(indirect)"
"ENTREZID","10941","ENTREZID","3293","directed","Process(indirect)"
"ENTREZID","10941","ENTREZID","3294","directed","Process(indirect)"
"ENTREZID","10941","ENTREZID","51144","directed","Process(indirect)"
"ENTREZID","10941","ENTREZID","51478","directed","Process(indirect)"
"ENTREZID","10941","ENTREZID","6715","directed","Process(indirect)"
"ENTREZID","10941","ENTREZID","6716","directed","Process(indirect)"
"ENTREZID","10941","ENTREZID","6718","directed","Process(indirect)"
"ENTREZID","10941","ENTREZID","6783","directed","Process(indirect)"
"ENTREZID","10941","ENTREZID","7923","directed","Process(indirect)"
"ENTREZID","10941","ENTREZID","79644","directed","Process(indirect)"
"ENTREZID","10941","ENTREZID","8630","directed","Process(indirect)"
"ENTREZID","10941","ENTREZID","8644","directed","Process(indirect)"
"ENTREZID","1109","ENTREZID","10720","directed","Process(indirect)"
"ENTREZID","1109","ENTREZID","10941","directed","Process(indirect)"
"ENTREZID","1109","ENTREZID","3290","directed","Process(indirect)"
"ENTREZID","1109","ENTREZID","374875","directed","Process(indirect)"
"ENTREZID","1109","ENTREZID","54490","directed","Process(indirect)"
"ENTREZID","1109","ENTREZID","54575","directed","Process(indirect)"
"ENTREZID","1109","ENTREZID","54576","directed","Process(indirect)"
"ENTREZID","1109","ENTREZID","54577","directed","Process(indirect)"
"ENTREZID","1109","ENTREZID","54578","directed","Process(indirect)"
"ENTREZID","1109","ENTREZID","54579","directed","Process(indirect)"
"ENTREZID","1109","ENTREZID","54600","directed","Process(indirect)"
"ENTREZID","1109","ENTREZID","54657","directed","Process(indirect)"
"ENTREZID","1109","ENTREZID","54658","directed","Process(indirect)"
"ENTREZID","1109","ENTREZID","54659","directed","Process(indirect)"
"ENTREZID","1109","ENTREZID","574537","directed","Process(indirect)"
"ENTREZID","1109","ENTREZID","7363","directed","Process(indirect)"
"ENTREZID","1109","ENTREZID","7364","directed","Process(indirect)"
"ENTREZID","1109","ENTREZID","7365","directed","Process(indirect)"
"ENTREZID","1109","ENTREZID","7366","directed","Process(indirect)"
"ENTREZID","1109","ENTREZID","7367","directed","Process(indirect)"
"ENTREZID","1109","ENTREZID","79799","directed","Process(indirect)"
"ENTREZID","1312","ENTREZID","10720","directed","Process(indirect)"
"ENTREZID","1312","ENTREZID","10941","directed","Process(indirect)"
"ENTREZID","1312","ENTREZID","54490","directed","Process(indirect)"
"ENTREZID","1312","ENTREZID","54575","directed","Process(indirect)"
"ENTREZID","1312","ENTREZID","54576","directed","Process(indirect)"
"ENTREZID","1312","ENTREZID","54577","directed","Process(indirect)"
"ENTREZID","1312","ENTREZID","54578","directed","Process(indirect)"
"ENTREZID","1312","ENTREZID","54579","directed","Process(indirect)"
"ENTREZID","1312","ENTREZID","54600","directed","Process(indirect)"
"ENTREZID","1312","ENTREZID","54657","directed","Process(indirect)"
"ENTREZID","1312","ENTREZID","54658","directed","Process(indirect)"
"ENTREZID","1312","ENTREZID","54659","directed","Process(indirect)"
"ENTREZID","1312","ENTREZID","574537","directed","Process(indirect)"
"ENTREZID","1312","ENTREZID","7363","directed","Process(indirect)"
"ENTREZID","1312","ENTREZID","7364","directed","Process(indirect)"
"ENTREZID","1312","ENTREZID","7365","directed","Process(indirect)"
"ENTREZID","1312","ENTREZID","7366","directed","Process(indirect)"
"ENTREZID","1312","ENTREZID","7367","directed","Process(indirect)"
"ENTREZID","1312","ENTREZID","79799","directed","Process(indirect)"
"ENTREZID","1543","ENTREZID","10720","directed","Process(indirect)"
"ENTREZID","1543","ENTREZID","10941","directed","Process(indirect)"
"ENTREZID","1543","ENTREZID","1312","directed","Process(indirect)"
"ENTREZID","1543","ENTREZID","1545","directed","Process(indirect)"
"ENTREZID","1543","ENTREZID","1571","directed","Process(indirect)"
"ENTREZID","1543","ENTREZID","1576","directed","Process(indirect)"
"ENTREZID","1543","ENTREZID","1577","directed","Process(indirect)"
"ENTREZID","1543","ENTREZID","1581","directed","Process(indirect)"
"ENTREZID","1543","ENTREZID","1586","directed","Process(indirect)"
"ENTREZID","1543","ENTREZID","1588","directed","Process(indirect)"
"ENTREZID","1543","ENTREZID","220074","directed","Process(indirect)"
"ENTREZID","1543","ENTREZID","3283","directed","Process(indirect)"
"ENTREZID","1543","ENTREZID","3284","directed","Process(indirect)"
"ENTREZID","1543","ENTREZID","3292","directed","Process(indirect)"
"ENTREZID","1543","ENTREZID","3294","directed","Process(indirect)"
"ENTREZID","1543","ENTREZID","412","directed","Process(indirect)"
"ENTREZID","1543","ENTREZID","51144","directed","Process(indirect)"
"ENTREZID","1543","ENTREZID","51478","directed","Process(indirect)"
"ENTREZID","1543","ENTREZID","54490","directed","Process(indirect)"
"ENTREZID","1543","ENTREZID","54575","directed","Process(indirect)"
"ENTREZID","1543","ENTREZID","54576","directed","Process(indirect)"
"ENTREZID","1543","ENTREZID","54577","directed","Process(indirect)"
"ENTREZID","1543","ENTREZID","54578","directed","Process(indirect)"
"ENTREZID","1543","ENTREZID","54579","directed","Process(indirect)"
"ENTREZID","1543","ENTREZID","54600","directed","Process(indirect)"
"ENTREZID","1543","ENTREZID","54657","directed","Process(indirect)"
"ENTREZID","1543","ENTREZID","54658","directed","Process(indirect)"
"ENTREZID","1543","ENTREZID","54659","directed","Process(indirect)"
"ENTREZID","1543","ENTREZID","574537","directed","Process(indirect)"
"ENTREZID","1543","ENTREZID","6783","directed","Process(indirect)"
"ENTREZID","1543","ENTREZID","6820","directed","Process(indirect)"
"ENTREZID","1543","ENTREZID","7363","directed","Process(indirect)"
"ENTREZID","1543","ENTREZID","7364","directed","Process(indirect)"
"ENTREZID","1543","ENTREZID","7365","directed","Process(indirect)"
"ENTREZID","1543","ENTREZID","7366","directed","Process(indirect)"
"ENTREZID","1543","ENTREZID","7367","directed","Process(indirect)"
"ENTREZID","1543","ENTREZID","7923","directed","Process(indirect)"
"ENTREZID","1543","ENTREZID","79799","directed","Process(indirect)"
"ENTREZID","1543","ENTREZID","8630","directed","Process(indirect)"
"ENTREZID","1543","ENTREZID","8644","directed","Process(indirect)"
"ENTREZID","1544","ENTREZID","1571","directed","Process(indirect)"
"ENTREZID","1544","ENTREZID","1576","directed","Process(indirect)"
"ENTREZID","1544","ENTREZID","1581","directed","Process(indirect)"
"ENTREZID","1544","ENTREZID","1586","directed","Process(indirect)"
"ENTREZID","1544","ENTREZID","3283","directed","Process(indirect)"
"ENTREZID","1544","ENTREZID","3284","directed","Process(indirect)"
"ENTREZID","1544","ENTREZID","412","directed","Process(indirect)"
"ENTREZID","1544","ENTREZID","6820","directed","Process(indirect)"
"ENTREZID","1544","ENTREZID","8644","directed","Process(indirect)"
"ENTREZID","1545","ENTREZID","10720","directed","Process(indirect)"
"ENTREZID","1545","ENTREZID","10941","directed","Process(indirect)"
"ENTREZID","1545","ENTREZID","1312","directed","Process(indirect)"
"ENTREZID","1545","ENTREZID","1543","directed","Process(indirect)"
"ENTREZID","1545","ENTREZID","1588","directed","Process(indirect)"
"ENTREZID","1545","ENTREZID","220074","directed","Process(indirect)"
"ENTREZID","1545","ENTREZID","3292","directed","Process(indirect)"
"ENTREZID","1545","ENTREZID","3294","directed","Process(indirect)"
"ENTREZID","1545","ENTREZID","51144","directed","Process(indirect)"
"ENTREZID","1545","ENTREZID","51478","directed","Process(indirect)"
"ENTREZID","1545","ENTREZID","54490","directed","Process(indirect)"
"ENTREZID","1545","ENTREZID","54575","directed","Process(indirect)"
"ENTREZID","1545","ENTREZID","54576","directed","Process(indirect)"
"ENTREZID","1545","ENTREZID","54577","directed","Process(indirect)"
"ENTREZID","1545","ENTREZID","54578","directed","Process(indirect)"
"ENTREZID","1545","ENTREZID","54579","directed","Process(indirect)"
"ENTREZID","1545","ENTREZID","54600","directed","Process(indirect)"
"ENTREZID","1545","ENTREZID","54657","directed","Process(indirect)"
"ENTREZID","1545","ENTREZID","54658","directed","Process(indirect)"
"ENTREZID","1545","ENTREZID","54659","directed","Process(indirect)"
"ENTREZID","1545","ENTREZID","574537","directed","Process(indirect)"
"ENTREZID","1545","ENTREZID","7363","directed","Process(indirect)"
"ENTREZID","1545","ENTREZID","7364","directed","Process(indirect)"
"ENTREZID","1545","ENTREZID","7365","directed","Process(indirect)"
"ENTREZID","1545","ENTREZID","7366","directed","Process(indirect)"
"ENTREZID","1545","ENTREZID","7367","directed","Process(indirect)"
"ENTREZID","1545","ENTREZID","7923","directed","Process(indirect)"
"ENTREZID","1545","ENTREZID","79799","directed","Process(indirect)"
"ENTREZID","1545","ENTREZID","8630","directed","Process(indirect)"
"ENTREZID","1545","ENTREZID","8644","directed","Process(indirect)"
"ENTREZID","1551","ENTREZID","1571","directed","Process(indirect)"
"ENTREZID","1551","ENTREZID","1576","directed","Process(indirect)"
"ENTREZID","1551","ENTREZID","1581","directed","Process(indirect)"
"ENTREZID","1551","ENTREZID","1586","directed","Process(indirect)"
"ENTREZID","1551","ENTREZID","3283","directed","Process(indirect)"
"ENTREZID","1551","ENTREZID","3284","directed","Process(indirect)"
"ENTREZID","1551","ENTREZID","412","directed","Process(indirect)"
"ENTREZID","1551","ENTREZID","6820","directed","Process(indirect)"
"ENTREZID","1551","ENTREZID","8644","directed","Process(indirect)"
"ENTREZID","1571","ENTREZID","100861540","directed","Process(indirect)"
"ENTREZID","1571","ENTREZID","1543","directed","Process(indirect)"
"ENTREZID","1571","ENTREZID","1544","directed","Process(indirect)"
"ENTREZID","1571","ENTREZID","1551","directed","Process(indirect)"
"ENTREZID","1571","ENTREZID","1577","directed","Process(indirect)"
"ENTREZID","1571","ENTREZID","1581","directed","Process(indirect)"
"ENTREZID","1571","ENTREZID","1586","directed","Process(indirect)"
"ENTREZID","1571","ENTREZID","3283","directed","Process(indirect)"
"ENTREZID","1571","ENTREZID","3284","directed","Process(indirect)"
"ENTREZID","1571","ENTREZID","412","directed","Process(indirect)"
"ENTREZID","1571","ENTREZID","6820","directed","Process(indirect)"
"ENTREZID","1571","ENTREZID","8644","directed","Process(indirect)"
"ENTREZID","1576","ENTREZID","100861540","directed","Process(indirect)"
"ENTREZID","1576","ENTREZID","10720","directed","Process(indirect)"
"ENTREZID","1576","ENTREZID","10941","directed","Process(indirect)"
"ENTREZID","1576","ENTREZID","1543","directed","Process(indirect)"
"ENTREZID","1576","ENTREZID","1544","directed","Process(indirect)"
"ENTREZID","1576","ENTREZID","1551","directed","Process(indirect)"
"ENTREZID","1576","ENTREZID","1577","directed","Process(indirect)"
"ENTREZID","1576","ENTREZID","1581","directed","Process(indirect)"
"ENTREZID","1576","ENTREZID","1586","directed","Process(indirect)"
"ENTREZID","1576","ENTREZID","1588","directed","Process(indirect)"
"ENTREZID","1576","ENTREZID","3283","directed","Process(indirect)"
"ENTREZID","1576","ENTREZID","3284","directed","Process(indirect)"
"ENTREZID","1576","ENTREZID","3292","directed","Process(indirect)"
"ENTREZID","1576","ENTREZID","3292","undirected","Process(indirect)"
"ENTREZID","1576","ENTREZID","3294","directed","Process(indirect)"
"ENTREZID","1576","ENTREZID","3294","undirected","Process(indirect)"
"ENTREZID","1576","ENTREZID","412","directed","Process(indirect)"
"ENTREZID","1576","ENTREZID","51144","directed","Process(indirect)"
"ENTREZID","1576","ENTREZID","51144","undirected","Process(indirect)"
"ENTREZID","1576","ENTREZID","51478","directed","Process(indirect)"
"ENTREZID","1576","ENTREZID","51478","undirected","Process(indirect)"
"ENTREZID","1576","ENTREZID","54490","directed","Process(indirect)"
"ENTREZID","1576","ENTREZID","54575","directed","Process(indirect)"
"ENTREZID","1576","ENTREZID","54576","directed","Process(indirect)"
"ENTREZID","1576","ENTREZID","54577","directed","Process(indirect)"
"ENTREZID","1576","ENTREZID","54578","directed","Process(indirect)"
"ENTREZID","1576","ENTREZID","54579","directed","Process(indirect)"
"ENTREZID","1576","ENTREZID","54600","directed","Process(indirect)"
"ENTREZID","1576","ENTREZID","54657","directed","Process(indirect)"
"ENTREZID","1576","ENTREZID","54658","directed","Process(indirect)"
"ENTREZID","1576","ENTREZID","54659","directed","Process(indirect)"
"ENTREZID","1576","ENTREZID","574537","directed","Process(indirect)"
"ENTREZID","1576","ENTREZID","6783","directed","Process(indirect)"
"ENTREZID","1576","ENTREZID","6820","directed","Process(indirect)"
"ENTREZID","1576","ENTREZID","7363","directed","Process(indirect)"
"ENTREZID","1576","ENTREZID","7364","directed","Process(indirect)"
"ENTREZID","1576","ENTREZID","7365","directed","Process(indirect)"
"ENTREZID","1576","ENTREZID","7366","directed","Process(indirect)"
"ENTREZID","1576","ENTREZID","7367","directed","Process(indirect)"
"ENTREZID","1576","ENTREZID","7923","directed","Process(indirect)"
"ENTREZID","1576","ENTREZID","7923","undirected","Process(indirect)"
"ENTREZID","1576","ENTREZID","79799","directed","Process(indirect)"
"ENTREZID","1576","ENTREZID","8630","directed","Process(indirect)"
"ENTREZID","1576","ENTREZID","8630","undirected","Process(indirect)"
"ENTREZID","1576","ENTREZID","8644","directed","Process(indirect)"
"ENTREZID","1576","ENTREZID","8644","undirected","Process(indirect)"
"ENTREZID","1577","ENTREZID","10720","directed","Process(indirect)"
"ENTREZID","1577","ENTREZID","10941","directed","Process(indirect)"
"ENTREZID","1577","ENTREZID","1543","directed","Process(indirect)"
"ENTREZID","1577","ENTREZID","1571","directed","Process(indirect)"
"ENTREZID","1577","ENTREZID","1576","directed","Process(indirect)"
"ENTREZID","1577","ENTREZID","1581","directed","Process(indirect)"
"ENTREZID","1577","ENTREZID","1586","directed","Process(indirect)"
"ENTREZID","1577","ENTREZID","1588","directed","Process(indirect)"
"ENTREZID","1577","ENTREZID","3283","directed","Process(indirect)"
"ENTREZID","1577","ENTREZID","3284","directed","Process(indirect)"
"ENTREZID","1577","ENTREZID","3292","directed","Process(indirect)"
"ENTREZID","1577","ENTREZID","3292","undirected","Process(indirect)"
"ENTREZID","1577","ENTREZID","3294","directed","Process(indirect)"
"ENTREZID","1577","ENTREZID","3294","undirected","Process(indirect)"
"ENTREZID","1577","ENTREZID","412","directed","Process(indirect)"
"ENTREZID","1577","ENTREZID","51144","directed","Process(indirect)"
"ENTREZID","1577","ENTREZID","51144","undirected","Process(indirect)"
"ENTREZID","1577","ENTREZID","51478","directed","Process(indirect)"
"ENTREZID","1577","ENTREZID","51478","undirected","Process(indirect)"
"ENTREZID","1577","ENTREZID","54490","directed","Process(indirect)"
"ENTREZID","1577","ENTREZID","54575","directed","Process(indirect)"
"ENTREZID","1577","ENTREZID","54576","directed","Process(indirect)"
"ENTREZID","1577","ENTREZID","54577","directed","Process(indirect)"
"ENTREZID","1577","ENTREZID","54578","directed","Process(indirect)"
"ENTREZID","1577","ENTREZID","54579","directed","Process(indirect)"
"ENTREZID","1577","ENTREZID","54600","directed","Process(indirect)"
"ENTREZID","1577","ENTREZID","54657","directed","Process(indirect)"
"ENTREZID","1577","ENTREZID","54658","directed","Process(indirect)"
"ENTREZID","1577","ENTREZID","54659","directed","Process(indirect)"
"ENTREZID","1577","ENTREZID","574537","directed","Process(indirect)"
"ENTREZID","1577","ENTREZID","6783","directed","Process(indirect)"
"ENTREZID","1577","ENTREZID","6820","directed","Process(indirect)"
"ENTREZID","1577","ENTREZID","7363","directed","Process(indirect)"
"ENTREZID","1577","ENTREZID","7364","directed","Process(indirect)"
"ENTREZID","1577","ENTREZID","7365","directed","Process(indirect)"
"ENTREZID","1577","ENTREZID","7366","directed","Process(indirect)"
"ENTREZID","1577","ENTREZID","7367","directed","Process(indirect)"
"ENTREZID","1577","ENTREZID","7923","directed","Process(indirect)"
"ENTREZID","1577","ENTREZID","7923","undirected","Process(indirect)"
"ENTREZID","1577","ENTREZID","79799","directed","Process(indirect)"
"ENTREZID","1577","ENTREZID","8630","directed","Process(indirect)"
"ENTREZID","1577","ENTREZID","8630","undirected","Process(indirect)"
"ENTREZID","1577","ENTREZID","8644","directed","Process(indirect)"
"ENTREZID","1577","ENTREZID","8644","undirected","Process(indirect)"
"ENTREZID","1581","ENTREZID","100861540","directed","Process(indirect)"
"ENTREZID","1581","ENTREZID","1543","directed","Process(indirect)"
"ENTREZID","1581","ENTREZID","1544","directed","Process(indirect)"
"ENTREZID","1581","ENTREZID","1551","directed","Process(indirect)"
"ENTREZID","1581","ENTREZID","1571","directed","Process(indirect)"
"ENTREZID","1581","ENTREZID","1576","directed","Process(indirect)"
"ENTREZID","1581","ENTREZID","1577","directed","Process(indirect)"
"ENTREZID","1581","ENTREZID","1586","directed","Process(indirect)"
"ENTREZID","1581","ENTREZID","3283","directed","Process(indirect)"
"ENTREZID","1581","ENTREZID","3284","directed","Process(indirect)"
"ENTREZID","1581","ENTREZID","412","directed","Process(indirect)"
"ENTREZID","1581","ENTREZID","6820","directed","Process(indirect)"
"ENTREZID","1581","ENTREZID","8644","directed","Process(indirect)"
"ENTREZID","1583","ENTREZID","1586","directed","Process(indirect)"
"ENTREZID","1583","ENTREZID","1589","directed","Process(indirect)"
"ENTREZID","1583","ENTREZID","3283","directed","Process(indirect)"
"ENTREZID","1583","ENTREZID","3284","directed","Process(indirect)"
"ENTREZID","1583","ENTREZID","412","directed","Process(indirect)"
"ENTREZID","1583","ENTREZID","6820","directed","Process(indirect)"
"ENTREZID","1583","ENTREZID","9420","directed","Process(indirect)"
"ENTREZID","1584","ENTREZID","1586","directed","Process(indirect)"
"ENTREZID","1584","ENTREZID","1588","directed","Process(indirect)"
"ENTREZID","1584","ENTREZID","1589","directed","Process(indirect)"
"ENTREZID","1584","ENTREZID","1645","directed","Process(indirect)"
"ENTREZID","1584","ENTREZID","3283","directed","Process(indirect)"
"ENTREZID","1584","ENTREZID","3284","directed","Process(indirect)"
"ENTREZID","1584","ENTREZID","3290","directed","Process(indirect)"
"ENTREZID","1584","ENTREZID","3291","directed","Process(indirect)"
"ENTREZID","1584","ENTREZID","3292","directed","Process(indirect)"
"ENTREZID","1584","ENTREZID","3293","directed","Process(indirect)"
"ENTREZID","1584","ENTREZID","3294","directed","Process(indirect)"
"ENTREZID","1584","ENTREZID","374875","directed","Process(indirect)"
"ENTREZID","1584","ENTREZID","51144","directed","Process(indirect)"
"ENTREZID","1584","ENTREZID","51478","directed","Process(indirect)"
"ENTREZID","1584","ENTREZID","6715","directed","Process(indirect)"
"ENTREZID","1584","ENTREZID","6716","directed","Process(indirect)"
"ENTREZID","1584","ENTREZID","6718","directed","Process(indirect)"
"ENTREZID","1584","ENTREZID","79154","directed","Process(indirect)"
"ENTREZID","1584","ENTREZID","7923","directed","Process(indirect)"
"ENTREZID","1584","ENTREZID","79644","directed","Process(indirect)"
"ENTREZID","1584","ENTREZID","8630","directed","Process(indirect)"
"ENTREZID","1584","ENTREZID","8644","directed","Process(indirect)"
"ENTREZID","1585","ENTREZID","1586","directed","Process(indirect)"
"ENTREZID","1585","ENTREZID","1588","directed","Process(indirect)"
"ENTREZID","1585","ENTREZID","1589","directed","Process(indirect)"
"ENTREZID","1585","ENTREZID","1645","directed","Process(indirect)"
"ENTREZID","1585","ENTREZID","3283","directed","Process(indirect)"
"ENTREZID","1585","ENTREZID","3284","directed","Process(indirect)"
"ENTREZID","1585","ENTREZID","3290","directed","Process(indirect)"
"ENTREZID","1585","ENTREZID","3291","directed","Process(indirect)"
"ENTREZID","1585","ENTREZID","3292","directed","Process(indirect)"
"ENTREZID","1585","ENTREZID","3293","directed","Process(indirect)"
"ENTREZID","1585","ENTREZID","3294","directed","Process(indirect)"
"ENTREZID","1585","ENTREZID","374875","directed","Process(indirect)"
"ENTREZID","1585","ENTREZID","51144","directed","Process(indirect)"
"ENTREZID","1585","ENTREZID","51478","directed","Process(indirect)"
"ENTREZID","1585","ENTREZID","6715","directed","Process(indirect)"
"ENTREZID","1585","ENTREZID","6716","directed","Process(indirect)"
"ENTREZID","1585","ENTREZID","6718","directed","Process(indirect)"
"ENTREZID","1585","ENTREZID","79154","directed","Process(indirect)"
"ENTREZID","1585","ENTREZID","7923","directed","Process(indirect)"
"ENTREZID","1585","ENTREZID","79644","directed","Process(indirect)"
"ENTREZID","1585","ENTREZID","8630","directed","Process(indirect)"
"ENTREZID","1585","ENTREZID","8644","directed","Process(indirect)"
"ENTREZID","1586","ENTREZID","100861540","directed","Process(indirect)"
"ENTREZID","1586","ENTREZID","1543","directed","Process(indirect)"
"ENTREZID","1586","ENTREZID","1544","directed","Process(indirect)"
"ENTREZID","1586","ENTREZID","1551","directed","Process(indirect)"
"ENTREZID","1586","ENTREZID","1571","directed","Process(indirect)"
"ENTREZID","1586","ENTREZID","1576","directed","Process(indirect)"
"ENTREZID","1586","ENTREZID","1577","directed","Process(indirect)"
"ENTREZID","1586","ENTREZID","1581","directed","Process(indirect)"
"ENTREZID","1586","ENTREZID","1583","directed","Process(indirect)"
"ENTREZID","1586","ENTREZID","1584","directed","Process(indirect)"
"ENTREZID","1586","ENTREZID","1585","directed","Process(indirect)"
"ENTREZID","1586","ENTREZID","1588","directed","Process(indirect)"
"ENTREZID","1586","ENTREZID","1589","directed","Process(indirect)"
"ENTREZID","1586","ENTREZID","1645","directed","Process(indirect)"
"ENTREZID","1586","ENTREZID","3283","directed","Process(indirect)"
"ENTREZID","1586","ENTREZID","3284","directed","Process(indirect)"
"ENTREZID","1586","ENTREZID","3293","directed","Process(indirect)"
"ENTREZID","1586","ENTREZID","3294","directed","Process(indirect)"
"ENTREZID","1586","ENTREZID","412","directed","Process(indirect)"
"ENTREZID","1586","ENTREZID","6715","directed","Process(indirect)"
"ENTREZID","1586","ENTREZID","6716","directed","Process(indirect)"
"ENTREZID","1586","ENTREZID","6718","directed","Process(indirect)"
"ENTREZID","1586","ENTREZID","6820","directed","Process(indirect)"
"ENTREZID","1586","ENTREZID","7923","directed","Process(indirect)"
"ENTREZID","1586","ENTREZID","79644","directed","Process(indirect)"
"ENTREZID","1586","ENTREZID","8630","directed","Process(indirect)"
"ENTREZID","1586","ENTREZID","8644","directed","Process(indirect)"
"ENTREZID","1586","ENTREZID","9420","directed","Process(indirect)"
"ENTREZID","1588","ENTREZID","10720","directed","Process(indirect)"
"ENTREZID","1588","ENTREZID","10941","directed","Process(indirect)"
"ENTREZID","1588","ENTREZID","1543","directed","Process(indirect)"
"ENTREZID","1588","ENTREZID","1545","directed","Process(indirect)"
"ENTREZID","1588","ENTREZID","1576","directed","Process(indirect)"
"ENTREZID","1588","ENTREZID","1577","directed","Process(indirect)"
"ENTREZID","1588","ENTREZID","1584","directed","Process(indirect)"
"ENTREZID","1588","ENTREZID","1585","directed","Process(indirect)"
"ENTREZID","1588","ENTREZID","1586","directed","Process(indirect)"
"ENTREZID","1588","ENTREZID","3283","directed","Process(indirect)"
"ENTREZID","1588","ENTREZID","3284","directed","Process(indirect)"
"ENTREZID","1588","ENTREZID","3292","directed","Process(indirect)"
"ENTREZID","1588","ENTREZID","3293","directed","Process(indirect)"
"ENTREZID","1588","ENTREZID","3294","directed","Process(indirect)"
"ENTREZID","1588","ENTREZID","51144","directed","Process(indirect)"
"ENTREZID","1588","ENTREZID","51478","directed","Process(indirect)"
"ENTREZID","1588","ENTREZID","54490","directed","Process(indirect)"
"ENTREZID","1588","ENTREZID","54575","directed","Process(indirect)"
"ENTREZID","1588","ENTREZID","54576","directed","Process(indirect)"
"ENTREZID","1588","ENTREZID","54577","directed","Process(indirect)"
"ENTREZID","1588","ENTREZID","54578","directed","Process(indirect)"
"ENTREZID","1588","ENTREZID","54579","directed","Process(indirect)"
"ENTREZID","1588","ENTREZID","54600","directed","Process(indirect)"
"ENTREZID","1588","ENTREZID","54657","directed","Process(indirect)"
"ENTREZID","1588","ENTREZID","54658","directed","Process(indirect)"
"ENTREZID","1588","ENTREZID","54659","directed","Process(indirect)"
"ENTREZID","1588","ENTREZID","574537","directed","Process(indirect)"
"ENTREZID","1588","ENTREZID","6715","directed","Process(indirect)"
"ENTREZID","1588","ENTREZID","6716","directed","Process(indirect)"
"ENTREZID","1588","ENTREZID","6718","directed","Process(indirect)"
"ENTREZID","1588","ENTREZID","6783","directed","Process(indirect)"
"ENTREZID","1588","ENTREZID","7363","directed","Process(indirect)"
"ENTREZID","1588","ENTREZID","7364","directed","Process(indirect)"
"ENTREZID","1588","ENTREZID","7365","directed","Process(indirect)"
"ENTREZID","1588","ENTREZID","7366","directed","Process(indirect)"
"ENTREZID","1588","ENTREZID","7367","directed","Process(indirect)"
"ENTREZID","1588","ENTREZID","7923","directed","Process(indirect)"
"ENTREZID","1588","ENTREZID","79644","directed","Process(indirect)"
"ENTREZID","1588","ENTREZID","79799","directed","Process(indirect)"
"ENTREZID","1588","ENTREZID","8630","directed","Process(indirect)"
"ENTREZID","1588","ENTREZID","8644","directed","Process(indirect)"
"ENTREZID","1589","ENTREZID","1583","directed","Process(indirect)"
"ENTREZID","1589","ENTREZID","1584","directed","Process(indirect)"
"ENTREZID","1589","ENTREZID","1585","directed","Process(indirect)"
"ENTREZID","1589","ENTREZID","1586","directed","Process(indirect)"
"ENTREZID","1589","ENTREZID","1645","directed","Process(indirect)"
"ENTREZID","1589","ENTREZID","3283","directed","Process(indirect)"
"ENTREZID","1589","ENTREZID","3284","directed","Process(indirect)"
"ENTREZID","1589","ENTREZID","3290","directed","Process(indirect)"
"ENTREZID","1589","ENTREZID","3291","directed","Process(indirect)"
"ENTREZID","1589","ENTREZID","374875","directed","Process(indirect)"
"ENTREZID","1589","ENTREZID","412","directed","Process(indirect)"
"ENTREZID","1589","ENTREZID","6715","directed","Process(indirect)"
"ENTREZID","1589","ENTREZID","6716","directed","Process(indirect)"
"ENTREZID","1589","ENTREZID","6718","directed","Process(indirect)"
"ENTREZID","1589","ENTREZID","6820","directed","Process(indirect)"
"ENTREZID","1589","ENTREZID","79644","directed","Process(indirect)"
"ENTREZID","1589","ENTREZID","9420","directed","Process(indirect)"
"ENTREZID","1645","ENTREZID","1584","directed","Process(indirect)"
"ENTREZID","1645","ENTREZID","1585","directed","Process(indirect)"
"ENTREZID","1645","ENTREZID","1586","directed","Process(indirect)"
"ENTREZID","1645","ENTREZID","1589","directed","Process(indirect)"
"ENTREZID","1645","ENTREZID","1646","directed","Process(indirect)"
"ENTREZID","1645","ENTREZID","3283","directed","Process(indirect)"
"ENTREZID","1645","ENTREZID","3284","directed","Process(indirect)"
"ENTREZID","1645","ENTREZID","6715","directed","Process(indirect)"
"ENTREZID","1645","ENTREZID","6716","directed","Process(indirect)"
"ENTREZID","1645","ENTREZID","6718","directed","Process(indirect)"
"ENTREZID","1645","ENTREZID","79644","directed","Process(indirect)"
"ENTREZID","1645","ENTREZID","8644","directed","Process(indirect)"
"ENTREZID","1646","ENTREZID","1645","directed","Process(indirect)"
"ENTREZID","220074","ENTREZID","10720","directed","Process(indirect)"
"ENTREZID","220074","ENTREZID","10941","directed","Process(indirect)"
"ENTREZID","220074","ENTREZID","54490","directed","Process(indirect)"
"ENTREZID","220074","ENTREZID","54575","directed","Process(indirect)"
"ENTREZID","220074","ENTREZID","54576","directed","Process(indirect)"
"ENTREZID","220074","ENTREZID","54577","directed","Process(indirect)"
"ENTREZID","220074","ENTREZID","54578","directed","Process(indirect)"
"ENTREZID","220074","ENTREZID","54579","directed","Process(indirect)"
"ENTREZID","220074","ENTREZID","54600","directed","Process(indirect)"
"ENTREZID","220074","ENTREZID","54657","directed","Process(indirect)"
"ENTREZID","220074","ENTREZID","54658","directed","Process(indirect)"
"ENTREZID","220074","ENTREZID","54659","directed","Process(indirect)"
"ENTREZID","220074","ENTREZID","574537","directed","Process(indirect)"
"ENTREZID","220074","ENTREZID","7363","directed","Process(indirect)"
"ENTREZID","220074","ENTREZID","7364","directed","Process(indirect)"
"ENTREZID","220074","ENTREZID","7365","directed","Process(indirect)"
"ENTREZID","220074","ENTREZID","7366","directed","Process(indirect)"
"ENTREZID","220074","ENTREZID","7367","directed","Process(indirect)"
"ENTREZID","220074","ENTREZID","79799","directed","Process(indirect)"
"ENTREZID","3283","ENTREZID","100861540","directed","Process(indirect)"
"ENTREZID","3283","ENTREZID","10720","directed","Process(indirect)"
"ENTREZID","3283","ENTREZID","10941","directed","Process(indirect)"
"ENTREZID","3283","ENTREZID","1543","directed","Process(indirect)"
"ENTREZID","3283","ENTREZID","1544","directed","Process(indirect)"
"ENTREZID","3283","ENTREZID","1551","directed","Process(indirect)"
"ENTREZID","3283","ENTREZID","1571","directed","Process(indirect)"
"ENTREZID","3283","ENTREZID","1576","directed","Process(indirect)"
"ENTREZID","3283","ENTREZID","1577","directed","Process(indirect)"
"ENTREZID","3283","ENTREZID","1581","directed","Process(indirect)"
"ENTREZID","3283","ENTREZID","1583","directed","Process(indirect)"
"ENTREZID","3283","ENTREZID","1584","directed","Process(indirect)"
"ENTREZID","3283","ENTREZID","1585","directed","Process(indirect)"
"ENTREZID","3283","ENTREZID","1586","directed","Process(indirect)"
"ENTREZID","3283","ENTREZID","1588","directed","Process(indirect)"
"ENTREZID","3283","ENTREZID","1589","directed","Process(indirect)"
"ENTREZID","3283","ENTREZID","1645","directed","Process(indirect)"
"ENTREZID","3283","ENTREZID","3284","directed","Process(indirect)"
"ENTREZID","3283","ENTREZID","3290","directed","Process(indirect)"
"ENTREZID","3283","ENTREZID","3291","directed","Process(indirect)"
"ENTREZID","3283","ENTREZID","3293","directed","Process(indirect)"
"ENTREZID","3283","ENTREZID","3294","directed","Process(indirect)"
"ENTREZID","3283","ENTREZID","374875","directed","Process(indirect)"
"ENTREZID","3283","ENTREZID","412","directed","Process(indirect)"
"ENTREZID","3283","ENTREZID","54490","directed","Process(indirect)"
"ENTREZID","3283","ENTREZID","54575","directed","Process(indirect)"
"ENTREZID","3283","ENTREZID","54576","directed","Process(indirect)"
"ENTREZID","3283","ENTREZID","54577","directed","Process(indirect)"
"ENTREZID","3283","ENTREZID","54578","directed","Process(indirect)"
"ENTREZID","3283","ENTREZID","54579","directed","Process(indirect)"
"ENTREZID","3283","ENTREZID","54600","directed","Process(indirect)"
"ENTREZID","3283","ENTREZID","54657","directed","Process(indirect)"
"ENTREZID","3283","ENTREZID","54658","directed","Process(indirect)"
"ENTREZID","3283","ENTREZID","54659","directed","Process(indirect)"
"ENTREZID","3283","ENTREZID","574537","directed","Process(indirect)"
"ENTREZID","3283","ENTREZID","6715","directed","Process(indirect)"
"ENTREZID","3283","ENTREZID","6716","directed","Process(indirect)"
"ENTREZID","3283","ENTREZID","6718","directed","Process(indirect)"
"ENTREZID","3283","ENTREZID","6820","directed","Process(indirect)"
"ENTREZID","3283","ENTREZID","7363","directed","Process(indirect)"
"ENTREZID","3283","ENTREZID","7364","directed","Process(indirect)"
"ENTREZID","3283","ENTREZID","7365","directed","Process(indirect)"
"ENTREZID","3283","ENTREZID","7366","directed","Process(indirect)"
"ENTREZID","3283","ENTREZID","7367","directed","Process(indirect)"
"ENTREZID","3283","ENTREZID","7923","directed","Process(indirect)"
"ENTREZID","3283","ENTREZID","79644","directed","Process(indirect)"
"ENTREZID","3283","ENTREZID","79799","directed","Process(indirect)"
"ENTREZID","3283","ENTREZID","8630","directed","Process(indirect)"
"ENTREZID","3283","ENTREZID","8644","directed","Process(indirect)"
"ENTREZID","3283","ENTREZID","9420","directed","Process(indirect)"
"ENTREZID","3284","ENTREZID","100861540","directed","Process(indirect)"
"ENTREZID","3284","ENTREZID","10720","directed","Process(indirect)"
"ENTREZID","3284","ENTREZID","10941","directed","Process(indirect)"
"ENTREZID","3284","ENTREZID","1543","directed","Process(indirect)"
"ENTREZID","3284","ENTREZID","1544","directed","Process(indirect)"
"ENTREZID","3284","ENTREZID","1551","directed","Process(indirect)"
"ENTREZID","3284","ENTREZID","1571","directed","Process(indirect)"
"ENTREZID","3284","ENTREZID","1576","directed","Process(indirect)"
"ENTREZID","3284","ENTREZID","1577","directed","Process(indirect)"
"ENTREZID","3284","ENTREZID","1581","directed","Process(indirect)"
"ENTREZID","3284","ENTREZID","1583","directed","Process(indirect)"
"ENTREZID","3284","ENTREZID","1584","directed","Process(indirect)"
"ENTREZID","3284","ENTREZID","1585","directed","Process(indirect)"
"ENTREZID","3284","ENTREZID","1586","directed","Process(indirect)"
"ENTREZID","3284","ENTREZID","1588","directed","Process(indirect)"
"ENTREZID","3284","ENTREZID","1589","directed","Process(indirect)"
"ENTREZID","3284","ENTREZID","1645","directed","Process(indirect)"
"ENTREZID","3284","ENTREZID","3283","directed","Process(indirect)"
"ENTREZID","3284","ENTREZID","3290","directed","Process(indirect)"
"ENTREZID","3284","ENTREZID","3291","directed","Process(indirect)"
"ENTREZID","3284","ENTREZID","3293","directed","Process(indirect)"
"ENTREZID","3284","ENTREZID","3294","directed","Process(indirect)"
"ENTREZID","3284","ENTREZID","374875","directed","Process(indirect)"
"ENTREZID","3284","ENTREZID","412","directed","Process(indirect)"
"ENTREZID","3284","ENTREZID","54490","directed","Process(indirect)"
"ENTREZID","3284","ENTREZID","54575","directed","Process(indirect)"
"ENTREZID","3284","ENTREZID","54576","directed","Process(indirect)"
"ENTREZID","3284","ENTREZID","54577","directed","Process(indirect)"
"ENTREZID","3284","ENTREZID","54578","directed","Process(indirect)"
"ENTREZID","3284","ENTREZID","54579","directed","Process(indirect)"
"ENTREZID","3284","ENTREZID","54600","directed","Process(indirect)"
"ENTREZID","3284","ENTREZID","54657","directed","Process(indirect)"
"ENTREZID","3284","ENTREZID","54658","directed","Process(indirect)"
"ENTREZID","3284","ENTREZID","54659","directed","Process(indirect)"
"ENTREZID","3284","ENTREZID","574537","directed","Process(indirect)"
"ENTREZID","3284","ENTREZID","6715","directed","Process(indirect)"
"ENTREZID","3284","ENTREZID","6716","directed","Process(indirect)"
"ENTREZID","3284","ENTREZID","6718","directed","Process(indirect)"
"ENTREZID","3284","ENTREZID","6820","directed","Process(indirect)"
"ENTREZID","3284","ENTREZID","7363","directed","Process(indirect)"
"ENTREZID","3284","ENTREZID","7364","directed","Process(indirect)"
"ENTREZID","3284","ENTREZID","7365","directed","Process(indirect)"
"ENTREZID","3284","ENTREZID","7366","directed","Process(indirect)"
"ENTREZID","3284","ENTREZID","7367","directed","Process(indirect)"
"ENTREZID","3284","ENTREZID","7923","directed","Process(indirect)"
"ENTREZID","3284","ENTREZID","79644","directed","Process(indirect)"
"ENTREZID","3284","ENTREZID","79799","directed","Process(indirect)"
"ENTREZID","3284","ENTREZID","8630","directed","Process(indirect)"
"ENTREZID","3284","ENTREZID","8644","directed","Process(indirect)"
"ENTREZID","3284","ENTREZID","9420","directed","Process(indirect)"
"ENTREZID","3290","ENTREZID","1109","directed","Process(indirect)"
"ENTREZID","3290","ENTREZID","1589","directed","Process(indirect)"
"ENTREZID","3290","ENTREZID","3283","directed","Process(indirect)"
"ENTREZID","3290","ENTREZID","3284","directed","Process(indirect)"
"ENTREZID","3290","ENTREZID","3291","directed","Process(indirect)"
"ENTREZID","3290","ENTREZID","6718","directed","Process(indirect)"
"ENTREZID","3291","ENTREZID","1589","directed","Process(indirect)"
"ENTREZID","3291","ENTREZID","3283","directed","Process(indirect)"
"ENTREZID","3291","ENTREZID","3284","directed","Process(indirect)"
"ENTREZID","3291","ENTREZID","3290","directed","Process(indirect)"
"ENTREZID","3291","ENTREZID","374875","directed","Process(indirect)"
"ENTREZID","3291","ENTREZID","6718","directed","Process(indirect)"
"ENTREZID","3292","ENTREZID","10720","directed","Process(indirect)"
"ENTREZID","3292","ENTREZID","10941","directed","Process(indirect)"
"ENTREZID","3292","ENTREZID","1543","directed","Process(indirect)"
"ENTREZID","3292","ENTREZID","1545","directed","Process(indirect)"
"ENTREZID","3292","ENTREZID","1576","directed","Process(indirect)"
"ENTREZID","3292","ENTREZID","1577","directed","Process(indirect)"
"ENTREZID","3292","ENTREZID","1588","directed","Process(indirect)"
"ENTREZID","3292","ENTREZID","3294","directed","Process(indirect)"
"ENTREZID","3292","ENTREZID","51144","directed","Process(indirect)"
"ENTREZID","3292","ENTREZID","51478","directed","Process(indirect)"
"ENTREZID","3292","ENTREZID","54490","directed","Process(indirect)"
"ENTREZID","3292","ENTREZID","54575","directed","Process(indirect)"
"ENTREZID","3292","ENTREZID","54576","directed","Process(indirect)"
"ENTREZID","3292","ENTREZID","54577","directed","Process(indirect)"
"ENTREZID","3292","ENTREZID","54578","directed","Process(indirect)"
"ENTREZID","3292","ENTREZID","54579","directed","Process(indirect)"
"ENTREZID","3292","ENTREZID","54600","directed","Process(indirect)"
"ENTREZID","3292","ENTREZID","54657","directed","Process(indirect)"
"ENTREZID","3292","ENTREZID","54658","directed","Process(indirect)"
"ENTREZID","3292","ENTREZID","54659","directed","Process(indirect)"
"ENTREZID","3292","ENTREZID","574537","directed","Process(indirect)"
"ENTREZID","3292","ENTREZID","6783","directed","Process(indirect)"
"ENTREZID","3292","ENTREZID","7363","directed","Process(indirect)"
"ENTREZID","3292","ENTREZID","7364","directed","Process(indirect)"
"ENTREZID","3292","ENTREZID","7365","directed","Process(indirect)"
"ENTREZID","3292","ENTREZID","7366","directed","Process(indirect)"
"ENTREZID","3292","ENTREZID","7367","directed","Process(indirect)"
"ENTREZID","3292","ENTREZID","7923","directed","Process(indirect)"
"ENTREZID","3292","ENTREZID","79799","directed","Process(indirect)"
"ENTREZID","3292","ENTREZID","8630","directed","Process(indirect)"
"ENTREZID","3292","ENTREZID","8644","directed","Process(indirect)"
"ENTREZID","3293","ENTREZID","10720","directed","Process(indirect)"
"ENTREZID","3293","ENTREZID","10941","directed","Process(indirect)"
"ENTREZID","3293","ENTREZID","1584","directed","Process(indirect)"
"ENTREZID","3293","ENTREZID","1585","directed","Process(indirect)"
"ENTREZID","3293","ENTREZID","1586","directed","Process(indirect)"
"ENTREZID","3293","ENTREZID","1588","directed","Process(indirect)"
"ENTREZID","3293","ENTREZID","3283","directed","Process(indirect)"
"ENTREZID","3293","ENTREZID","3284","directed","Process(indirect)"
"ENTREZID","3293","ENTREZID","3294","directed","Process(indirect)"
"ENTREZID","3293","ENTREZID","54490","directed","Process(indirect)"
"ENTREZID","3293","ENTREZID","54575","directed","Process(indirect)"
"ENTREZID","3293","ENTREZID","54576","directed","Process(indirect)"
"ENTREZID","3293","ENTREZID","54577","directed","Process(indirect)"
"ENTREZID","3293","ENTREZID","54578","directed","Process(indirect)"
"ENTREZID","3293","ENTREZID","54579","directed","Process(indirect)"
"ENTREZID","3293","ENTREZID","54600","directed","Process(indirect)"
"ENTREZID","3293","ENTREZID","54657","directed","Process(indirect)"
"ENTREZID","3293","ENTREZID","54658","directed","Process(indirect)"
"ENTREZID","3293","ENTREZID","54659","directed","Process(indirect)"
"ENTREZID","3293","ENTREZID","574537","directed","Process(indirect)"
"ENTREZID","3293","ENTREZID","6715","directed","Process(indirect)"
"ENTREZID","3293","ENTREZID","6716","directed","Process(indirect)"
"ENTREZID","3293","ENTREZID","6718","directed","Process(indirect)"
"ENTREZID","3293","ENTREZID","7363","directed","Process(indirect)"
"ENTREZID","3293","ENTREZID","7364","directed","Process(indirect)"
"ENTREZID","3293","ENTREZID","7365","directed","Process(indirect)"
"ENTREZID","3293","ENTREZID","7366","directed","Process(indirect)"
"ENTREZID","3293","ENTREZID","7367","directed","Process(indirect)"
"ENTREZID","3293","ENTREZID","7923","directed","Process(indirect)"
"ENTREZID","3293","ENTREZID","79644","directed","Process(indirect)"
"ENTREZID","3293","ENTREZID","79799","directed","Process(indirect)"
"ENTREZID","3293","ENTREZID","8630","directed","Process(indirect)"
"ENTREZID","3293","ENTREZID","8644","directed","Process(indirect)"
"ENTREZID","3294","ENTREZID","10720","directed","Process(indirect)"
"ENTREZID","3294","ENTREZID","10941","directed","Process(indirect)"
"ENTREZID","3294","ENTREZID","1543","directed","Process(indirect)"
"ENTREZID","3294","ENTREZID","1545","directed","Process(indirect)"
"ENTREZID","3294","ENTREZID","1576","directed","Process(indirect)"
"ENTREZID","3294","ENTREZID","1577","directed","Process(indirect)"
"ENTREZID","3294","ENTREZID","1584","directed","Process(indirect)"
"ENTREZID","3294","ENTREZID","1585","directed","Process(indirect)"
"ENTREZID","3294","ENTREZID","1586","directed","Process(indirect)"
"ENTREZID","3294","ENTREZID","1588","directed","Process(indirect)"
"ENTREZID","3294","ENTREZID","3283","directed","Process(indirect)"
"ENTREZID","3294","ENTREZID","3284","directed","Process(indirect)"
"ENTREZID","3294","ENTREZID","3292","directed","Process(indirect)"
"ENTREZID","3294","ENTREZID","3293","directed","Process(indirect)"
"ENTREZID","3294","ENTREZID","3293","undirected","Process(indirect)"
"ENTREZID","3294","ENTREZID","51144","directed","Process(indirect)"
"ENTREZID","3294","ENTREZID","51478","directed","Process(indirect)"
"ENTREZID","3294","ENTREZID","54490","directed","Process(indirect)"
"ENTREZID","3294","ENTREZID","54575","directed","Process(indirect)"
"ENTREZID","3294","ENTREZID","54576","directed","Process(indirect)"
"ENTREZID","3294","ENTREZID","54577","directed","Process(indirect)"
"ENTREZID","3294","ENTREZID","54578","directed","Process(indirect)"
"ENTREZID","3294","ENTREZID","54579","directed","Process(indirect)"
"ENTREZID","3294","ENTREZID","54600","directed","Process(indirect)"
"ENTREZID","3294","ENTREZID","54657","directed","Process(indirect)"
"ENTREZID","3294","ENTREZID","54658","directed","Process(indirect)"
"ENTREZID","3294","ENTREZID","54659","directed","Process(indirect)"
"ENTREZID","3294","ENTREZID","574537","directed","Process(indirect)"
"ENTREZID","3294","ENTREZID","6715","directed","Process(indirect)"
"ENTREZID","3294","ENTREZID","6716","directed","Process(indirect)"
"ENTREZID","3294","ENTREZID","6718","directed","Process(indirect)"
"ENTREZID","3294","ENTREZID","6783","directed","Process(indirect)"
"ENTREZID","3294","ENTREZID","7363","directed","Process(indirect)"
"ENTREZID","3294","ENTREZID","7364","directed","Process(indirect)"
"ENTREZID","3294","ENTREZID","7365","directed","Process(indirect)"
"ENTREZID","3294","ENTREZID","7366","directed","Process(indirect)"
"ENTREZID","3294","ENTREZID","7367","directed","Process(indirect)"
"ENTREZID","3294","ENTREZID","7923","directed","Process(indirect)"
"ENTREZID","3294","ENTREZID","79644","directed","Process(indirect)"
"ENTREZID","3294","ENTREZID","79799","directed","Process(indirect)"
"ENTREZID","3294","ENTREZID","8630","directed","Process(indirect)"
"ENTREZID","3294","ENTREZID","8644","directed","Process(indirect)"
"ENTREZID","3294","ENTREZID","8644","undirected","Process(indirect)"
"ENTREZID","374875","ENTREZID","1109","directed","Process(indirect)"
"ENTREZID","374875","ENTREZID","1589","directed","Process(indirect)"
"ENTREZID","374875","ENTREZID","3283","directed","Process(indirect)"
"ENTREZID","374875","ENTREZID","3284","directed","Process(indirect)"
"ENTREZID","374875","ENTREZID","3291","directed","Process(indirect)"
"ENTREZID","374875","ENTREZID","6718","directed","Process(indirect)"
"ENTREZID","412","ENTREZID","100861540","directed","Process(indirect)"
"ENTREZID","412","ENTREZID","1543","directed","Process(indirect)"
"ENTREZID","412","ENTREZID","1544","directed","Process(indirect)"
"ENTREZID","412","ENTREZID","1551","directed","Process(indirect)"
"ENTREZID","412","ENTREZID","1571","directed","Process(indirect)"
"ENTREZID","412","ENTREZID","1576","directed","Process(indirect)"
"ENTREZID","412","ENTREZID","1577","directed","Process(indirect)"
"ENTREZID","412","ENTREZID","1581","directed","Process(indirect)"
"ENTREZID","412","ENTREZID","1583","directed","Process(indirect)"
"ENTREZID","412","ENTREZID","1586","directed","Process(indirect)"
"ENTREZID","412","ENTREZID","1589","directed","Process(indirect)"
"ENTREZID","412","ENTREZID","3283","directed","Process(indirect)"
"ENTREZID","412","ENTREZID","3284","directed","Process(indirect)"
"ENTREZID","412","ENTREZID","6820","directed","Process(indirect)"
"ENTREZID","412","ENTREZID","8644","directed","Process(indirect)"
"ENTREZID","412","ENTREZID","9420","directed","Process(indirect)"
"ENTREZID","51144","ENTREZID","10720","directed","Process(indirect)"
"ENTREZID","51144","ENTREZID","10941","directed","Process(indirect)"
"ENTREZID","51144","ENTREZID","1543","directed","Process(indirect)"
"ENTREZID","51144","ENTREZID","1545","directed","Process(indirect)"
"ENTREZID","51144","ENTREZID","1576","directed","Process(indirect)"
"ENTREZID","51144","ENTREZID","1577","directed","Process(indirect)"
"ENTREZID","51144","ENTREZID","1588","directed","Process(indirect)"
"ENTREZID","51144","ENTREZID","3292","directed","Process(indirect)"
"ENTREZID","51144","ENTREZID","3294","directed","Process(indirect)"
"ENTREZID","51144","ENTREZID","51478","directed","Process(indirect)"
"ENTREZID","51144","ENTREZID","54490","directed","Process(indirect)"
"ENTREZID","51144","ENTREZID","54575","directed","Process(indirect)"
"ENTREZID","51144","ENTREZID","54576","directed","Process(indirect)"
"ENTREZID","51144","ENTREZID","54577","directed","Process(indirect)"
"ENTREZID","51144","ENTREZID","54578","directed","Process(indirect)"
"ENTREZID","51144","ENTREZID","54579","directed","Process(indirect)"
"ENTREZID","51144","ENTREZID","54600","directed","Process(indirect)"
"ENTREZID","51144","ENTREZID","54657","directed","Process(indirect)"
"ENTREZID","51144","ENTREZID","54658","directed","Process(indirect)"
"ENTREZID","51144","ENTREZID","54659","directed","Process(indirect)"
"ENTREZID","51144","ENTREZID","574537","directed","Process(indirect)"
"ENTREZID","51144","ENTREZID","6783","directed","Process(indirect)"
"ENTREZID","51144","ENTREZID","7363","directed","Process(indirect)"
"ENTREZID","51144","ENTREZID","7364","directed","Process(indirect)"
"ENTREZID","51144","ENTREZID","7365","directed","Process(indirect)"
"ENTREZID","51144","ENTREZID","7366","directed","Process(indirect)"
"ENTREZID","51144","ENTREZID","7367","directed","Process(indirect)"
"ENTREZID","51144","ENTREZID","7923","directed","Process(indirect)"
"ENTREZID","51144","ENTREZID","79799","directed","Process(indirect)"
"ENTREZID","51144","ENTREZID","8630","directed","Process(indirect)"
"ENTREZID","51144","ENTREZID","8644","directed","Process(indirect)"
"ENTREZID","51478","ENTREZID","10720","directed","Process(indirect)"
"ENTREZID","51478","ENTREZID","10941","directed","Process(indirect)"
"ENTREZID","51478","ENTREZID","1543","directed","Process(indirect)"
"ENTREZID","51478","ENTREZID","1545","directed","Process(indirect)"
"ENTREZID","51478","ENTREZID","1576","directed","Process(indirect)"
"ENTREZID","51478","ENTREZID","1577","directed","Process(indirect)"
"ENTREZID","51478","ENTREZID","1588","directed","Process(indirect)"
"ENTREZID","51478","ENTREZID","3292","directed","Process(indirect)"
"ENTREZID","51478","ENTREZID","3294","directed","Process(indirect)"
"ENTREZID","51478","ENTREZID","51144","directed","Process(indirect)"
"ENTREZID","51478","ENTREZID","54490","directed","Process(indirect)"
"ENTREZID","51478","ENTREZID","54575","directed","Process(indirect)"
"ENTREZID","51478","ENTREZID","54576","directed","Process(indirect)"
"ENTREZID","51478","ENTREZID","54577","directed","Process(indirect)"
"ENTREZID","51478","ENTREZID","54578","directed","Process(indirect)"
"ENTREZID","51478","ENTREZID","54579","directed","Process(indirect)"
"ENTREZID","51478","ENTREZID","54600","directed","Process(indirect)"
"ENTREZID","51478","ENTREZID","54657","directed","Process(indirect)"
"ENTREZID","51478","ENTREZID","54658","directed","Process(indirect)"
"ENTREZID","51478","ENTREZID","54659","directed","Process(indirect)"
"ENTREZID","51478","ENTREZID","574537","directed","Process(indirect)"
"ENTREZID","51478","ENTREZID","6783","directed","Process(indirect)"
"ENTREZID","51478","ENTREZID","7363","directed","Process(indirect)"
"ENTREZID","51478","ENTREZID","7364","directed","Process(indirect)"
"ENTREZID","51478","ENTREZID","7365","directed","Process(indirect)"
"ENTREZID","51478","ENTREZID","7366","directed","Process(indirect)"
"ENTREZID","51478","ENTREZID","7367","directed","Process(indirect)"
"ENTREZID","51478","ENTREZID","7923","directed","Process(indirect)"
"ENTREZID","51478","ENTREZID","79799","directed","Process(indirect)"
"ENTREZID","51478","ENTREZID","8630","directed","Process(indirect)"
"ENTREZID","51478","ENTREZID","8644","directed","Process(indirect)"
"ENTREZID","54490","ENTREZID","1543","directed","Process(indirect)"
"ENTREZID","54490","ENTREZID","1545","directed","Process(indirect)"
"ENTREZID","54490","ENTREZID","1576","directed","Process(indirect)"
"ENTREZID","54490","ENTREZID","1577","directed","Process(indirect)"
"ENTREZID","54490","ENTREZID","1588","directed","Process(indirect)"
"ENTREZID","54490","ENTREZID","3283","directed","Process(indirect)"
"ENTREZID","54490","ENTREZID","3284","directed","Process(indirect)"
"ENTREZID","54490","ENTREZID","3292","directed","Process(indirect)"
"ENTREZID","54490","ENTREZID","3293","directed","Process(indirect)"
"ENTREZID","54490","ENTREZID","3294","directed","Process(indirect)"
"ENTREZID","54490","ENTREZID","51144","directed","Process(indirect)"
"ENTREZID","54490","ENTREZID","51478","directed","Process(indirect)"
"ENTREZID","54490","ENTREZID","6715","directed","Process(indirect)"
"ENTREZID","54490","ENTREZID","6716","directed","Process(indirect)"
"ENTREZID","54490","ENTREZID","6718","directed","Process(indirect)"
"ENTREZID","54490","ENTREZID","6783","directed","Process(indirect)"
"ENTREZID","54490","ENTREZID","7923","directed","Process(indirect)"
"ENTREZID","54490","ENTREZID","79644","directed","Process(indirect)"
"ENTREZID","54490","ENTREZID","8630","directed","Process(indirect)"
"ENTREZID","54490","ENTREZID","8644","directed","Process(indirect)"
"ENTREZID","54575","ENTREZID","1543","directed","Process(indirect)"
"ENTREZID","54575","ENTREZID","1545","directed","Process(indirect)"
"ENTREZID","54575","ENTREZID","1576","directed","Process(indirect)"
"ENTREZID","54575","ENTREZID","1577","directed","Process(indirect)"
"ENTREZID","54575","ENTREZID","1588","directed","Process(indirect)"
"ENTREZID","54575","ENTREZID","3283","directed","Process(indirect)"
"ENTREZID","54575","ENTREZID","3284","directed","Process(indirect)"
"ENTREZID","54575","ENTREZID","3292","directed","Process(indirect)"
"ENTREZID","54575","ENTREZID","3293","directed","Process(indirect)"
"ENTREZID","54575","ENTREZID","3294","directed","Process(indirect)"
"ENTREZID","54575","ENTREZID","51144","directed","Process(indirect)"
"ENTREZID","54575","ENTREZID","51478","directed","Process(indirect)"
"ENTREZID","54575","ENTREZID","6715","directed","Process(indirect)"
"ENTREZID","54575","ENTREZID","6716","directed","Process(indirect)"
"ENTREZID","54575","ENTREZID","6718","directed","Process(indirect)"
"ENTREZID","54575","ENTREZID","6783","directed","Process(indirect)"
"ENTREZID","54575","ENTREZID","7923","directed","Process(indirect)"
"ENTREZID","54575","ENTREZID","79644","directed","Process(indirect)"
"ENTREZID","54575","ENTREZID","8630","directed","Process(indirect)"
"ENTREZID","54575","ENTREZID","8644","directed","Process(indirect)"
"ENTREZID","54576","ENTREZID","1543","directed","Process(indirect)"
"ENTREZID","54576","ENTREZID","1545","directed","Process(indirect)"
"ENTREZID","54576","ENTREZID","1576","directed","Process(indirect)"
"ENTREZID","54576","ENTREZID","1577","directed","Process(indirect)"
"ENTREZID","54576","ENTREZID","1588","directed","Process(indirect)"
"ENTREZID","54576","ENTREZID","3283","directed","Process(indirect)"
"ENTREZID","54576","ENTREZID","3284","directed","Process(indirect)"
"ENTREZID","54576","ENTREZID","3292","directed","Process(indirect)"
"ENTREZID","54576","ENTREZID","3293","directed","Process(indirect)"
"ENTREZID","54576","ENTREZID","3294","directed","Process(indirect)"
"ENTREZID","54576","ENTREZID","51144","directed","Process(indirect)"
"ENTREZID","54576","ENTREZID","51478","directed","Process(indirect)"
"ENTREZID","54576","ENTREZID","6715","directed","Process(indirect)"
"ENTREZID","54576","ENTREZID","6716","directed","Process(indirect)"
"ENTREZID","54576","ENTREZID","6718","directed","Process(indirect)"
"ENTREZID","54576","ENTREZID","6783","directed","Process(indirect)"
"ENTREZID","54576","ENTREZID","7923","directed","Process(indirect)"
"ENTREZID","54576","ENTREZID","79644","directed","Process(indirect)"
"ENTREZID","54576","ENTREZID","8630","directed","Process(indirect)"
"ENTREZID","54576","ENTREZID","8644","directed","Process(indirect)"
"ENTREZID","54577","ENTREZID","1543","directed","Process(indirect)"
"ENTREZID","54577","ENTREZID","1545","directed","Process(indirect)"
"ENTREZID","54577","ENTREZID","1576","directed","Process(indirect)"
"ENTREZID","54577","ENTREZID","1577","directed","Process(indirect)"
"ENTREZID","54577","ENTREZID","1588","directed","Process(indirect)"
"ENTREZID","54577","ENTREZID","3283","directed","Process(indirect)"
"ENTREZID","54577","ENTREZID","3284","directed","Process(indirect)"
"ENTREZID","54577","ENTREZID","3292","directed","Process(indirect)"
"ENTREZID","54577","ENTREZID","3293","directed","Process(indirect)"
"ENTREZID","54577","ENTREZID","3294","directed","Process(indirect)"
"ENTREZID","54577","ENTREZID","51144","directed","Process(indirect)"
"ENTREZID","54577","ENTREZID","51478","directed","Process(indirect)"
"ENTREZID","54577","ENTREZID","6715","directed","Process(indirect)"
"ENTREZID","54577","ENTREZID","6716","directed","Process(indirect)"
"ENTREZID","54577","ENTREZID","6718","directed","Process(indirect)"
"ENTREZID","54577","ENTREZID","6783","directed","Process(indirect)"
"ENTREZID","54577","ENTREZID","7923","directed","Process(indirect)"
"ENTREZID","54577","ENTREZID","79644","directed","Process(indirect)"
"ENTREZID","54577","ENTREZID","8630","directed","Process(indirect)"
"ENTREZID","54577","ENTREZID","8644","directed","Process(indirect)"
"ENTREZID","54578","ENTREZID","1543","directed","Process(indirect)"
"ENTREZID","54578","ENTREZID","1545","directed","Process(indirect)"
"ENTREZID","54578","ENTREZID","1576","directed","Process(indirect)"
"ENTREZID","54578","ENTREZID","1577","directed","Process(indirect)"
"ENTREZID","54578","ENTREZID","1588","directed","Process(indirect)"
"ENTREZID","54578","ENTREZID","3283","directed","Process(indirect)"
"ENTREZID","54578","ENTREZID","3284","directed","Process(indirect)"
"ENTREZID","54578","ENTREZID","3292","directed","Process(indirect)"
"ENTREZID","54578","ENTREZID","3293","directed","Process(indirect)"
"ENTREZID","54578","ENTREZID","3294","directed","Process(indirect)"
"ENTREZID","54578","ENTREZID","51144","directed","Process(indirect)"
"ENTREZID","54578","ENTREZID","51478","directed","Process(indirect)"
"ENTREZID","54578","ENTREZID","6715","directed","Process(indirect)"
"ENTREZID","54578","ENTREZID","6716","directed","Process(indirect)"
"ENTREZID","54578","ENTREZID","6718","directed","Process(indirect)"
"ENTREZID","54578","ENTREZID","6783","directed","Process(indirect)"
"ENTREZID","54578","ENTREZID","7923","directed","Process(indirect)"
"ENTREZID","54578","ENTREZID","79644","directed","Process(indirect)"
"ENTREZID","54578","ENTREZID","8630","directed","Process(indirect)"
"ENTREZID","54578","ENTREZID","8644","directed","Process(indirect)"
"ENTREZID","54579","ENTREZID","1543","directed","Process(indirect)"
"ENTREZID","54579","ENTREZID","1545","directed","Process(indirect)"
"ENTREZID","54579","ENTREZID","1576","directed","Process(indirect)"
"ENTREZID","54579","ENTREZID","1577","directed","Process(indirect)"
"ENTREZID","54579","ENTREZID","1588","directed","Process(indirect)"
"ENTREZID","54579","ENTREZID","3283","directed","Process(indirect)"
"ENTREZID","54579","ENTREZID","3284","directed","Process(indirect)"
"ENTREZID","54579","ENTREZID","3292","directed","Process(indirect)"
"ENTREZID","54579","ENTREZID","3293","directed","Process(indirect)"
"ENTREZID","54579","ENTREZID","3294","directed","Process(indirect)"
"ENTREZID","54579","ENTREZID","51144","directed","Process(indirect)"
"ENTREZID","54579","ENTREZID","51478","directed","Process(indirect)"
"ENTREZID","54579","ENTREZID","6715","directed","Process(indirect)"
"ENTREZID","54579","ENTREZID","6716","directed","Process(indirect)"
"ENTREZID","54579","ENTREZID","6718","directed","Process(indirect)"
"ENTREZID","54579","ENTREZID","6783","directed","Process(indirect)"
"ENTREZID","54579","ENTREZID","7923","directed","Process(indirect)"
"ENTREZID","54579","ENTREZID","79644","directed","Process(indirect)"
"ENTREZID","54579","ENTREZID","8630","directed","Process(indirect)"
"ENTREZID","54579","ENTREZID","8644","directed","Process(indirect)"
"ENTREZID","54600","ENTREZID","1543","directed","Process(indirect)"
"ENTREZID","54600","ENTREZID","1545","directed","Process(indirect)"
"ENTREZID","54600","ENTREZID","1576","directed","Process(indirect)"
"ENTREZID","54600","ENTREZID","1577","directed","Process(indirect)"
"ENTREZID","54600","ENTREZID","1588","directed","Process(indirect)"
"ENTREZID","54600","ENTREZID","3283","directed","Process(indirect)"
"ENTREZID","54600","ENTREZID","3284","directed","Process(indirect)"
"ENTREZID","54600","ENTREZID","3292","directed","Process(indirect)"
"ENTREZID","54600","ENTREZID","3293","directed","Process(indirect)"
"ENTREZID","54600","ENTREZID","3294","directed","Process(indirect)"
"ENTREZID","54600","ENTREZID","51144","directed","Process(indirect)"
"ENTREZID","54600","ENTREZID","51478","directed","Process(indirect)"
"ENTREZID","54600","ENTREZID","6715","directed","Process(indirect)"
"ENTREZID","54600","ENTREZID","6716","directed","Process(indirect)"
"ENTREZID","54600","ENTREZID","6718","directed","Process(indirect)"
"ENTREZID","54600","ENTREZID","6783","directed","Process(indirect)"
"ENTREZID","54600","ENTREZID","7923","directed","Process(indirect)"
"ENTREZID","54600","ENTREZID","79644","directed","Process(indirect)"
"ENTREZID","54600","ENTREZID","8630","directed","Process(indirect)"
"ENTREZID","54600","ENTREZID","8644","directed","Process(indirect)"
"ENTREZID","54657","ENTREZID","1543","directed","Process(indirect)"
"ENTREZID","54657","ENTREZID","1545","directed","Process(indirect)"
"ENTREZID","54657","ENTREZID","1576","directed","Process(indirect)"
"ENTREZID","54657","ENTREZID","1577","directed","Process(indirect)"
"ENTREZID","54657","ENTREZID","1588","directed","Process(indirect)"
"ENTREZID","54657","ENTREZID","3283","directed","Process(indirect)"
"ENTREZID","54657","ENTREZID","3284","directed","Process(indirect)"
"ENTREZID","54657","ENTREZID","3292","directed","Process(indirect)"
"ENTREZID","54657","ENTREZID","3293","directed","Process(indirect)"
"ENTREZID","54657","ENTREZID","3294","directed","Process(indirect)"
"ENTREZID","54657","ENTREZID","51144","directed","Process(indirect)"
"ENTREZID","54657","ENTREZID","51478","directed","Process(indirect)"
"ENTREZID","54657","ENTREZID","6715","directed","Process(indirect)"
"ENTREZID","54657","ENTREZID","6716","directed","Process(indirect)"
"ENTREZID","54657","ENTREZID","6718","directed","Process(indirect)"
"ENTREZID","54657","ENTREZID","6783","directed","Process(indirect)"
"ENTREZID","54657","ENTREZID","7923","directed","Process(indirect)"
"ENTREZID","54657","ENTREZID","79644","directed","Process(indirect)"
"ENTREZID","54657","ENTREZID","8630","directed","Process(indirect)"
"ENTREZID","54657","ENTREZID","8644","directed","Process(indirect)"
"ENTREZID","54658","ENTREZID","1543","directed","Process(indirect)"
"ENTREZID","54658","ENTREZID","1545","directed","Process(indirect)"
"ENTREZID","54658","ENTREZID","1576","directed","Process(indirect)"
"ENTREZID","54658","ENTREZID","1577","directed","Process(indirect)"
"ENTREZID","54658","ENTREZID","1588","directed","Process(indirect)"
"ENTREZID","54658","ENTREZID","3283","directed","Process(indirect)"
"ENTREZID","54658","ENTREZID","3284","directed","Process(indirect)"
"ENTREZID","54658","ENTREZID","3292","directed","Process(indirect)"
"ENTREZID","54658","ENTREZID","3293","directed","Process(indirect)"
"ENTREZID","54658","ENTREZID","3294","directed","Process(indirect)"
"ENTREZID","54658","ENTREZID","51144","directed","Process(indirect)"
"ENTREZID","54658","ENTREZID","51478","directed","Process(indirect)"
"ENTREZID","54658","ENTREZID","6715","directed","Process(indirect)"
"ENTREZID","54658","ENTREZID","6716","directed","Process(indirect)"
"ENTREZID","54658","ENTREZID","6718","directed","Process(indirect)"
"ENTREZID","54658","ENTREZID","6783","directed","Process(indirect)"
"ENTREZID","54658","ENTREZID","7923","directed","Process(indirect)"
"ENTREZID","54658","ENTREZID","79644","directed","Process(indirect)"
"ENTREZID","54658","ENTREZID","8630","directed","Process(indirect)"
"ENTREZID","54658","ENTREZID","8644","directed","Process(indirect)"
"ENTREZID","54659","ENTREZID","1543","directed","Process(indirect)"
"ENTREZID","54659","ENTREZID","1545","directed","Process(indirect)"
"ENTREZID","54659","ENTREZID","1576","directed","Process(indirect)"
"ENTREZID","54659","ENTREZID","1577","directed","Process(indirect)"
"ENTREZID","54659","ENTREZID","1588","directed","Process(indirect)"
"ENTREZID","54659","ENTREZID","3283","directed","Process(indirect)"
"ENTREZID","54659","ENTREZID","3284","directed","Process(indirect)"
"ENTREZID","54659","ENTREZID","3292","directed","Process(indirect)"
"ENTREZID","54659","ENTREZID","3293","directed","Process(indirect)"
"ENTREZID","54659","ENTREZID","3294","directed","Process(indirect)"
"ENTREZID","54659","ENTREZID","51144","directed","Process(indirect)"
"ENTREZID","54659","ENTREZID","51478","directed","Process(indirect)"
"ENTREZID","54659","ENTREZID","6715","directed","Process(indirect)"
"ENTREZID","54659","ENTREZID","6716","directed","Process(indirect)"
"ENTREZID","54659","ENTREZID","6718","directed","Process(indirect)"
"ENTREZID","54659","ENTREZID","6783","directed","Process(indirect)"
"ENTREZID","54659","ENTREZID","7923","directed","Process(indirect)"
"ENTREZID","54659","ENTREZID","79644","directed","Process(indirect)"
"ENTREZID","54659","ENTREZID","8630","directed","Process(indirect)"
"ENTREZID","54659","ENTREZID","8644","directed","Process(indirect)"
"ENTREZID","574537","ENTREZID","1543","directed","Process(indirect)"
"ENTREZID","574537","ENTREZID","1545","directed","Process(indirect)"
"ENTREZID","574537","ENTREZID","1576","directed","Process(indirect)"
"ENTREZID","574537","ENTREZID","1577","directed","Process(indirect)"
"ENTREZID","574537","ENTREZID","1588","directed","Process(indirect)"
"ENTREZID","574537","ENTREZID","3283","directed","Process(indirect)"
"ENTREZID","574537","ENTREZID","3284","directed","Process(indirect)"
"ENTREZID","574537","ENTREZID","3292","directed","Process(indirect)"
"ENTREZID","574537","ENTREZID","3293","directed","Process(indirect)"
"ENTREZID","574537","ENTREZID","3294","directed","Process(indirect)"
"ENTREZID","574537","ENTREZID","51144","directed","Process(indirect)"
"ENTREZID","574537","ENTREZID","51478","directed","Process(indirect)"
"ENTREZID","574537","ENTREZID","6715","directed","Process(indirect)"
"ENTREZID","574537","ENTREZID","6716","directed","Process(indirect)"
"ENTREZID","574537","ENTREZID","6718","directed","Process(indirect)"
"ENTREZID","574537","ENTREZID","6783","directed","Process(indirect)"
"ENTREZID","574537","ENTREZID","7923","directed","Process(indirect)"
"ENTREZID","574537","ENTREZID","79644","directed","Process(indirect)"
"ENTREZID","574537","ENTREZID","8630","directed","Process(indirect)"
"ENTREZID","574537","ENTREZID","8644","directed","Process(indirect)"
"ENTREZID","6715","ENTREZID","10720","directed","Process(indirect)"
"ENTREZID","6715","ENTREZID","10941","directed","Process(indirect)"
"ENTREZID","6715","ENTREZID","1109","directed","Process(indirect)"
"ENTREZID","6715","ENTREZID","1584","directed","Process(indirect)"
"ENTREZID","6715","ENTREZID","1585","directed","Process(indirect)"
"ENTREZID","6715","ENTREZID","1586","directed","Process(indirect)"
"ENTREZID","6715","ENTREZID","1588","directed","Process(indirect)"
"ENTREZID","6715","ENTREZID","1645","directed","Process(indirect)"
"ENTREZID","6715","ENTREZID","1646","directed","Process(indirect)"
"ENTREZID","6715","ENTREZID","3283","directed","Process(indirect)"
"ENTREZID","6715","ENTREZID","3284","directed","Process(indirect)"
"ENTREZID","6715","ENTREZID","3293","directed","Process(indirect)"
"ENTREZID","6715","ENTREZID","3294","directed","Process(indirect)"
"ENTREZID","6715","ENTREZID","54490","directed","Process(indirect)"
"ENTREZID","6715","ENTREZID","54575","directed","Process(indirect)"
"ENTREZID","6715","ENTREZID","54576","directed","Process(indirect)"
"ENTREZID","6715","ENTREZID","54577","directed","Process(indirect)"
"ENTREZID","6715","ENTREZID","54578","directed","Process(indirect)"
"ENTREZID","6715","ENTREZID","54579","directed","Process(indirect)"
"ENTREZID","6715","ENTREZID","54600","directed","Process(indirect)"
"ENTREZID","6715","ENTREZID","54657","directed","Process(indirect)"
"ENTREZID","6715","ENTREZID","54658","directed","Process(indirect)"
"ENTREZID","6715","ENTREZID","54659","directed","Process(indirect)"
"ENTREZID","6715","ENTREZID","574537","directed","Process(indirect)"
"ENTREZID","6715","ENTREZID","6718","directed","Process(indirect)"
"ENTREZID","6715","ENTREZID","7363","directed","Process(indirect)"
"ENTREZID","6715","ENTREZID","7364","directed","Process(indirect)"
"ENTREZID","6715","ENTREZID","7365","directed","Process(indirect)"
"ENTREZID","6715","ENTREZID","7366","directed","Process(indirect)"
"ENTREZID","6715","ENTREZID","7367","directed","Process(indirect)"
"ENTREZID","6715","ENTREZID","7923","directed","Process(indirect)"
"ENTREZID","6715","ENTREZID","79799","directed","Process(indirect)"
"ENTREZID","6715","ENTREZID","8630","directed","Process(indirect)"
"ENTREZID","6715","ENTREZID","8644","directed","Process(indirect)"
"ENTREZID","6716","ENTREZID","10720","directed","Process(indirect)"
"ENTREZID","6716","ENTREZID","10941","directed","Process(indirect)"
"ENTREZID","6716","ENTREZID","1109","directed","Process(indirect)"
"ENTREZID","6716","ENTREZID","1584","directed","Process(indirect)"
"ENTREZID","6716","ENTREZID","1585","directed","Process(indirect)"
"ENTREZID","6716","ENTREZID","1586","directed","Process(indirect)"
"ENTREZID","6716","ENTREZID","1588","directed","Process(indirect)"
"ENTREZID","6716","ENTREZID","1645","directed","Process(indirect)"
"ENTREZID","6716","ENTREZID","1646","directed","Process(indirect)"
"ENTREZID","6716","ENTREZID","3283","directed","Process(indirect)"
"ENTREZID","6716","ENTREZID","3284","directed","Process(indirect)"
"ENTREZID","6716","ENTREZID","3293","directed","Process(indirect)"
"ENTREZID","6716","ENTREZID","3294","directed","Process(indirect)"
"ENTREZID","6716","ENTREZID","54490","directed","Process(indirect)"
"ENTREZID","6716","ENTREZID","54575","directed","Process(indirect)"
"ENTREZID","6716","ENTREZID","54576","directed","Process(indirect)"
"ENTREZID","6716","ENTREZID","54577","directed","Process(indirect)"
"ENTREZID","6716","ENTREZID","54578","directed","Process(indirect)"
"ENTREZID","6716","ENTREZID","54579","directed","Process(indirect)"
"ENTREZID","6716","ENTREZID","54600","directed","Process(indirect)"
"ENTREZID","6716","ENTREZID","54657","directed","Process(indirect)"
"ENTREZID","6716","ENTREZID","54658","directed","Process(indirect)"
"ENTREZID","6716","ENTREZID","54659","directed","Process(indirect)"
"ENTREZID","6716","ENTREZID","574537","directed","Process(indirect)"
"ENTREZID","6716","ENTREZID","6718","directed","Process(indirect)"
"ENTREZID","6716","ENTREZID","7363","directed","Process(indirect)"
"ENTREZID","6716","ENTREZID","7364","directed","Process(indirect)"
"ENTREZID","6716","ENTREZID","7365","directed","Process(indirect)"
"ENTREZID","6716","ENTREZID","7366","directed","Process(indirect)"
"ENTREZID","6716","ENTREZID","7367","directed","Process(indirect)"
"ENTREZID","6716","ENTREZID","7923","directed","Process(indirect)"
"ENTREZID","6716","ENTREZID","79799","directed","Process(indirect)"
"ENTREZID","6716","ENTREZID","8630","directed","Process(indirect)"
"ENTREZID","6716","ENTREZID","8644","directed","Process(indirect)"
"ENTREZID","6718","ENTREZID","10720","directed","Process(indirect)"
"ENTREZID","6718","ENTREZID","10941","directed","Process(indirect)"
"ENTREZID","6718","ENTREZID","1109","directed","Process(indirect)"
"ENTREZID","6718","ENTREZID","1584","directed","Process(indirect)"
"ENTREZID","6718","ENTREZID","1585","directed","Process(indirect)"
"ENTREZID","6718","ENTREZID","1586","directed","Process(indirect)"
"ENTREZID","6718","ENTREZID","1588","directed","Process(indirect)"
"ENTREZID","6718","ENTREZID","1589","directed","Process(indirect)"
"ENTREZID","6718","ENTREZID","1645","directed","Process(indirect)"
"ENTREZID","6718","ENTREZID","3283","directed","Process(indirect)"
"ENTREZID","6718","ENTREZID","3284","directed","Process(indirect)"
"ENTREZID","6718","ENTREZID","3290","directed","Process(indirect)"
"ENTREZID","6718","ENTREZID","3291","directed","Process(indirect)"
"ENTREZID","6718","ENTREZID","3293","directed","Process(indirect)"
"ENTREZID","6718","ENTREZID","3294","directed","Process(indirect)"
"ENTREZID","6718","ENTREZID","374875","directed","Process(indirect)"
"ENTREZID","6718","ENTREZID","54490","directed","Process(indirect)"
"ENTREZID","6718","ENTREZID","54575","directed","Process(indirect)"
"ENTREZID","6718","ENTREZID","54576","directed","Process(indirect)"
"ENTREZID","6718","ENTREZID","54577","directed","Process(indirect)"
"ENTREZID","6718","ENTREZID","54578","directed","Process(indirect)"
"ENTREZID","6718","ENTREZID","54579","directed","Process(indirect)"
"ENTREZID","6718","ENTREZID","54600","directed","Process(indirect)"
"ENTREZID","6718","ENTREZID","54657","directed","Process(indirect)"
"ENTREZID","6718","ENTREZID","54658","directed","Process(indirect)"
"ENTREZID","6718","ENTREZID","54659","directed","Process(indirect)"
"ENTREZID","6718","ENTREZID","574537","directed","Process(indirect)"
"ENTREZID","6718","ENTREZID","6715","directed","Process(indirect)"
"ENTREZID","6718","ENTREZID","6716","directed","Process(indirect)"
"ENTREZID","6718","ENTREZID","7363","directed","Process(indirect)"
"ENTREZID","6718","ENTREZID","7364","directed","Process(indirect)"
"ENTREZID","6718","ENTREZID","7365","directed","Process(indirect)"
"ENTREZID","6718","ENTREZID","7366","directed","Process(indirect)"
"ENTREZID","6718","ENTREZID","7367","directed","Process(indirect)"
"ENTREZID","6718","ENTREZID","7923","directed","Process(indirect)"
"ENTREZID","6718","ENTREZID","79644","directed","Process(indirect)"
"ENTREZID","6718","ENTREZID","79799","directed","Process(indirect)"
"ENTREZID","6718","ENTREZID","8630","directed","Process(indirect)"
"ENTREZID","6718","ENTREZID","8644","directed","Process(indirect)"
"ENTREZID","6783","ENTREZID","10720","directed","Process(indirect)"
"ENTREZID","6783","ENTREZID","10941","directed","Process(indirect)"
"ENTREZID","6783","ENTREZID","1543","directed","Process(indirect)"
"ENTREZID","6783","ENTREZID","1576","directed","Process(indirect)"
"ENTREZID","6783","ENTREZID","1577","directed","Process(indirect)"
"ENTREZID","6783","ENTREZID","1588","directed","Process(indirect)"
"ENTREZID","6783","ENTREZID","3292","directed","Process(indirect)"
"ENTREZID","6783","ENTREZID","3294","directed","Process(indirect)"
"ENTREZID","6783","ENTREZID","51144","directed","Process(indirect)"
"ENTREZID","6783","ENTREZID","51478","directed","Process(indirect)"
"ENTREZID","6783","ENTREZID","54490","directed","Process(indirect)"
"ENTREZID","6783","ENTREZID","54575","directed","Process(indirect)"
"ENTREZID","6783","ENTREZID","54576","directed","Process(indirect)"
"ENTREZID","6783","ENTREZID","54577","directed","Process(indirect)"
"ENTREZID","6783","ENTREZID","54578","directed","Process(indirect)"
"ENTREZID","6783","ENTREZID","54579","directed","Process(indirect)"
"ENTREZID","6783","ENTREZID","54600","directed","Process(indirect)"
"ENTREZID","6783","ENTREZID","54657","directed","Process(indirect)"
"ENTREZID","6783","ENTREZID","54658","directed","Process(indirect)"
"ENTREZID","6783","ENTREZID","54659","directed","Process(indirect)"
"ENTREZID","6783","ENTREZID","574537","directed","Process(indirect)"
"ENTREZID","6783","ENTREZID","7363","directed","Process(indirect)"
"ENTREZID","6783","ENTREZID","7364","directed","Process(indirect)"
"ENTREZID","6783","ENTREZID","7365","directed","Process(indirect)"
"ENTREZID","6783","ENTREZID","7366","directed","Process(indirect)"
"ENTREZID","6783","ENTREZID","7367","directed","Process(indirect)"
"ENTREZID","6783","ENTREZID","7923","directed","Process(indirect)"
"ENTREZID","6783","ENTREZID","79799","directed","Process(indirect)"
"ENTREZID","6783","ENTREZID","8630","directed","Process(indirect)"
"ENTREZID","6783","ENTREZID","8644","directed","Process(indirect)"
"ENTREZID","6820","ENTREZID","100861540","directed","Process(indirect)"
"ENTREZID","6820","ENTREZID","1543","directed","Process(indirect)"
"ENTREZID","6820","ENTREZID","1544","directed","Process(indirect)"
"ENTREZID","6820","ENTREZID","1551","directed","Process(indirect)"
"ENTREZID","6820","ENTREZID","1571","directed","Process(indirect)"
"ENTREZID","6820","ENTREZID","1576","directed","Process(indirect)"
"ENTREZID","6820","ENTREZID","1577","directed","Process(indirect)"
"ENTREZID","6820","ENTREZID","1581","directed","Process(indirect)"
"ENTREZID","6820","ENTREZID","1583","directed","Process(indirect)"
"ENTREZID","6820","ENTREZID","1586","directed","Process(indirect)"
"ENTREZID","6820","ENTREZID","1589","directed","Process(indirect)"
"ENTREZID","6820","ENTREZID","3283","directed","Process(indirect)"
"ENTREZID","6820","ENTREZID","3284","directed","Process(indirect)"
"ENTREZID","6820","ENTREZID","412","directed","Process(indirect)"
"ENTREZID","6820","ENTREZID","8644","directed","Process(indirect)"
"ENTREZID","6820","ENTREZID","9420","directed","Process(indirect)"
"ENTREZID","7363","ENTREZID","1543","directed","Process(indirect)"
"ENTREZID","7363","ENTREZID","1545","directed","Process(indirect)"
"ENTREZID","7363","ENTREZID","1576","directed","Process(indirect)"
"ENTREZID","7363","ENTREZID","1577","directed","Process(indirect)"
"ENTREZID","7363","ENTREZID","1588","directed","Process(indirect)"
"ENTREZID","7363","ENTREZID","3283","directed","Process(indirect)"
"ENTREZID","7363","ENTREZID","3284","directed","Process(indirect)"
"ENTREZID","7363","ENTREZID","3292","directed","Process(indirect)"
"ENTREZID","7363","ENTREZID","3293","directed","Process(indirect)"
"ENTREZID","7363","ENTREZID","3294","directed","Process(indirect)"
"ENTREZID","7363","ENTREZID","51144","directed","Process(indirect)"
"ENTREZID","7363","ENTREZID","51478","directed","Process(indirect)"
"ENTREZID","7363","ENTREZID","6715","directed","Process(indirect)"
"ENTREZID","7363","ENTREZID","6716","directed","Process(indirect)"
"ENTREZID","7363","ENTREZID","6718","directed","Process(indirect)"
"ENTREZID","7363","ENTREZID","6783","directed","Process(indirect)"
"ENTREZID","7363","ENTREZID","7923","directed","Process(indirect)"
"ENTREZID","7363","ENTREZID","79644","directed","Process(indirect)"
"ENTREZID","7363","ENTREZID","8630","directed","Process(indirect)"
"ENTREZID","7363","ENTREZID","8644","directed","Process(indirect)"
"ENTREZID","7364","ENTREZID","1543","directed","Process(indirect)"
"ENTREZID","7364","ENTREZID","1545","directed","Process(indirect)"
"ENTREZID","7364","ENTREZID","1576","directed","Process(indirect)"
"ENTREZID","7364","ENTREZID","1577","directed","Process(indirect)"
"ENTREZID","7364","ENTREZID","1588","directed","Process(indirect)"
"ENTREZID","7364","ENTREZID","3283","directed","Process(indirect)"
"ENTREZID","7364","ENTREZID","3284","directed","Process(indirect)"
"ENTREZID","7364","ENTREZID","3292","directed","Process(indirect)"
"ENTREZID","7364","ENTREZID","3293","directed","Process(indirect)"
"ENTREZID","7364","ENTREZID","3294","directed","Process(indirect)"
"ENTREZID","7364","ENTREZID","51144","directed","Process(indirect)"
"ENTREZID","7364","ENTREZID","51478","directed","Process(indirect)"
"ENTREZID","7364","ENTREZID","6715","directed","Process(indirect)"
"ENTREZID","7364","ENTREZID","6716","directed","Process(indirect)"
"ENTREZID","7364","ENTREZID","6718","directed","Process(indirect)"
"ENTREZID","7364","ENTREZID","6783","directed","Process(indirect)"
"ENTREZID","7364","ENTREZID","7923","directed","Process(indirect)"
"ENTREZID","7364","ENTREZID","79644","directed","Process(indirect)"
"ENTREZID","7364","ENTREZID","8630","directed","Process(indirect)"
"ENTREZID","7364","ENTREZID","8644","directed","Process(indirect)"
"ENTREZID","7365","ENTREZID","1543","directed","Process(indirect)"
"ENTREZID","7365","ENTREZID","1545","directed","Process(indirect)"
"ENTREZID","7365","ENTREZID","1576","directed","Process(indirect)"
"ENTREZID","7365","ENTREZID","1577","directed","Process(indirect)"
"ENTREZID","7365","ENTREZID","1588","directed","Process(indirect)"
"ENTREZID","7365","ENTREZID","3283","directed","Process(indirect)"
"ENTREZID","7365","ENTREZID","3284","directed","Process(indirect)"
"ENTREZID","7365","ENTREZID","3292","directed","Process(indirect)"
"ENTREZID","7365","ENTREZID","3293","directed","Process(indirect)"
"ENTREZID","7365","ENTREZID","3294","directed","Process(indirect)"
"ENTREZID","7365","ENTREZID","51144","directed","Process(indirect)"
"ENTREZID","7365","ENTREZID","51478","directed","Process(indirect)"
"ENTREZID","7365","ENTREZID","6715","directed","Process(indirect)"
"ENTREZID","7365","ENTREZID","6716","directed","Process(indirect)"
"ENTREZID","7365","ENTREZID","6718","directed","Process(indirect)"
"ENTREZID","7365","ENTREZID","6783","directed","Process(indirect)"
"ENTREZID","7365","ENTREZID","7923","directed","Process(indirect)"
"ENTREZID","7365","ENTREZID","79644","directed","Process(indirect)"
"ENTREZID","7365","ENTREZID","8630","directed","Process(indirect)"
"ENTREZID","7365","ENTREZID","8644","directed","Process(indirect)"
"ENTREZID","7366","ENTREZID","1543","directed","Process(indirect)"
"ENTREZID","7366","ENTREZID","1545","directed","Process(indirect)"
"ENTREZID","7366","ENTREZID","1576","directed","Process(indirect)"
"ENTREZID","7366","ENTREZID","1577","directed","Process(indirect)"
"ENTREZID","7366","ENTREZID","1588","directed","Process(indirect)"
"ENTREZID","7366","ENTREZID","3283","directed","Process(indirect)"
"ENTREZID","7366","ENTREZID","3284","directed","Process(indirect)"
"ENTREZID","7366","ENTREZID","3292","directed","Process(indirect)"
"ENTREZID","7366","ENTREZID","3293","directed","Process(indirect)"
"ENTREZID","7366","ENTREZID","3294","directed","Process(indirect)"
"ENTREZID","7366","ENTREZID","51144","directed","Process(indirect)"
"ENTREZID","7366","ENTREZID","51478","directed","Process(indirect)"
"ENTREZID","7366","ENTREZID","6715","directed","Process(indirect)"
"ENTREZID","7366","ENTREZID","6716","directed","Process(indirect)"
"ENTREZID","7366","ENTREZID","6718","directed","Process(indirect)"
"ENTREZID","7366","ENTREZID","6783","directed","Process(indirect)"
"ENTREZID","7366","ENTREZID","7923","directed","Process(indirect)"
"ENTREZID","7366","ENTREZID","79644","directed","Process(indirect)"
"ENTREZID","7366","ENTREZID","8630","directed","Process(indirect)"
"ENTREZID","7366","ENTREZID","8644","directed","Process(indirect)"
"ENTREZID","7367","ENTREZID","1543","directed","Process(indirect)"
"ENTREZID","7367","ENTREZID","1545","directed","Process(indirect)"
"ENTREZID","7367","ENTREZID","1576","directed","Process(indirect)"
"ENTREZID","7367","ENTREZID","1577","directed","Process(indirect)"
"ENTREZID","7367","ENTREZID","1588","directed","Process(indirect)"
"ENTREZID","7367","ENTREZID","3283","directed","Process(indirect)"
"ENTREZID","7367","ENTREZID","3284","directed","Process(indirect)"
"ENTREZID","7367","ENTREZID","3292","directed","Process(indirect)"
"ENTREZID","7367","ENTREZID","3293","directed","Process(indirect)"
"ENTREZID","7367","ENTREZID","3294","directed","Process(indirect)"
"ENTREZID","7367","ENTREZID","51144","directed","Process(indirect)"
"ENTREZID","7367","ENTREZID","51478","directed","Process(indirect)"
"ENTREZID","7367","ENTREZID","6715","directed","Process(indirect)"
"ENTREZID","7367","ENTREZID","6716","directed","Process(indirect)"
"ENTREZID","7367","ENTREZID","6718","directed","Process(indirect)"
"ENTREZID","7367","ENTREZID","6783","directed","Process(indirect)"
"ENTREZID","7367","ENTREZID","7923","directed","Process(indirect)"
"ENTREZID","7367","ENTREZID","79644","directed","Process(indirect)"
"ENTREZID","7367","ENTREZID","8630","directed","Process(indirect)"
"ENTREZID","7367","ENTREZID","8644","directed","Process(indirect)"
"ENTREZID","7923","ENTREZID","10720","directed","Process(indirect)"
"ENTREZID","7923","ENTREZID","10941","directed","Process(indirect)"
"ENTREZID","7923","ENTREZID","1543","directed","Process(indirect)"
"ENTREZID","7923","ENTREZID","1545","directed","Process(indirect)"
"ENTREZID","7923","ENTREZID","1576","directed","Process(indirect)"
"ENTREZID","7923","ENTREZID","1577","directed","Process(indirect)"
"ENTREZID","7923","ENTREZID","1584","directed","Process(indirect)"
"ENTREZID","7923","ENTREZID","1585","directed","Process(indirect)"
"ENTREZID","7923","ENTREZID","1586","directed","Process(indirect)"
"ENTREZID","7923","ENTREZID","1588","directed","Process(indirect)"
"ENTREZID","7923","ENTREZID","3283","directed","Process(indirect)"
"ENTREZID","7923","ENTREZID","3284","directed","Process(indirect)"
"ENTREZID","7923","ENTREZID","3292","directed","Process(indirect)"
"ENTREZID","7923","ENTREZID","3293","directed","Process(indirect)"
"ENTREZID","7923","ENTREZID","3293","undirected","Process(indirect)"
"ENTREZID","7923","ENTREZID","3294","directed","Process(indirect)"
"ENTREZID","7923","ENTREZID","51144","directed","Process(indirect)"
"ENTREZID","7923","ENTREZID","51478","directed","Process(indirect)"
"ENTREZID","7923","ENTREZID","54490","directed","Process(indirect)"
"ENTREZID","7923","ENTREZID","54575","directed","Process(indirect)"
"ENTREZID","7923","ENTREZID","54576","directed","Process(indirect)"
"ENTREZID","7923","ENTREZID","54577","directed","Process(indirect)"
"ENTREZID","7923","ENTREZID","54578","directed","Process(indirect)"
"ENTREZID","7923","ENTREZID","54579","directed","Process(indirect)"
"ENTREZID","7923","ENTREZID","54600","directed","Process(indirect)"
"ENTREZID","7923","ENTREZID","54657","directed","Process(indirect)"
"ENTREZID","7923","ENTREZID","54658","directed","Process(indirect)"
"ENTREZID","7923","ENTREZID","54659","directed","Process(indirect)"
"ENTREZID","7923","ENTREZID","574537","directed","Process(indirect)"
"ENTREZID","7923","ENTREZID","6715","directed","Process(indirect)"
"ENTREZID","7923","ENTREZID","6716","directed","Process(indirect)"
"ENTREZID","7923","ENTREZID","6718","directed","Process(indirect)"
"ENTREZID","7923","ENTREZID","6783","directed","Process(indirect)"
"ENTREZID","7923","ENTREZID","7363","directed","Process(indirect)"
"ENTREZID","7923","ENTREZID","7364","directed","Process(indirect)"
"ENTREZID","7923","ENTREZID","7365","directed","Process(indirect)"
"ENTREZID","7923","ENTREZID","7366","directed","Process(indirect)"
"ENTREZID","7923","ENTREZID","7367","directed","Process(indirect)"
"ENTREZID","7923","ENTREZID","79644","directed","Process(indirect)"
"ENTREZID","7923","ENTREZID","79799","directed","Process(indirect)"
"ENTREZID","7923","ENTREZID","8630","directed","Process(indirect)"
"ENTREZID","7923","ENTREZID","8644","directed","Process(indirect)"
"ENTREZID","7923","ENTREZID","8644","undirected","Process(indirect)"
"ENTREZID","79644","ENTREZID","10720","directed","Process(indirect)"
"ENTREZID","79644","ENTREZID","10941","directed","Process(indirect)"
"ENTREZID","79644","ENTREZID","1109","directed","Process(indirect)"
"ENTREZID","79644","ENTREZID","1584","directed","Process(indirect)"
"ENTREZID","79644","ENTREZID","1585","directed","Process(indirect)"
"ENTREZID","79644","ENTREZID","1586","directed","Process(indirect)"
"ENTREZID","79644","ENTREZID","1588","directed","Process(indirect)"
"ENTREZID","79644","ENTREZID","1645","directed","Process(indirect)"
"ENTREZID","79644","ENTREZID","1646","directed","Process(indirect)"
"ENTREZID","79644","ENTREZID","3283","directed","Process(indirect)"
"ENTREZID","79644","ENTREZID","3284","directed","Process(indirect)"
"ENTREZID","79644","ENTREZID","3293","directed","Process(indirect)"
"ENTREZID","79644","ENTREZID","3294","directed","Process(indirect)"
"ENTREZID","79644","ENTREZID","54490","directed","Process(indirect)"
"ENTREZID","79644","ENTREZID","54575","directed","Process(indirect)"
"ENTREZID","79644","ENTREZID","54576","directed","Process(indirect)"
"ENTREZID","79644","ENTREZID","54577","directed","Process(indirect)"
"ENTREZID","79644","ENTREZID","54578","directed","Process(indirect)"
"ENTREZID","79644","ENTREZID","54579","directed","Process(indirect)"
"ENTREZID","79644","ENTREZID","54600","directed","Process(indirect)"
"ENTREZID","79644","ENTREZID","54657","directed","Process(indirect)"
"ENTREZID","79644","ENTREZID","54658","directed","Process(indirect)"
"ENTREZID","79644","ENTREZID","54659","directed","Process(indirect)"
"ENTREZID","79644","ENTREZID","574537","directed","Process(indirect)"
"ENTREZID","79644","ENTREZID","6718","directed","Process(indirect)"
"ENTREZID","79644","ENTREZID","7363","directed","Process(indirect)"
"ENTREZID","79644","ENTREZID","7364","directed","Process(indirect)"
"ENTREZID","79644","ENTREZID","7365","directed","Process(indirect)"
"ENTREZID","79644","ENTREZID","7366","directed","Process(indirect)"
"ENTREZID","79644","ENTREZID","7367","directed","Process(indirect)"
"ENTREZID","79644","ENTREZID","7923","directed","Process(indirect)"
"ENTREZID","79644","ENTREZID","79799","directed","Process(indirect)"
"ENTREZID","79644","ENTREZID","8630","directed","Process(indirect)"
"ENTREZID","79644","ENTREZID","8644","directed","Process(indirect)"
"ENTREZID","79799","ENTREZID","1543","directed","Process(indirect)"
"ENTREZID","79799","ENTREZID","1545","directed","Process(indirect)"
"ENTREZID","79799","ENTREZID","1576","directed","Process(indirect)"
"ENTREZID","79799","ENTREZID","1577","directed","Process(indirect)"
"ENTREZID","79799","ENTREZID","1588","directed","Process(indirect)"
"ENTREZID","79799","ENTREZID","3283","directed","Process(indirect)"
"ENTREZID","79799","ENTREZID","3284","directed","Process(indirect)"
"ENTREZID","79799","ENTREZID","3292","directed","Process(indirect)"
"ENTREZID","79799","ENTREZID","3293","directed","Process(indirect)"
"ENTREZID","79799","ENTREZID","3294","directed","Process(indirect)"
"ENTREZID","79799","ENTREZID","51144","directed","Process(indirect)"
"ENTREZID","79799","ENTREZID","51478","directed","Process(indirect)"
"ENTREZID","79799","ENTREZID","6715","directed","Process(indirect)"
"ENTREZID","79799","ENTREZID","6716","directed","Process(indirect)"
"ENTREZID","79799","ENTREZID","6718","directed","Process(indirect)"
"ENTREZID","79799","ENTREZID","6783","directed","Process(indirect)"
"ENTREZID","79799","ENTREZID","7923","directed","Process(indirect)"
"ENTREZID","79799","ENTREZID","79644","directed","Process(indirect)"
"ENTREZID","79799","ENTREZID","8630","directed","Process(indirect)"
"ENTREZID","79799","ENTREZID","8644","directed","Process(indirect)"
"ENTREZID","8630","ENTREZID","10720","directed","Process(indirect)"
"ENTREZID","8630","ENTREZID","10941","directed","Process(indirect)"
"ENTREZID","8630","ENTREZID","1543","directed","Process(indirect)"
"ENTREZID","8630","ENTREZID","1545","directed","Process(indirect)"
"ENTREZID","8630","ENTREZID","1576","directed","Process(indirect)"
"ENTREZID","8630","ENTREZID","1577","directed","Process(indirect)"
"ENTREZID","8630","ENTREZID","1584","directed","Process(indirect)"
"ENTREZID","8630","ENTREZID","1585","directed","Process(indirect)"
"ENTREZID","8630","ENTREZID","1586","directed","Process(indirect)"
"ENTREZID","8630","ENTREZID","1588","directed","Process(indirect)"
"ENTREZID","8630","ENTREZID","3283","directed","Process(indirect)"
"ENTREZID","8630","ENTREZID","3284","directed","Process(indirect)"
"ENTREZID","8630","ENTREZID","3292","directed","Process(indirect)"
"ENTREZID","8630","ENTREZID","3293","directed","Process(indirect)"
"ENTREZID","8630","ENTREZID","3293","undirected","Process(indirect)"
"ENTREZID","8630","ENTREZID","3294","directed","Process(indirect)"
"ENTREZID","8630","ENTREZID","51144","directed","Process(indirect)"
"ENTREZID","8630","ENTREZID","51478","directed","Process(indirect)"
"ENTREZID","8630","ENTREZID","54490","directed","Process(indirect)"
"ENTREZID","8630","ENTREZID","54575","directed","Process(indirect)"
"ENTREZID","8630","ENTREZID","54576","directed","Process(indirect)"
"ENTREZID","8630","ENTREZID","54577","directed","Process(indirect)"
"ENTREZID","8630","ENTREZID","54578","directed","Process(indirect)"
"ENTREZID","8630","ENTREZID","54579","directed","Process(indirect)"
"ENTREZID","8630","ENTREZID","54600","directed","Process(indirect)"
"ENTREZID","8630","ENTREZID","54657","directed","Process(indirect)"
"ENTREZID","8630","ENTREZID","54658","directed","Process(indirect)"
"ENTREZID","8630","ENTREZID","54659","directed","Process(indirect)"
"ENTREZID","8630","ENTREZID","574537","directed","Process(indirect)"
"ENTREZID","8630","ENTREZID","6715","directed","Process(indirect)"
"ENTREZID","8630","ENTREZID","6716","directed","Process(indirect)"
"ENTREZID","8630","ENTREZID","6718","directed","Process(indirect)"
"ENTREZID","8630","ENTREZID","6783","directed","Process(indirect)"
"ENTREZID","8630","ENTREZID","7363","directed","Process(indirect)"
"ENTREZID","8630","ENTREZID","7364","directed","Process(indirect)"
"ENTREZID","8630","ENTREZID","7365","directed","Process(indirect)"
"ENTREZID","8630","ENTREZID","7366","directed","Process(indirect)"
"ENTREZID","8630","ENTREZID","7367","directed","Process(indirect)"
"ENTREZID","8630","ENTREZID","7923","directed","Process(indirect)"
"ENTREZID","8630","ENTREZID","79644","directed","Process(indirect)"
"ENTREZID","8630","ENTREZID","79799","directed","Process(indirect)"
"ENTREZID","8630","ENTREZID","8644","directed","Process(indirect)"
"ENTREZID","8630","ENTREZID","8644","undirected","Process(indirect)"
"ENTREZID","8644","ENTREZID","100861540","directed","Process(indirect)"
"ENTREZID","8644","ENTREZID","10720","directed","Process(indirect)"
"ENTREZID","8644","ENTREZID","10941","directed","Process(indirect)"
"ENTREZID","8644","ENTREZID","1543","directed","Process(indirect)"
"ENTREZID","8644","ENTREZID","1544","directed","Process(indirect)"
"ENTREZID","8644","ENTREZID","1545","directed","Process(indirect)"
"ENTREZID","8644","ENTREZID","1551","directed","Process(indirect)"
"ENTREZID","8644","ENTREZID","1571","directed","Process(indirect)"
"ENTREZID","8644","ENTREZID","1576","directed","Process(indirect)"
"ENTREZID","8644","ENTREZID","1577","directed","Process(indirect)"
"ENTREZID","8644","ENTREZID","1581","directed","Process(indirect)"
"ENTREZID","8644","ENTREZID","1584","directed","Process(indirect)"
"ENTREZID","8644","ENTREZID","1585","directed","Process(indirect)"
"ENTREZID","8644","ENTREZID","1586","directed","Process(indirect)"
"ENTREZID","8644","ENTREZID","1588","directed","Process(indirect)"
"ENTREZID","8644","ENTREZID","1645","directed","Process(indirect)"
"ENTREZID","8644","ENTREZID","3283","directed","Process(indirect)"
"ENTREZID","8644","ENTREZID","3284","directed","Process(indirect)"
"ENTREZID","8644","ENTREZID","3292","directed","Process(indirect)"
"ENTREZID","8644","ENTREZID","3293","directed","Process(indirect)"
"ENTREZID","8644","ENTREZID","3293","undirected","Process(indirect)"
"ENTREZID","8644","ENTREZID","3294","directed","Process(indirect)"
"ENTREZID","8644","ENTREZID","412","directed","Process(indirect)"
"ENTREZID","8644","ENTREZID","51144","directed","Process(indirect)"
"ENTREZID","8644","ENTREZID","51478","directed","Process(indirect)"
"ENTREZID","8644","ENTREZID","54490","directed","Process(indirect)"
"ENTREZID","8644","ENTREZID","54575","directed","Process(indirect)"
"ENTREZID","8644","ENTREZID","54576","directed","Process(indirect)"
"ENTREZID","8644","ENTREZID","54577","directed","Process(indirect)"
"ENTREZID","8644","ENTREZID","54578","directed","Process(indirect)"
"ENTREZID","8644","ENTREZID","54579","directed","Process(indirect)"
"ENTREZID","8644","ENTREZID","54600","directed","Process(indirect)"
"ENTREZID","8644","ENTREZID","54657","directed","Process(indirect)"
"ENTREZID","8644","ENTREZID","54658","directed","Process(indirect)"
"ENTREZID","8644","ENTREZID","54659","directed","Process(indirect)"
"ENTREZID","8644","ENTREZID","574537","directed","Process(indirect)"
"ENTREZID","8644","ENTREZID","6715","directed","Process(indirect)"
"ENTREZID","8644","ENTREZID","6716","directed","Process(indirect)"
"ENTREZID","8644","ENTREZID","6718","directed","Process(indirect)"
"ENTREZID","8644","ENTREZID","6783","directed","Process(indirect)"
"ENTREZID","8644","ENTREZID","6820","directed","Process(indirect)"
"ENTREZID","8644","ENTREZID","7363","directed","Process(indirect)"
"ENTREZID","8644","ENTREZID","7364","directed","Process(indirect)"
"ENTREZID","8644","ENTREZID","7365","directed","Process(indirect)"
"ENTREZID","8644","ENTREZID","7366","directed","Process(indirect)"
"ENTREZID","8644","ENTREZID","7367","directed","Process(indirect)"
"ENTREZID","8644","ENTREZID","7923","directed","Process(indirect)"
"ENTREZID","8644","ENTREZID","79644","directed","Process(indirect)"
"ENTREZID","8644","ENTREZID","79799","directed","Process(indirect)"
"ENTREZID","8644","ENTREZID","8630","directed","Process(indirect)"
"ENTREZID","9420","ENTREZID","1583","directed","Process(indirect)"
"ENTREZID","9420","ENTREZID","1586","directed","Process(indirect)"
"ENTREZID","9420","ENTREZID","1589","directed","Process(indirect)"
"ENTREZID","9420","ENTREZID","3283","directed","Process(indirect)"
"ENTREZID","9420","ENTREZID","3284","directed","Process(indirect)"
"ENTREZID","9420","ENTREZID","412","directed","Process(indirect)"
"ENTREZID","9420","ENTREZID","6820","directed","Process(indirect)"
