"src_type","src","dest_type","dest","direction","type"
"ENTREZID","1215","ENTREZID","185","directed","Process(indirect)"
"ENTREZID","1215","ENTREZID","186","directed","Process(indirect)"
"ENTREZID","1215","ENTREZID","2028","directed","Process(indirect)"
"ENTREZID","1215","ENTREZID","5547","directed","Process(indirect)"
"ENTREZID","1215","ENTREZID","59272","directed","Process(indirect)"
"ENTREZID","1359","ENTREZID","1636","directed","Process(indirect)"
"ENTREZID","1359","ENTREZID","4311","directed","Process(indirect)"
"ENTREZID","1511","ENTREZID","185","directed","Process(indirect)"
"ENTREZID","1511","ENTREZID","186","directed","Process(indirect)"
"ENTREZID","1511","ENTREZID","2028","directed","Process(indirect)"
"ENTREZID","1511","ENTREZID","5547","directed","Process(indirect)"
"ENTREZID","1511","ENTREZID","59272","directed","Process(indirect)"
"ENTREZID","1636","ENTREZID","185","directed","Process(indirect)"
"ENTREZID","1636","ENTREZID","186","directed","Process(indirect)"
"ENTREZID","1636","ENTREZID","2028","directed","Process(indirect)"
"ENTREZID","1636","ENTREZID","4142","directed","Process(indirect)"
"ENTREZID","1636","ENTREZID","5547","directed","Process(indirect)"
"ENTREZID","1636","ENTREZID","59272","directed","Process(indirect)"
"ENTREZID","2028","ENTREZID","185","directed","Process(indirect)"
"ENTREZID","2028","ENTREZID","186","directed","Process(indirect)"
"ENTREZID","2028","ENTREZID","290","directed","Process(indirect)"
"ENTREZID","290","ENTREZID","4012","directed","Process(indirect)"
"ENTREZID","290","ENTREZID","5550","directed","Process(indirect)"
"ENTREZID","3816","ENTREZID","185","directed","Process(indirect)"
"ENTREZID","3816","ENTREZID","186","directed","Process(indirect)"
"ENTREZID","3816","ENTREZID","2028","directed","Process(indirect)"
"ENTREZID","3816","ENTREZID","5547","directed","Process(indirect)"
"ENTREZID","3816","ENTREZID","59272","directed","Process(indirect)"
"ENTREZID","3817","ENTREZID","185","directed","Process(indirect)"
"ENTREZID","3817","ENTREZID","186","directed","Process(indirect)"
"ENTREZID","3817","ENTREZID","2028","directed","Process(indirect)"
"ENTREZID","3817","ENTREZID","5547","directed","Process(indirect)"
"ENTREZID","3817","ENTREZID","59272","directed","Process(indirect)"
"ENTREZID","4311","ENTREZID","1636","directed","Process(indirect)"
"ENTREZID","4311","ENTREZID","4142","directed","Process(indirect)"
"ENTREZID","5476","ENTREZID","1636","directed","Process(indirect)"
"ENTREZID","5476","ENTREZID","4311","directed","Process(indirect)"
"ENTREZID","5547","ENTREZID","1636","directed","Process(indirect)"
"ENTREZID","5547","ENTREZID","4142","directed","Process(indirect)"
"ENTREZID","57486","ENTREZID","1636","directed","Process(indirect)"
"ENTREZID","57486","ENTREZID","4142","directed","Process(indirect)"
"ENTREZID","59272","ENTREZID","1636","directed","Process(indirect)"
"ENTREZID","59272","ENTREZID","4142","directed","Process(indirect)"
"ENTREZID","59272","ENTREZID","4311","directed","Process(indirect)"
"ENTREZID","5972","ENTREZID","1215","directed","Process(indirect)"
"ENTREZID","5972","ENTREZID","1359","directed","Process(indirect)"
"ENTREZID","5972","ENTREZID","1511","directed","Process(indirect)"
"ENTREZID","5972","ENTREZID","1636","directed","Process(indirect)"
"ENTREZID","5972","ENTREZID","4311","directed","Process(indirect)"
"ENTREZID","5972","ENTREZID","5476","directed","Process(indirect)"
"ENTREZID","5972","ENTREZID","57486","directed","Process(indirect)"
"ENTREZID","5972","ENTREZID","59272","directed","Process(indirect)"
"ENTREZID","5972","ENTREZID","7064","directed","Process(indirect)"
"ENTREZID","7064","ENTREZID","1636","directed","Process(indirect)"
"ENTREZID","7064","ENTREZID","4142","directed","Process(indirect)"
