"src_type","src","dest_type","dest","direction","type"
"ENTREZID","10","ENTREZID","1544","directed","Process(indirect)"
"ENTREZID","10","ENTREZID","1548","directed","Process(indirect)"
"ENTREZID","10","ENTREZID","1549","directed","Process(indirect)"
"ENTREZID","10","ENTREZID","7498","directed","Process(indirect)"
"ENTREZID","1544","ENTREZID","10","directed","Process(indirect)"
"ENTREZID","1544","ENTREZID","7498","directed","Process(indirect)"
"ENTREZID","1544","ENTREZID","9","directed","Process(indirect)"
"ENTREZID","1548","ENTREZID","10","directed","Process(indirect)"
"ENTREZID","1548","ENTREZID","1544","directed","Process(indirect)"
"ENTREZID","1548","ENTREZID","7498","directed","Process(indirect)"
"ENTREZID","1548","ENTREZID","9","directed","Process(indirect)"
"ENTREZID","1549","ENTREZID","10","directed","Process(indirect)"
"ENTREZID","1549","ENTREZID","1544","directed","Process(indirect)"
"ENTREZID","1549","ENTREZID","7498","directed","Process(indirect)"
"ENTREZID","1549","ENTREZID","9","directed","Process(indirect)"
"ENTREZID","9","ENTREZID","1544","directed","Process(indirect)"
"ENTREZID","9","ENTREZID","1548","directed","Process(indirect)"
"ENTREZID","9","ENTREZID","1549","directed","Process(indirect)"
"ENTREZID","9","ENTREZID","7498","directed","Process(indirect)"
