"src_type","src","dest_type","dest","direction","type"
"ENTREZID","107","ENTREZID","5566","directed","Process(indirect)"
"ENTREZID","107","ENTREZID","5567","directed","Process(indirect)"
"ENTREZID","107","ENTREZID","5568","directed","Process(indirect)"
"ENTREZID","108","ENTREZID","5566","directed","Process(indirect)"
"ENTREZID","108","ENTREZID","5567","directed","Process(indirect)"
"ENTREZID","108","ENTREZID","5568","directed","Process(indirect)"
"ENTREZID","109","ENTREZID","5566","directed","Process(indirect)"
"ENTREZID","109","ENTREZID","5567","directed","Process(indirect)"
"ENTREZID","109","ENTREZID","5568","directed","Process(indirect)"
"ENTREZID","111","ENTREZID","5566","directed","Process(indirect)"
"ENTREZID","111","ENTREZID","5567","directed","Process(indirect)"
"ENTREZID","111","ENTREZID","5568","directed","Process(indirect)"
"ENTREZID","112","ENTREZID","5566","directed","Process(indirect)"
"ENTREZID","112","ENTREZID","5567","directed","Process(indirect)"
"ENTREZID","112","ENTREZID","5568","directed","Process(indirect)"
"ENTREZID","113","ENTREZID","5566","directed","Process(indirect)"
"ENTREZID","113","ENTREZID","5567","directed","Process(indirect)"
"ENTREZID","113","ENTREZID","5568","directed","Process(indirect)"
"ENTREZID","114","ENTREZID","5566","directed","Process(indirect)"
"ENTREZID","114","ENTREZID","5567","directed","Process(indirect)"
"ENTREZID","114","ENTREZID","5568","directed","Process(indirect)"
"ENTREZID","115","ENTREZID","5566","directed","Process(indirect)"
"ENTREZID","115","ENTREZID","5567","directed","Process(indirect)"
"ENTREZID","115","ENTREZID","5568","directed","Process(indirect)"
"ENTREZID","196883","ENTREZID","5566","directed","Process(indirect)"
"ENTREZID","196883","ENTREZID","5567","directed","Process(indirect)"
"ENTREZID","196883","ENTREZID","5568","directed","Process(indirect)"
"ENTREZID","23236","ENTREZID","5578","directed","Process(indirect)"
"ENTREZID","23236","ENTREZID","5579","directed","Process(indirect)"
"ENTREZID","23236","ENTREZID","5582","directed","Process(indirect)"
"ENTREZID","2902","ENTREZID","163688","directed","Process(indirect)"
"ENTREZID","2902","ENTREZID","4842","directed","Process(indirect)"
"ENTREZID","2902","ENTREZID","51806","directed","Process(indirect)"
"ENTREZID","2902","ENTREZID","801","directed","Process(indirect)"
"ENTREZID","2902","ENTREZID","805","directed","Process(indirect)"
"ENTREZID","2902","ENTREZID","808","directed","Process(indirect)"
"ENTREZID","2902","ENTREZID","810","directed","Process(indirect)"
"ENTREZID","2902","ENTREZID","91860","directed","Process(indirect)"
"ENTREZID","2903","ENTREZID","163688","directed","Process(indirect)"
"ENTREZID","2903","ENTREZID","4842","directed","Process(indirect)"
"ENTREZID","2903","ENTREZID","51806","directed","Process(indirect)"
"ENTREZID","2903","ENTREZID","801","directed","Process(indirect)"
"ENTREZID","2903","ENTREZID","805","directed","Process(indirect)"
"ENTREZID","2903","ENTREZID","808","directed","Process(indirect)"
"ENTREZID","2903","ENTREZID","810","directed","Process(indirect)"
"ENTREZID","2903","ENTREZID","91860","directed","Process(indirect)"
"ENTREZID","2904","ENTREZID","163688","directed","Process(indirect)"
"ENTREZID","2904","ENTREZID","4842","directed","Process(indirect)"
"ENTREZID","2904","ENTREZID","51806","directed","Process(indirect)"
"ENTREZID","2904","ENTREZID","801","directed","Process(indirect)"
"ENTREZID","2904","ENTREZID","805","directed","Process(indirect)"
"ENTREZID","2904","ENTREZID","808","directed","Process(indirect)"
"ENTREZID","2904","ENTREZID","810","directed","Process(indirect)"
"ENTREZID","2904","ENTREZID","91860","directed","Process(indirect)"
"ENTREZID","2905","ENTREZID","163688","directed","Process(indirect)"
"ENTREZID","2905","ENTREZID","4842","directed","Process(indirect)"
"ENTREZID","2905","ENTREZID","51806","directed","Process(indirect)"
"ENTREZID","2905","ENTREZID","801","directed","Process(indirect)"
"ENTREZID","2905","ENTREZID","805","directed","Process(indirect)"
"ENTREZID","2905","ENTREZID","808","directed","Process(indirect)"
"ENTREZID","2905","ENTREZID","810","directed","Process(indirect)"
"ENTREZID","2905","ENTREZID","91860","directed","Process(indirect)"
"ENTREZID","2906","ENTREZID","163688","directed","Process(indirect)"
"ENTREZID","2906","ENTREZID","4842","directed","Process(indirect)"
"ENTREZID","2906","ENTREZID","51806","directed","Process(indirect)"
"ENTREZID","2906","ENTREZID","801","directed","Process(indirect)"
"ENTREZID","2906","ENTREZID","805","directed","Process(indirect)"
"ENTREZID","2906","ENTREZID","808","directed","Process(indirect)"
"ENTREZID","2906","ENTREZID","810","directed","Process(indirect)"
"ENTREZID","2906","ENTREZID","91860","directed","Process(indirect)"
"ENTREZID","2977","ENTREZID","5592","directed","Process(indirect)"
"ENTREZID","2977","ENTREZID","5593","directed","Process(indirect)"
"ENTREZID","2982","ENTREZID","5592","directed","Process(indirect)"
"ENTREZID","2982","ENTREZID","5593","directed","Process(indirect)"
"ENTREZID","2983","ENTREZID","5592","directed","Process(indirect)"
"ENTREZID","2983","ENTREZID","5593","directed","Process(indirect)"
"ENTREZID","3708","ENTREZID","163688","directed","Process(indirect)"
"ENTREZID","3708","ENTREZID","4842","directed","Process(indirect)"
"ENTREZID","3708","ENTREZID","51806","directed","Process(indirect)"
"ENTREZID","3708","ENTREZID","801","directed","Process(indirect)"
"ENTREZID","3708","ENTREZID","805","directed","Process(indirect)"
"ENTREZID","3708","ENTREZID","808","directed","Process(indirect)"
"ENTREZID","3708","ENTREZID","810","directed","Process(indirect)"
"ENTREZID","3708","ENTREZID","91860","directed","Process(indirect)"
"ENTREZID","3710","ENTREZID","163688","directed","Process(indirect)"
"ENTREZID","3710","ENTREZID","4842","directed","Process(indirect)"
"ENTREZID","3710","ENTREZID","51806","directed","Process(indirect)"
"ENTREZID","3710","ENTREZID","801","directed","Process(indirect)"
"ENTREZID","3710","ENTREZID","805","directed","Process(indirect)"
"ENTREZID","3710","ENTREZID","808","directed","Process(indirect)"
"ENTREZID","3710","ENTREZID","810","directed","Process(indirect)"
"ENTREZID","3710","ENTREZID","91860","directed","Process(indirect)"
"ENTREZID","4842","ENTREZID","2977","directed","Process(indirect)"
"ENTREZID","4842","ENTREZID","2982","directed","Process(indirect)"
"ENTREZID","4842","ENTREZID","2983","directed","Process(indirect)"
"ENTREZID","4842","ENTREZID","51655","directed","Process(indirect)"
"ENTREZID","4842","ENTREZID","5594","directed","Process(indirect)"
"ENTREZID","4842","ENTREZID","5595","directed","Process(indirect)"
"ENTREZID","5330","ENTREZID","5578","directed","Process(indirect)"
"ENTREZID","5330","ENTREZID","5579","directed","Process(indirect)"
"ENTREZID","5330","ENTREZID","5582","directed","Process(indirect)"
"ENTREZID","5331","ENTREZID","5578","directed","Process(indirect)"
"ENTREZID","5331","ENTREZID","5579","directed","Process(indirect)"
"ENTREZID","5331","ENTREZID","5582","directed","Process(indirect)"
"ENTREZID","5332","ENTREZID","5578","directed","Process(indirect)"
"ENTREZID","5332","ENTREZID","5579","directed","Process(indirect)"
"ENTREZID","5332","ENTREZID","5582","directed","Process(indirect)"
"ENTREZID","55811","ENTREZID","5566","directed","Process(indirect)"
"ENTREZID","55811","ENTREZID","5567","directed","Process(indirect)"
"ENTREZID","55811","ENTREZID","5568","directed","Process(indirect)"
"ENTREZID","6261","ENTREZID","163688","directed","Process(indirect)"
"ENTREZID","6261","ENTREZID","4842","directed","Process(indirect)"
"ENTREZID","6261","ENTREZID","51806","directed","Process(indirect)"
"ENTREZID","6261","ENTREZID","801","directed","Process(indirect)"
"ENTREZID","6261","ENTREZID","805","directed","Process(indirect)"
"ENTREZID","6261","ENTREZID","808","directed","Process(indirect)"
"ENTREZID","6261","ENTREZID","810","directed","Process(indirect)"
"ENTREZID","6261","ENTREZID","91860","directed","Process(indirect)"
"ENTREZID","6262","ENTREZID","163688","directed","Process(indirect)"
"ENTREZID","6262","ENTREZID","4842","directed","Process(indirect)"
"ENTREZID","6262","ENTREZID","51806","directed","Process(indirect)"
"ENTREZID","6262","ENTREZID","801","directed","Process(indirect)"
"ENTREZID","6262","ENTREZID","805","directed","Process(indirect)"
"ENTREZID","6262","ENTREZID","808","directed","Process(indirect)"
"ENTREZID","6262","ENTREZID","810","directed","Process(indirect)"
"ENTREZID","6262","ENTREZID","91860","directed","Process(indirect)"
"ENTREZID","6263","ENTREZID","163688","directed","Process(indirect)"
"ENTREZID","6263","ENTREZID","4842","directed","Process(indirect)"
"ENTREZID","6263","ENTREZID","51806","directed","Process(indirect)"
"ENTREZID","6263","ENTREZID","801","directed","Process(indirect)"
"ENTREZID","6263","ENTREZID","805","directed","Process(indirect)"
"ENTREZID","6263","ENTREZID","808","directed","Process(indirect)"
"ENTREZID","6263","ENTREZID","810","directed","Process(indirect)"
"ENTREZID","6263","ENTREZID","91860","directed","Process(indirect)"
"ENTREZID","775","ENTREZID","163688","directed","Process(indirect)"
"ENTREZID","775","ENTREZID","4842","directed","Process(indirect)"
"ENTREZID","775","ENTREZID","51806","directed","Process(indirect)"
"ENTREZID","775","ENTREZID","801","directed","Process(indirect)"
"ENTREZID","775","ENTREZID","805","directed","Process(indirect)"
"ENTREZID","775","ENTREZID","808","directed","Process(indirect)"
"ENTREZID","775","ENTREZID","810","directed","Process(indirect)"
"ENTREZID","775","ENTREZID","91860","directed","Process(indirect)"
"ENTREZID","776","ENTREZID","163688","directed","Process(indirect)"
"ENTREZID","776","ENTREZID","4842","directed","Process(indirect)"
"ENTREZID","776","ENTREZID","51806","directed","Process(indirect)"
"ENTREZID","776","ENTREZID","801","directed","Process(indirect)"
"ENTREZID","776","ENTREZID","805","directed","Process(indirect)"
"ENTREZID","776","ENTREZID","808","directed","Process(indirect)"
"ENTREZID","776","ENTREZID","810","directed","Process(indirect)"
"ENTREZID","776","ENTREZID","91860","directed","Process(indirect)"
"ENTREZID","8911","ENTREZID","163688","directed","Process(indirect)"
"ENTREZID","8911","ENTREZID","4842","directed","Process(indirect)"
"ENTREZID","8911","ENTREZID","51806","directed","Process(indirect)"
"ENTREZID","8911","ENTREZID","801","directed","Process(indirect)"
"ENTREZID","8911","ENTREZID","805","directed","Process(indirect)"
"ENTREZID","8911","ENTREZID","808","directed","Process(indirect)"
"ENTREZID","8911","ENTREZID","810","directed","Process(indirect)"
"ENTREZID","8911","ENTREZID","91860","directed","Process(indirect)"
"ENTREZID","8912","ENTREZID","163688","directed","Process(indirect)"
"ENTREZID","8912","ENTREZID","4842","directed","Process(indirect)"
"ENTREZID","8912","ENTREZID","51806","directed","Process(indirect)"
"ENTREZID","8912","ENTREZID","801","directed","Process(indirect)"
"ENTREZID","8912","ENTREZID","805","directed","Process(indirect)"
"ENTREZID","8912","ENTREZID","808","directed","Process(indirect)"
"ENTREZID","8912","ENTREZID","810","directed","Process(indirect)"
"ENTREZID","8912","ENTREZID","91860","directed","Process(indirect)"
"ENTREZID","8913","ENTREZID","163688","directed","Process(indirect)"
"ENTREZID","8913","ENTREZID","4842","directed","Process(indirect)"
"ENTREZID","8913","ENTREZID","51806","directed","Process(indirect)"
"ENTREZID","8913","ENTREZID","801","directed","Process(indirect)"
"ENTREZID","8913","ENTREZID","805","directed","Process(indirect)"
"ENTREZID","8913","ENTREZID","808","directed","Process(indirect)"
"ENTREZID","8913","ENTREZID","810","directed","Process(indirect)"
"ENTREZID","8913","ENTREZID","91860","directed","Process(indirect)"
