"src_type","src","dest_type","dest","direction","type"
"ENTREZID","107","ENTREZID","5566","directed","Process(indirect)"
"ENTREZID","107","ENTREZID","5567","directed","Process(indirect)"
"ENTREZID","107","ENTREZID","5568","directed","Process(indirect)"
"ENTREZID","108","ENTREZID","5566","directed","Process(indirect)"
"ENTREZID","108","ENTREZID","5567","directed","Process(indirect)"
"ENTREZID","108","ENTREZID","5568","directed","Process(indirect)"
"ENTREZID","109","ENTREZID","5566","directed","Process(indirect)"
"ENTREZID","109","ENTREZID","5567","directed","Process(indirect)"
"ENTREZID","109","ENTREZID","5568","directed","Process(indirect)"
"ENTREZID","111","ENTREZID","5566","directed","Process(indirect)"
"ENTREZID","111","ENTREZID","5567","directed","Process(indirect)"
"ENTREZID","111","ENTREZID","5568","directed","Process(indirect)"
"ENTREZID","112","ENTREZID","5566","directed","Process(indirect)"
"ENTREZID","112","ENTREZID","5567","directed","Process(indirect)"
"ENTREZID","112","ENTREZID","5568","directed","Process(indirect)"
"ENTREZID","113","ENTREZID","5566","directed","Process(indirect)"
"ENTREZID","113","ENTREZID","5567","directed","Process(indirect)"
"ENTREZID","113","ENTREZID","5568","directed","Process(indirect)"
"ENTREZID","114","ENTREZID","5566","directed","Process(indirect)"
"ENTREZID","114","ENTREZID","5567","directed","Process(indirect)"
"ENTREZID","114","ENTREZID","5568","directed","Process(indirect)"
"ENTREZID","115","ENTREZID","5566","directed","Process(indirect)"
"ENTREZID","115","ENTREZID","5567","directed","Process(indirect)"
"ENTREZID","115","ENTREZID","5568","directed","Process(indirect)"
"ENTREZID","196883","ENTREZID","5566","directed","Process(indirect)"
"ENTREZID","196883","ENTREZID","5567","directed","Process(indirect)"
"ENTREZID","196883","ENTREZID","5568","directed","Process(indirect)"
"ENTREZID","4881","ENTREZID","5592","directed","Process(indirect)"
"ENTREZID","4881","ENTREZID","5593","directed","Process(indirect)"
"ENTREZID","51422","ENTREZID","155","directed","Process(indirect)"
"ENTREZID","53632","ENTREZID","155","directed","Process(indirect)"
"ENTREZID","5562","ENTREZID","155","directed","Process(indirect)"
"ENTREZID","5563","ENTREZID","155","directed","Process(indirect)"
"ENTREZID","5564","ENTREZID","155","directed","Process(indirect)"
"ENTREZID","5565","ENTREZID","155","directed","Process(indirect)"
"ENTREZID","5571","ENTREZID","155","directed","Process(indirect)"
"ENTREZID","55811","ENTREZID","5566","directed","Process(indirect)"
"ENTREZID","55811","ENTREZID","5567","directed","Process(indirect)"
"ENTREZID","55811","ENTREZID","5568","directed","Process(indirect)"
