"src_type","src","dest_type","dest","direction","type"
"ENTREZID","23236","ENTREZID","3708","directed","Process(indirect)"
"ENTREZID","23236","ENTREZID","3709","directed","Process(indirect)"
"ENTREZID","23236","ENTREZID","3710","directed","Process(indirect)"
"ENTREZID","23236","ENTREZID","5578","directed","Process(indirect)"
"ENTREZID","23236","ENTREZID","5579","directed","Process(indirect)"
"ENTREZID","23236","ENTREZID","5582","directed","Process(indirect)"
"ENTREZID","5330","ENTREZID","3708","directed","Process(indirect)"
"ENTREZID","5330","ENTREZID","3709","directed","Process(indirect)"
"ENTREZID","5330","ENTREZID","3710","directed","Process(indirect)"
"ENTREZID","5330","ENTREZID","5578","directed","Process(indirect)"
"ENTREZID","5330","ENTREZID","5579","directed","Process(indirect)"
"ENTREZID","5330","ENTREZID","5582","directed","Process(indirect)"
"ENTREZID","5331","ENTREZID","3708","directed","Process(indirect)"
"ENTREZID","5331","ENTREZID","3709","directed","Process(indirect)"
"ENTREZID","5331","ENTREZID","3710","directed","Process(indirect)"
"ENTREZID","5331","ENTREZID","5578","directed","Process(indirect)"
"ENTREZID","5331","ENTREZID","5579","directed","Process(indirect)"
"ENTREZID","5331","ENTREZID","5582","directed","Process(indirect)"
"ENTREZID","5332","ENTREZID","3708","directed","Process(indirect)"
"ENTREZID","5332","ENTREZID","3709","directed","Process(indirect)"
"ENTREZID","5332","ENTREZID","3710","directed","Process(indirect)"
"ENTREZID","5332","ENTREZID","5578","directed","Process(indirect)"
"ENTREZID","5332","ENTREZID","5579","directed","Process(indirect)"
"ENTREZID","5332","ENTREZID","5582","directed","Process(indirect)"
"ENTREZID","5566","ENTREZID","2534","directed","Process(indirect)"
"ENTREZID","5566","ENTREZID","5578","directed","Process(indirect)"
"ENTREZID","5566","ENTREZID","5579","directed","Process(indirect)"
"ENTREZID","5566","ENTREZID","5582","directed","Process(indirect)"
"ENTREZID","5566","ENTREZID","814","directed","Process(indirect)"
"ENTREZID","5566","ENTREZID","815","directed","Process(indirect)"
"ENTREZID","5566","ENTREZID","816","directed","Process(indirect)"
"ENTREZID","5566","ENTREZID","817","directed","Process(indirect)"
"ENTREZID","5566","ENTREZID","818","directed","Process(indirect)"
"ENTREZID","5567","ENTREZID","2534","directed","Process(indirect)"
"ENTREZID","5567","ENTREZID","5578","directed","Process(indirect)"
"ENTREZID","5567","ENTREZID","5579","directed","Process(indirect)"
"ENTREZID","5567","ENTREZID","5582","directed","Process(indirect)"
"ENTREZID","5567","ENTREZID","814","directed","Process(indirect)"
"ENTREZID","5567","ENTREZID","815","directed","Process(indirect)"
"ENTREZID","5567","ENTREZID","816","directed","Process(indirect)"
"ENTREZID","5567","ENTREZID","817","directed","Process(indirect)"
"ENTREZID","5567","ENTREZID","818","directed","Process(indirect)"
"ENTREZID","5568","ENTREZID","2534","directed","Process(indirect)"
"ENTREZID","5568","ENTREZID","5578","directed","Process(indirect)"
"ENTREZID","5568","ENTREZID","5579","directed","Process(indirect)"
"ENTREZID","5568","ENTREZID","5582","directed","Process(indirect)"
"ENTREZID","5568","ENTREZID","814","directed","Process(indirect)"
"ENTREZID","5568","ENTREZID","815","directed","Process(indirect)"
"ENTREZID","5568","ENTREZID","816","directed","Process(indirect)"
"ENTREZID","5568","ENTREZID","817","directed","Process(indirect)"
"ENTREZID","5568","ENTREZID","818","directed","Process(indirect)"
