"src_type","src","dest_type","dest","direction","type"
"ENTREZID","109","ENTREZID","1258","directed","Process(indirect)"
"ENTREZID","109","ENTREZID","1260","directed","Process(indirect)"
"ENTREZID","109","ENTREZID","1262","directed","Process(indirect)"
"ENTREZID","109","ENTREZID","5566","directed","Process(indirect)"
"ENTREZID","109","ENTREZID","5567","directed","Process(indirect)"
"ENTREZID","109","ENTREZID","5568","directed","Process(indirect)"
"ENTREZID","3000","ENTREZID","1261","directed","Process(indirect)"
"ENTREZID","3000","ENTREZID","5138","directed","Process(indirect)"
"ENTREZID","3000","ENTREZID","5592","directed","Process(indirect)"
"ENTREZID","3000","ENTREZID","5593","directed","Process(indirect)"
