"src_type","src","dest_type","dest","direction","type"
"ENTREZID","112","ENTREZID","5566","directed","Process(indirect)"
"ENTREZID","112","ENTREZID","5567","directed","Process(indirect)"
"ENTREZID","112","ENTREZID","5568","directed","Process(indirect)"
"ENTREZID","114","ENTREZID","5566","directed","Process(indirect)"
"ENTREZID","114","ENTREZID","5567","directed","Process(indirect)"
"ENTREZID","114","ENTREZID","5568","directed","Process(indirect)"
"ENTREZID","196883","ENTREZID","5566","directed","Process(indirect)"
"ENTREZID","196883","ENTREZID","5567","directed","Process(indirect)"
"ENTREZID","196883","ENTREZID","5568","directed","Process(indirect)"
"ENTREZID","23236","ENTREZID","3710","directed","Process(indirect)"
"ENTREZID","5330","ENTREZID","3710","directed","Process(indirect)"
"ENTREZID","5331","ENTREZID","3710","directed","Process(indirect)"
"ENTREZID","5332","ENTREZID","3710","directed","Process(indirect)"
