"src_type","src","dest_type","dest","direction","type"
"ENTREZID","2986","ENTREZID","1258","directed","Process(indirect)"
"ENTREZID","2986","ENTREZID","1259","directed","Process(indirect)"
"ENTREZID","3000","ENTREZID","1258","directed","Process(indirect)"
"ENTREZID","3000","ENTREZID","1259","directed","Process(indirect)"
"ENTREZID","5957","ENTREZID","118142757","directed","Process(indirect)"
"ENTREZID","5957","ENTREZID","163688","directed","Process(indirect)"
"ENTREZID","5957","ENTREZID","2978","directed","Process(indirect)"
"ENTREZID","5957","ENTREZID","2979","directed","Process(indirect)"
"ENTREZID","5957","ENTREZID","51806","directed","Process(indirect)"
"ENTREZID","5957","ENTREZID","801","directed","Process(indirect)"
"ENTREZID","5957","ENTREZID","805","directed","Process(indirect)"
"ENTREZID","5957","ENTREZID","808","directed","Process(indirect)"
"ENTREZID","5957","ENTREZID","810","directed","Process(indirect)"
"ENTREZID","5957","ENTREZID","91860","directed","Process(indirect)"
"ENTREZID","5957","ENTREZID","9626","directed","Process(indirect)"
