"src_type","src","dest_type","dest","direction","type"
"ENTREZID","100137049","ENTREZID","79054","directed","Process(indirect)"
"ENTREZID","107","ENTREZID","5566","directed","Process(indirect)"
"ENTREZID","107","ENTREZID","5567","directed","Process(indirect)"
"ENTREZID","107","ENTREZID","5568","directed","Process(indirect)"
"ENTREZID","108","ENTREZID","5566","directed","Process(indirect)"
"ENTREZID","108","ENTREZID","5567","directed","Process(indirect)"
"ENTREZID","108","ENTREZID","5568","directed","Process(indirect)"
"ENTREZID","109","ENTREZID","5566","directed","Process(indirect)"
"ENTREZID","109","ENTREZID","5567","directed","Process(indirect)"
"ENTREZID","109","ENTREZID","5568","directed","Process(indirect)"
"ENTREZID","111","ENTREZID","5566","directed","Process(indirect)"
"ENTREZID","111","ENTREZID","5567","directed","Process(indirect)"
"ENTREZID","111","ENTREZID","5568","directed","Process(indirect)"
"ENTREZID","112","ENTREZID","5566","directed","Process(indirect)"
"ENTREZID","112","ENTREZID","5567","directed","Process(indirect)"
"ENTREZID","112","ENTREZID","5568","directed","Process(indirect)"
"ENTREZID","113","ENTREZID","5566","directed","Process(indirect)"
"ENTREZID","113","ENTREZID","5567","directed","Process(indirect)"
"ENTREZID","113","ENTREZID","5568","directed","Process(indirect)"
"ENTREZID","114","ENTREZID","5566","directed","Process(indirect)"
"ENTREZID","114","ENTREZID","5567","directed","Process(indirect)"
"ENTREZID","114","ENTREZID","5568","directed","Process(indirect)"
"ENTREZID","115","ENTREZID","5566","directed","Process(indirect)"
"ENTREZID","115","ENTREZID","5567","directed","Process(indirect)"
"ENTREZID","115","ENTREZID","5568","directed","Process(indirect)"
"ENTREZID","123745","ENTREZID","79054","directed","Process(indirect)"
"ENTREZID","196883","ENTREZID","5566","directed","Process(indirect)"
"ENTREZID","196883","ENTREZID","5567","directed","Process(indirect)"
"ENTREZID","196883","ENTREZID","5568","directed","Process(indirect)"
"ENTREZID","23236","ENTREZID","3708","directed","Process(indirect)"
"ENTREZID","23236","ENTREZID","3709","directed","Process(indirect)"
"ENTREZID","23236","ENTREZID","3710","directed","Process(indirect)"
"ENTREZID","23236","ENTREZID","5578","directed","Process(indirect)"
"ENTREZID","23236","ENTREZID","5579","directed","Process(indirect)"
"ENTREZID","23236","ENTREZID","5580","directed","Process(indirect)"
"ENTREZID","23236","ENTREZID","5581","directed","Process(indirect)"
"ENTREZID","23236","ENTREZID","5582","directed","Process(indirect)"
"ENTREZID","23236","ENTREZID","5583","directed","Process(indirect)"
"ENTREZID","23236","ENTREZID","5588","directed","Process(indirect)"
"ENTREZID","255189","ENTREZID","79054","directed","Process(indirect)"
"ENTREZID","283748","ENTREZID","79054","directed","Process(indirect)"
"ENTREZID","5321","ENTREZID","79054","directed","Process(indirect)"
"ENTREZID","5330","ENTREZID","3708","directed","Process(indirect)"
"ENTREZID","5330","ENTREZID","3709","directed","Process(indirect)"
"ENTREZID","5330","ENTREZID","3710","directed","Process(indirect)"
"ENTREZID","5330","ENTREZID","5578","directed","Process(indirect)"
"ENTREZID","5330","ENTREZID","5579","directed","Process(indirect)"
"ENTREZID","5330","ENTREZID","5580","directed","Process(indirect)"
"ENTREZID","5330","ENTREZID","5581","directed","Process(indirect)"
"ENTREZID","5330","ENTREZID","5582","directed","Process(indirect)"
"ENTREZID","5330","ENTREZID","5583","directed","Process(indirect)"
"ENTREZID","5330","ENTREZID","5588","directed","Process(indirect)"
"ENTREZID","5331","ENTREZID","3708","directed","Process(indirect)"
"ENTREZID","5331","ENTREZID","3709","directed","Process(indirect)"
"ENTREZID","5331","ENTREZID","3710","directed","Process(indirect)"
"ENTREZID","5331","ENTREZID","5578","directed","Process(indirect)"
"ENTREZID","5331","ENTREZID","5579","directed","Process(indirect)"
"ENTREZID","5331","ENTREZID","5580","directed","Process(indirect)"
"ENTREZID","5331","ENTREZID","5581","directed","Process(indirect)"
"ENTREZID","5331","ENTREZID","5582","directed","Process(indirect)"
"ENTREZID","5331","ENTREZID","5583","directed","Process(indirect)"
"ENTREZID","5331","ENTREZID","5588","directed","Process(indirect)"
"ENTREZID","5332","ENTREZID","3708","directed","Process(indirect)"
"ENTREZID","5332","ENTREZID","3709","directed","Process(indirect)"
"ENTREZID","5332","ENTREZID","3710","directed","Process(indirect)"
"ENTREZID","5332","ENTREZID","5578","directed","Process(indirect)"
"ENTREZID","5332","ENTREZID","5579","directed","Process(indirect)"
"ENTREZID","5332","ENTREZID","5580","directed","Process(indirect)"
"ENTREZID","5332","ENTREZID","5581","directed","Process(indirect)"
"ENTREZID","5332","ENTREZID","5582","directed","Process(indirect)"
"ENTREZID","5332","ENTREZID","5583","directed","Process(indirect)"
"ENTREZID","5332","ENTREZID","5588","directed","Process(indirect)"
"ENTREZID","5335","ENTREZID","3708","directed","Process(indirect)"
"ENTREZID","5335","ENTREZID","3709","directed","Process(indirect)"
"ENTREZID","5335","ENTREZID","3710","directed","Process(indirect)"
"ENTREZID","5335","ENTREZID","5578","directed","Process(indirect)"
"ENTREZID","5335","ENTREZID","5579","directed","Process(indirect)"
"ENTREZID","5335","ENTREZID","5580","directed","Process(indirect)"
"ENTREZID","5335","ENTREZID","5581","directed","Process(indirect)"
"ENTREZID","5335","ENTREZID","5582","directed","Process(indirect)"
"ENTREZID","5335","ENTREZID","5583","directed","Process(indirect)"
"ENTREZID","5335","ENTREZID","5588","directed","Process(indirect)"
"ENTREZID","5336","ENTREZID","3708","directed","Process(indirect)"
"ENTREZID","5336","ENTREZID","3709","directed","Process(indirect)"
"ENTREZID","5336","ENTREZID","3710","directed","Process(indirect)"
"ENTREZID","5336","ENTREZID","5578","directed","Process(indirect)"
"ENTREZID","5336","ENTREZID","5579","directed","Process(indirect)"
"ENTREZID","5336","ENTREZID","5580","directed","Process(indirect)"
"ENTREZID","5336","ENTREZID","5581","directed","Process(indirect)"
"ENTREZID","5336","ENTREZID","5582","directed","Process(indirect)"
"ENTREZID","5336","ENTREZID","5583","directed","Process(indirect)"
"ENTREZID","5336","ENTREZID","5588","directed","Process(indirect)"
"ENTREZID","8398","ENTREZID","79054","directed","Process(indirect)"
"ENTREZID","8605","ENTREZID","79054","directed","Process(indirect)"
"ENTREZID","8681","ENTREZID","79054","directed","Process(indirect)"
