"src_type","src","dest_type","dest","direction","type"
"ENTREZID","1431","ENTREZID","1737","undirected","Process(indirect)"
"ENTREZID","1431","ENTREZID","4190","directed","Process(indirect)"
"ENTREZID","1431","ENTREZID","4191","directed","Process(indirect)"
"ENTREZID","1431","ENTREZID","47","directed","Process(indirect)"
"ENTREZID","1431","ENTREZID","48","directed","Process(indirect)"
"ENTREZID","1431","ENTREZID","50","directed","Process(indirect)"
"ENTREZID","1431","ENTREZID","5091","directed","Process(indirect)"
"ENTREZID","1431","ENTREZID","5105","directed","Process(indirect)"
"ENTREZID","1431","ENTREZID","5106","directed","Process(indirect)"
"ENTREZID","1737","ENTREZID","1431","directed","Process(indirect)"
"ENTREZID","1737","ENTREZID","1738","directed","Process(indirect)"
"ENTREZID","1737","ENTREZID","47","directed","Process(indirect)"
"ENTREZID","1737","ENTREZID","5160","directed","Process(indirect)"
"ENTREZID","1737","ENTREZID","5161","directed","Process(indirect)"
"ENTREZID","1737","ENTREZID","5162","directed","Process(indirect)"
"ENTREZID","1738","ENTREZID","1737","directed","Process(indirect)"
"ENTREZID","1738","ENTREZID","1737","undirected","Process(indirect)"
"ENTREZID","1738","ENTREZID","1743","directed","Process(indirect)"
"ENTREZID","1738","ENTREZID","1743","undirected","Process(indirect)"
"ENTREZID","1738","ENTREZID","4967","directed","Process(indirect)"
"ENTREZID","1738","ENTREZID","5160","directed","Process(indirect)"
"ENTREZID","1738","ENTREZID","5161","directed","Process(indirect)"
"ENTREZID","1738","ENTREZID","5162","directed","Process(indirect)"
"ENTREZID","1738","ENTREZID","55753","directed","Process(indirect)"
"ENTREZID","1743","ENTREZID","1737","directed","Process(indirect)"
"ENTREZID","1743","ENTREZID","1737","undirected","Process(indirect)"
"ENTREZID","1743","ENTREZID","1738","directed","Process(indirect)"
"ENTREZID","1743","ENTREZID","4967","directed","Process(indirect)"
"ENTREZID","1743","ENTREZID","55753","directed","Process(indirect)"
"ENTREZID","2271","ENTREZID","6389","directed","Process(indirect)"
"ENTREZID","2271","ENTREZID","6390","directed","Process(indirect)"
"ENTREZID","2271","ENTREZID","6391","directed","Process(indirect)"
"ENTREZID","2271","ENTREZID","6392","directed","Process(indirect)"
"ENTREZID","3417","ENTREZID","3418","directed","Process(indirect)"
"ENTREZID","3417","ENTREZID","3418","undirected","Process(indirect)"
"ENTREZID","3417","ENTREZID","3419","directed","Process(indirect)"
"ENTREZID","3417","ENTREZID","3419","undirected","Process(indirect)"
"ENTREZID","3417","ENTREZID","3420","directed","Process(indirect)"
"ENTREZID","3417","ENTREZID","3420","undirected","Process(indirect)"
"ENTREZID","3417","ENTREZID","3421","directed","Process(indirect)"
"ENTREZID","3417","ENTREZID","3421","undirected","Process(indirect)"
"ENTREZID","3417","ENTREZID","48","directed","Process(indirect)"
"ENTREZID","3417","ENTREZID","48","undirected","Process(indirect)"
"ENTREZID","3417","ENTREZID","4967","directed","Process(indirect)"
"ENTREZID","3417","ENTREZID","50","directed","Process(indirect)"
"ENTREZID","3417","ENTREZID","50","undirected","Process(indirect)"
"ENTREZID","3417","ENTREZID","55753","directed","Process(indirect)"
"ENTREZID","3418","ENTREZID","3417","directed","Process(indirect)"
"ENTREZID","3418","ENTREZID","3419","directed","Process(indirect)"
"ENTREZID","3418","ENTREZID","3419","undirected","Process(indirect)"
"ENTREZID","3418","ENTREZID","3420","directed","Process(indirect)"
"ENTREZID","3418","ENTREZID","3420","undirected","Process(indirect)"
"ENTREZID","3418","ENTREZID","3421","directed","Process(indirect)"
"ENTREZID","3418","ENTREZID","3421","undirected","Process(indirect)"
"ENTREZID","3418","ENTREZID","48","directed","Process(indirect)"
"ENTREZID","3418","ENTREZID","48","undirected","Process(indirect)"
"ENTREZID","3418","ENTREZID","4967","directed","Process(indirect)"
"ENTREZID","3418","ENTREZID","50","directed","Process(indirect)"
"ENTREZID","3418","ENTREZID","50","undirected","Process(indirect)"
"ENTREZID","3418","ENTREZID","55753","directed","Process(indirect)"
"ENTREZID","3419","ENTREZID","3417","directed","Process(indirect)"
"ENTREZID","3419","ENTREZID","3418","directed","Process(indirect)"
"ENTREZID","3419","ENTREZID","3420","directed","Process(indirect)"
"ENTREZID","3419","ENTREZID","3421","directed","Process(indirect)"
"ENTREZID","3419","ENTREZID","48","undirected","Process(indirect)"
"ENTREZID","3419","ENTREZID","4967","directed","Process(indirect)"
"ENTREZID","3419","ENTREZID","50","undirected","Process(indirect)"
"ENTREZID","3419","ENTREZID","55753","directed","Process(indirect)"
"ENTREZID","3420","ENTREZID","3417","directed","Process(indirect)"
"ENTREZID","3420","ENTREZID","3418","directed","Process(indirect)"
"ENTREZID","3420","ENTREZID","3419","directed","Process(indirect)"
"ENTREZID","3420","ENTREZID","3421","directed","Process(indirect)"
"ENTREZID","3420","ENTREZID","48","undirected","Process(indirect)"
"ENTREZID","3420","ENTREZID","4967","directed","Process(indirect)"
"ENTREZID","3420","ENTREZID","50","undirected","Process(indirect)"
"ENTREZID","3420","ENTREZID","55753","directed","Process(indirect)"
"ENTREZID","3421","ENTREZID","3417","directed","Process(indirect)"
"ENTREZID","3421","ENTREZID","3418","directed","Process(indirect)"
"ENTREZID","3421","ENTREZID","3419","directed","Process(indirect)"
"ENTREZID","3421","ENTREZID","3420","directed","Process(indirect)"
"ENTREZID","3421","ENTREZID","48","undirected","Process(indirect)"
"ENTREZID","3421","ENTREZID","4967","directed","Process(indirect)"
"ENTREZID","3421","ENTREZID","50","undirected","Process(indirect)"
"ENTREZID","3421","ENTREZID","55753","directed","Process(indirect)"
"ENTREZID","4190","ENTREZID","1431","directed","Process(indirect)"
"ENTREZID","4190","ENTREZID","1431","undirected","Process(indirect)"
"ENTREZID","4190","ENTREZID","2271","directed","Process(indirect)"
"ENTREZID","4190","ENTREZID","2271","undirected","Process(indirect)"
"ENTREZID","4190","ENTREZID","4191","directed","Process(indirect)"
"ENTREZID","4190","ENTREZID","47","directed","Process(indirect)"
"ENTREZID","4190","ENTREZID","47","undirected","Process(indirect)"
"ENTREZID","4190","ENTREZID","5091","directed","Process(indirect)"
"ENTREZID","4190","ENTREZID","5105","directed","Process(indirect)"
"ENTREZID","4190","ENTREZID","5106","directed","Process(indirect)"
"ENTREZID","4191","ENTREZID","1431","directed","Process(indirect)"
"ENTREZID","4191","ENTREZID","1431","undirected","Process(indirect)"
"ENTREZID","4191","ENTREZID","2271","directed","Process(indirect)"
"ENTREZID","4191","ENTREZID","2271","undirected","Process(indirect)"
"ENTREZID","4191","ENTREZID","4190","directed","Process(indirect)"
"ENTREZID","4191","ENTREZID","47","directed","Process(indirect)"
"ENTREZID","4191","ENTREZID","47","undirected","Process(indirect)"
"ENTREZID","4191","ENTREZID","5091","directed","Process(indirect)"
"ENTREZID","4191","ENTREZID","5105","directed","Process(indirect)"
"ENTREZID","4191","ENTREZID","5106","directed","Process(indirect)"
"ENTREZID","47","ENTREZID","1431","directed","Process(indirect)"
"ENTREZID","47","ENTREZID","1431","undirected","Process(indirect)"
"ENTREZID","47","ENTREZID","1737","undirected","Process(indirect)"
"ENTREZID","47","ENTREZID","4190","directed","Process(indirect)"
"ENTREZID","47","ENTREZID","4191","directed","Process(indirect)"
"ENTREZID","47","ENTREZID","48","directed","Process(indirect)"
"ENTREZID","47","ENTREZID","50","directed","Process(indirect)"
"ENTREZID","47","ENTREZID","5091","directed","Process(indirect)"
"ENTREZID","47","ENTREZID","5105","directed","Process(indirect)"
"ENTREZID","47","ENTREZID","5106","directed","Process(indirect)"
"ENTREZID","48","ENTREZID","1431","undirected","Process(indirect)"
"ENTREZID","48","ENTREZID","3417","directed","Process(indirect)"
"ENTREZID","48","ENTREZID","3418","directed","Process(indirect)"
"ENTREZID","48","ENTREZID","3419","directed","Process(indirect)"
"ENTREZID","48","ENTREZID","3420","directed","Process(indirect)"
"ENTREZID","48","ENTREZID","3421","directed","Process(indirect)"
"ENTREZID","48","ENTREZID","47","undirected","Process(indirect)"
"ENTREZID","48","ENTREZID","50","directed","Process(indirect)"
"ENTREZID","48","ENTREZID","50","undirected","Process(indirect)"
"ENTREZID","4967","ENTREZID","1743","directed","Process(indirect)"
"ENTREZID","4967","ENTREZID","3417","directed","Process(indirect)"
"ENTREZID","4967","ENTREZID","3418","directed","Process(indirect)"
"ENTREZID","4967","ENTREZID","3419","directed","Process(indirect)"
"ENTREZID","4967","ENTREZID","3420","directed","Process(indirect)"
"ENTREZID","4967","ENTREZID","3421","directed","Process(indirect)"
"ENTREZID","4967","ENTREZID","5160","directed","Process(indirect)"
"ENTREZID","4967","ENTREZID","5161","directed","Process(indirect)"
"ENTREZID","4967","ENTREZID","5162","directed","Process(indirect)"
"ENTREZID","50","ENTREZID","1431","undirected","Process(indirect)"
"ENTREZID","50","ENTREZID","3417","directed","Process(indirect)"
"ENTREZID","50","ENTREZID","3418","directed","Process(indirect)"
"ENTREZID","50","ENTREZID","3419","directed","Process(indirect)"
"ENTREZID","50","ENTREZID","3420","directed","Process(indirect)"
"ENTREZID","50","ENTREZID","3421","directed","Process(indirect)"
"ENTREZID","50","ENTREZID","47","undirected","Process(indirect)"
"ENTREZID","50","ENTREZID","48","directed","Process(indirect)"
"ENTREZID","5091","ENTREZID","1431","directed","Process(indirect)"
"ENTREZID","5091","ENTREZID","4190","directed","Process(indirect)"
"ENTREZID","5091","ENTREZID","4191","directed","Process(indirect)"
"ENTREZID","5091","ENTREZID","47","directed","Process(indirect)"
"ENTREZID","5091","ENTREZID","5105","directed","Process(indirect)"
"ENTREZID","5091","ENTREZID","5106","directed","Process(indirect)"
"ENTREZID","5160","ENTREZID","1737","directed","Process(indirect)"
"ENTREZID","5160","ENTREZID","4967","directed","Process(indirect)"
"ENTREZID","5160","ENTREZID","5091","directed","Process(indirect)"
"ENTREZID","5160","ENTREZID","55753","directed","Process(indirect)"
"ENTREZID","5161","ENTREZID","1737","directed","Process(indirect)"
"ENTREZID","5161","ENTREZID","4967","directed","Process(indirect)"
"ENTREZID","5161","ENTREZID","5091","directed","Process(indirect)"
"ENTREZID","5161","ENTREZID","55753","directed","Process(indirect)"
"ENTREZID","5162","ENTREZID","1737","directed","Process(indirect)"
"ENTREZID","5162","ENTREZID","4967","directed","Process(indirect)"
"ENTREZID","5162","ENTREZID","5091","directed","Process(indirect)"
"ENTREZID","5162","ENTREZID","55753","directed","Process(indirect)"
"ENTREZID","55753","ENTREZID","1743","directed","Process(indirect)"
"ENTREZID","55753","ENTREZID","3417","directed","Process(indirect)"
"ENTREZID","55753","ENTREZID","3418","directed","Process(indirect)"
"ENTREZID","55753","ENTREZID","3419","directed","Process(indirect)"
"ENTREZID","55753","ENTREZID","3420","directed","Process(indirect)"
"ENTREZID","55753","ENTREZID","3421","directed","Process(indirect)"
"ENTREZID","55753","ENTREZID","5160","directed","Process(indirect)"
"ENTREZID","55753","ENTREZID","5161","directed","Process(indirect)"
"ENTREZID","55753","ENTREZID","5162","directed","Process(indirect)"
"ENTREZID","6389","ENTREZID","6390","directed","Process(indirect)"
"ENTREZID","6389","ENTREZID","6391","directed","Process(indirect)"
"ENTREZID","6389","ENTREZID","6392","directed","Process(indirect)"
"ENTREZID","6389","ENTREZID","8801","directed","Process(indirect)"
"ENTREZID","6389","ENTREZID","8801","undirected","Process(indirect)"
"ENTREZID","6389","ENTREZID","8802","directed","Process(indirect)"
"ENTREZID","6389","ENTREZID","8802","undirected","Process(indirect)"
"ENTREZID","6389","ENTREZID","8803","directed","Process(indirect)"
"ENTREZID","6389","ENTREZID","8803","undirected","Process(indirect)"
"ENTREZID","6390","ENTREZID","6389","directed","Process(indirect)"
"ENTREZID","6390","ENTREZID","6391","directed","Process(indirect)"
"ENTREZID","6390","ENTREZID","6392","directed","Process(indirect)"
"ENTREZID","6390","ENTREZID","8801","directed","Process(indirect)"
"ENTREZID","6390","ENTREZID","8801","undirected","Process(indirect)"
"ENTREZID","6390","ENTREZID","8802","directed","Process(indirect)"
"ENTREZID","6390","ENTREZID","8802","undirected","Process(indirect)"
"ENTREZID","6390","ENTREZID","8803","directed","Process(indirect)"
"ENTREZID","6390","ENTREZID","8803","undirected","Process(indirect)"
"ENTREZID","6391","ENTREZID","6389","directed","Process(indirect)"
"ENTREZID","6391","ENTREZID","6390","directed","Process(indirect)"
"ENTREZID","6391","ENTREZID","6392","directed","Process(indirect)"
"ENTREZID","6391","ENTREZID","8801","directed","Process(indirect)"
"ENTREZID","6391","ENTREZID","8801","undirected","Process(indirect)"
"ENTREZID","6391","ENTREZID","8802","directed","Process(indirect)"
"ENTREZID","6391","ENTREZID","8802","undirected","Process(indirect)"
"ENTREZID","6391","ENTREZID","8803","directed","Process(indirect)"
"ENTREZID","6391","ENTREZID","8803","undirected","Process(indirect)"
"ENTREZID","6392","ENTREZID","6389","directed","Process(indirect)"
"ENTREZID","6392","ENTREZID","6390","directed","Process(indirect)"
"ENTREZID","6392","ENTREZID","6391","directed","Process(indirect)"
"ENTREZID","6392","ENTREZID","8801","directed","Process(indirect)"
"ENTREZID","6392","ENTREZID","8801","undirected","Process(indirect)"
"ENTREZID","6392","ENTREZID","8802","directed","Process(indirect)"
"ENTREZID","6392","ENTREZID","8802","undirected","Process(indirect)"
"ENTREZID","6392","ENTREZID","8803","directed","Process(indirect)"
"ENTREZID","6392","ENTREZID","8803","undirected","Process(indirect)"
"ENTREZID","8801","ENTREZID","1743","directed","Process(indirect)"
"ENTREZID","8801","ENTREZID","1743","undirected","Process(indirect)"
"ENTREZID","8801","ENTREZID","8802","directed","Process(indirect)"
"ENTREZID","8801","ENTREZID","8803","directed","Process(indirect)"
"ENTREZID","8802","ENTREZID","1743","directed","Process(indirect)"
"ENTREZID","8802","ENTREZID","1743","undirected","Process(indirect)"
"ENTREZID","8802","ENTREZID","8801","directed","Process(indirect)"
"ENTREZID","8802","ENTREZID","8803","directed","Process(indirect)"
"ENTREZID","8803","ENTREZID","1743","directed","Process(indirect)"
"ENTREZID","8803","ENTREZID","1743","undirected","Process(indirect)"
"ENTREZID","8803","ENTREZID","8801","directed","Process(indirect)"
"ENTREZID","8803","ENTREZID","8802","directed","Process(indirect)"
