"src_type","src","dest_type","dest","direction","type"
"ENTREZID","107","ENTREZID","100137049","directed","Process(indirect)"
"ENTREZID","107","ENTREZID","10965","directed","Process(indirect)"
"ENTREZID","107","ENTREZID","122970","directed","Process(indirect)"
"ENTREZID","107","ENTREZID","123745","directed","Process(indirect)"
"ENTREZID","107","ENTREZID","255189","directed","Process(indirect)"
"ENTREZID","107","ENTREZID","283748","directed","Process(indirect)"
"ENTREZID","107","ENTREZID","5321","directed","Process(indirect)"
"ENTREZID","107","ENTREZID","5566","directed","Process(indirect)"
"ENTREZID","107","ENTREZID","5567","directed","Process(indirect)"
"ENTREZID","107","ENTREZID","5568","directed","Process(indirect)"
"ENTREZID","107","ENTREZID","641371","directed","Process(indirect)"
"ENTREZID","107","ENTREZID","8605","directed","Process(indirect)"
"ENTREZID","107","ENTREZID","8681","directed","Process(indirect)"
"ENTREZID","108","ENTREZID","100137049","directed","Process(indirect)"
"ENTREZID","108","ENTREZID","10965","directed","Process(indirect)"
"ENTREZID","108","ENTREZID","122970","directed","Process(indirect)"
"ENTREZID","108","ENTREZID","123745","directed","Process(indirect)"
"ENTREZID","108","ENTREZID","255189","directed","Process(indirect)"
"ENTREZID","108","ENTREZID","283748","directed","Process(indirect)"
"ENTREZID","108","ENTREZID","5321","directed","Process(indirect)"
"ENTREZID","108","ENTREZID","5566","directed","Process(indirect)"
"ENTREZID","108","ENTREZID","5567","directed","Process(indirect)"
"ENTREZID","108","ENTREZID","5568","directed","Process(indirect)"
"ENTREZID","108","ENTREZID","641371","directed","Process(indirect)"
"ENTREZID","108","ENTREZID","8605","directed","Process(indirect)"
"ENTREZID","108","ENTREZID","8681","directed","Process(indirect)"
"ENTREZID","109","ENTREZID","100137049","directed","Process(indirect)"
"ENTREZID","109","ENTREZID","10965","directed","Process(indirect)"
"ENTREZID","109","ENTREZID","122970","directed","Process(indirect)"
"ENTREZID","109","ENTREZID","123745","directed","Process(indirect)"
"ENTREZID","109","ENTREZID","255189","directed","Process(indirect)"
"ENTREZID","109","ENTREZID","283748","directed","Process(indirect)"
"ENTREZID","109","ENTREZID","5321","directed","Process(indirect)"
"ENTREZID","109","ENTREZID","5566","directed","Process(indirect)"
"ENTREZID","109","ENTREZID","5567","directed","Process(indirect)"
"ENTREZID","109","ENTREZID","5568","directed","Process(indirect)"
"ENTREZID","109","ENTREZID","641371","directed","Process(indirect)"
"ENTREZID","109","ENTREZID","8605","directed","Process(indirect)"
"ENTREZID","109","ENTREZID","8681","directed","Process(indirect)"
"ENTREZID","111","ENTREZID","100137049","directed","Process(indirect)"
"ENTREZID","111","ENTREZID","10965","directed","Process(indirect)"
"ENTREZID","111","ENTREZID","122970","directed","Process(indirect)"
"ENTREZID","111","ENTREZID","123745","directed","Process(indirect)"
"ENTREZID","111","ENTREZID","255189","directed","Process(indirect)"
"ENTREZID","111","ENTREZID","283748","directed","Process(indirect)"
"ENTREZID","111","ENTREZID","5321","directed","Process(indirect)"
"ENTREZID","111","ENTREZID","5566","directed","Process(indirect)"
"ENTREZID","111","ENTREZID","5567","directed","Process(indirect)"
"ENTREZID","111","ENTREZID","5568","directed","Process(indirect)"
"ENTREZID","111","ENTREZID","641371","directed","Process(indirect)"
"ENTREZID","111","ENTREZID","8605","directed","Process(indirect)"
"ENTREZID","111","ENTREZID","8681","directed","Process(indirect)"
"ENTREZID","112","ENTREZID","100137049","directed","Process(indirect)"
"ENTREZID","112","ENTREZID","10965","directed","Process(indirect)"
"ENTREZID","112","ENTREZID","122970","directed","Process(indirect)"
"ENTREZID","112","ENTREZID","123745","directed","Process(indirect)"
"ENTREZID","112","ENTREZID","255189","directed","Process(indirect)"
"ENTREZID","112","ENTREZID","283748","directed","Process(indirect)"
"ENTREZID","112","ENTREZID","5321","directed","Process(indirect)"
"ENTREZID","112","ENTREZID","5566","directed","Process(indirect)"
"ENTREZID","112","ENTREZID","5567","directed","Process(indirect)"
"ENTREZID","112","ENTREZID","5568","directed","Process(indirect)"
"ENTREZID","112","ENTREZID","641371","directed","Process(indirect)"
"ENTREZID","112","ENTREZID","8605","directed","Process(indirect)"
"ENTREZID","112","ENTREZID","8681","directed","Process(indirect)"
"ENTREZID","113","ENTREZID","100137049","directed","Process(indirect)"
"ENTREZID","113","ENTREZID","10965","directed","Process(indirect)"
"ENTREZID","113","ENTREZID","122970","directed","Process(indirect)"
"ENTREZID","113","ENTREZID","123745","directed","Process(indirect)"
"ENTREZID","113","ENTREZID","255189","directed","Process(indirect)"
"ENTREZID","113","ENTREZID","283748","directed","Process(indirect)"
"ENTREZID","113","ENTREZID","5321","directed","Process(indirect)"
"ENTREZID","113","ENTREZID","5566","directed","Process(indirect)"
"ENTREZID","113","ENTREZID","5567","directed","Process(indirect)"
"ENTREZID","113","ENTREZID","5568","directed","Process(indirect)"
"ENTREZID","113","ENTREZID","641371","directed","Process(indirect)"
"ENTREZID","113","ENTREZID","8605","directed","Process(indirect)"
"ENTREZID","113","ENTREZID","8681","directed","Process(indirect)"
"ENTREZID","114","ENTREZID","100137049","directed","Process(indirect)"
"ENTREZID","114","ENTREZID","10965","directed","Process(indirect)"
"ENTREZID","114","ENTREZID","122970","directed","Process(indirect)"
"ENTREZID","114","ENTREZID","123745","directed","Process(indirect)"
"ENTREZID","114","ENTREZID","255189","directed","Process(indirect)"
"ENTREZID","114","ENTREZID","283748","directed","Process(indirect)"
"ENTREZID","114","ENTREZID","5321","directed","Process(indirect)"
"ENTREZID","114","ENTREZID","5566","directed","Process(indirect)"
"ENTREZID","114","ENTREZID","5567","directed","Process(indirect)"
"ENTREZID","114","ENTREZID","5568","directed","Process(indirect)"
"ENTREZID","114","ENTREZID","641371","directed","Process(indirect)"
"ENTREZID","114","ENTREZID","8605","directed","Process(indirect)"
"ENTREZID","114","ENTREZID","8681","directed","Process(indirect)"
"ENTREZID","115","ENTREZID","100137049","directed","Process(indirect)"
"ENTREZID","115","ENTREZID","10965","directed","Process(indirect)"
"ENTREZID","115","ENTREZID","122970","directed","Process(indirect)"
"ENTREZID","115","ENTREZID","123745","directed","Process(indirect)"
"ENTREZID","115","ENTREZID","255189","directed","Process(indirect)"
"ENTREZID","115","ENTREZID","283748","directed","Process(indirect)"
"ENTREZID","115","ENTREZID","5321","directed","Process(indirect)"
"ENTREZID","115","ENTREZID","5566","directed","Process(indirect)"
"ENTREZID","115","ENTREZID","5567","directed","Process(indirect)"
"ENTREZID","115","ENTREZID","5568","directed","Process(indirect)"
"ENTREZID","115","ENTREZID","641371","directed","Process(indirect)"
"ENTREZID","115","ENTREZID","8605","directed","Process(indirect)"
"ENTREZID","115","ENTREZID","8681","directed","Process(indirect)"
"ENTREZID","196883","ENTREZID","100137049","directed","Process(indirect)"
"ENTREZID","196883","ENTREZID","10965","directed","Process(indirect)"
"ENTREZID","196883","ENTREZID","122970","directed","Process(indirect)"
"ENTREZID","196883","ENTREZID","123745","directed","Process(indirect)"
"ENTREZID","196883","ENTREZID","255189","directed","Process(indirect)"
"ENTREZID","196883","ENTREZID","283748","directed","Process(indirect)"
"ENTREZID","196883","ENTREZID","5321","directed","Process(indirect)"
"ENTREZID","196883","ENTREZID","5566","directed","Process(indirect)"
"ENTREZID","196883","ENTREZID","5567","directed","Process(indirect)"
"ENTREZID","196883","ENTREZID","5568","directed","Process(indirect)"
"ENTREZID","196883","ENTREZID","641371","directed","Process(indirect)"
"ENTREZID","196883","ENTREZID","8605","directed","Process(indirect)"
"ENTREZID","196883","ENTREZID","8681","directed","Process(indirect)"
