"src_type","src","dest_type","dest","direction","type"
"ENTREZID","23236","ENTREZID","163688","directed","Process(indirect)"
"ENTREZID","23236","ENTREZID","51806","directed","Process(indirect)"
"ENTREZID","23236","ENTREZID","5578","directed","Process(indirect)"
"ENTREZID","23236","ENTREZID","5579","directed","Process(indirect)"
"ENTREZID","23236","ENTREZID","5582","directed","Process(indirect)"
"ENTREZID","23236","ENTREZID","801","directed","Process(indirect)"
"ENTREZID","23236","ENTREZID","805","directed","Process(indirect)"
"ENTREZID","23236","ENTREZID","808","directed","Process(indirect)"
"ENTREZID","23236","ENTREZID","810","directed","Process(indirect)"
"ENTREZID","23236","ENTREZID","91860","directed","Process(indirect)"
"ENTREZID","5330","ENTREZID","163688","directed","Process(indirect)"
"ENTREZID","5330","ENTREZID","51806","directed","Process(indirect)"
"ENTREZID","5330","ENTREZID","5578","directed","Process(indirect)"
"ENTREZID","5330","ENTREZID","5579","directed","Process(indirect)"
"ENTREZID","5330","ENTREZID","5582","directed","Process(indirect)"
"ENTREZID","5330","ENTREZID","801","directed","Process(indirect)"
"ENTREZID","5330","ENTREZID","805","directed","Process(indirect)"
"ENTREZID","5330","ENTREZID","808","directed","Process(indirect)"
"ENTREZID","5330","ENTREZID","810","directed","Process(indirect)"
"ENTREZID","5330","ENTREZID","91860","directed","Process(indirect)"
"ENTREZID","5331","ENTREZID","163688","directed","Process(indirect)"
"ENTREZID","5331","ENTREZID","51806","directed","Process(indirect)"
"ENTREZID","5331","ENTREZID","5578","directed","Process(indirect)"
"ENTREZID","5331","ENTREZID","5579","directed","Process(indirect)"
"ENTREZID","5331","ENTREZID","5582","directed","Process(indirect)"
"ENTREZID","5331","ENTREZID","801","directed","Process(indirect)"
"ENTREZID","5331","ENTREZID","805","directed","Process(indirect)"
"ENTREZID","5331","ENTREZID","808","directed","Process(indirect)"
"ENTREZID","5331","ENTREZID","810","directed","Process(indirect)"
"ENTREZID","5331","ENTREZID","91860","directed","Process(indirect)"
"ENTREZID","5332","ENTREZID","163688","directed","Process(indirect)"
"ENTREZID","5332","ENTREZID","51806","directed","Process(indirect)"
"ENTREZID","5332","ENTREZID","5578","directed","Process(indirect)"
"ENTREZID","5332","ENTREZID","5579","directed","Process(indirect)"
"ENTREZID","5332","ENTREZID","5582","directed","Process(indirect)"
"ENTREZID","5332","ENTREZID","801","directed","Process(indirect)"
"ENTREZID","5332","ENTREZID","805","directed","Process(indirect)"
"ENTREZID","5332","ENTREZID","808","directed","Process(indirect)"
"ENTREZID","5332","ENTREZID","810","directed","Process(indirect)"
"ENTREZID","5332","ENTREZID","91860","directed","Process(indirect)"
