"src_type","src","dest_type","dest","direction","type"
"ENTREZID","102724560","ENTREZID","10993","directed","Process(indirect)"
"ENTREZID","102724560","ENTREZID","113675","directed","Process(indirect)"
"ENTREZID","102724560","ENTREZID","1491","directed","Process(indirect)"
"ENTREZID","102724560","ENTREZID","189","directed","Process(indirect)"
"ENTREZID","102724560","ENTREZID","5723","directed","Process(indirect)"
"ENTREZID","102724560","ENTREZID","63826","directed","Process(indirect)"
"ENTREZID","102724560","ENTREZID","6470","directed","Process(indirect)"
"ENTREZID","102724560","ENTREZID","6472","directed","Process(indirect)"
"ENTREZID","10993","ENTREZID","102724560","directed","Process(indirect)"
"ENTREZID","10993","ENTREZID","189","directed","Process(indirect)"
"ENTREZID","10993","ENTREZID","5723","directed","Process(indirect)"
"ENTREZID","10993","ENTREZID","63826","directed","Process(indirect)"
"ENTREZID","10993","ENTREZID","6470","directed","Process(indirect)"
"ENTREZID","10993","ENTREZID","6472","directed","Process(indirect)"
"ENTREZID","10993","ENTREZID","875","directed","Process(indirect)"
"ENTREZID","113675","ENTREZID","102724560","directed","Process(indirect)"
"ENTREZID","113675","ENTREZID","189","directed","Process(indirect)"
"ENTREZID","113675","ENTREZID","5723","directed","Process(indirect)"
"ENTREZID","113675","ENTREZID","63826","directed","Process(indirect)"
"ENTREZID","113675","ENTREZID","6470","directed","Process(indirect)"
"ENTREZID","113675","ENTREZID","6472","directed","Process(indirect)"
"ENTREZID","113675","ENTREZID","875","directed","Process(indirect)"
"ENTREZID","132158","ENTREZID","441531","directed","Process(indirect)"
"ENTREZID","132158","ENTREZID","5223","directed","Process(indirect)"
"ENTREZID","132158","ENTREZID","5224","directed","Process(indirect)"
"ENTREZID","132158","ENTREZID","669","directed","Process(indirect)"
"ENTREZID","1610","ENTREZID","189","directed","Process(indirect)"
"ENTREZID","1610","ENTREZID","64902","directed","Process(indirect)"
"ENTREZID","1738","ENTREZID","2731","directed","Process(indirect)"
"ENTREZID","1757","ENTREZID","1610","directed","Process(indirect)"
"ENTREZID","1757","ENTREZID","189","directed","Process(indirect)"
"ENTREZID","1757","ENTREZID","211","directed","Process(indirect)"
"ENTREZID","1757","ENTREZID","212","directed","Process(indirect)"
"ENTREZID","1757","ENTREZID","23464","directed","Process(indirect)"
"ENTREZID","1757","ENTREZID","2628","directed","Process(indirect)"
"ENTREZID","1757","ENTREZID","27232","directed","Process(indirect)"
"ENTREZID","1757","ENTREZID","2731","directed","Process(indirect)"
"ENTREZID","1757","ENTREZID","51268","directed","Process(indirect)"
"ENTREZID","1757","ENTREZID","6470","directed","Process(indirect)"
"ENTREZID","1757","ENTREZID","6472","directed","Process(indirect)"
"ENTREZID","1757","ENTREZID","64902","directed","Process(indirect)"
"ENTREZID","189","ENTREZID","102724560","directed","Process(indirect)"
"ENTREZID","189","ENTREZID","10993","directed","Process(indirect)"
"ENTREZID","189","ENTREZID","113675","directed","Process(indirect)"
"ENTREZID","189","ENTREZID","1610","directed","Process(indirect)"
"ENTREZID","189","ENTREZID","1757","directed","Process(indirect)"
"ENTREZID","189","ENTREZID","211","directed","Process(indirect)"
"ENTREZID","189","ENTREZID","212","directed","Process(indirect)"
"ENTREZID","189","ENTREZID","23464","directed","Process(indirect)"
"ENTREZID","189","ENTREZID","23464","undirected","Process(indirect)"
"ENTREZID","189","ENTREZID","2628","directed","Process(indirect)"
"ENTREZID","189","ENTREZID","27232","directed","Process(indirect)"
"ENTREZID","189","ENTREZID","27232","undirected","Process(indirect)"
"ENTREZID","189","ENTREZID","2731","directed","Process(indirect)"
"ENTREZID","189","ENTREZID","51268","directed","Process(indirect)"
"ENTREZID","189","ENTREZID","5723","directed","Process(indirect)"
"ENTREZID","189","ENTREZID","63826","directed","Process(indirect)"
"ENTREZID","189","ENTREZID","63826","undirected","Process(indirect)"
"ENTREZID","189","ENTREZID","6470","directed","Process(indirect)"
"ENTREZID","189","ENTREZID","6470","undirected","Process(indirect)"
"ENTREZID","189","ENTREZID","6472","directed","Process(indirect)"
"ENTREZID","189","ENTREZID","6472","undirected","Process(indirect)"
"ENTREZID","189","ENTREZID","875","directed","Process(indirect)"
"ENTREZID","189","ENTREZID","9380","directed","Process(indirect)"
"ENTREZID","211","ENTREZID","1610","directed","Process(indirect)"
"ENTREZID","211","ENTREZID","1757","directed","Process(indirect)"
"ENTREZID","211","ENTREZID","189","directed","Process(indirect)"
"ENTREZID","211","ENTREZID","23464","directed","Process(indirect)"
"ENTREZID","211","ENTREZID","2628","directed","Process(indirect)"
"ENTREZID","211","ENTREZID","27232","directed","Process(indirect)"
"ENTREZID","211","ENTREZID","2731","directed","Process(indirect)"
"ENTREZID","211","ENTREZID","51268","directed","Process(indirect)"
"ENTREZID","211","ENTREZID","6470","directed","Process(indirect)"
"ENTREZID","211","ENTREZID","6472","directed","Process(indirect)"
"ENTREZID","211","ENTREZID","64902","directed","Process(indirect)"
"ENTREZID","212","ENTREZID","1610","directed","Process(indirect)"
"ENTREZID","212","ENTREZID","1757","directed","Process(indirect)"
"ENTREZID","212","ENTREZID","189","directed","Process(indirect)"
"ENTREZID","212","ENTREZID","23464","directed","Process(indirect)"
"ENTREZID","212","ENTREZID","2628","directed","Process(indirect)"
"ENTREZID","212","ENTREZID","27232","directed","Process(indirect)"
"ENTREZID","212","ENTREZID","2731","directed","Process(indirect)"
"ENTREZID","212","ENTREZID","51268","directed","Process(indirect)"
"ENTREZID","212","ENTREZID","6470","directed","Process(indirect)"
"ENTREZID","212","ENTREZID","6472","directed","Process(indirect)"
"ENTREZID","212","ENTREZID","64902","directed","Process(indirect)"
"ENTREZID","23464","ENTREZID","1610","directed","Process(indirect)"
"ENTREZID","23464","ENTREZID","1757","directed","Process(indirect)"
"ENTREZID","23464","ENTREZID","189","directed","Process(indirect)"
"ENTREZID","23464","ENTREZID","211","directed","Process(indirect)"
"ENTREZID","23464","ENTREZID","212","directed","Process(indirect)"
"ENTREZID","23464","ENTREZID","2628","directed","Process(indirect)"
"ENTREZID","23464","ENTREZID","27232","directed","Process(indirect)"
"ENTREZID","23464","ENTREZID","27232","undirected","Process(indirect)"
"ENTREZID","23464","ENTREZID","2731","directed","Process(indirect)"
"ENTREZID","23464","ENTREZID","51268","directed","Process(indirect)"
"ENTREZID","23464","ENTREZID","6470","directed","Process(indirect)"
"ENTREZID","23464","ENTREZID","6472","directed","Process(indirect)"
"ENTREZID","23464","ENTREZID","64902","directed","Process(indirect)"
"ENTREZID","2593","ENTREZID","2628","directed","Process(indirect)"
"ENTREZID","26227","ENTREZID","29968","directed","Process(indirect)"
"ENTREZID","26227","ENTREZID","441531","directed","Process(indirect)"
"ENTREZID","26227","ENTREZID","5223","directed","Process(indirect)"
"ENTREZID","26227","ENTREZID","5224","directed","Process(indirect)"
"ENTREZID","26227","ENTREZID","669","directed","Process(indirect)"
"ENTREZID","2628","ENTREZID","1610","directed","Process(indirect)"
"ENTREZID","2628","ENTREZID","1757","directed","Process(indirect)"
"ENTREZID","2628","ENTREZID","189","directed","Process(indirect)"
"ENTREZID","2628","ENTREZID","211","directed","Process(indirect)"
"ENTREZID","2628","ENTREZID","212","directed","Process(indirect)"
"ENTREZID","2628","ENTREZID","23464","directed","Process(indirect)"
"ENTREZID","2628","ENTREZID","2593","directed","Process(indirect)"
"ENTREZID","2628","ENTREZID","27232","directed","Process(indirect)"
"ENTREZID","2628","ENTREZID","2731","directed","Process(indirect)"
"ENTREZID","2628","ENTREZID","51268","directed","Process(indirect)"
"ENTREZID","2628","ENTREZID","6470","directed","Process(indirect)"
"ENTREZID","2628","ENTREZID","6472","directed","Process(indirect)"
"ENTREZID","2628","ENTREZID","64902","directed","Process(indirect)"
"ENTREZID","27232","ENTREZID","1610","directed","Process(indirect)"
"ENTREZID","27232","ENTREZID","1757","directed","Process(indirect)"
"ENTREZID","27232","ENTREZID","189","directed","Process(indirect)"
"ENTREZID","27232","ENTREZID","211","directed","Process(indirect)"
"ENTREZID","27232","ENTREZID","212","directed","Process(indirect)"
"ENTREZID","27232","ENTREZID","23464","directed","Process(indirect)"
"ENTREZID","27232","ENTREZID","2628","directed","Process(indirect)"
"ENTREZID","27232","ENTREZID","2731","directed","Process(indirect)"
"ENTREZID","27232","ENTREZID","51268","directed","Process(indirect)"
"ENTREZID","27232","ENTREZID","6470","directed","Process(indirect)"
"ENTREZID","27232","ENTREZID","6472","directed","Process(indirect)"
"ENTREZID","27232","ENTREZID","64902","directed","Process(indirect)"
"ENTREZID","2731","ENTREZID","1610","directed","Process(indirect)"
"ENTREZID","2731","ENTREZID","1738","directed","Process(indirect)"
"ENTREZID","2731","ENTREZID","1757","directed","Process(indirect)"
"ENTREZID","2731","ENTREZID","189","directed","Process(indirect)"
"ENTREZID","2731","ENTREZID","211","directed","Process(indirect)"
"ENTREZID","2731","ENTREZID","212","directed","Process(indirect)"
"ENTREZID","2731","ENTREZID","23464","directed","Process(indirect)"
"ENTREZID","2731","ENTREZID","2628","directed","Process(indirect)"
"ENTREZID","2731","ENTREZID","27232","directed","Process(indirect)"
"ENTREZID","2731","ENTREZID","275","directed","Process(indirect)"
"ENTREZID","2731","ENTREZID","51268","directed","Process(indirect)"
"ENTREZID","2731","ENTREZID","6470","directed","Process(indirect)"
"ENTREZID","2731","ENTREZID","6472","directed","Process(indirect)"
"ENTREZID","2731","ENTREZID","64902","directed","Process(indirect)"
"ENTREZID","275","ENTREZID","1738","directed","Process(indirect)"
"ENTREZID","275","ENTREZID","6470","directed","Process(indirect)"
"ENTREZID","275","ENTREZID","6472","directed","Process(indirect)"
"ENTREZID","29958","ENTREZID","1757","directed","Process(indirect)"
"ENTREZID","29958","ENTREZID","27232","directed","Process(indirect)"
"ENTREZID","29958","ENTREZID","51268","directed","Process(indirect)"
"ENTREZID","29968","ENTREZID","5723","directed","Process(indirect)"
"ENTREZID","441531","ENTREZID","26227","directed","Process(indirect)"
"ENTREZID","501","ENTREZID","635","directed","Process(indirect)"
"ENTREZID","51268","ENTREZID","1610","directed","Process(indirect)"
"ENTREZID","51268","ENTREZID","1757","directed","Process(indirect)"
"ENTREZID","51268","ENTREZID","189","directed","Process(indirect)"
"ENTREZID","51268","ENTREZID","211","directed","Process(indirect)"
"ENTREZID","51268","ENTREZID","212","directed","Process(indirect)"
"ENTREZID","51268","ENTREZID","23464","directed","Process(indirect)"
"ENTREZID","51268","ENTREZID","2628","directed","Process(indirect)"
"ENTREZID","51268","ENTREZID","27232","directed","Process(indirect)"
"ENTREZID","51268","ENTREZID","2731","directed","Process(indirect)"
"ENTREZID","51268","ENTREZID","6470","directed","Process(indirect)"
"ENTREZID","51268","ENTREZID","6472","directed","Process(indirect)"
"ENTREZID","51268","ENTREZID","64902","directed","Process(indirect)"
"ENTREZID","5223","ENTREZID","26227","directed","Process(indirect)"
"ENTREZID","5224","ENTREZID","26227","directed","Process(indirect)"
"ENTREZID","55349","ENTREZID","501","directed","Process(indirect)"
"ENTREZID","5723","ENTREZID","102724560","directed","Process(indirect)"
"ENTREZID","5723","ENTREZID","10993","directed","Process(indirect)"
"ENTREZID","5723","ENTREZID","113675","directed","Process(indirect)"
"ENTREZID","5723","ENTREZID","189","directed","Process(indirect)"
"ENTREZID","5723","ENTREZID","63826","directed","Process(indirect)"
"ENTREZID","5723","ENTREZID","6470","directed","Process(indirect)"
"ENTREZID","5723","ENTREZID","6472","directed","Process(indirect)"
"ENTREZID","5723","ENTREZID","875","directed","Process(indirect)"
"ENTREZID","635","ENTREZID","29958","directed","Process(indirect)"
"ENTREZID","63826","ENTREZID","102724560","directed","Process(indirect)"
"ENTREZID","63826","ENTREZID","10993","directed","Process(indirect)"
"ENTREZID","63826","ENTREZID","113675","directed","Process(indirect)"
"ENTREZID","63826","ENTREZID","189","directed","Process(indirect)"
"ENTREZID","63826","ENTREZID","5723","directed","Process(indirect)"
"ENTREZID","63826","ENTREZID","6470","directed","Process(indirect)"
"ENTREZID","63826","ENTREZID","6472","directed","Process(indirect)"
"ENTREZID","63826","ENTREZID","875","directed","Process(indirect)"
"ENTREZID","6470","ENTREZID","102724560","directed","Process(indirect)"
"ENTREZID","6470","ENTREZID","10993","directed","Process(indirect)"
"ENTREZID","6470","ENTREZID","113675","directed","Process(indirect)"
"ENTREZID","6470","ENTREZID","1610","directed","Process(indirect)"
"ENTREZID","6470","ENTREZID","1757","directed","Process(indirect)"
"ENTREZID","6470","ENTREZID","189","directed","Process(indirect)"
"ENTREZID","6470","ENTREZID","211","directed","Process(indirect)"
"ENTREZID","6470","ENTREZID","212","directed","Process(indirect)"
"ENTREZID","6470","ENTREZID","23464","directed","Process(indirect)"
"ENTREZID","6470","ENTREZID","23464","undirected","Process(indirect)"
"ENTREZID","6470","ENTREZID","2628","directed","Process(indirect)"
"ENTREZID","6470","ENTREZID","27232","directed","Process(indirect)"
"ENTREZID","6470","ENTREZID","27232","undirected","Process(indirect)"
"ENTREZID","6470","ENTREZID","2731","directed","Process(indirect)"
"ENTREZID","6470","ENTREZID","275","directed","Process(indirect)"
"ENTREZID","6470","ENTREZID","51268","directed","Process(indirect)"
"ENTREZID","6470","ENTREZID","5723","directed","Process(indirect)"
"ENTREZID","6470","ENTREZID","63826","directed","Process(indirect)"
"ENTREZID","6470","ENTREZID","63826","undirected","Process(indirect)"
"ENTREZID","6470","ENTREZID","6472","directed","Process(indirect)"
"ENTREZID","6470","ENTREZID","64902","directed","Process(indirect)"
"ENTREZID","6470","ENTREZID","64902","undirected","Process(indirect)"
"ENTREZID","6470","ENTREZID","875","directed","Process(indirect)"
"ENTREZID","6472","ENTREZID","102724560","directed","Process(indirect)"
"ENTREZID","6472","ENTREZID","10993","directed","Process(indirect)"
"ENTREZID","6472","ENTREZID","113675","directed","Process(indirect)"
"ENTREZID","6472","ENTREZID","1610","directed","Process(indirect)"
"ENTREZID","6472","ENTREZID","1757","directed","Process(indirect)"
"ENTREZID","6472","ENTREZID","189","directed","Process(indirect)"
"ENTREZID","6472","ENTREZID","211","directed","Process(indirect)"
"ENTREZID","6472","ENTREZID","212","directed","Process(indirect)"
"ENTREZID","6472","ENTREZID","23464","directed","Process(indirect)"
"ENTREZID","6472","ENTREZID","23464","undirected","Process(indirect)"
"ENTREZID","6472","ENTREZID","2628","directed","Process(indirect)"
"ENTREZID","6472","ENTREZID","27232","directed","Process(indirect)"
"ENTREZID","6472","ENTREZID","27232","undirected","Process(indirect)"
"ENTREZID","6472","ENTREZID","2731","directed","Process(indirect)"
"ENTREZID","6472","ENTREZID","275","directed","Process(indirect)"
"ENTREZID","6472","ENTREZID","51268","directed","Process(indirect)"
"ENTREZID","6472","ENTREZID","5723","directed","Process(indirect)"
"ENTREZID","6472","ENTREZID","63826","directed","Process(indirect)"
"ENTREZID","6472","ENTREZID","63826","undirected","Process(indirect)"
"ENTREZID","6472","ENTREZID","6470","directed","Process(indirect)"
"ENTREZID","6472","ENTREZID","64902","directed","Process(indirect)"
"ENTREZID","6472","ENTREZID","64902","undirected","Process(indirect)"
"ENTREZID","6472","ENTREZID","875","directed","Process(indirect)"
"ENTREZID","64902","ENTREZID","1610","directed","Process(indirect)"
"ENTREZID","64902","ENTREZID","1757","directed","Process(indirect)"
"ENTREZID","64902","ENTREZID","211","directed","Process(indirect)"
"ENTREZID","64902","ENTREZID","212","directed","Process(indirect)"
"ENTREZID","64902","ENTREZID","23464","directed","Process(indirect)"
"ENTREZID","64902","ENTREZID","23464","undirected","Process(indirect)"
"ENTREZID","64902","ENTREZID","2628","directed","Process(indirect)"
"ENTREZID","64902","ENTREZID","27232","directed","Process(indirect)"
"ENTREZID","64902","ENTREZID","27232","undirected","Process(indirect)"
"ENTREZID","64902","ENTREZID","2731","directed","Process(indirect)"
"ENTREZID","64902","ENTREZID","51268","directed","Process(indirect)"
"ENTREZID","64902","ENTREZID","6470","directed","Process(indirect)"
"ENTREZID","64902","ENTREZID","6472","directed","Process(indirect)"
"ENTREZID","669","ENTREZID","26227","directed","Process(indirect)"
"ENTREZID","875","ENTREZID","10993","directed","Process(indirect)"
"ENTREZID","875","ENTREZID","113675","directed","Process(indirect)"
"ENTREZID","875","ENTREZID","1491","directed","Process(indirect)"
"ENTREZID","875","ENTREZID","189","directed","Process(indirect)"
"ENTREZID","875","ENTREZID","5723","directed","Process(indirect)"
"ENTREZID","875","ENTREZID","63826","directed","Process(indirect)"
"ENTREZID","875","ENTREZID","6470","directed","Process(indirect)"
"ENTREZID","875","ENTREZID","6472","directed","Process(indirect)"
"ENTREZID","9380","ENTREZID","132158","directed","Process(indirect)"
