"src_type","src","dest_type","dest","direction","type"
"ENTREZID","111","ENTREZID","5566","directed","Process(indirect)"
"ENTREZID","111","ENTREZID","5567","directed","Process(indirect)"
"ENTREZID","111","ENTREZID","5568","directed","Process(indirect)"
"ENTREZID","112","ENTREZID","5566","directed","Process(indirect)"
"ENTREZID","112","ENTREZID","5567","directed","Process(indirect)"
"ENTREZID","112","ENTREZID","5568","directed","Process(indirect)"
"ENTREZID","23236","ENTREZID","3708","directed","Process(indirect)"
"ENTREZID","23236","ENTREZID","3709","directed","Process(indirect)"
"ENTREZID","23236","ENTREZID","3710","directed","Process(indirect)"
"ENTREZID","2977","ENTREZID","5139","directed","Process(indirect)"
"ENTREZID","2977","ENTREZID","5140","directed","Process(indirect)"
"ENTREZID","2982","ENTREZID","5139","directed","Process(indirect)"
"ENTREZID","2982","ENTREZID","5140","directed","Process(indirect)"
"ENTREZID","2983","ENTREZID","5139","directed","Process(indirect)"
"ENTREZID","2983","ENTREZID","5140","directed","Process(indirect)"
"ENTREZID","4881","ENTREZID","5139","directed","Process(indirect)"
"ENTREZID","4881","ENTREZID","5140","directed","Process(indirect)"
"ENTREZID","5330","ENTREZID","3708","directed","Process(indirect)"
"ENTREZID","5330","ENTREZID","3709","directed","Process(indirect)"
"ENTREZID","5330","ENTREZID","3710","directed","Process(indirect)"
"ENTREZID","5331","ENTREZID","3708","directed","Process(indirect)"
"ENTREZID","5331","ENTREZID","3709","directed","Process(indirect)"
"ENTREZID","5331","ENTREZID","3710","directed","Process(indirect)"
"ENTREZID","5332","ENTREZID","3708","directed","Process(indirect)"
"ENTREZID","5332","ENTREZID","3709","directed","Process(indirect)"
"ENTREZID","5332","ENTREZID","3710","directed","Process(indirect)"
