"src_type","src","dest_type","dest","direction","type"
"ENTREZID","2538","ENTREZID","5524","directed","Process(indirect)"
"ENTREZID","4846","ENTREZID","3667","directed","Process(indirect)"
"ENTREZID","5105","ENTREZID","5524","directed","Process(indirect)"
"ENTREZID","5106","ENTREZID","5524","directed","Process(indirect)"
"ENTREZID","5290","ENTREZID","5170","directed","Process(indirect)"
"ENTREZID","5291","ENTREZID","5170","directed","Process(indirect)"
"ENTREZID","5293","ENTREZID","5170","directed","Process(indirect)"
"ENTREZID","5295","ENTREZID","5170","directed","Process(indirect)"
"ENTREZID","5296","ENTREZID","5170","directed","Process(indirect)"
"ENTREZID","5728","ENTREZID","5170","directed","Process(indirect)"
"ENTREZID","57818","ENTREZID","5524","directed","Process(indirect)"
"ENTREZID","5834","ENTREZID","5524","directed","Process(indirect)"
"ENTREZID","5836","ENTREZID","5524","directed","Process(indirect)"
"ENTREZID","5837","ENTREZID","5524","directed","Process(indirect)"
"ENTREZID","8503","ENTREZID","5170","directed","Process(indirect)"
"ENTREZID","92579","ENTREZID","5524","directed","Process(indirect)"
