"src_type","src","dest_type","dest","direction","type"
"ENTREZID","113026","ENTREZID","5578","directed","Process(indirect)"
"ENTREZID","113026","ENTREZID","5579","directed","Process(indirect)"
"ENTREZID","113026","ENTREZID","5580","directed","Process(indirect)"
"ENTREZID","113026","ENTREZID","5581","directed","Process(indirect)"
"ENTREZID","113026","ENTREZID","5590","directed","Process(indirect)"
"ENTREZID","23236","ENTREZID","5578","directed","Process(indirect)"
"ENTREZID","23236","ENTREZID","5579","directed","Process(indirect)"
"ENTREZID","23236","ENTREZID","5580","directed","Process(indirect)"
"ENTREZID","23236","ENTREZID","5581","directed","Process(indirect)"
"ENTREZID","23236","ENTREZID","5590","directed","Process(indirect)"
"ENTREZID","51196","ENTREZID","5578","directed","Process(indirect)"
"ENTREZID","51196","ENTREZID","5579","directed","Process(indirect)"
"ENTREZID","51196","ENTREZID","5580","directed","Process(indirect)"
"ENTREZID","51196","ENTREZID","5581","directed","Process(indirect)"
"ENTREZID","51196","ENTREZID","5590","directed","Process(indirect)"
"ENTREZID","5330","ENTREZID","5578","directed","Process(indirect)"
"ENTREZID","5330","ENTREZID","5579","directed","Process(indirect)"
"ENTREZID","5330","ENTREZID","5580","directed","Process(indirect)"
"ENTREZID","5330","ENTREZID","5581","directed","Process(indirect)"
"ENTREZID","5330","ENTREZID","5590","directed","Process(indirect)"
"ENTREZID","5331","ENTREZID","5578","directed","Process(indirect)"
"ENTREZID","5331","ENTREZID","5579","directed","Process(indirect)"
"ENTREZID","5331","ENTREZID","5580","directed","Process(indirect)"
"ENTREZID","5331","ENTREZID","5581","directed","Process(indirect)"
"ENTREZID","5331","ENTREZID","5590","directed","Process(indirect)"
"ENTREZID","5332","ENTREZID","5578","directed","Process(indirect)"
"ENTREZID","5332","ENTREZID","5579","directed","Process(indirect)"
"ENTREZID","5332","ENTREZID","5580","directed","Process(indirect)"
"ENTREZID","5332","ENTREZID","5581","directed","Process(indirect)"
"ENTREZID","5332","ENTREZID","5590","directed","Process(indirect)"
"ENTREZID","5333","ENTREZID","5578","directed","Process(indirect)"
"ENTREZID","5333","ENTREZID","5579","directed","Process(indirect)"
"ENTREZID","5333","ENTREZID","5580","directed","Process(indirect)"
"ENTREZID","5333","ENTREZID","5581","directed","Process(indirect)"
"ENTREZID","5333","ENTREZID","5590","directed","Process(indirect)"
"ENTREZID","5335","ENTREZID","5578","directed","Process(indirect)"
"ENTREZID","5335","ENTREZID","5579","directed","Process(indirect)"
"ENTREZID","5335","ENTREZID","5580","directed","Process(indirect)"
"ENTREZID","5335","ENTREZID","5581","directed","Process(indirect)"
"ENTREZID","5335","ENTREZID","5590","directed","Process(indirect)"
"ENTREZID","5336","ENTREZID","5578","directed","Process(indirect)"
"ENTREZID","5336","ENTREZID","5579","directed","Process(indirect)"
"ENTREZID","5336","ENTREZID","5580","directed","Process(indirect)"
"ENTREZID","5336","ENTREZID","5581","directed","Process(indirect)"
"ENTREZID","5336","ENTREZID","5590","directed","Process(indirect)"
"ENTREZID","84812","ENTREZID","5578","directed","Process(indirect)"
"ENTREZID","84812","ENTREZID","5579","directed","Process(indirect)"
"ENTREZID","84812","ENTREZID","5580","directed","Process(indirect)"
"ENTREZID","84812","ENTREZID","5581","directed","Process(indirect)"
"ENTREZID","84812","ENTREZID","5590","directed","Process(indirect)"
