"src_type","src","dest_type","dest","direction","type"
"ENTREZID","1571","ENTREZID","51422","directed","Process(indirect)"
"ENTREZID","1571","ENTREZID","53632","directed","Process(indirect)"
"ENTREZID","1571","ENTREZID","5562","directed","Process(indirect)"
"ENTREZID","1571","ENTREZID","5563","directed","Process(indirect)"
"ENTREZID","1571","ENTREZID","5564","directed","Process(indirect)"
"ENTREZID","1571","ENTREZID","5565","directed","Process(indirect)"
"ENTREZID","1571","ENTREZID","5571","directed","Process(indirect)"
"ENTREZID","50507","ENTREZID","10000","directed","Process(indirect)"
"ENTREZID","50507","ENTREZID","207","directed","Process(indirect)"
"ENTREZID","50507","ENTREZID","208","directed","Process(indirect)"
"ENTREZID","50507","ENTREZID","4217","directed","Process(indirect)"
"ENTREZID","50507","ENTREZID","51422","directed","Process(indirect)"
"ENTREZID","50507","ENTREZID","53632","directed","Process(indirect)"
"ENTREZID","50507","ENTREZID","5562","directed","Process(indirect)"
"ENTREZID","50507","ENTREZID","5563","directed","Process(indirect)"
"ENTREZID","50507","ENTREZID","5564","directed","Process(indirect)"
"ENTREZID","50507","ENTREZID","5565","directed","Process(indirect)"
"ENTREZID","50507","ENTREZID","5571","directed","Process(indirect)"
"ENTREZID","50507","ENTREZID","5606","directed","Process(indirect)"
"ENTREZID","50507","ENTREZID","5608","directed","Process(indirect)"
"ENTREZID","50507","ENTREZID","9020","directed","Process(indirect)"
"ENTREZID","51094","ENTREZID","10645","directed","Process(indirect)"
"ENTREZID","51422","ENTREZID","23411","directed","Process(indirect)"
"ENTREZID","53632","ENTREZID","23411","directed","Process(indirect)"
"ENTREZID","5562","ENTREZID","23411","directed","Process(indirect)"
"ENTREZID","5563","ENTREZID","23411","directed","Process(indirect)"
"ENTREZID","5564","ENTREZID","23411","directed","Process(indirect)"
"ENTREZID","5565","ENTREZID","23411","directed","Process(indirect)"
"ENTREZID","5571","ENTREZID","23411","directed","Process(indirect)"
"ENTREZID","79602","ENTREZID","10645","directed","Process(indirect)"
