"src_type","src","dest_type","dest","direction","type"
"ENTREZID","109","ENTREZID","5566","directed","Process(indirect)"
"ENTREZID","109","ENTREZID","5567","directed","Process(indirect)"
"ENTREZID","109","ENTREZID","5568","directed","Process(indirect)"
"ENTREZID","112","ENTREZID","5566","directed","Process(indirect)"
"ENTREZID","112","ENTREZID","5567","directed","Process(indirect)"
"ENTREZID","112","ENTREZID","5568","directed","Process(indirect)"
"ENTREZID","115","ENTREZID","5566","directed","Process(indirect)"
"ENTREZID","115","ENTREZID","5567","directed","Process(indirect)"
"ENTREZID","115","ENTREZID","5568","directed","Process(indirect)"
