"src_type","src","dest_type","dest","direction","type"
"ENTREZID","1536","ENTREZID","4790","directed","Process(indirect)"
"ENTREZID","1536","ENTREZID","5970","directed","Process(indirect)"
"ENTREZID","22863","ENTREZID","26100","directed","Process(indirect)"
"ENTREZID","22863","ENTREZID","55062","directed","Process(indirect)"
"ENTREZID","23236","ENTREZID","3708","directed","Process(indirect)"
"ENTREZID","23236","ENTREZID","3709","directed","Process(indirect)"
"ENTREZID","23236","ENTREZID","3710","directed","Process(indirect)"
"ENTREZID","27035","ENTREZID","4790","directed","Process(indirect)"
"ENTREZID","27035","ENTREZID","5970","directed","Process(indirect)"
"ENTREZID","29982","ENTREZID","26100","directed","Process(indirect)"
"ENTREZID","29982","ENTREZID","55062","directed","Process(indirect)"
"ENTREZID","30849","ENTREZID","26100","directed","Process(indirect)"
"ENTREZID","30849","ENTREZID","55062","directed","Process(indirect)"
"ENTREZID","441925","ENTREZID","26100","directed","Process(indirect)"
"ENTREZID","441925","ENTREZID","55062","directed","Process(indirect)"
"ENTREZID","50507","ENTREZID","4790","directed","Process(indirect)"
"ENTREZID","50507","ENTREZID","5970","directed","Process(indirect)"
"ENTREZID","5289","ENTREZID","26100","directed","Process(indirect)"
"ENTREZID","5289","ENTREZID","55062","directed","Process(indirect)"
"ENTREZID","5290","ENTREZID","10000","directed","Process(indirect)"
"ENTREZID","5290","ENTREZID","207","directed","Process(indirect)"
"ENTREZID","5290","ENTREZID","208","directed","Process(indirect)"
"ENTREZID","5291","ENTREZID","10000","directed","Process(indirect)"
"ENTREZID","5291","ENTREZID","207","directed","Process(indirect)"
"ENTREZID","5291","ENTREZID","208","directed","Process(indirect)"
"ENTREZID","5293","ENTREZID","10000","directed","Process(indirect)"
"ENTREZID","5293","ENTREZID","207","directed","Process(indirect)"
"ENTREZID","5293","ENTREZID","208","directed","Process(indirect)"
"ENTREZID","5295","ENTREZID","10000","directed","Process(indirect)"
"ENTREZID","5295","ENTREZID","207","directed","Process(indirect)"
"ENTREZID","5295","ENTREZID","208","directed","Process(indirect)"
"ENTREZID","5296","ENTREZID","10000","directed","Process(indirect)"
"ENTREZID","5296","ENTREZID","207","directed","Process(indirect)"
"ENTREZID","5296","ENTREZID","208","directed","Process(indirect)"
"ENTREZID","5330","ENTREZID","3708","directed","Process(indirect)"
"ENTREZID","5330","ENTREZID","3709","directed","Process(indirect)"
"ENTREZID","5330","ENTREZID","3710","directed","Process(indirect)"
"ENTREZID","5331","ENTREZID","3708","directed","Process(indirect)"
"ENTREZID","5331","ENTREZID","3709","directed","Process(indirect)"
"ENTREZID","5331","ENTREZID","3710","directed","Process(indirect)"
"ENTREZID","5332","ENTREZID","3708","directed","Process(indirect)"
"ENTREZID","5332","ENTREZID","3709","directed","Process(indirect)"
"ENTREZID","5332","ENTREZID","3710","directed","Process(indirect)"
"ENTREZID","8503","ENTREZID","10000","directed","Process(indirect)"
"ENTREZID","8503","ENTREZID","207","directed","Process(indirect)"
"ENTREZID","8503","ENTREZID","208","directed","Process(indirect)"
"ENTREZID","8678","ENTREZID","26100","directed","Process(indirect)"
"ENTREZID","8678","ENTREZID","55062","directed","Process(indirect)"
