"src_type","src","dest_type","dest","direction","type"
"ENTREZID","113026","ENTREZID","3708","directed","Process(indirect)"
"ENTREZID","113026","ENTREZID","3709","directed","Process(indirect)"
"ENTREZID","113026","ENTREZID","3710","directed","Process(indirect)"
"ENTREZID","23236","ENTREZID","3708","directed","Process(indirect)"
"ENTREZID","23236","ENTREZID","3709","directed","Process(indirect)"
"ENTREZID","23236","ENTREZID","3710","directed","Process(indirect)"
"ENTREZID","3708","ENTREZID","831","directed","Process(indirect)"
"ENTREZID","3709","ENTREZID","831","directed","Process(indirect)"
"ENTREZID","3710","ENTREZID","831","directed","Process(indirect)"
"ENTREZID","51196","ENTREZID","3708","directed","Process(indirect)"
"ENTREZID","51196","ENTREZID","3709","directed","Process(indirect)"
"ENTREZID","51196","ENTREZID","3710","directed","Process(indirect)"
"ENTREZID","5290","ENTREZID","10000","directed","Process(indirect)"
"ENTREZID","5290","ENTREZID","207","directed","Process(indirect)"
"ENTREZID","5290","ENTREZID","208","directed","Process(indirect)"
"ENTREZID","5290","ENTREZID","27128","directed","Process(indirect)"
"ENTREZID","5290","ENTREZID","9265","directed","Process(indirect)"
"ENTREZID","5290","ENTREZID","9266","directed","Process(indirect)"
"ENTREZID","5290","ENTREZID","9267","directed","Process(indirect)"
"ENTREZID","5291","ENTREZID","10000","directed","Process(indirect)"
"ENTREZID","5291","ENTREZID","207","directed","Process(indirect)"
"ENTREZID","5291","ENTREZID","208","directed","Process(indirect)"
"ENTREZID","5291","ENTREZID","27128","directed","Process(indirect)"
"ENTREZID","5291","ENTREZID","9265","directed","Process(indirect)"
"ENTREZID","5291","ENTREZID","9266","directed","Process(indirect)"
"ENTREZID","5291","ENTREZID","9267","directed","Process(indirect)"
"ENTREZID","5293","ENTREZID","10000","directed","Process(indirect)"
"ENTREZID","5293","ENTREZID","207","directed","Process(indirect)"
"ENTREZID","5293","ENTREZID","208","directed","Process(indirect)"
"ENTREZID","5293","ENTREZID","27128","directed","Process(indirect)"
"ENTREZID","5293","ENTREZID","9265","directed","Process(indirect)"
"ENTREZID","5293","ENTREZID","9266","directed","Process(indirect)"
"ENTREZID","5293","ENTREZID","9267","directed","Process(indirect)"
"ENTREZID","5295","ENTREZID","10000","directed","Process(indirect)"
"ENTREZID","5295","ENTREZID","207","directed","Process(indirect)"
"ENTREZID","5295","ENTREZID","208","directed","Process(indirect)"
"ENTREZID","5295","ENTREZID","27128","directed","Process(indirect)"
"ENTREZID","5295","ENTREZID","9265","directed","Process(indirect)"
"ENTREZID","5295","ENTREZID","9266","directed","Process(indirect)"
"ENTREZID","5295","ENTREZID","9267","directed","Process(indirect)"
"ENTREZID","5296","ENTREZID","10000","directed","Process(indirect)"
"ENTREZID","5296","ENTREZID","207","directed","Process(indirect)"
"ENTREZID","5296","ENTREZID","208","directed","Process(indirect)"
"ENTREZID","5296","ENTREZID","27128","directed","Process(indirect)"
"ENTREZID","5296","ENTREZID","9265","directed","Process(indirect)"
"ENTREZID","5296","ENTREZID","9266","directed","Process(indirect)"
"ENTREZID","5296","ENTREZID","9267","directed","Process(indirect)"
"ENTREZID","5330","ENTREZID","3708","directed","Process(indirect)"
"ENTREZID","5330","ENTREZID","3709","directed","Process(indirect)"
"ENTREZID","5330","ENTREZID","3710","directed","Process(indirect)"
"ENTREZID","5331","ENTREZID","3708","directed","Process(indirect)"
"ENTREZID","5331","ENTREZID","3709","directed","Process(indirect)"
"ENTREZID","5331","ENTREZID","3710","directed","Process(indirect)"
"ENTREZID","5332","ENTREZID","3708","directed","Process(indirect)"
"ENTREZID","5332","ENTREZID","3709","directed","Process(indirect)"
"ENTREZID","5332","ENTREZID","3710","directed","Process(indirect)"
"ENTREZID","5333","ENTREZID","3708","directed","Process(indirect)"
"ENTREZID","5333","ENTREZID","3709","directed","Process(indirect)"
"ENTREZID","5333","ENTREZID","3710","directed","Process(indirect)"
"ENTREZID","5335","ENTREZID","3708","directed","Process(indirect)"
"ENTREZID","5335","ENTREZID","3709","directed","Process(indirect)"
"ENTREZID","5335","ENTREZID","3710","directed","Process(indirect)"
"ENTREZID","5336","ENTREZID","3708","directed","Process(indirect)"
"ENTREZID","5336","ENTREZID","3709","directed","Process(indirect)"
"ENTREZID","5336","ENTREZID","3710","directed","Process(indirect)"
"ENTREZID","84812","ENTREZID","3708","directed","Process(indirect)"
"ENTREZID","84812","ENTREZID","3709","directed","Process(indirect)"
"ENTREZID","84812","ENTREZID","3710","directed","Process(indirect)"
"ENTREZID","8503","ENTREZID","10000","directed","Process(indirect)"
"ENTREZID","8503","ENTREZID","207","directed","Process(indirect)"
"ENTREZID","8503","ENTREZID","208","directed","Process(indirect)"
"ENTREZID","8503","ENTREZID","27128","directed","Process(indirect)"
"ENTREZID","8503","ENTREZID","9265","directed","Process(indirect)"
"ENTREZID","8503","ENTREZID","9266","directed","Process(indirect)"
"ENTREZID","8503","ENTREZID","9267","directed","Process(indirect)"
"ENTREZID","89869","ENTREZID","3708","directed","Process(indirect)"
"ENTREZID","89869","ENTREZID","3709","directed","Process(indirect)"
"ENTREZID","89869","ENTREZID","3710","directed","Process(indirect)"
