"src_type","src","dest_type","dest","direction","type"
"ENTREZID","5286","ENTREZID","112574","directed","Process(indirect)"
"ENTREZID","5286","ENTREZID","257364","directed","Process(indirect)"
"ENTREZID","5286","ENTREZID","27128","directed","Process(indirect)"
"ENTREZID","5286","ENTREZID","51429","directed","Process(indirect)"
"ENTREZID","5286","ENTREZID","9265","directed","Process(indirect)"
"ENTREZID","5286","ENTREZID","9266","directed","Process(indirect)"
"ENTREZID","5286","ENTREZID","9267","directed","Process(indirect)"
"ENTREZID","5287","ENTREZID","112574","directed","Process(indirect)"
"ENTREZID","5287","ENTREZID","257364","directed","Process(indirect)"
"ENTREZID","5287","ENTREZID","27128","directed","Process(indirect)"
"ENTREZID","5287","ENTREZID","51429","directed","Process(indirect)"
"ENTREZID","5287","ENTREZID","9265","directed","Process(indirect)"
"ENTREZID","5287","ENTREZID","9266","directed","Process(indirect)"
"ENTREZID","5287","ENTREZID","9267","directed","Process(indirect)"
"ENTREZID","5288","ENTREZID","112574","directed","Process(indirect)"
"ENTREZID","5288","ENTREZID","257364","directed","Process(indirect)"
"ENTREZID","5288","ENTREZID","27128","directed","Process(indirect)"
"ENTREZID","5288","ENTREZID","51429","directed","Process(indirect)"
"ENTREZID","5288","ENTREZID","9265","directed","Process(indirect)"
"ENTREZID","5288","ENTREZID","9266","directed","Process(indirect)"
"ENTREZID","5288","ENTREZID","9267","directed","Process(indirect)"
"ENTREZID","5290","ENTREZID","112574","directed","Process(indirect)"
"ENTREZID","5290","ENTREZID","257364","directed","Process(indirect)"
"ENTREZID","5290","ENTREZID","27128","directed","Process(indirect)"
"ENTREZID","5290","ENTREZID","51429","directed","Process(indirect)"
"ENTREZID","5290","ENTREZID","9265","directed","Process(indirect)"
"ENTREZID","5290","ENTREZID","9266","directed","Process(indirect)"
"ENTREZID","5290","ENTREZID","9267","directed","Process(indirect)"
"ENTREZID","5291","ENTREZID","112574","directed","Process(indirect)"
"ENTREZID","5291","ENTREZID","257364","directed","Process(indirect)"
"ENTREZID","5291","ENTREZID","27128","directed","Process(indirect)"
"ENTREZID","5291","ENTREZID","51429","directed","Process(indirect)"
"ENTREZID","5291","ENTREZID","9265","directed","Process(indirect)"
"ENTREZID","5291","ENTREZID","9266","directed","Process(indirect)"
"ENTREZID","5291","ENTREZID","9267","directed","Process(indirect)"
"ENTREZID","5293","ENTREZID","112574","directed","Process(indirect)"
"ENTREZID","5293","ENTREZID","257364","directed","Process(indirect)"
"ENTREZID","5293","ENTREZID","27128","directed","Process(indirect)"
"ENTREZID","5293","ENTREZID","51429","directed","Process(indirect)"
"ENTREZID","5293","ENTREZID","9265","directed","Process(indirect)"
"ENTREZID","5293","ENTREZID","9266","directed","Process(indirect)"
"ENTREZID","5293","ENTREZID","9267","directed","Process(indirect)"
"ENTREZID","5294","ENTREZID","112574","directed","Process(indirect)"
"ENTREZID","5294","ENTREZID","257364","directed","Process(indirect)"
"ENTREZID","5294","ENTREZID","27128","directed","Process(indirect)"
"ENTREZID","5294","ENTREZID","51429","directed","Process(indirect)"
"ENTREZID","5294","ENTREZID","9265","directed","Process(indirect)"
"ENTREZID","5294","ENTREZID","9266","directed","Process(indirect)"
"ENTREZID","5294","ENTREZID","9267","directed","Process(indirect)"
