"src_type","src","dest_type","dest","direction","type"
"ENTREZID","3708","ENTREZID","163688","directed","Process(indirect)"
"ENTREZID","3708","ENTREZID","51806","directed","Process(indirect)"
"ENTREZID","3708","ENTREZID","801","directed","Process(indirect)"
"ENTREZID","3708","ENTREZID","805","directed","Process(indirect)"
"ENTREZID","3708","ENTREZID","808","directed","Process(indirect)"
"ENTREZID","3708","ENTREZID","810","directed","Process(indirect)"
"ENTREZID","3708","ENTREZID","91860","directed","Process(indirect)"
"ENTREZID","3709","ENTREZID","163688","directed","Process(indirect)"
"ENTREZID","3709","ENTREZID","51806","directed","Process(indirect)"
"ENTREZID","3709","ENTREZID","801","directed","Process(indirect)"
"ENTREZID","3709","ENTREZID","805","directed","Process(indirect)"
"ENTREZID","3709","ENTREZID","808","directed","Process(indirect)"
"ENTREZID","3709","ENTREZID","810","directed","Process(indirect)"
"ENTREZID","3709","ENTREZID","91860","directed","Process(indirect)"
"ENTREZID","3710","ENTREZID","163688","directed","Process(indirect)"
"ENTREZID","3710","ENTREZID","51806","directed","Process(indirect)"
"ENTREZID","3710","ENTREZID","801","directed","Process(indirect)"
"ENTREZID","3710","ENTREZID","805","directed","Process(indirect)"
"ENTREZID","3710","ENTREZID","808","directed","Process(indirect)"
"ENTREZID","3710","ENTREZID","810","directed","Process(indirect)"
"ENTREZID","3710","ENTREZID","91860","directed","Process(indirect)"
"ENTREZID","5290","ENTREZID","10000","directed","Process(indirect)"
"ENTREZID","5290","ENTREZID","207","directed","Process(indirect)"
"ENTREZID","5290","ENTREZID","208","directed","Process(indirect)"
"ENTREZID","5291","ENTREZID","10000","directed","Process(indirect)"
"ENTREZID","5291","ENTREZID","207","directed","Process(indirect)"
"ENTREZID","5291","ENTREZID","208","directed","Process(indirect)"
"ENTREZID","5293","ENTREZID","10000","directed","Process(indirect)"
"ENTREZID","5293","ENTREZID","207","directed","Process(indirect)"
"ENTREZID","5293","ENTREZID","208","directed","Process(indirect)"
"ENTREZID","5295","ENTREZID","10000","directed","Process(indirect)"
"ENTREZID","5295","ENTREZID","207","directed","Process(indirect)"
"ENTREZID","5295","ENTREZID","208","directed","Process(indirect)"
"ENTREZID","5296","ENTREZID","10000","directed","Process(indirect)"
"ENTREZID","5296","ENTREZID","207","directed","Process(indirect)"
"ENTREZID","5296","ENTREZID","208","directed","Process(indirect)"
"ENTREZID","5335","ENTREZID","3708","directed","Process(indirect)"
"ENTREZID","5335","ENTREZID","3709","directed","Process(indirect)"
"ENTREZID","5335","ENTREZID","3710","directed","Process(indirect)"
"ENTREZID","5336","ENTREZID","3708","directed","Process(indirect)"
"ENTREZID","5336","ENTREZID","3709","directed","Process(indirect)"
"ENTREZID","5336","ENTREZID","3710","directed","Process(indirect)"
"ENTREZID","8503","ENTREZID","10000","directed","Process(indirect)"
"ENTREZID","8503","ENTREZID","207","directed","Process(indirect)"
"ENTREZID","8503","ENTREZID","208","directed","Process(indirect)"
