"src_type","src","dest_type","dest","direction","type"
"ENTREZID","115004","ENTREZID","340061","directed","Process(indirect)"
"ENTREZID","1536","ENTREZID","4790","directed","Process(indirect)"
"ENTREZID","1536","ENTREZID","5970","directed","Process(indirect)"
"ENTREZID","5335","ENTREZID","5578","directed","Process(indirect)"
"ENTREZID","5335","ENTREZID","5579","directed","Process(indirect)"
"ENTREZID","5335","ENTREZID","5582","directed","Process(indirect)"
"ENTREZID","5336","ENTREZID","5578","directed","Process(indirect)"
"ENTREZID","5336","ENTREZID","5579","directed","Process(indirect)"
"ENTREZID","5336","ENTREZID","5582","directed","Process(indirect)"
"ENTREZID","59272","ENTREZID","4142","directed","Process(indirect)"
