"src_type","src","dest_type","dest","direction","type"
"ENTREZID","2335","ENTREZID","1839","directed","Process(indirect)"
"ENTREZID","2335","ENTREZID","2247","directed","Process(indirect)"
"ENTREZID","2335","ENTREZID","3673","directed","Process(indirect)"
"ENTREZID","2335","ENTREZID","51384","directed","Process(indirect)"
"ENTREZID","2335","ENTREZID","54361","directed","Process(indirect)"
"ENTREZID","2335","ENTREZID","7422","directed","Process(indirect)"
"ENTREZID","2335","ENTREZID","7471","directed","Process(indirect)"
"ENTREZID","2335","ENTREZID","7472","directed","Process(indirect)"
"ENTREZID","2335","ENTREZID","7473","directed","Process(indirect)"
"ENTREZID","2335","ENTREZID","7474","directed","Process(indirect)"
"ENTREZID","2335","ENTREZID","7475","directed","Process(indirect)"
"ENTREZID","2335","ENTREZID","7476","directed","Process(indirect)"
"ENTREZID","2335","ENTREZID","7477","directed","Process(indirect)"
"ENTREZID","2335","ENTREZID","7478","directed","Process(indirect)"
"ENTREZID","2335","ENTREZID","7479","directed","Process(indirect)"
"ENTREZID","2335","ENTREZID","7480","directed","Process(indirect)"
"ENTREZID","2335","ENTREZID","7481","directed","Process(indirect)"
"ENTREZID","2335","ENTREZID","7482","directed","Process(indirect)"
"ENTREZID","2335","ENTREZID","7483","directed","Process(indirect)"
"ENTREZID","2335","ENTREZID","7484","directed","Process(indirect)"
"ENTREZID","2335","ENTREZID","80326","directed","Process(indirect)"
"ENTREZID","2335","ENTREZID","81029","directed","Process(indirect)"
"ENTREZID","2335","ENTREZID","89780","directed","Process(indirect)"
"ENTREZID","3549","ENTREZID","3673","directed","Process(indirect)"
"ENTREZID","3549","ENTREZID","3688","directed","Process(indirect)"
"ENTREZID","3549","ENTREZID","51384","directed","Process(indirect)"
"ENTREZID","3549","ENTREZID","54361","directed","Process(indirect)"
"ENTREZID","3549","ENTREZID","7422","directed","Process(indirect)"
"ENTREZID","3549","ENTREZID","7471","directed","Process(indirect)"
"ENTREZID","3549","ENTREZID","7472","directed","Process(indirect)"
"ENTREZID","3549","ENTREZID","7473","directed","Process(indirect)"
"ENTREZID","3549","ENTREZID","7474","directed","Process(indirect)"
"ENTREZID","3549","ENTREZID","7475","directed","Process(indirect)"
"ENTREZID","3549","ENTREZID","7476","directed","Process(indirect)"
"ENTREZID","3549","ENTREZID","7477","directed","Process(indirect)"
"ENTREZID","3549","ENTREZID","7478","directed","Process(indirect)"
"ENTREZID","3549","ENTREZID","7479","directed","Process(indirect)"
"ENTREZID","3549","ENTREZID","7480","directed","Process(indirect)"
"ENTREZID","3549","ENTREZID","7481","directed","Process(indirect)"
"ENTREZID","3549","ENTREZID","7482","directed","Process(indirect)"
"ENTREZID","3549","ENTREZID","7483","directed","Process(indirect)"
"ENTREZID","3549","ENTREZID","7484","directed","Process(indirect)"
"ENTREZID","3549","ENTREZID","80326","directed","Process(indirect)"
"ENTREZID","3549","ENTREZID","81029","directed","Process(indirect)"
"ENTREZID","3549","ENTREZID","89780","directed","Process(indirect)"
"ENTREZID","6469","ENTREZID","3673","directed","Process(indirect)"
"ENTREZID","6469","ENTREZID","3688","directed","Process(indirect)"
"ENTREZID","6469","ENTREZID","51384","directed","Process(indirect)"
"ENTREZID","6469","ENTREZID","54361","directed","Process(indirect)"
"ENTREZID","6469","ENTREZID","7422","directed","Process(indirect)"
"ENTREZID","6469","ENTREZID","7471","directed","Process(indirect)"
"ENTREZID","6469","ENTREZID","7472","directed","Process(indirect)"
"ENTREZID","6469","ENTREZID","7473","directed","Process(indirect)"
"ENTREZID","6469","ENTREZID","7474","directed","Process(indirect)"
"ENTREZID","6469","ENTREZID","7475","directed","Process(indirect)"
"ENTREZID","6469","ENTREZID","7476","directed","Process(indirect)"
"ENTREZID","6469","ENTREZID","7477","directed","Process(indirect)"
"ENTREZID","6469","ENTREZID","7478","directed","Process(indirect)"
"ENTREZID","6469","ENTREZID","7479","directed","Process(indirect)"
"ENTREZID","6469","ENTREZID","7480","directed","Process(indirect)"
"ENTREZID","6469","ENTREZID","7481","directed","Process(indirect)"
"ENTREZID","6469","ENTREZID","7482","directed","Process(indirect)"
"ENTREZID","6469","ENTREZID","7483","directed","Process(indirect)"
"ENTREZID","6469","ENTREZID","7484","directed","Process(indirect)"
"ENTREZID","6469","ENTREZID","80326","directed","Process(indirect)"
"ENTREZID","6469","ENTREZID","81029","directed","Process(indirect)"
"ENTREZID","6469","ENTREZID","89780","directed","Process(indirect)"
"ENTREZID","7448","ENTREZID","3673","directed","Process(indirect)"
"ENTREZID","7448","ENTREZID","3688","directed","Process(indirect)"
"ENTREZID","7448","ENTREZID","51384","directed","Process(indirect)"
"ENTREZID","7448","ENTREZID","54361","directed","Process(indirect)"
"ENTREZID","7448","ENTREZID","7422","directed","Process(indirect)"
"ENTREZID","7448","ENTREZID","7471","directed","Process(indirect)"
"ENTREZID","7448","ENTREZID","7472","directed","Process(indirect)"
"ENTREZID","7448","ENTREZID","7473","directed","Process(indirect)"
"ENTREZID","7448","ENTREZID","7474","directed","Process(indirect)"
"ENTREZID","7448","ENTREZID","7475","directed","Process(indirect)"
"ENTREZID","7448","ENTREZID","7476","directed","Process(indirect)"
"ENTREZID","7448","ENTREZID","7477","directed","Process(indirect)"
"ENTREZID","7448","ENTREZID","7478","directed","Process(indirect)"
"ENTREZID","7448","ENTREZID","7479","directed","Process(indirect)"
"ENTREZID","7448","ENTREZID","7480","directed","Process(indirect)"
"ENTREZID","7448","ENTREZID","7481","directed","Process(indirect)"
"ENTREZID","7448","ENTREZID","7482","directed","Process(indirect)"
"ENTREZID","7448","ENTREZID","7483","directed","Process(indirect)"
"ENTREZID","7448","ENTREZID","7484","directed","Process(indirect)"
"ENTREZID","7448","ENTREZID","80326","directed","Process(indirect)"
"ENTREZID","7448","ENTREZID","81029","directed","Process(indirect)"
"ENTREZID","7448","ENTREZID","89780","directed","Process(indirect)"
