"src_type","src","dest_type","dest","direction","type"
"ENTREZID","121278","ENTREZID","1644","directed","Process(indirect)"
"ENTREZID","121278","ENTREZID","169355","directed","Process(indirect)"
"ENTREZID","121278","ENTREZID","259307","directed","Process(indirect)"
"ENTREZID","121278","ENTREZID","3620","directed","Process(indirect)"
"ENTREZID","121278","ENTREZID","6999","directed","Process(indirect)"
"ENTREZID","125061","ENTREZID","1644","directed","Process(indirect)"
"ENTREZID","125061","ENTREZID","169355","directed","Process(indirect)"
"ENTREZID","125061","ENTREZID","3620","directed","Process(indirect)"
"ENTREZID","125061","ENTREZID","51166","directed","Process(indirect)"
"ENTREZID","125061","ENTREZID","56267","directed","Process(indirect)"
"ENTREZID","125061","ENTREZID","6999","directed","Process(indirect)"
"ENTREZID","125061","ENTREZID","8564","directed","Process(indirect)"
"ENTREZID","125061","ENTREZID","883","directed","Process(indirect)"
"ENTREZID","125061","ENTREZID","8942","directed","Process(indirect)"
"ENTREZID","130013","ENTREZID","23498","directed","Process(indirect)"
"ENTREZID","130013","ENTREZID","64577","directed","Process(indirect)"
"ENTREZID","15","ENTREZID","11185","directed","Process(indirect)"
"ENTREZID","15","ENTREZID","1644","directed","Process(indirect)"
"ENTREZID","15","ENTREZID","169355","directed","Process(indirect)"
"ENTREZID","15","ENTREZID","3620","directed","Process(indirect)"
"ENTREZID","15","ENTREZID","4128","directed","Process(indirect)"
"ENTREZID","15","ENTREZID","4129","directed","Process(indirect)"
"ENTREZID","15","ENTREZID","438","directed","Process(indirect)"
"ENTREZID","1543","ENTREZID","169355","directed","Process(indirect)"
"ENTREZID","1543","ENTREZID","3620","directed","Process(indirect)"
"ENTREZID","1543","ENTREZID","438","directed","Process(indirect)"
"ENTREZID","1544","ENTREZID","169355","directed","Process(indirect)"
"ENTREZID","1544","ENTREZID","3620","directed","Process(indirect)"
"ENTREZID","1544","ENTREZID","438","directed","Process(indirect)"
"ENTREZID","1545","ENTREZID","169355","directed","Process(indirect)"
"ENTREZID","1545","ENTREZID","3620","directed","Process(indirect)"
"ENTREZID","1545","ENTREZID","438","directed","Process(indirect)"
"ENTREZID","1644","ENTREZID","11185","directed","Process(indirect)"
"ENTREZID","1644","ENTREZID","121278","directed","Process(indirect)"
"ENTREZID","1644","ENTREZID","125061","directed","Process(indirect)"
"ENTREZID","1644","ENTREZID","15","directed","Process(indirect)"
"ENTREZID","1644","ENTREZID","169355","directed","Process(indirect)"
"ENTREZID","1644","ENTREZID","259307","directed","Process(indirect)"
"ENTREZID","1644","ENTREZID","26","directed","Process(indirect)"
"ENTREZID","1644","ENTREZID","3620","directed","Process(indirect)"
"ENTREZID","1644","ENTREZID","4128","directed","Process(indirect)"
"ENTREZID","1644","ENTREZID","4129","directed","Process(indirect)"
"ENTREZID","1644","ENTREZID","6999","directed","Process(indirect)"
"ENTREZID","1644","ENTREZID","7166","directed","Process(indirect)"
"ENTREZID","169355","ENTREZID","11185","directed","Process(indirect)"
"ENTREZID","169355","ENTREZID","121278","directed","Process(indirect)"
"ENTREZID","169355","ENTREZID","125061","directed","Process(indirect)"
"ENTREZID","169355","ENTREZID","15","directed","Process(indirect)"
"ENTREZID","169355","ENTREZID","1543","directed","Process(indirect)"
"ENTREZID","169355","ENTREZID","1544","directed","Process(indirect)"
"ENTREZID","169355","ENTREZID","1545","directed","Process(indirect)"
"ENTREZID","169355","ENTREZID","1644","directed","Process(indirect)"
"ENTREZID","169355","ENTREZID","4128","directed","Process(indirect)"
"ENTREZID","169355","ENTREZID","4129","directed","Process(indirect)"
"ENTREZID","169355","ENTREZID","438","directed","Process(indirect)"
"ENTREZID","169355","ENTREZID","7166","directed","Process(indirect)"
"ENTREZID","169355","ENTREZID","8942","directed","Process(indirect)"
"ENTREZID","1738","ENTREZID","2639","directed","Process(indirect)"
"ENTREZID","1743","ENTREZID","2639","directed","Process(indirect)"
"ENTREZID","1892","ENTREZID","2639","directed","Process(indirect)"
"ENTREZID","1962","ENTREZID","2639","directed","Process(indirect)"
"ENTREZID","1962","ENTREZID","38","directed","Process(indirect)"
"ENTREZID","1962","ENTREZID","39","directed","Process(indirect)"
"ENTREZID","217","ENTREZID","26","directed","Process(indirect)"
"ENTREZID","217","ENTREZID","316","directed","Process(indirect)"
"ENTREZID","217","ENTREZID","4128","directed","Process(indirect)"
"ENTREZID","217","ENTREZID","4129","directed","Process(indirect)"
"ENTREZID","217","ENTREZID","438","directed","Process(indirect)"
"ENTREZID","219","ENTREZID","26","directed","Process(indirect)"
"ENTREZID","219","ENTREZID","316","directed","Process(indirect)"
"ENTREZID","219","ENTREZID","4128","directed","Process(indirect)"
"ENTREZID","219","ENTREZID","4129","directed","Process(indirect)"
"ENTREZID","219","ENTREZID","438","directed","Process(indirect)"
"ENTREZID","223","ENTREZID","26","directed","Process(indirect)"
"ENTREZID","223","ENTREZID","316","directed","Process(indirect)"
"ENTREZID","223","ENTREZID","4128","directed","Process(indirect)"
"ENTREZID","223","ENTREZID","4129","directed","Process(indirect)"
"ENTREZID","223","ENTREZID","438","directed","Process(indirect)"
"ENTREZID","224","ENTREZID","26","directed","Process(indirect)"
"ENTREZID","224","ENTREZID","316","directed","Process(indirect)"
"ENTREZID","224","ENTREZID","4128","directed","Process(indirect)"
"ENTREZID","224","ENTREZID","4129","directed","Process(indirect)"
"ENTREZID","224","ENTREZID","438","directed","Process(indirect)"
"ENTREZID","23498","ENTREZID","130013","directed","Process(indirect)"
"ENTREZID","23498","ENTREZID","847","directed","Process(indirect)"
"ENTREZID","23498","ENTREZID","8942","directed","Process(indirect)"
"ENTREZID","259307","ENTREZID","121278","directed","Process(indirect)"
"ENTREZID","259307","ENTREZID","1644","directed","Process(indirect)"
"ENTREZID","259307","ENTREZID","169355","directed","Process(indirect)"
"ENTREZID","259307","ENTREZID","26","directed","Process(indirect)"
"ENTREZID","259307","ENTREZID","3620","directed","Process(indirect)"
"ENTREZID","259307","ENTREZID","4128","directed","Process(indirect)"
"ENTREZID","259307","ENTREZID","4129","directed","Process(indirect)"
"ENTREZID","259307","ENTREZID","6999","directed","Process(indirect)"
"ENTREZID","259307","ENTREZID","7166","directed","Process(indirect)"
"ENTREZID","26","ENTREZID","11185","directed","Process(indirect)"
"ENTREZID","26","ENTREZID","217","directed","Process(indirect)"
"ENTREZID","26","ENTREZID","219","directed","Process(indirect)"
"ENTREZID","26","ENTREZID","223","directed","Process(indirect)"
"ENTREZID","26","ENTREZID","224","directed","Process(indirect)"
"ENTREZID","26","ENTREZID","4128","directed","Process(indirect)"
"ENTREZID","26","ENTREZID","4129","directed","Process(indirect)"
"ENTREZID","26","ENTREZID","501","directed","Process(indirect)"
"ENTREZID","2639","ENTREZID","1738","directed","Process(indirect)"
"ENTREZID","2639","ENTREZID","1743","directed","Process(indirect)"
"ENTREZID","2639","ENTREZID","1892","directed","Process(indirect)"
"ENTREZID","2639","ENTREZID","1962","directed","Process(indirect)"
"ENTREZID","2639","ENTREZID","3030","directed","Process(indirect)"
"ENTREZID","2639","ENTREZID","55526","directed","Process(indirect)"
"ENTREZID","3030","ENTREZID","2639","directed","Process(indirect)"
"ENTREZID","3033","ENTREZID","38","directed","Process(indirect)"
"ENTREZID","3033","ENTREZID","39","directed","Process(indirect)"
"ENTREZID","316","ENTREZID","217","directed","Process(indirect)"
"ENTREZID","316","ENTREZID","219","directed","Process(indirect)"
"ENTREZID","316","ENTREZID","223","directed","Process(indirect)"
"ENTREZID","316","ENTREZID","224","directed","Process(indirect)"
"ENTREZID","316","ENTREZID","438","directed","Process(indirect)"
"ENTREZID","316","ENTREZID","501","directed","Process(indirect)"
"ENTREZID","3620","ENTREZID","11185","directed","Process(indirect)"
"ENTREZID","3620","ENTREZID","121278","directed","Process(indirect)"
"ENTREZID","3620","ENTREZID","125061","directed","Process(indirect)"
"ENTREZID","3620","ENTREZID","15","directed","Process(indirect)"
"ENTREZID","3620","ENTREZID","1543","directed","Process(indirect)"
"ENTREZID","3620","ENTREZID","1544","directed","Process(indirect)"
"ENTREZID","3620","ENTREZID","1545","directed","Process(indirect)"
"ENTREZID","3620","ENTREZID","1644","directed","Process(indirect)"
"ENTREZID","3620","ENTREZID","4128","directed","Process(indirect)"
"ENTREZID","3620","ENTREZID","4129","directed","Process(indirect)"
"ENTREZID","3620","ENTREZID","438","directed","Process(indirect)"
"ENTREZID","3620","ENTREZID","7166","directed","Process(indirect)"
"ENTREZID","3620","ENTREZID","8942","directed","Process(indirect)"
"ENTREZID","38","ENTREZID","1962","directed","Process(indirect)"
"ENTREZID","38","ENTREZID","3033","directed","Process(indirect)"
"ENTREZID","39","ENTREZID","1962","directed","Process(indirect)"
"ENTREZID","39","ENTREZID","3033","directed","Process(indirect)"
"ENTREZID","4128","ENTREZID","11185","directed","Process(indirect)"
"ENTREZID","4128","ENTREZID","15","directed","Process(indirect)"
"ENTREZID","4128","ENTREZID","1644","directed","Process(indirect)"
"ENTREZID","4128","ENTREZID","169355","directed","Process(indirect)"
"ENTREZID","4128","ENTREZID","217","directed","Process(indirect)"
"ENTREZID","4128","ENTREZID","219","directed","Process(indirect)"
"ENTREZID","4128","ENTREZID","223","directed","Process(indirect)"
"ENTREZID","4128","ENTREZID","224","directed","Process(indirect)"
"ENTREZID","4128","ENTREZID","26","directed","Process(indirect)"
"ENTREZID","4128","ENTREZID","316","directed","Process(indirect)"
"ENTREZID","4128","ENTREZID","3620","directed","Process(indirect)"
"ENTREZID","4128","ENTREZID","501","directed","Process(indirect)"
"ENTREZID","4129","ENTREZID","11185","directed","Process(indirect)"
"ENTREZID","4129","ENTREZID","15","directed","Process(indirect)"
"ENTREZID","4129","ENTREZID","1644","directed","Process(indirect)"
"ENTREZID","4129","ENTREZID","169355","directed","Process(indirect)"
"ENTREZID","4129","ENTREZID","217","directed","Process(indirect)"
"ENTREZID","4129","ENTREZID","219","directed","Process(indirect)"
"ENTREZID","4129","ENTREZID","223","directed","Process(indirect)"
"ENTREZID","4129","ENTREZID","224","directed","Process(indirect)"
"ENTREZID","4129","ENTREZID","26","directed","Process(indirect)"
"ENTREZID","4129","ENTREZID","316","directed","Process(indirect)"
"ENTREZID","4129","ENTREZID","3620","directed","Process(indirect)"
"ENTREZID","4129","ENTREZID","501","directed","Process(indirect)"
"ENTREZID","438","ENTREZID","15","directed","Process(indirect)"
"ENTREZID","438","ENTREZID","1543","directed","Process(indirect)"
"ENTREZID","438","ENTREZID","1544","directed","Process(indirect)"
"ENTREZID","438","ENTREZID","1545","directed","Process(indirect)"
"ENTREZID","438","ENTREZID","169355","directed","Process(indirect)"
"ENTREZID","438","ENTREZID","217","directed","Process(indirect)"
"ENTREZID","438","ENTREZID","219","directed","Process(indirect)"
"ENTREZID","438","ENTREZID","223","directed","Process(indirect)"
"ENTREZID","438","ENTREZID","224","directed","Process(indirect)"
"ENTREZID","438","ENTREZID","316","directed","Process(indirect)"
"ENTREZID","438","ENTREZID","3620","directed","Process(indirect)"
"ENTREZID","438","ENTREZID","501","directed","Process(indirect)"
"ENTREZID","501","ENTREZID","26","directed","Process(indirect)"
"ENTREZID","501","ENTREZID","316","directed","Process(indirect)"
"ENTREZID","501","ENTREZID","4128","directed","Process(indirect)"
"ENTREZID","501","ENTREZID","4129","directed","Process(indirect)"
"ENTREZID","501","ENTREZID","438","directed","Process(indirect)"
"ENTREZID","55526","ENTREZID","2639","directed","Process(indirect)"
"ENTREZID","64577","ENTREZID","130013","directed","Process(indirect)"
"ENTREZID","6999","ENTREZID","121278","directed","Process(indirect)"
"ENTREZID","6999","ENTREZID","125061","directed","Process(indirect)"
"ENTREZID","6999","ENTREZID","1644","directed","Process(indirect)"
"ENTREZID","6999","ENTREZID","169355","directed","Process(indirect)"
"ENTREZID","6999","ENTREZID","259307","directed","Process(indirect)"
"ENTREZID","6999","ENTREZID","3620","directed","Process(indirect)"
"ENTREZID","6999","ENTREZID","7166","directed","Process(indirect)"
"ENTREZID","6999","ENTREZID","8942","directed","Process(indirect)"
"ENTREZID","7166","ENTREZID","1644","directed","Process(indirect)"
"ENTREZID","7166","ENTREZID","169355","directed","Process(indirect)"
"ENTREZID","7166","ENTREZID","259307","directed","Process(indirect)"
"ENTREZID","7166","ENTREZID","3620","directed","Process(indirect)"
"ENTREZID","7166","ENTREZID","6999","directed","Process(indirect)"
"ENTREZID","8564","ENTREZID","51166","directed","Process(indirect)"
"ENTREZID","8564","ENTREZID","56267","directed","Process(indirect)"
"ENTREZID","8564","ENTREZID","883","directed","Process(indirect)"
"ENTREZID","8564","ENTREZID","8942","directed","Process(indirect)"
"ENTREZID","8942","ENTREZID","125061","directed","Process(indirect)"
"ENTREZID","8942","ENTREZID","169355","directed","Process(indirect)"
"ENTREZID","8942","ENTREZID","23498","directed","Process(indirect)"
"ENTREZID","8942","ENTREZID","3620","directed","Process(indirect)"
"ENTREZID","8942","ENTREZID","51166","directed","Process(indirect)"
"ENTREZID","8942","ENTREZID","56267","directed","Process(indirect)"
"ENTREZID","8942","ENTREZID","6999","directed","Process(indirect)"
"ENTREZID","8942","ENTREZID","847","directed","Process(indirect)"
"ENTREZID","8942","ENTREZID","8564","directed","Process(indirect)"
"ENTREZID","8942","ENTREZID","883","directed","Process(indirect)"
