"src_type","src","dest_type","dest","direction","type"
"ENTREZID","2203","ENTREZID","2821","directed","Process(indirect)"
"ENTREZID","2203","ENTREZID","5211","directed","Process(indirect)"
"ENTREZID","2203","ENTREZID","5213","directed","Process(indirect)"
"ENTREZID","2203","ENTREZID","5214","directed","Process(indirect)"
"ENTREZID","2203","ENTREZID","6888","directed","Process(indirect)"
"ENTREZID","2203","ENTREZID","7086","directed","Process(indirect)"
"ENTREZID","2203","ENTREZID","8277","directed","Process(indirect)"
"ENTREZID","2203","ENTREZID","84076","directed","Process(indirect)"
"ENTREZID","221823","ENTREZID","22934","directed","Process(indirect)"
"ENTREZID","221823","ENTREZID","22934","undirected","Process(indirect)"
"ENTREZID","221823","ENTREZID","5236","directed","Process(indirect)"
"ENTREZID","221823","ENTREZID","5236","undirected","Process(indirect)"
"ENTREZID","221823","ENTREZID","55276","directed","Process(indirect)"
"ENTREZID","221823","ENTREZID","55276","undirected","Process(indirect)"
"ENTREZID","221823","ENTREZID","64080","directed","Process(indirect)"
"ENTREZID","221823","ENTREZID","64080","undirected","Process(indirect)"
"ENTREZID","221823","ENTREZID","7086","directed","Process(indirect)"
"ENTREZID","221823","ENTREZID","7086","undirected","Process(indirect)"
"ENTREZID","221823","ENTREZID","8277","directed","Process(indirect)"
"ENTREZID","221823","ENTREZID","8277","undirected","Process(indirect)"
"ENTREZID","221823","ENTREZID","84076","directed","Process(indirect)"
"ENTREZID","221823","ENTREZID","84076","undirected","Process(indirect)"
"ENTREZID","226","ENTREZID","2203","directed","Process(indirect)"
"ENTREZID","226","ENTREZID","229","directed","Process(indirect)"
"ENTREZID","226","ENTREZID","230","directed","Process(indirect)"
"ENTREZID","226","ENTREZID","51071","directed","Process(indirect)"
"ENTREZID","226","ENTREZID","5211","directed","Process(indirect)"
"ENTREZID","226","ENTREZID","5213","directed","Process(indirect)"
"ENTREZID","226","ENTREZID","5214","directed","Process(indirect)"
"ENTREZID","226","ENTREZID","6888","directed","Process(indirect)"
"ENTREZID","226","ENTREZID","6888","undirected","Process(indirect)"
"ENTREZID","226","ENTREZID","7086","directed","Process(indirect)"
"ENTREZID","226","ENTREZID","7086","undirected","Process(indirect)"
"ENTREZID","226","ENTREZID","8277","directed","Process(indirect)"
"ENTREZID","226","ENTREZID","8277","undirected","Process(indirect)"
"ENTREZID","226","ENTREZID","84076","directed","Process(indirect)"
"ENTREZID","226","ENTREZID","84076","undirected","Process(indirect)"
"ENTREZID","226","ENTREZID","8789","directed","Process(indirect)"
"ENTREZID","229","ENTREZID","2203","directed","Process(indirect)"
"ENTREZID","229","ENTREZID","226","directed","Process(indirect)"
"ENTREZID","229","ENTREZID","230","directed","Process(indirect)"
"ENTREZID","229","ENTREZID","51071","directed","Process(indirect)"
"ENTREZID","229","ENTREZID","5211","directed","Process(indirect)"
"ENTREZID","229","ENTREZID","5213","directed","Process(indirect)"
"ENTREZID","229","ENTREZID","5214","directed","Process(indirect)"
"ENTREZID","229","ENTREZID","6888","directed","Process(indirect)"
"ENTREZID","229","ENTREZID","6888","undirected","Process(indirect)"
"ENTREZID","229","ENTREZID","7086","directed","Process(indirect)"
"ENTREZID","229","ENTREZID","7086","undirected","Process(indirect)"
"ENTREZID","229","ENTREZID","8277","directed","Process(indirect)"
"ENTREZID","229","ENTREZID","8277","undirected","Process(indirect)"
"ENTREZID","229","ENTREZID","84076","directed","Process(indirect)"
"ENTREZID","229","ENTREZID","84076","undirected","Process(indirect)"
"ENTREZID","229","ENTREZID","8789","directed","Process(indirect)"
"ENTREZID","22934","ENTREZID","221823","directed","Process(indirect)"
"ENTREZID","22934","ENTREZID","5226","directed","Process(indirect)"
"ENTREZID","22934","ENTREZID","5236","directed","Process(indirect)"
"ENTREZID","22934","ENTREZID","55276","directed","Process(indirect)"
"ENTREZID","22934","ENTREZID","5631","directed","Process(indirect)"
"ENTREZID","22934","ENTREZID","5634","directed","Process(indirect)"
"ENTREZID","22934","ENTREZID","6120","directed","Process(indirect)"
"ENTREZID","22934","ENTREZID","64080","directed","Process(indirect)"
"ENTREZID","22934","ENTREZID","7086","directed","Process(indirect)"
"ENTREZID","22934","ENTREZID","729020","directed","Process(indirect)"
"ENTREZID","22934","ENTREZID","8277","directed","Process(indirect)"
"ENTREZID","22934","ENTREZID","84076","directed","Process(indirect)"
"ENTREZID","230","ENTREZID","2203","directed","Process(indirect)"
"ENTREZID","230","ENTREZID","226","directed","Process(indirect)"
"ENTREZID","230","ENTREZID","229","directed","Process(indirect)"
"ENTREZID","230","ENTREZID","51071","directed","Process(indirect)"
"ENTREZID","230","ENTREZID","5211","directed","Process(indirect)"
"ENTREZID","230","ENTREZID","5213","directed","Process(indirect)"
"ENTREZID","230","ENTREZID","5214","directed","Process(indirect)"
"ENTREZID","230","ENTREZID","6888","directed","Process(indirect)"
"ENTREZID","230","ENTREZID","6888","undirected","Process(indirect)"
"ENTREZID","230","ENTREZID","7086","directed","Process(indirect)"
"ENTREZID","230","ENTREZID","7086","undirected","Process(indirect)"
"ENTREZID","230","ENTREZID","8277","directed","Process(indirect)"
"ENTREZID","230","ENTREZID","8277","undirected","Process(indirect)"
"ENTREZID","230","ENTREZID","84076","directed","Process(indirect)"
"ENTREZID","230","ENTREZID","84076","undirected","Process(indirect)"
"ENTREZID","230","ENTREZID","8789","directed","Process(indirect)"
"ENTREZID","2539","ENTREZID","25796","directed","Process(indirect)"
"ENTREZID","2539","ENTREZID","2821","directed","Process(indirect)"
"ENTREZID","2539","ENTREZID","9563","directed","Process(indirect)"
"ENTREZID","25796","ENTREZID","2539","directed","Process(indirect)"
"ENTREZID","25796","ENTREZID","414328","directed","Process(indirect)"
"ENTREZID","25796","ENTREZID","5226","directed","Process(indirect)"
"ENTREZID","25796","ENTREZID","9563","directed","Process(indirect)"
"ENTREZID","2821","ENTREZID","2203","directed","Process(indirect)"
"ENTREZID","2821","ENTREZID","2539","directed","Process(indirect)"
"ENTREZID","2821","ENTREZID","5211","directed","Process(indirect)"
"ENTREZID","2821","ENTREZID","5213","directed","Process(indirect)"
"ENTREZID","2821","ENTREZID","5214","directed","Process(indirect)"
"ENTREZID","2821","ENTREZID","6888","directed","Process(indirect)"
"ENTREZID","2821","ENTREZID","7086","directed","Process(indirect)"
"ENTREZID","2821","ENTREZID","7086","undirected","Process(indirect)"
"ENTREZID","2821","ENTREZID","8277","directed","Process(indirect)"
"ENTREZID","2821","ENTREZID","8277","undirected","Process(indirect)"
"ENTREZID","2821","ENTREZID","84076","directed","Process(indirect)"
"ENTREZID","2821","ENTREZID","84076","undirected","Process(indirect)"
"ENTREZID","2821","ENTREZID","8789","directed","Process(indirect)"
"ENTREZID","2821","ENTREZID","9563","directed","Process(indirect)"
"ENTREZID","414328","ENTREZID","25796","directed","Process(indirect)"
"ENTREZID","414328","ENTREZID","5226","directed","Process(indirect)"
"ENTREZID","414328","ENTREZID","9104","directed","Process(indirect)"
"ENTREZID","414328","ENTREZID","9563","directed","Process(indirect)"
"ENTREZID","51071","ENTREZID","226","directed","Process(indirect)"
"ENTREZID","51071","ENTREZID","229","directed","Process(indirect)"
"ENTREZID","51071","ENTREZID","230","directed","Process(indirect)"
"ENTREZID","51071","ENTREZID","55276","directed","Process(indirect)"
"ENTREZID","51071","ENTREZID","6888","directed","Process(indirect)"
"ENTREZID","51071","ENTREZID","6888","undirected","Process(indirect)"
"ENTREZID","51071","ENTREZID","7086","directed","Process(indirect)"
"ENTREZID","51071","ENTREZID","8277","directed","Process(indirect)"
"ENTREZID","51071","ENTREZID","84076","directed","Process(indirect)"
"ENTREZID","5211","ENTREZID","2203","directed","Process(indirect)"
"ENTREZID","5211","ENTREZID","226","directed","Process(indirect)"
"ENTREZID","5211","ENTREZID","229","directed","Process(indirect)"
"ENTREZID","5211","ENTREZID","230","directed","Process(indirect)"
"ENTREZID","5211","ENTREZID","2821","directed","Process(indirect)"
"ENTREZID","5211","ENTREZID","6888","directed","Process(indirect)"
"ENTREZID","5211","ENTREZID","7086","directed","Process(indirect)"
"ENTREZID","5211","ENTREZID","8277","directed","Process(indirect)"
"ENTREZID","5211","ENTREZID","84076","directed","Process(indirect)"
"ENTREZID","5211","ENTREZID","8789","directed","Process(indirect)"
"ENTREZID","5213","ENTREZID","2203","directed","Process(indirect)"
"ENTREZID","5213","ENTREZID","226","directed","Process(indirect)"
"ENTREZID","5213","ENTREZID","229","directed","Process(indirect)"
"ENTREZID","5213","ENTREZID","230","directed","Process(indirect)"
"ENTREZID","5213","ENTREZID","2821","directed","Process(indirect)"
"ENTREZID","5213","ENTREZID","6888","directed","Process(indirect)"
"ENTREZID","5213","ENTREZID","7086","directed","Process(indirect)"
"ENTREZID","5213","ENTREZID","8277","directed","Process(indirect)"
"ENTREZID","5213","ENTREZID","84076","directed","Process(indirect)"
"ENTREZID","5213","ENTREZID","8789","directed","Process(indirect)"
"ENTREZID","5214","ENTREZID","2203","directed","Process(indirect)"
"ENTREZID","5214","ENTREZID","226","directed","Process(indirect)"
"ENTREZID","5214","ENTREZID","229","directed","Process(indirect)"
"ENTREZID","5214","ENTREZID","230","directed","Process(indirect)"
"ENTREZID","5214","ENTREZID","2821","directed","Process(indirect)"
"ENTREZID","5214","ENTREZID","6888","directed","Process(indirect)"
"ENTREZID","5214","ENTREZID","7086","directed","Process(indirect)"
"ENTREZID","5214","ENTREZID","8277","directed","Process(indirect)"
"ENTREZID","5214","ENTREZID","84076","directed","Process(indirect)"
"ENTREZID","5214","ENTREZID","8789","directed","Process(indirect)"
"ENTREZID","5226","ENTREZID","22934","directed","Process(indirect)"
"ENTREZID","5226","ENTREZID","25796","directed","Process(indirect)"
"ENTREZID","5226","ENTREZID","414328","directed","Process(indirect)"
"ENTREZID","5226","ENTREZID","6120","directed","Process(indirect)"
"ENTREZID","5226","ENTREZID","729020","directed","Process(indirect)"
"ENTREZID","5226","ENTREZID","9563","directed","Process(indirect)"
"ENTREZID","5236","ENTREZID","22934","directed","Process(indirect)"
"ENTREZID","5236","ENTREZID","22934","undirected","Process(indirect)"
"ENTREZID","5236","ENTREZID","55276","directed","Process(indirect)"
"ENTREZID","5236","ENTREZID","5631","undirected","Process(indirect)"
"ENTREZID","5236","ENTREZID","5634","undirected","Process(indirect)"
"ENTREZID","5236","ENTREZID","64080","directed","Process(indirect)"
"ENTREZID","5236","ENTREZID","7086","directed","Process(indirect)"
"ENTREZID","5236","ENTREZID","8277","directed","Process(indirect)"
"ENTREZID","5236","ENTREZID","84076","directed","Process(indirect)"
"ENTREZID","55276","ENTREZID","221823","directed","Process(indirect)"
"ENTREZID","55276","ENTREZID","22934","directed","Process(indirect)"
"ENTREZID","55276","ENTREZID","22934","undirected","Process(indirect)"
"ENTREZID","55276","ENTREZID","51071","directed","Process(indirect)"
"ENTREZID","55276","ENTREZID","51071","undirected","Process(indirect)"
"ENTREZID","55276","ENTREZID","5236","directed","Process(indirect)"
"ENTREZID","55276","ENTREZID","5631","directed","Process(indirect)"
"ENTREZID","55276","ENTREZID","5631","undirected","Process(indirect)"
"ENTREZID","55276","ENTREZID","5634","directed","Process(indirect)"
"ENTREZID","55276","ENTREZID","5634","undirected","Process(indirect)"
"ENTREZID","55276","ENTREZID","64080","directed","Process(indirect)"
"ENTREZID","55276","ENTREZID","7086","directed","Process(indirect)"
"ENTREZID","55276","ENTREZID","8277","directed","Process(indirect)"
"ENTREZID","55276","ENTREZID","84076","directed","Process(indirect)"
"ENTREZID","5631","ENTREZID","22934","directed","Process(indirect)"
"ENTREZID","5631","ENTREZID","22934","undirected","Process(indirect)"
"ENTREZID","5631","ENTREZID","5236","directed","Process(indirect)"
"ENTREZID","5631","ENTREZID","55276","directed","Process(indirect)"
"ENTREZID","5631","ENTREZID","64080","directed","Process(indirect)"
"ENTREZID","5631","ENTREZID","64080","undirected","Process(indirect)"
"ENTREZID","5631","ENTREZID","7086","directed","Process(indirect)"
"ENTREZID","5631","ENTREZID","7086","undirected","Process(indirect)"
"ENTREZID","5631","ENTREZID","8277","directed","Process(indirect)"
"ENTREZID","5631","ENTREZID","8277","undirected","Process(indirect)"
"ENTREZID","5631","ENTREZID","84076","directed","Process(indirect)"
"ENTREZID","5631","ENTREZID","84076","undirected","Process(indirect)"
"ENTREZID","5634","ENTREZID","22934","directed","Process(indirect)"
"ENTREZID","5634","ENTREZID","22934","undirected","Process(indirect)"
"ENTREZID","5634","ENTREZID","5236","directed","Process(indirect)"
"ENTREZID","5634","ENTREZID","55276","directed","Process(indirect)"
"ENTREZID","5634","ENTREZID","64080","directed","Process(indirect)"
"ENTREZID","5634","ENTREZID","64080","undirected","Process(indirect)"
"ENTREZID","5634","ENTREZID","7086","directed","Process(indirect)"
"ENTREZID","5634","ENTREZID","7086","undirected","Process(indirect)"
"ENTREZID","5634","ENTREZID","8277","directed","Process(indirect)"
"ENTREZID","5634","ENTREZID","8277","undirected","Process(indirect)"
"ENTREZID","5634","ENTREZID","84076","directed","Process(indirect)"
"ENTREZID","5634","ENTREZID","84076","undirected","Process(indirect)"
"ENTREZID","6120","ENTREZID","22934","directed","Process(indirect)"
"ENTREZID","6120","ENTREZID","22934","undirected","Process(indirect)"
"ENTREZID","6120","ENTREZID","5226","directed","Process(indirect)"
"ENTREZID","6120","ENTREZID","7086","directed","Process(indirect)"
"ENTREZID","6120","ENTREZID","729020","directed","Process(indirect)"
"ENTREZID","6120","ENTREZID","8277","directed","Process(indirect)"
"ENTREZID","6120","ENTREZID","84076","directed","Process(indirect)"
"ENTREZID","64080","ENTREZID","221823","directed","Process(indirect)"
"ENTREZID","64080","ENTREZID","22934","directed","Process(indirect)"
"ENTREZID","64080","ENTREZID","22934","undirected","Process(indirect)"
"ENTREZID","64080","ENTREZID","51071","directed","Process(indirect)"
"ENTREZID","64080","ENTREZID","51071","undirected","Process(indirect)"
"ENTREZID","64080","ENTREZID","5236","directed","Process(indirect)"
"ENTREZID","64080","ENTREZID","55276","directed","Process(indirect)"
"ENTREZID","64080","ENTREZID","5631","directed","Process(indirect)"
"ENTREZID","64080","ENTREZID","5634","directed","Process(indirect)"
"ENTREZID","64080","ENTREZID","7086","directed","Process(indirect)"
"ENTREZID","64080","ENTREZID","8277","directed","Process(indirect)"
"ENTREZID","64080","ENTREZID","84076","directed","Process(indirect)"
"ENTREZID","6888","ENTREZID","2203","directed","Process(indirect)"
"ENTREZID","6888","ENTREZID","226","directed","Process(indirect)"
"ENTREZID","6888","ENTREZID","229","directed","Process(indirect)"
"ENTREZID","6888","ENTREZID","230","directed","Process(indirect)"
"ENTREZID","6888","ENTREZID","2821","directed","Process(indirect)"
"ENTREZID","6888","ENTREZID","51071","directed","Process(indirect)"
"ENTREZID","6888","ENTREZID","5211","directed","Process(indirect)"
"ENTREZID","6888","ENTREZID","5213","directed","Process(indirect)"
"ENTREZID","6888","ENTREZID","5214","directed","Process(indirect)"
"ENTREZID","6888","ENTREZID","7086","directed","Process(indirect)"
"ENTREZID","6888","ENTREZID","8277","directed","Process(indirect)"
"ENTREZID","6888","ENTREZID","84076","directed","Process(indirect)"
"ENTREZID","6888","ENTREZID","8789","directed","Process(indirect)"
"ENTREZID","7086","ENTREZID","2203","directed","Process(indirect)"
"ENTREZID","7086","ENTREZID","221823","directed","Process(indirect)"
"ENTREZID","7086","ENTREZID","226","directed","Process(indirect)"
"ENTREZID","7086","ENTREZID","229","directed","Process(indirect)"
"ENTREZID","7086","ENTREZID","22934","directed","Process(indirect)"
"ENTREZID","7086","ENTREZID","22934","undirected","Process(indirect)"
"ENTREZID","7086","ENTREZID","230","directed","Process(indirect)"
"ENTREZID","7086","ENTREZID","2821","directed","Process(indirect)"
"ENTREZID","7086","ENTREZID","51071","directed","Process(indirect)"
"ENTREZID","7086","ENTREZID","51071","undirected","Process(indirect)"
"ENTREZID","7086","ENTREZID","5211","directed","Process(indirect)"
"ENTREZID","7086","ENTREZID","5213","directed","Process(indirect)"
"ENTREZID","7086","ENTREZID","5214","directed","Process(indirect)"
"ENTREZID","7086","ENTREZID","5236","directed","Process(indirect)"
"ENTREZID","7086","ENTREZID","55276","directed","Process(indirect)"
"ENTREZID","7086","ENTREZID","5631","directed","Process(indirect)"
"ENTREZID","7086","ENTREZID","5634","directed","Process(indirect)"
"ENTREZID","7086","ENTREZID","6120","directed","Process(indirect)"
"ENTREZID","7086","ENTREZID","64080","directed","Process(indirect)"
"ENTREZID","7086","ENTREZID","6888","directed","Process(indirect)"
"ENTREZID","7086","ENTREZID","6888","undirected","Process(indirect)"
"ENTREZID","7086","ENTREZID","729020","directed","Process(indirect)"
"ENTREZID","7086","ENTREZID","8277","directed","Process(indirect)"
"ENTREZID","7086","ENTREZID","84076","directed","Process(indirect)"
"ENTREZID","7086","ENTREZID","8789","directed","Process(indirect)"
"ENTREZID","729020","ENTREZID","22934","directed","Process(indirect)"
"ENTREZID","729020","ENTREZID","22934","undirected","Process(indirect)"
"ENTREZID","729020","ENTREZID","5226","directed","Process(indirect)"
"ENTREZID","729020","ENTREZID","6120","directed","Process(indirect)"
"ENTREZID","729020","ENTREZID","7086","directed","Process(indirect)"
"ENTREZID","729020","ENTREZID","8277","directed","Process(indirect)"
"ENTREZID","729020","ENTREZID","84076","directed","Process(indirect)"
"ENTREZID","8277","ENTREZID","2203","directed","Process(indirect)"
"ENTREZID","8277","ENTREZID","221823","directed","Process(indirect)"
"ENTREZID","8277","ENTREZID","226","directed","Process(indirect)"
"ENTREZID","8277","ENTREZID","229","directed","Process(indirect)"
"ENTREZID","8277","ENTREZID","22934","directed","Process(indirect)"
"ENTREZID","8277","ENTREZID","22934","undirected","Process(indirect)"
"ENTREZID","8277","ENTREZID","230","directed","Process(indirect)"
"ENTREZID","8277","ENTREZID","2821","directed","Process(indirect)"
"ENTREZID","8277","ENTREZID","51071","directed","Process(indirect)"
"ENTREZID","8277","ENTREZID","51071","undirected","Process(indirect)"
"ENTREZID","8277","ENTREZID","5211","directed","Process(indirect)"
"ENTREZID","8277","ENTREZID","5213","directed","Process(indirect)"
"ENTREZID","8277","ENTREZID","5214","directed","Process(indirect)"
"ENTREZID","8277","ENTREZID","5236","directed","Process(indirect)"
"ENTREZID","8277","ENTREZID","55276","directed","Process(indirect)"
"ENTREZID","8277","ENTREZID","5631","directed","Process(indirect)"
"ENTREZID","8277","ENTREZID","5634","directed","Process(indirect)"
"ENTREZID","8277","ENTREZID","6120","directed","Process(indirect)"
"ENTREZID","8277","ENTREZID","64080","directed","Process(indirect)"
"ENTREZID","8277","ENTREZID","6888","directed","Process(indirect)"
"ENTREZID","8277","ENTREZID","6888","undirected","Process(indirect)"
"ENTREZID","8277","ENTREZID","7086","directed","Process(indirect)"
"ENTREZID","8277","ENTREZID","729020","directed","Process(indirect)"
"ENTREZID","8277","ENTREZID","84076","directed","Process(indirect)"
"ENTREZID","8277","ENTREZID","8789","directed","Process(indirect)"
"ENTREZID","84076","ENTREZID","2203","directed","Process(indirect)"
"ENTREZID","84076","ENTREZID","221823","directed","Process(indirect)"
"ENTREZID","84076","ENTREZID","226","directed","Process(indirect)"
"ENTREZID","84076","ENTREZID","229","directed","Process(indirect)"
"ENTREZID","84076","ENTREZID","22934","directed","Process(indirect)"
"ENTREZID","84076","ENTREZID","22934","undirected","Process(indirect)"
"ENTREZID","84076","ENTREZID","230","directed","Process(indirect)"
"ENTREZID","84076","ENTREZID","2821","directed","Process(indirect)"
"ENTREZID","84076","ENTREZID","51071","directed","Process(indirect)"
"ENTREZID","84076","ENTREZID","51071","undirected","Process(indirect)"
"ENTREZID","84076","ENTREZID","5211","directed","Process(indirect)"
"ENTREZID","84076","ENTREZID","5213","directed","Process(indirect)"
"ENTREZID","84076","ENTREZID","5214","directed","Process(indirect)"
"ENTREZID","84076","ENTREZID","5236","directed","Process(indirect)"
"ENTREZID","84076","ENTREZID","55276","directed","Process(indirect)"
"ENTREZID","84076","ENTREZID","5631","directed","Process(indirect)"
"ENTREZID","84076","ENTREZID","5634","directed","Process(indirect)"
"ENTREZID","84076","ENTREZID","6120","directed","Process(indirect)"
"ENTREZID","84076","ENTREZID","64080","directed","Process(indirect)"
"ENTREZID","84076","ENTREZID","6888","directed","Process(indirect)"
"ENTREZID","84076","ENTREZID","6888","undirected","Process(indirect)"
"ENTREZID","84076","ENTREZID","7086","directed","Process(indirect)"
"ENTREZID","84076","ENTREZID","729020","directed","Process(indirect)"
"ENTREZID","84076","ENTREZID","8277","directed","Process(indirect)"
"ENTREZID","84076","ENTREZID","8789","directed","Process(indirect)"
"ENTREZID","8789","ENTREZID","2821","directed","Process(indirect)"
"ENTREZID","8789","ENTREZID","5211","directed","Process(indirect)"
"ENTREZID","8789","ENTREZID","5213","directed","Process(indirect)"
"ENTREZID","8789","ENTREZID","5214","directed","Process(indirect)"
"ENTREZID","8789","ENTREZID","6888","directed","Process(indirect)"
"ENTREZID","8789","ENTREZID","7086","directed","Process(indirect)"
"ENTREZID","8789","ENTREZID","8277","directed","Process(indirect)"
"ENTREZID","8789","ENTREZID","84076","directed","Process(indirect)"
"ENTREZID","9104","ENTREZID","414328","directed","Process(indirect)"
"ENTREZID","9563","ENTREZID","25796","directed","Process(indirect)"
"ENTREZID","9563","ENTREZID","414328","directed","Process(indirect)"
"ENTREZID","9563","ENTREZID","5226","directed","Process(indirect)"
