"src_type","src","dest_type","dest","direction","type"
"ENTREZID","5290","ENTREZID","10000","directed","Process(indirect)"
"ENTREZID","5290","ENTREZID","207","directed","Process(indirect)"
"ENTREZID","5290","ENTREZID","208","directed","Process(indirect)"
"ENTREZID","5290","ENTREZID","5170","directed","Process(indirect)"
"ENTREZID","5291","ENTREZID","10000","directed","Process(indirect)"
"ENTREZID","5291","ENTREZID","207","directed","Process(indirect)"
"ENTREZID","5291","ENTREZID","208","directed","Process(indirect)"
"ENTREZID","5291","ENTREZID","5170","directed","Process(indirect)"
"ENTREZID","5293","ENTREZID","10000","directed","Process(indirect)"
"ENTREZID","5293","ENTREZID","207","directed","Process(indirect)"
"ENTREZID","5293","ENTREZID","208","directed","Process(indirect)"
"ENTREZID","5293","ENTREZID","5170","directed","Process(indirect)"
"ENTREZID","5295","ENTREZID","10000","directed","Process(indirect)"
"ENTREZID","5295","ENTREZID","207","directed","Process(indirect)"
"ENTREZID","5295","ENTREZID","208","directed","Process(indirect)"
"ENTREZID","5295","ENTREZID","5170","directed","Process(indirect)"
"ENTREZID","5296","ENTREZID","10000","directed","Process(indirect)"
"ENTREZID","5296","ENTREZID","207","directed","Process(indirect)"
"ENTREZID","5296","ENTREZID","208","directed","Process(indirect)"
"ENTREZID","5296","ENTREZID","5170","directed","Process(indirect)"
"ENTREZID","5335","ENTREZID","5578","directed","Process(indirect)"
"ENTREZID","5335","ENTREZID","5579","directed","Process(indirect)"
"ENTREZID","5335","ENTREZID","5582","directed","Process(indirect)"
"ENTREZID","5336","ENTREZID","5578","directed","Process(indirect)"
"ENTREZID","5336","ENTREZID","5579","directed","Process(indirect)"
"ENTREZID","5336","ENTREZID","5582","directed","Process(indirect)"
"ENTREZID","8503","ENTREZID","10000","directed","Process(indirect)"
"ENTREZID","8503","ENTREZID","207","directed","Process(indirect)"
"ENTREZID","8503","ENTREZID","208","directed","Process(indirect)"
"ENTREZID","8503","ENTREZID","5170","directed","Process(indirect)"
