"src_type","src","dest_type","dest","direction","type"
"ENTREZID","18","ENTREZID","217","directed","Process(indirect)"
"ENTREZID","18","ENTREZID","218","directed","Process(indirect)"
"ENTREZID","18","ENTREZID","219","directed","Process(indirect)"
"ENTREZID","18","ENTREZID","221","directed","Process(indirect)"
"ENTREZID","18","ENTREZID","222","directed","Process(indirect)"
"ENTREZID","18","ENTREZID","223","directed","Process(indirect)"
"ENTREZID","18","ENTREZID","224","directed","Process(indirect)"
"ENTREZID","18","ENTREZID","2571","directed","Process(indirect)"
"ENTREZID","18","ENTREZID","2572","directed","Process(indirect)"
"ENTREZID","18","ENTREZID","339896","directed","Process(indirect)"
"ENTREZID","18","ENTREZID","4329","directed","Process(indirect)"
"ENTREZID","18","ENTREZID","501","directed","Process(indirect)"
"ENTREZID","18","ENTREZID","51380","directed","Process(indirect)"
"ENTREZID","18","ENTREZID","51733","directed","Process(indirect)"
"ENTREZID","18","ENTREZID","51733","undirected","Process(indirect)"
"ENTREZID","18","ENTREZID","55748","directed","Process(indirect)"
"ENTREZID","18","ENTREZID","57571","directed","Process(indirect)"
"ENTREZID","18","ENTREZID","57571","undirected","Process(indirect)"
"ENTREZID","18","ENTREZID","84735","directed","Process(indirect)"
"ENTREZID","1807","ENTREZID","1806","directed","Process(indirect)"
"ENTREZID","1807","ENTREZID","1806","undirected","Process(indirect)"
"ENTREZID","1892","ENTREZID","1962","directed","Process(indirect)"
"ENTREZID","1892","ENTREZID","26275","directed","Process(indirect)"
"ENTREZID","1892","ENTREZID","26275","undirected","Process(indirect)"
"ENTREZID","1892","ENTREZID","3030","directed","Process(indirect)"
"ENTREZID","1892","ENTREZID","35","directed","Process(indirect)"
"ENTREZID","1892","ENTREZID","51","directed","Process(indirect)"
"ENTREZID","1892","ENTREZID","8310","directed","Process(indirect)"
"ENTREZID","1962","ENTREZID","1892","directed","Process(indirect)"
"ENTREZID","1962","ENTREZID","26275","directed","Process(indirect)"
"ENTREZID","1962","ENTREZID","26275","undirected","Process(indirect)"
"ENTREZID","1962","ENTREZID","3030","directed","Process(indirect)"
"ENTREZID","1962","ENTREZID","35","directed","Process(indirect)"
"ENTREZID","1962","ENTREZID","51","directed","Process(indirect)"
"ENTREZID","1962","ENTREZID","8310","directed","Process(indirect)"
"ENTREZID","217","ENTREZID","18","directed","Process(indirect)"
"ENTREZID","217","ENTREZID","218","directed","Process(indirect)"
"ENTREZID","217","ENTREZID","221","directed","Process(indirect)"
"ENTREZID","217","ENTREZID","222","directed","Process(indirect)"
"ENTREZID","217","ENTREZID","2571","directed","Process(indirect)"
"ENTREZID","217","ENTREZID","2572","directed","Process(indirect)"
"ENTREZID","217","ENTREZID","314","directed","Process(indirect)"
"ENTREZID","217","ENTREZID","339896","directed","Process(indirect)"
"ENTREZID","217","ENTREZID","51380","directed","Process(indirect)"
"ENTREZID","217","ENTREZID","51733","directed","Process(indirect)"
"ENTREZID","217","ENTREZID","54498","directed","Process(indirect)"
"ENTREZID","217","ENTREZID","55748","directed","Process(indirect)"
"ENTREZID","217","ENTREZID","57571","directed","Process(indirect)"
"ENTREZID","217","ENTREZID","84735","directed","Process(indirect)"
"ENTREZID","217","ENTREZID","8639","directed","Process(indirect)"
"ENTREZID","218","ENTREZID","18","directed","Process(indirect)"
"ENTREZID","218","ENTREZID","217","directed","Process(indirect)"
"ENTREZID","218","ENTREZID","219","directed","Process(indirect)"
"ENTREZID","218","ENTREZID","223","directed","Process(indirect)"
"ENTREZID","218","ENTREZID","224","directed","Process(indirect)"
"ENTREZID","218","ENTREZID","2571","directed","Process(indirect)"
"ENTREZID","218","ENTREZID","2572","directed","Process(indirect)"
"ENTREZID","218","ENTREZID","314","directed","Process(indirect)"
"ENTREZID","218","ENTREZID","339896","directed","Process(indirect)"
"ENTREZID","218","ENTREZID","501","directed","Process(indirect)"
"ENTREZID","218","ENTREZID","51380","directed","Process(indirect)"
"ENTREZID","218","ENTREZID","51733","directed","Process(indirect)"
"ENTREZID","218","ENTREZID","54498","directed","Process(indirect)"
"ENTREZID","218","ENTREZID","55748","directed","Process(indirect)"
"ENTREZID","218","ENTREZID","57571","directed","Process(indirect)"
"ENTREZID","218","ENTREZID","84735","directed","Process(indirect)"
"ENTREZID","218","ENTREZID","8639","directed","Process(indirect)"
"ENTREZID","219","ENTREZID","18","directed","Process(indirect)"
"ENTREZID","219","ENTREZID","218","directed","Process(indirect)"
"ENTREZID","219","ENTREZID","221","directed","Process(indirect)"
"ENTREZID","219","ENTREZID","222","directed","Process(indirect)"
"ENTREZID","219","ENTREZID","2571","directed","Process(indirect)"
"ENTREZID","219","ENTREZID","2572","directed","Process(indirect)"
"ENTREZID","219","ENTREZID","314","directed","Process(indirect)"
"ENTREZID","219","ENTREZID","339896","directed","Process(indirect)"
"ENTREZID","219","ENTREZID","51380","directed","Process(indirect)"
"ENTREZID","219","ENTREZID","51733","directed","Process(indirect)"
"ENTREZID","219","ENTREZID","54498","directed","Process(indirect)"
"ENTREZID","219","ENTREZID","55748","directed","Process(indirect)"
"ENTREZID","219","ENTREZID","57571","directed","Process(indirect)"
"ENTREZID","219","ENTREZID","84735","directed","Process(indirect)"
"ENTREZID","219","ENTREZID","8639","directed","Process(indirect)"
"ENTREZID","221","ENTREZID","18","directed","Process(indirect)"
"ENTREZID","221","ENTREZID","217","directed","Process(indirect)"
"ENTREZID","221","ENTREZID","219","directed","Process(indirect)"
"ENTREZID","221","ENTREZID","223","directed","Process(indirect)"
"ENTREZID","221","ENTREZID","224","directed","Process(indirect)"
"ENTREZID","221","ENTREZID","2571","directed","Process(indirect)"
"ENTREZID","221","ENTREZID","2572","directed","Process(indirect)"
"ENTREZID","221","ENTREZID","314","directed","Process(indirect)"
"ENTREZID","221","ENTREZID","339896","directed","Process(indirect)"
"ENTREZID","221","ENTREZID","501","directed","Process(indirect)"
"ENTREZID","221","ENTREZID","51380","directed","Process(indirect)"
"ENTREZID","221","ENTREZID","51733","directed","Process(indirect)"
"ENTREZID","221","ENTREZID","54498","directed","Process(indirect)"
"ENTREZID","221","ENTREZID","55748","directed","Process(indirect)"
"ENTREZID","221","ENTREZID","57571","directed","Process(indirect)"
"ENTREZID","221","ENTREZID","84735","directed","Process(indirect)"
"ENTREZID","221","ENTREZID","8639","directed","Process(indirect)"
"ENTREZID","222","ENTREZID","18","directed","Process(indirect)"
"ENTREZID","222","ENTREZID","217","directed","Process(indirect)"
"ENTREZID","222","ENTREZID","219","directed","Process(indirect)"
"ENTREZID","222","ENTREZID","223","directed","Process(indirect)"
"ENTREZID","222","ENTREZID","224","directed","Process(indirect)"
"ENTREZID","222","ENTREZID","2571","directed","Process(indirect)"
"ENTREZID","222","ENTREZID","2572","directed","Process(indirect)"
"ENTREZID","222","ENTREZID","314","directed","Process(indirect)"
"ENTREZID","222","ENTREZID","339896","directed","Process(indirect)"
"ENTREZID","222","ENTREZID","501","directed","Process(indirect)"
"ENTREZID","222","ENTREZID","51380","directed","Process(indirect)"
"ENTREZID","222","ENTREZID","51733","directed","Process(indirect)"
"ENTREZID","222","ENTREZID","54498","directed","Process(indirect)"
"ENTREZID","222","ENTREZID","55748","directed","Process(indirect)"
"ENTREZID","222","ENTREZID","57571","directed","Process(indirect)"
"ENTREZID","222","ENTREZID","84735","directed","Process(indirect)"
"ENTREZID","222","ENTREZID","8639","directed","Process(indirect)"
"ENTREZID","223","ENTREZID","18","directed","Process(indirect)"
"ENTREZID","223","ENTREZID","218","directed","Process(indirect)"
"ENTREZID","223","ENTREZID","221","directed","Process(indirect)"
"ENTREZID","223","ENTREZID","222","directed","Process(indirect)"
"ENTREZID","223","ENTREZID","2571","directed","Process(indirect)"
"ENTREZID","223","ENTREZID","2572","directed","Process(indirect)"
"ENTREZID","223","ENTREZID","314","directed","Process(indirect)"
"ENTREZID","223","ENTREZID","339896","directed","Process(indirect)"
"ENTREZID","223","ENTREZID","51380","directed","Process(indirect)"
"ENTREZID","223","ENTREZID","51733","directed","Process(indirect)"
"ENTREZID","223","ENTREZID","54498","directed","Process(indirect)"
"ENTREZID","223","ENTREZID","55748","directed","Process(indirect)"
"ENTREZID","223","ENTREZID","57571","directed","Process(indirect)"
"ENTREZID","223","ENTREZID","84735","directed","Process(indirect)"
"ENTREZID","223","ENTREZID","8639","directed","Process(indirect)"
"ENTREZID","224","ENTREZID","18","directed","Process(indirect)"
"ENTREZID","224","ENTREZID","218","directed","Process(indirect)"
"ENTREZID","224","ENTREZID","221","directed","Process(indirect)"
"ENTREZID","224","ENTREZID","222","directed","Process(indirect)"
"ENTREZID","224","ENTREZID","2571","directed","Process(indirect)"
"ENTREZID","224","ENTREZID","2572","directed","Process(indirect)"
"ENTREZID","224","ENTREZID","314","directed","Process(indirect)"
"ENTREZID","224","ENTREZID","339896","directed","Process(indirect)"
"ENTREZID","224","ENTREZID","51380","directed","Process(indirect)"
"ENTREZID","224","ENTREZID","51733","directed","Process(indirect)"
"ENTREZID","224","ENTREZID","54498","directed","Process(indirect)"
"ENTREZID","224","ENTREZID","55748","directed","Process(indirect)"
"ENTREZID","224","ENTREZID","57571","directed","Process(indirect)"
"ENTREZID","224","ENTREZID","84735","directed","Process(indirect)"
"ENTREZID","224","ENTREZID","8639","directed","Process(indirect)"
"ENTREZID","23417","ENTREZID","4329","directed","Process(indirect)"
"ENTREZID","2571","ENTREZID","18","directed","Process(indirect)"
"ENTREZID","2571","ENTREZID","217","directed","Process(indirect)"
"ENTREZID","2571","ENTREZID","218","directed","Process(indirect)"
"ENTREZID","2571","ENTREZID","219","directed","Process(indirect)"
"ENTREZID","2571","ENTREZID","221","directed","Process(indirect)"
"ENTREZID","2571","ENTREZID","222","directed","Process(indirect)"
"ENTREZID","2571","ENTREZID","223","directed","Process(indirect)"
"ENTREZID","2571","ENTREZID","224","directed","Process(indirect)"
"ENTREZID","2571","ENTREZID","339896","directed","Process(indirect)"
"ENTREZID","2571","ENTREZID","501","directed","Process(indirect)"
"ENTREZID","2571","ENTREZID","51380","directed","Process(indirect)"
"ENTREZID","2571","ENTREZID","51733","directed","Process(indirect)"
"ENTREZID","2571","ENTREZID","55748","directed","Process(indirect)"
"ENTREZID","2571","ENTREZID","57571","directed","Process(indirect)"
"ENTREZID","2571","ENTREZID","84735","directed","Process(indirect)"
"ENTREZID","2572","ENTREZID","18","directed","Process(indirect)"
"ENTREZID","2572","ENTREZID","217","directed","Process(indirect)"
"ENTREZID","2572","ENTREZID","218","directed","Process(indirect)"
"ENTREZID","2572","ENTREZID","219","directed","Process(indirect)"
"ENTREZID","2572","ENTREZID","221","directed","Process(indirect)"
"ENTREZID","2572","ENTREZID","222","directed","Process(indirect)"
"ENTREZID","2572","ENTREZID","223","directed","Process(indirect)"
"ENTREZID","2572","ENTREZID","224","directed","Process(indirect)"
"ENTREZID","2572","ENTREZID","339896","directed","Process(indirect)"
"ENTREZID","2572","ENTREZID","501","directed","Process(indirect)"
"ENTREZID","2572","ENTREZID","51380","directed","Process(indirect)"
"ENTREZID","2572","ENTREZID","51733","directed","Process(indirect)"
"ENTREZID","2572","ENTREZID","55748","directed","Process(indirect)"
"ENTREZID","2572","ENTREZID","57571","directed","Process(indirect)"
"ENTREZID","2572","ENTREZID","84735","directed","Process(indirect)"
"ENTREZID","3030","ENTREZID","1892","directed","Process(indirect)"
"ENTREZID","3030","ENTREZID","1962","directed","Process(indirect)"
"ENTREZID","3030","ENTREZID","26275","directed","Process(indirect)"
"ENTREZID","3030","ENTREZID","26275","undirected","Process(indirect)"
"ENTREZID","3030","ENTREZID","35","directed","Process(indirect)"
"ENTREZID","3030","ENTREZID","51","directed","Process(indirect)"
"ENTREZID","3030","ENTREZID","8310","directed","Process(indirect)"
"ENTREZID","314","ENTREZID","217","directed","Process(indirect)"
"ENTREZID","314","ENTREZID","218","directed","Process(indirect)"
"ENTREZID","314","ENTREZID","219","directed","Process(indirect)"
"ENTREZID","314","ENTREZID","221","directed","Process(indirect)"
"ENTREZID","314","ENTREZID","222","directed","Process(indirect)"
"ENTREZID","314","ENTREZID","223","directed","Process(indirect)"
"ENTREZID","314","ENTREZID","224","directed","Process(indirect)"
"ENTREZID","314","ENTREZID","501","directed","Process(indirect)"
"ENTREZID","314","ENTREZID","54498","directed","Process(indirect)"
"ENTREZID","339896","ENTREZID","18","directed","Process(indirect)"
"ENTREZID","339896","ENTREZID","217","directed","Process(indirect)"
"ENTREZID","339896","ENTREZID","218","directed","Process(indirect)"
"ENTREZID","339896","ENTREZID","219","directed","Process(indirect)"
"ENTREZID","339896","ENTREZID","221","directed","Process(indirect)"
"ENTREZID","339896","ENTREZID","222","directed","Process(indirect)"
"ENTREZID","339896","ENTREZID","223","directed","Process(indirect)"
"ENTREZID","339896","ENTREZID","224","directed","Process(indirect)"
"ENTREZID","339896","ENTREZID","2571","directed","Process(indirect)"
"ENTREZID","339896","ENTREZID","2572","directed","Process(indirect)"
"ENTREZID","339896","ENTREZID","501","directed","Process(indirect)"
"ENTREZID","339896","ENTREZID","51733","directed","Process(indirect)"
"ENTREZID","339896","ENTREZID","55748","directed","Process(indirect)"
"ENTREZID","339896","ENTREZID","57571","directed","Process(indirect)"
"ENTREZID","339896","ENTREZID","84735","directed","Process(indirect)"
"ENTREZID","35","ENTREZID","1892","directed","Process(indirect)"
"ENTREZID","35","ENTREZID","1962","directed","Process(indirect)"
"ENTREZID","35","ENTREZID","3030","directed","Process(indirect)"
"ENTREZID","35","ENTREZID","51","directed","Process(indirect)"
"ENTREZID","35","ENTREZID","8310","directed","Process(indirect)"
"ENTREZID","4329","ENTREZID","18","directed","Process(indirect)"
"ENTREZID","501","ENTREZID","18","directed","Process(indirect)"
"ENTREZID","501","ENTREZID","218","directed","Process(indirect)"
"ENTREZID","501","ENTREZID","221","directed","Process(indirect)"
"ENTREZID","501","ENTREZID","222","directed","Process(indirect)"
"ENTREZID","501","ENTREZID","2571","directed","Process(indirect)"
"ENTREZID","501","ENTREZID","2572","directed","Process(indirect)"
"ENTREZID","501","ENTREZID","314","directed","Process(indirect)"
"ENTREZID","501","ENTREZID","339896","directed","Process(indirect)"
"ENTREZID","501","ENTREZID","51380","directed","Process(indirect)"
"ENTREZID","501","ENTREZID","51733","directed","Process(indirect)"
"ENTREZID","501","ENTREZID","54498","directed","Process(indirect)"
"ENTREZID","501","ENTREZID","55748","directed","Process(indirect)"
"ENTREZID","501","ENTREZID","57571","directed","Process(indirect)"
"ENTREZID","501","ENTREZID","84735","directed","Process(indirect)"
"ENTREZID","501","ENTREZID","8639","directed","Process(indirect)"
"ENTREZID","51","ENTREZID","1892","directed","Process(indirect)"
"ENTREZID","51","ENTREZID","1962","directed","Process(indirect)"
"ENTREZID","51","ENTREZID","3030","directed","Process(indirect)"
"ENTREZID","51","ENTREZID","35","undirected","Process(indirect)"
"ENTREZID","51","ENTREZID","8310","directed","Process(indirect)"
"ENTREZID","51380","ENTREZID","18","directed","Process(indirect)"
"ENTREZID","51380","ENTREZID","217","directed","Process(indirect)"
"ENTREZID","51380","ENTREZID","218","directed","Process(indirect)"
"ENTREZID","51380","ENTREZID","219","directed","Process(indirect)"
"ENTREZID","51380","ENTREZID","221","directed","Process(indirect)"
"ENTREZID","51380","ENTREZID","222","directed","Process(indirect)"
"ENTREZID","51380","ENTREZID","223","directed","Process(indirect)"
"ENTREZID","51380","ENTREZID","224","directed","Process(indirect)"
"ENTREZID","51380","ENTREZID","2571","directed","Process(indirect)"
"ENTREZID","51380","ENTREZID","2572","directed","Process(indirect)"
"ENTREZID","51380","ENTREZID","501","directed","Process(indirect)"
"ENTREZID","51380","ENTREZID","51733","directed","Process(indirect)"
"ENTREZID","51380","ENTREZID","55748","directed","Process(indirect)"
"ENTREZID","51380","ENTREZID","57571","directed","Process(indirect)"
"ENTREZID","51380","ENTREZID","84735","directed","Process(indirect)"
"ENTREZID","51733","ENTREZID","18","directed","Process(indirect)"
"ENTREZID","51733","ENTREZID","1807","directed","Process(indirect)"
"ENTREZID","51733","ENTREZID","1807","undirected","Process(indirect)"
"ENTREZID","51733","ENTREZID","217","directed","Process(indirect)"
"ENTREZID","51733","ENTREZID","218","directed","Process(indirect)"
"ENTREZID","51733","ENTREZID","219","directed","Process(indirect)"
"ENTREZID","51733","ENTREZID","221","directed","Process(indirect)"
"ENTREZID","51733","ENTREZID","222","directed","Process(indirect)"
"ENTREZID","51733","ENTREZID","223","directed","Process(indirect)"
"ENTREZID","51733","ENTREZID","224","directed","Process(indirect)"
"ENTREZID","51733","ENTREZID","2571","directed","Process(indirect)"
"ENTREZID","51733","ENTREZID","2572","directed","Process(indirect)"
"ENTREZID","51733","ENTREZID","339896","directed","Process(indirect)"
"ENTREZID","51733","ENTREZID","501","directed","Process(indirect)"
"ENTREZID","51733","ENTREZID","51380","directed","Process(indirect)"
"ENTREZID","51733","ENTREZID","55748","directed","Process(indirect)"
"ENTREZID","51733","ENTREZID","57571","directed","Process(indirect)"
"ENTREZID","51733","ENTREZID","57571","undirected","Process(indirect)"
"ENTREZID","51733","ENTREZID","84735","directed","Process(indirect)"
"ENTREZID","54498","ENTREZID","217","directed","Process(indirect)"
"ENTREZID","54498","ENTREZID","218","directed","Process(indirect)"
"ENTREZID","54498","ENTREZID","219","directed","Process(indirect)"
"ENTREZID","54498","ENTREZID","221","directed","Process(indirect)"
"ENTREZID","54498","ENTREZID","222","directed","Process(indirect)"
"ENTREZID","54498","ENTREZID","223","directed","Process(indirect)"
"ENTREZID","54498","ENTREZID","224","directed","Process(indirect)"
"ENTREZID","54498","ENTREZID","314","directed","Process(indirect)"
"ENTREZID","54498","ENTREZID","501","directed","Process(indirect)"
"ENTREZID","54498","ENTREZID","8639","directed","Process(indirect)"
"ENTREZID","55748","ENTREZID","18","directed","Process(indirect)"
"ENTREZID","55748","ENTREZID","217","directed","Process(indirect)"
"ENTREZID","55748","ENTREZID","218","directed","Process(indirect)"
"ENTREZID","55748","ENTREZID","219","directed","Process(indirect)"
"ENTREZID","55748","ENTREZID","221","directed","Process(indirect)"
"ENTREZID","55748","ENTREZID","222","directed","Process(indirect)"
"ENTREZID","55748","ENTREZID","223","directed","Process(indirect)"
"ENTREZID","55748","ENTREZID","224","directed","Process(indirect)"
"ENTREZID","55748","ENTREZID","2571","directed","Process(indirect)"
"ENTREZID","55748","ENTREZID","2572","directed","Process(indirect)"
"ENTREZID","55748","ENTREZID","339896","directed","Process(indirect)"
"ENTREZID","55748","ENTREZID","501","directed","Process(indirect)"
"ENTREZID","55748","ENTREZID","51380","directed","Process(indirect)"
"ENTREZID","55748","ENTREZID","51733","directed","Process(indirect)"
"ENTREZID","55748","ENTREZID","57571","directed","Process(indirect)"
"ENTREZID","55748","ENTREZID","84735","directed","Process(indirect)"
"ENTREZID","57571","ENTREZID","18","directed","Process(indirect)"
"ENTREZID","57571","ENTREZID","217","directed","Process(indirect)"
"ENTREZID","57571","ENTREZID","218","directed","Process(indirect)"
"ENTREZID","57571","ENTREZID","219","directed","Process(indirect)"
"ENTREZID","57571","ENTREZID","221","directed","Process(indirect)"
"ENTREZID","57571","ENTREZID","222","directed","Process(indirect)"
"ENTREZID","57571","ENTREZID","223","directed","Process(indirect)"
"ENTREZID","57571","ENTREZID","224","directed","Process(indirect)"
"ENTREZID","57571","ENTREZID","2571","directed","Process(indirect)"
"ENTREZID","57571","ENTREZID","2572","directed","Process(indirect)"
"ENTREZID","57571","ENTREZID","339896","directed","Process(indirect)"
"ENTREZID","57571","ENTREZID","501","directed","Process(indirect)"
"ENTREZID","57571","ENTREZID","51380","directed","Process(indirect)"
"ENTREZID","57571","ENTREZID","51733","directed","Process(indirect)"
"ENTREZID","57571","ENTREZID","55748","directed","Process(indirect)"
"ENTREZID","57571","ENTREZID","84735","directed","Process(indirect)"
"ENTREZID","8310","ENTREZID","1892","directed","Process(indirect)"
"ENTREZID","8310","ENTREZID","1962","directed","Process(indirect)"
"ENTREZID","8310","ENTREZID","3030","directed","Process(indirect)"
"ENTREZID","8310","ENTREZID","35","undirected","Process(indirect)"
"ENTREZID","8310","ENTREZID","51","directed","Process(indirect)"
"ENTREZID","84735","ENTREZID","18","directed","Process(indirect)"
"ENTREZID","84735","ENTREZID","217","directed","Process(indirect)"
"ENTREZID","84735","ENTREZID","218","directed","Process(indirect)"
"ENTREZID","84735","ENTREZID","219","directed","Process(indirect)"
"ENTREZID","84735","ENTREZID","221","directed","Process(indirect)"
"ENTREZID","84735","ENTREZID","222","directed","Process(indirect)"
"ENTREZID","84735","ENTREZID","223","directed","Process(indirect)"
"ENTREZID","84735","ENTREZID","224","directed","Process(indirect)"
"ENTREZID","84735","ENTREZID","2571","directed","Process(indirect)"
"ENTREZID","84735","ENTREZID","2572","directed","Process(indirect)"
"ENTREZID","84735","ENTREZID","339896","directed","Process(indirect)"
"ENTREZID","84735","ENTREZID","501","directed","Process(indirect)"
"ENTREZID","84735","ENTREZID","51380","directed","Process(indirect)"
"ENTREZID","84735","ENTREZID","51733","directed","Process(indirect)"
"ENTREZID","84735","ENTREZID","55748","directed","Process(indirect)"
"ENTREZID","84735","ENTREZID","57571","directed","Process(indirect)"
"ENTREZID","8639","ENTREZID","217","directed","Process(indirect)"
"ENTREZID","8639","ENTREZID","218","directed","Process(indirect)"
"ENTREZID","8639","ENTREZID","219","directed","Process(indirect)"
"ENTREZID","8639","ENTREZID","221","directed","Process(indirect)"
"ENTREZID","8639","ENTREZID","222","directed","Process(indirect)"
"ENTREZID","8639","ENTREZID","223","directed","Process(indirect)"
"ENTREZID","8639","ENTREZID","224","directed","Process(indirect)"
"ENTREZID","8639","ENTREZID","501","directed","Process(indirect)"
"ENTREZID","8639","ENTREZID","54498","directed","Process(indirect)"
