"src_type","src","dest_type","dest","direction","type"
"ENTREZID","1535","ENTREZID","4790","directed","Process(indirect)"
"ENTREZID","1535","ENTREZID","5970","directed","Process(indirect)"
"ENTREZID","1535","ENTREZID","6714","directed","Process(indirect)"
"ENTREZID","1536","ENTREZID","4790","directed","Process(indirect)"
"ENTREZID","1536","ENTREZID","5970","directed","Process(indirect)"
"ENTREZID","1536","ENTREZID","6714","directed","Process(indirect)"
"ENTREZID","177","ENTREZID","4790","directed","Process(indirect)"
"ENTREZID","177","ENTREZID","5970","directed","Process(indirect)"
"ENTREZID","177","ENTREZID","6714","directed","Process(indirect)"
"ENTREZID","23236","ENTREZID","163688","directed","Process(indirect)"
"ENTREZID","23236","ENTREZID","51806","directed","Process(indirect)"
"ENTREZID","23236","ENTREZID","801","directed","Process(indirect)"
"ENTREZID","23236","ENTREZID","805","directed","Process(indirect)"
"ENTREZID","23236","ENTREZID","808","directed","Process(indirect)"
"ENTREZID","23236","ENTREZID","810","directed","Process(indirect)"
"ENTREZID","23236","ENTREZID","815","directed","Process(indirect)"
"ENTREZID","23236","ENTREZID","816","directed","Process(indirect)"
"ENTREZID","23236","ENTREZID","817","directed","Process(indirect)"
"ENTREZID","23236","ENTREZID","818","directed","Process(indirect)"
"ENTREZID","23236","ENTREZID","91860","directed","Process(indirect)"
"ENTREZID","27035","ENTREZID","4790","directed","Process(indirect)"
"ENTREZID","27035","ENTREZID","5970","directed","Process(indirect)"
"ENTREZID","27035","ENTREZID","6714","directed","Process(indirect)"
"ENTREZID","4688","ENTREZID","4790","directed","Process(indirect)"
"ENTREZID","4688","ENTREZID","5970","directed","Process(indirect)"
"ENTREZID","4688","ENTREZID","6714","directed","Process(indirect)"
"ENTREZID","4689","ENTREZID","4790","directed","Process(indirect)"
"ENTREZID","4689","ENTREZID","5970","directed","Process(indirect)"
"ENTREZID","4689","ENTREZID","6714","directed","Process(indirect)"
"ENTREZID","5290","ENTREZID","10000","directed","Process(indirect)"
"ENTREZID","5290","ENTREZID","207","directed","Process(indirect)"
"ENTREZID","5290","ENTREZID","208","directed","Process(indirect)"
"ENTREZID","5290","ENTREZID","23236","directed","Process(indirect)"
"ENTREZID","5290","ENTREZID","5170","directed","Process(indirect)"
"ENTREZID","5290","ENTREZID","5330","directed","Process(indirect)"
"ENTREZID","5290","ENTREZID","5331","directed","Process(indirect)"
"ENTREZID","5290","ENTREZID","5332","directed","Process(indirect)"
"ENTREZID","5290","ENTREZID","5335","directed","Process(indirect)"
"ENTREZID","5291","ENTREZID","10000","directed","Process(indirect)"
"ENTREZID","5291","ENTREZID","207","directed","Process(indirect)"
"ENTREZID","5291","ENTREZID","208","directed","Process(indirect)"
"ENTREZID","5291","ENTREZID","23236","directed","Process(indirect)"
"ENTREZID","5291","ENTREZID","5170","directed","Process(indirect)"
"ENTREZID","5291","ENTREZID","5330","directed","Process(indirect)"
"ENTREZID","5291","ENTREZID","5331","directed","Process(indirect)"
"ENTREZID","5291","ENTREZID","5332","directed","Process(indirect)"
"ENTREZID","5291","ENTREZID","5335","directed","Process(indirect)"
"ENTREZID","5293","ENTREZID","10000","directed","Process(indirect)"
"ENTREZID","5293","ENTREZID","207","directed","Process(indirect)"
"ENTREZID","5293","ENTREZID","208","directed","Process(indirect)"
"ENTREZID","5293","ENTREZID","23236","directed","Process(indirect)"
"ENTREZID","5293","ENTREZID","5170","directed","Process(indirect)"
"ENTREZID","5293","ENTREZID","5330","directed","Process(indirect)"
"ENTREZID","5293","ENTREZID","5331","directed","Process(indirect)"
"ENTREZID","5293","ENTREZID","5332","directed","Process(indirect)"
"ENTREZID","5293","ENTREZID","5335","directed","Process(indirect)"
"ENTREZID","5295","ENTREZID","10000","directed","Process(indirect)"
"ENTREZID","5295","ENTREZID","207","directed","Process(indirect)"
"ENTREZID","5295","ENTREZID","208","directed","Process(indirect)"
"ENTREZID","5295","ENTREZID","23236","directed","Process(indirect)"
"ENTREZID","5295","ENTREZID","5170","directed","Process(indirect)"
"ENTREZID","5295","ENTREZID","5330","directed","Process(indirect)"
"ENTREZID","5295","ENTREZID","5331","directed","Process(indirect)"
"ENTREZID","5295","ENTREZID","5332","directed","Process(indirect)"
"ENTREZID","5295","ENTREZID","5335","directed","Process(indirect)"
"ENTREZID","5296","ENTREZID","10000","directed","Process(indirect)"
"ENTREZID","5296","ENTREZID","207","directed","Process(indirect)"
"ENTREZID","5296","ENTREZID","208","directed","Process(indirect)"
"ENTREZID","5296","ENTREZID","23236","directed","Process(indirect)"
"ENTREZID","5296","ENTREZID","5170","directed","Process(indirect)"
"ENTREZID","5296","ENTREZID","5330","directed","Process(indirect)"
"ENTREZID","5296","ENTREZID","5331","directed","Process(indirect)"
"ENTREZID","5296","ENTREZID","5332","directed","Process(indirect)"
"ENTREZID","5296","ENTREZID","5335","directed","Process(indirect)"
"ENTREZID","5330","ENTREZID","163688","directed","Process(indirect)"
"ENTREZID","5330","ENTREZID","51806","directed","Process(indirect)"
"ENTREZID","5330","ENTREZID","801","directed","Process(indirect)"
"ENTREZID","5330","ENTREZID","805","directed","Process(indirect)"
"ENTREZID","5330","ENTREZID","808","directed","Process(indirect)"
"ENTREZID","5330","ENTREZID","810","directed","Process(indirect)"
"ENTREZID","5330","ENTREZID","815","directed","Process(indirect)"
"ENTREZID","5330","ENTREZID","816","directed","Process(indirect)"
"ENTREZID","5330","ENTREZID","817","directed","Process(indirect)"
"ENTREZID","5330","ENTREZID","818","directed","Process(indirect)"
"ENTREZID","5330","ENTREZID","91860","directed","Process(indirect)"
"ENTREZID","5331","ENTREZID","163688","directed","Process(indirect)"
"ENTREZID","5331","ENTREZID","51806","directed","Process(indirect)"
"ENTREZID","5331","ENTREZID","801","directed","Process(indirect)"
"ENTREZID","5331","ENTREZID","805","directed","Process(indirect)"
"ENTREZID","5331","ENTREZID","808","directed","Process(indirect)"
"ENTREZID","5331","ENTREZID","810","directed","Process(indirect)"
"ENTREZID","5331","ENTREZID","815","directed","Process(indirect)"
"ENTREZID","5331","ENTREZID","816","directed","Process(indirect)"
"ENTREZID","5331","ENTREZID","817","directed","Process(indirect)"
"ENTREZID","5331","ENTREZID","818","directed","Process(indirect)"
"ENTREZID","5331","ENTREZID","91860","directed","Process(indirect)"
"ENTREZID","5332","ENTREZID","163688","directed","Process(indirect)"
"ENTREZID","5332","ENTREZID","51806","directed","Process(indirect)"
"ENTREZID","5332","ENTREZID","801","directed","Process(indirect)"
"ENTREZID","5332","ENTREZID","805","directed","Process(indirect)"
"ENTREZID","5332","ENTREZID","808","directed","Process(indirect)"
"ENTREZID","5332","ENTREZID","810","directed","Process(indirect)"
"ENTREZID","5332","ENTREZID","815","directed","Process(indirect)"
"ENTREZID","5332","ENTREZID","816","directed","Process(indirect)"
"ENTREZID","5332","ENTREZID","817","directed","Process(indirect)"
"ENTREZID","5332","ENTREZID","818","directed","Process(indirect)"
"ENTREZID","5332","ENTREZID","91860","directed","Process(indirect)"
"ENTREZID","5335","ENTREZID","163688","directed","Process(indirect)"
"ENTREZID","5335","ENTREZID","51806","directed","Process(indirect)"
"ENTREZID","5335","ENTREZID","801","directed","Process(indirect)"
"ENTREZID","5335","ENTREZID","805","directed","Process(indirect)"
"ENTREZID","5335","ENTREZID","808","directed","Process(indirect)"
"ENTREZID","5335","ENTREZID","810","directed","Process(indirect)"
"ENTREZID","5335","ENTREZID","815","directed","Process(indirect)"
"ENTREZID","5335","ENTREZID","816","directed","Process(indirect)"
"ENTREZID","5335","ENTREZID","817","directed","Process(indirect)"
"ENTREZID","5335","ENTREZID","818","directed","Process(indirect)"
"ENTREZID","5335","ENTREZID","91860","directed","Process(indirect)"
"ENTREZID","5879","ENTREZID","4790","directed","Process(indirect)"
"ENTREZID","5879","ENTREZID","5970","directed","Process(indirect)"
"ENTREZID","653361","ENTREZID","4790","directed","Process(indirect)"
"ENTREZID","653361","ENTREZID","5970","directed","Process(indirect)"
"ENTREZID","653361","ENTREZID","6714","directed","Process(indirect)"
"ENTREZID","815","ENTREZID","4790","directed","Process(indirect)"
"ENTREZID","815","ENTREZID","5970","directed","Process(indirect)"
"ENTREZID","815","ENTREZID","6714","directed","Process(indirect)"
"ENTREZID","816","ENTREZID","4790","directed","Process(indirect)"
"ENTREZID","816","ENTREZID","5970","directed","Process(indirect)"
"ENTREZID","816","ENTREZID","6714","directed","Process(indirect)"
"ENTREZID","817","ENTREZID","4790","directed","Process(indirect)"
"ENTREZID","817","ENTREZID","5970","directed","Process(indirect)"
"ENTREZID","817","ENTREZID","6714","directed","Process(indirect)"
"ENTREZID","818","ENTREZID","4790","directed","Process(indirect)"
"ENTREZID","818","ENTREZID","5970","directed","Process(indirect)"
"ENTREZID","818","ENTREZID","6714","directed","Process(indirect)"
"ENTREZID","8503","ENTREZID","10000","directed","Process(indirect)"
"ENTREZID","8503","ENTREZID","207","directed","Process(indirect)"
"ENTREZID","8503","ENTREZID","208","directed","Process(indirect)"
"ENTREZID","8503","ENTREZID","23236","directed","Process(indirect)"
"ENTREZID","8503","ENTREZID","5170","directed","Process(indirect)"
"ENTREZID","8503","ENTREZID","5330","directed","Process(indirect)"
"ENTREZID","8503","ENTREZID","5331","directed","Process(indirect)"
"ENTREZID","8503","ENTREZID","5332","directed","Process(indirect)"
"ENTREZID","8503","ENTREZID","5335","directed","Process(indirect)"
