"src_type","src","dest_type","dest","direction","type"
"ENTREZID","10587","ENTREZID","1491","directed","Process(indirect)"
"ENTREZID","10587","ENTREZID","22928","directed","Process(indirect)"
"ENTREZID","10587","ENTREZID","22929","directed","Process(indirect)"
"ENTREZID","10587","ENTREZID","51540","directed","Process(indirect)"
"ENTREZID","10587","ENTREZID","56267","directed","Process(indirect)"
"ENTREZID","10587","ENTREZID","883","directed","Process(indirect)"
"ENTREZID","114112","ENTREZID","1491","directed","Process(indirect)"
"ENTREZID","114112","ENTREZID","22928","directed","Process(indirect)"
"ENTREZID","114112","ENTREZID","22929","directed","Process(indirect)"
"ENTREZID","114112","ENTREZID","51540","directed","Process(indirect)"
"ENTREZID","114112","ENTREZID","56267","directed","Process(indirect)"
"ENTREZID","114112","ENTREZID","883","directed","Process(indirect)"
"ENTREZID","118672","ENTREZID","51091","directed","Process(indirect)"
"ENTREZID","1491","ENTREZID","10587","directed","Process(indirect)"
"ENTREZID","1491","ENTREZID","114112","directed","Process(indirect)"
"ENTREZID","1491","ENTREZID","56267","directed","Process(indirect)"
"ENTREZID","1491","ENTREZID","7296","directed","Process(indirect)"
"ENTREZID","1491","ENTREZID","883","directed","Process(indirect)"
"ENTREZID","22928","ENTREZID","51091","directed","Process(indirect)"
"ENTREZID","22928","ENTREZID","51540","directed","Process(indirect)"
"ENTREZID","22929","ENTREZID","51091","directed","Process(indirect)"
"ENTREZID","22929","ENTREZID","51540","directed","Process(indirect)"
"ENTREZID","4141","ENTREZID","1491","directed","Process(indirect)"
"ENTREZID","4141","ENTREZID","4548","directed","Process(indirect)"
"ENTREZID","4548","ENTREZID","1491","directed","Process(indirect)"
"ENTREZID","4548","ENTREZID","4141","directed","Process(indirect)"
"ENTREZID","4548","ENTREZID","56267","directed","Process(indirect)"
"ENTREZID","4548","ENTREZID","883","directed","Process(indirect)"
"ENTREZID","4548","ENTREZID","92935","directed","Process(indirect)"
"ENTREZID","51091","ENTREZID","118672","directed","Process(indirect)"
"ENTREZID","51091","ENTREZID","22928","directed","Process(indirect)"
"ENTREZID","51091","ENTREZID","22929","directed","Process(indirect)"
"ENTREZID","51540","ENTREZID","22928","directed","Process(indirect)"
"ENTREZID","51540","ENTREZID","22929","directed","Process(indirect)"
"ENTREZID","56267","ENTREZID","10587","directed","Process(indirect)"
"ENTREZID","56267","ENTREZID","114112","directed","Process(indirect)"
"ENTREZID","56267","ENTREZID","1491","directed","Process(indirect)"
"ENTREZID","56267","ENTREZID","4548","directed","Process(indirect)"
"ENTREZID","56267","ENTREZID","7296","directed","Process(indirect)"
"ENTREZID","7296","ENTREZID","1491","directed","Process(indirect)"
"ENTREZID","7296","ENTREZID","22928","directed","Process(indirect)"
"ENTREZID","7296","ENTREZID","22929","directed","Process(indirect)"
"ENTREZID","7296","ENTREZID","51540","directed","Process(indirect)"
"ENTREZID","7296","ENTREZID","56267","directed","Process(indirect)"
"ENTREZID","7296","ENTREZID","883","directed","Process(indirect)"
"ENTREZID","883","ENTREZID","10587","directed","Process(indirect)"
"ENTREZID","883","ENTREZID","114112","directed","Process(indirect)"
"ENTREZID","883","ENTREZID","1491","directed","Process(indirect)"
"ENTREZID","883","ENTREZID","4548","directed","Process(indirect)"
"ENTREZID","883","ENTREZID","7296","directed","Process(indirect)"
"ENTREZID","92935","ENTREZID","1491","directed","Process(indirect)"
"ENTREZID","92935","ENTREZID","4548","directed","Process(indirect)"
