"src_type","src","dest_type","dest","direction","type"
"ENTREZID","10195","ENTREZID","440138","directed","Process(indirect)"
"ENTREZID","10195","ENTREZID","54344","directed","Process(indirect)"
"ENTREZID","10195","ENTREZID","8813","directed","Process(indirect)"
"ENTREZID","10195","ENTREZID","8818","directed","Process(indirect)"
"ENTREZID","11282","ENTREZID","146664","directed","Process(indirect)"
"ENTREZID","11282","ENTREZID","4249","directed","Process(indirect)"
"ENTREZID","11320","ENTREZID","146664","directed","Process(indirect)"
"ENTREZID","11320","ENTREZID","4249","directed","Process(indirect)"
"ENTREZID","144245","ENTREZID","1603","directed","Process(indirect)"
"ENTREZID","144245","ENTREZID","1650","directed","Process(indirect)"
"ENTREZID","144245","ENTREZID","201595","directed","Process(indirect)"
"ENTREZID","144245","ENTREZID","3703","directed","Process(indirect)"
"ENTREZID","144245","ENTREZID","6184","directed","Process(indirect)"
"ENTREZID","144245","ENTREZID","6185","directed","Process(indirect)"
"ENTREZID","144245","ENTREZID","7991","directed","Process(indirect)"
"ENTREZID","146664","ENTREZID","11282","directed","Process(indirect)"
"ENTREZID","146664","ENTREZID","11320","directed","Process(indirect)"
"ENTREZID","146664","ENTREZID","152586","directed","Process(indirect)"
"ENTREZID","146664","ENTREZID","25834","directed","Process(indirect)"
"ENTREZID","152586","ENTREZID","146664","directed","Process(indirect)"
"ENTREZID","152586","ENTREZID","4249","directed","Process(indirect)"
"ENTREZID","1603","ENTREZID","57171","directed","Process(indirect)"
"ENTREZID","1603","ENTREZID","7841","directed","Process(indirect)"
"ENTREZID","1650","ENTREZID","57171","directed","Process(indirect)"
"ENTREZID","1650","ENTREZID","7841","directed","Process(indirect)"
"ENTREZID","1798","ENTREZID","199857","directed","Process(indirect)"
"ENTREZID","1798","ENTREZID","22845","directed","Process(indirect)"
"ENTREZID","1798","ENTREZID","29880","directed","Process(indirect)"
"ENTREZID","1798","ENTREZID","54344","directed","Process(indirect)"
"ENTREZID","1798","ENTREZID","79868","directed","Process(indirect)"
"ENTREZID","1798","ENTREZID","8813","directed","Process(indirect)"
"ENTREZID","1798","ENTREZID","8818","directed","Process(indirect)"
"ENTREZID","199857","ENTREZID","56052","directed","Process(indirect)"
"ENTREZID","201595","ENTREZID","57171","directed","Process(indirect)"
"ENTREZID","201595","ENTREZID","7841","directed","Process(indirect)"
"ENTREZID","22845","ENTREZID","1798","directed","Process(indirect)"
"ENTREZID","22845","ENTREZID","29880","directed","Process(indirect)"
"ENTREZID","22845","ENTREZID","54344","directed","Process(indirect)"
"ENTREZID","22845","ENTREZID","8813","directed","Process(indirect)"
"ENTREZID","22845","ENTREZID","8818","directed","Process(indirect)"
"ENTREZID","23193","ENTREZID","11253","directed","Process(indirect)"
"ENTREZID","23193","ENTREZID","7841","directed","Process(indirect)"
"ENTREZID","2530","ENTREZID","11282","directed","Process(indirect)"
"ENTREZID","2530","ENTREZID","11320","directed","Process(indirect)"
"ENTREZID","2530","ENTREZID","152586","directed","Process(indirect)"
"ENTREZID","2530","ENTREZID","2683","directed","Process(indirect)"
"ENTREZID","2530","ENTREZID","4247","directed","Process(indirect)"
"ENTREZID","2530","ENTREZID","4248","directed","Process(indirect)"
"ENTREZID","2530","ENTREZID","8703","directed","Process(indirect)"
"ENTREZID","2530","ENTREZID","8704","directed","Process(indirect)"
"ENTREZID","2683","ENTREZID","6480","directed","Process(indirect)"
"ENTREZID","2683","ENTREZID","84620","directed","Process(indirect)"
"ENTREZID","29880","ENTREZID","1798","directed","Process(indirect)"
"ENTREZID","29880","ENTREZID","22845","directed","Process(indirect)"
"ENTREZID","29880","ENTREZID","29929","directed","Process(indirect)"
"ENTREZID","29880","ENTREZID","54344","directed","Process(indirect)"
"ENTREZID","29880","ENTREZID","8813","directed","Process(indirect)"
"ENTREZID","29880","ENTREZID","8818","directed","Process(indirect)"
"ENTREZID","29929","ENTREZID","29880","directed","Process(indirect)"
"ENTREZID","29929","ENTREZID","79796","directed","Process(indirect)"
"ENTREZID","3703","ENTREZID","57171","directed","Process(indirect)"
"ENTREZID","3703","ENTREZID","7841","directed","Process(indirect)"
"ENTREZID","4122","ENTREZID","4245","directed","Process(indirect)"
"ENTREZID","4122","ENTREZID","4247","directed","Process(indirect)"
"ENTREZID","4124","ENTREZID","4245","directed","Process(indirect)"
"ENTREZID","4124","ENTREZID","4247","directed","Process(indirect)"
"ENTREZID","4245","ENTREZID","4122","directed","Process(indirect)"
"ENTREZID","4245","ENTREZID","4124","directed","Process(indirect)"
"ENTREZID","4247","ENTREZID","11282","directed","Process(indirect)"
"ENTREZID","4247","ENTREZID","11320","directed","Process(indirect)"
"ENTREZID","4247","ENTREZID","152586","directed","Process(indirect)"
"ENTREZID","4247","ENTREZID","2530","directed","Process(indirect)"
"ENTREZID","4247","ENTREZID","4122","directed","Process(indirect)"
"ENTREZID","4247","ENTREZID","4124","directed","Process(indirect)"
"ENTREZID","4247","ENTREZID","4248","directed","Process(indirect)"
"ENTREZID","4248","ENTREZID","11282","directed","Process(indirect)"
"ENTREZID","4248","ENTREZID","11320","directed","Process(indirect)"
"ENTREZID","4248","ENTREZID","152586","directed","Process(indirect)"
"ENTREZID","4248","ENTREZID","2530","directed","Process(indirect)"
"ENTREZID","4248","ENTREZID","4247","directed","Process(indirect)"
"ENTREZID","4249","ENTREZID","11282","directed","Process(indirect)"
"ENTREZID","4249","ENTREZID","11320","directed","Process(indirect)"
"ENTREZID","4249","ENTREZID","152586","directed","Process(indirect)"
"ENTREZID","4249","ENTREZID","25834","directed","Process(indirect)"
"ENTREZID","440138","ENTREZID","10195","directed","Process(indirect)"
"ENTREZID","440138","ENTREZID","85365","directed","Process(indirect)"
"ENTREZID","54344","ENTREZID","10195","directed","Process(indirect)"
"ENTREZID","54344","ENTREZID","1798","directed","Process(indirect)"
"ENTREZID","54344","ENTREZID","22845","directed","Process(indirect)"
"ENTREZID","54344","ENTREZID","29880","directed","Process(indirect)"
"ENTREZID","56052","ENTREZID","199857","directed","Process(indirect)"
"ENTREZID","56052","ENTREZID","54344","directed","Process(indirect)"
"ENTREZID","56052","ENTREZID","79868","directed","Process(indirect)"
"ENTREZID","56052","ENTREZID","85365","directed","Process(indirect)"
"ENTREZID","56052","ENTREZID","8813","directed","Process(indirect)"
"ENTREZID","56052","ENTREZID","8818","directed","Process(indirect)"
"ENTREZID","57171","ENTREZID","1603","directed","Process(indirect)"
"ENTREZID","57171","ENTREZID","1650","directed","Process(indirect)"
"ENTREZID","57171","ENTREZID","1798","directed","Process(indirect)"
"ENTREZID","57171","ENTREZID","201595","directed","Process(indirect)"
"ENTREZID","57171","ENTREZID","22845","directed","Process(indirect)"
"ENTREZID","57171","ENTREZID","29880","directed","Process(indirect)"
"ENTREZID","57171","ENTREZID","3703","directed","Process(indirect)"
"ENTREZID","57171","ENTREZID","54344","directed","Process(indirect)"
"ENTREZID","57171","ENTREZID","6184","directed","Process(indirect)"
"ENTREZID","57171","ENTREZID","6185","directed","Process(indirect)"
"ENTREZID","57171","ENTREZID","7991","directed","Process(indirect)"
"ENTREZID","57171","ENTREZID","8813","directed","Process(indirect)"
"ENTREZID","57171","ENTREZID","8818","directed","Process(indirect)"
"ENTREZID","6184","ENTREZID","57171","directed","Process(indirect)"
"ENTREZID","6184","ENTREZID","7841","directed","Process(indirect)"
"ENTREZID","6185","ENTREZID","57171","directed","Process(indirect)"
"ENTREZID","6185","ENTREZID","7841","directed","Process(indirect)"
"ENTREZID","7841","ENTREZID","1603","directed","Process(indirect)"
"ENTREZID","7841","ENTREZID","1650","directed","Process(indirect)"
"ENTREZID","7841","ENTREZID","201595","directed","Process(indirect)"
"ENTREZID","7841","ENTREZID","23193","directed","Process(indirect)"
"ENTREZID","7841","ENTREZID","3703","directed","Process(indirect)"
"ENTREZID","7841","ENTREZID","6184","directed","Process(indirect)"
"ENTREZID","7841","ENTREZID","6185","directed","Process(indirect)"
"ENTREZID","7841","ENTREZID","7991","directed","Process(indirect)"
"ENTREZID","79644","ENTREZID","22845","directed","Process(indirect)"
"ENTREZID","79796","ENTREZID","29929","directed","Process(indirect)"
"ENTREZID","79868","ENTREZID","56052","directed","Process(indirect)"
"ENTREZID","7991","ENTREZID","57171","directed","Process(indirect)"
"ENTREZID","7991","ENTREZID","7841","directed","Process(indirect)"
"ENTREZID","84920","ENTREZID","1603","directed","Process(indirect)"
"ENTREZID","84920","ENTREZID","1650","directed","Process(indirect)"
"ENTREZID","84920","ENTREZID","201595","directed","Process(indirect)"
"ENTREZID","84920","ENTREZID","3703","directed","Process(indirect)"
"ENTREZID","84920","ENTREZID","6184","directed","Process(indirect)"
"ENTREZID","84920","ENTREZID","6185","directed","Process(indirect)"
"ENTREZID","84920","ENTREZID","7991","directed","Process(indirect)"
"ENTREZID","85365","ENTREZID","440138","directed","Process(indirect)"
"ENTREZID","85365","ENTREZID","56052","directed","Process(indirect)"
"ENTREZID","8703","ENTREZID","6480","directed","Process(indirect)"
"ENTREZID","8703","ENTREZID","84620","directed","Process(indirect)"
"ENTREZID","8704","ENTREZID","6480","directed","Process(indirect)"
"ENTREZID","8704","ENTREZID","84620","directed","Process(indirect)"
"ENTREZID","8813","ENTREZID","10195","directed","Process(indirect)"
"ENTREZID","8813","ENTREZID","1798","directed","Process(indirect)"
"ENTREZID","8813","ENTREZID","22845","directed","Process(indirect)"
"ENTREZID","8813","ENTREZID","29880","directed","Process(indirect)"
"ENTREZID","8818","ENTREZID","10195","directed","Process(indirect)"
"ENTREZID","8818","ENTREZID","1798","directed","Process(indirect)"
"ENTREZID","8818","ENTREZID","22845","directed","Process(indirect)"
"ENTREZID","8818","ENTREZID","29880","directed","Process(indirect)"
