"src_type","src","dest_type","dest","direction","type"
"ENTREZID","100528030","ENTREZID","192134","directed","Process(indirect)"
"ENTREZID","100528030","ENTREZID","2650","directed","Process(indirect)"
"ENTREZID","100528030","ENTREZID","29071","directed","Process(indirect)"
"ENTREZID","100528030","ENTREZID","55808","directed","Process(indirect)"
"ENTREZID","100528030","ENTREZID","56913","directed","Process(indirect)"
"ENTREZID","100528030","ENTREZID","728819","directed","Process(indirect)"
"ENTREZID","10331","ENTREZID","10610","directed","Process(indirect)"
"ENTREZID","10331","ENTREZID","2650","directed","Process(indirect)"
"ENTREZID","10331","ENTREZID","29071","directed","Process(indirect)"
"ENTREZID","10331","ENTREZID","51301","directed","Process(indirect)"
"ENTREZID","10331","ENTREZID","55808","directed","Process(indirect)"
"ENTREZID","10331","ENTREZID","56913","directed","Process(indirect)"
"ENTREZID","10331","ENTREZID","6482","directed","Process(indirect)"
"ENTREZID","10331","ENTREZID","6483","directed","Process(indirect)"
"ENTREZID","10331","ENTREZID","728819","directed","Process(indirect)"
"ENTREZID","10331","ENTREZID","9245","directed","Process(indirect)"
"ENTREZID","10610","ENTREZID","10331","directed","Process(indirect)"
"ENTREZID","10610","ENTREZID","256435","directed","Process(indirect)"
"ENTREZID","10610","ENTREZID","2650","directed","Process(indirect)"
"ENTREZID","10610","ENTREZID","27090","directed","Process(indirect)"
"ENTREZID","10610","ENTREZID","29071","directed","Process(indirect)"
"ENTREZID","10610","ENTREZID","51301","directed","Process(indirect)"
"ENTREZID","10610","ENTREZID","56913","directed","Process(indirect)"
"ENTREZID","10610","ENTREZID","6482","directed","Process(indirect)"
"ENTREZID","10610","ENTREZID","6483","directed","Process(indirect)"
"ENTREZID","10610","ENTREZID","728819","directed","Process(indirect)"
"ENTREZID","10610","ENTREZID","9245","directed","Process(indirect)"
"ENTREZID","11226","ENTREZID","192134","directed","Process(indirect)"
"ENTREZID","11226","ENTREZID","2650","directed","Process(indirect)"
"ENTREZID","11226","ENTREZID","29071","directed","Process(indirect)"
"ENTREZID","11226","ENTREZID","55808","directed","Process(indirect)"
"ENTREZID","11226","ENTREZID","56913","directed","Process(indirect)"
"ENTREZID","11226","ENTREZID","728819","directed","Process(indirect)"
"ENTREZID","11227","ENTREZID","192134","directed","Process(indirect)"
"ENTREZID","11227","ENTREZID","2650","directed","Process(indirect)"
"ENTREZID","11227","ENTREZID","29071","directed","Process(indirect)"
"ENTREZID","11227","ENTREZID","55808","directed","Process(indirect)"
"ENTREZID","11227","ENTREZID","56913","directed","Process(indirect)"
"ENTREZID","11227","ENTREZID","728819","directed","Process(indirect)"
"ENTREZID","114805","ENTREZID","192134","directed","Process(indirect)"
"ENTREZID","114805","ENTREZID","2650","directed","Process(indirect)"
"ENTREZID","114805","ENTREZID","29071","directed","Process(indirect)"
"ENTREZID","114805","ENTREZID","55808","directed","Process(indirect)"
"ENTREZID","114805","ENTREZID","56913","directed","Process(indirect)"
"ENTREZID","114805","ENTREZID","728819","directed","Process(indirect)"
"ENTREZID","117248","ENTREZID","192134","directed","Process(indirect)"
"ENTREZID","117248","ENTREZID","2650","directed","Process(indirect)"
"ENTREZID","117248","ENTREZID","29071","directed","Process(indirect)"
"ENTREZID","117248","ENTREZID","55808","directed","Process(indirect)"
"ENTREZID","117248","ENTREZID","56913","directed","Process(indirect)"
"ENTREZID","117248","ENTREZID","728819","directed","Process(indirect)"
"ENTREZID","168391","ENTREZID","192134","directed","Process(indirect)"
"ENTREZID","168391","ENTREZID","2650","directed","Process(indirect)"
"ENTREZID","168391","ENTREZID","29071","directed","Process(indirect)"
"ENTREZID","168391","ENTREZID","55808","directed","Process(indirect)"
"ENTREZID","168391","ENTREZID","56913","directed","Process(indirect)"
"ENTREZID","168391","ENTREZID","728819","directed","Process(indirect)"
"ENTREZID","192134","ENTREZID","100528030","directed","Process(indirect)"
"ENTREZID","192134","ENTREZID","11226","directed","Process(indirect)"
"ENTREZID","192134","ENTREZID","11227","directed","Process(indirect)"
"ENTREZID","192134","ENTREZID","114805","directed","Process(indirect)"
"ENTREZID","192134","ENTREZID","117248","directed","Process(indirect)"
"ENTREZID","192134","ENTREZID","168391","directed","Process(indirect)"
"ENTREZID","192134","ENTREZID","2589","directed","Process(indirect)"
"ENTREZID","192134","ENTREZID","2590","directed","Process(indirect)"
"ENTREZID","192134","ENTREZID","2591","directed","Process(indirect)"
"ENTREZID","192134","ENTREZID","26290","directed","Process(indirect)"
"ENTREZID","192134","ENTREZID","2650","directed","Process(indirect)"
"ENTREZID","192134","ENTREZID","29071","directed","Process(indirect)"
"ENTREZID","192134","ENTREZID","374378","directed","Process(indirect)"
"ENTREZID","192134","ENTREZID","442117","directed","Process(indirect)"
"ENTREZID","192134","ENTREZID","50614","directed","Process(indirect)"
"ENTREZID","192134","ENTREZID","51809","directed","Process(indirect)"
"ENTREZID","192134","ENTREZID","55568","directed","Process(indirect)"
"ENTREZID","192134","ENTREZID","55808","directed","Process(indirect)"
"ENTREZID","192134","ENTREZID","56913","directed","Process(indirect)"
"ENTREZID","192134","ENTREZID","57452","directed","Process(indirect)"
"ENTREZID","192134","ENTREZID","63917","directed","Process(indirect)"
"ENTREZID","192134","ENTREZID","64409","directed","Process(indirect)"
"ENTREZID","192134","ENTREZID","728819","directed","Process(indirect)"
"ENTREZID","192134","ENTREZID","79623","directed","Process(indirect)"
"ENTREZID","192134","ENTREZID","79695","directed","Process(indirect)"
"ENTREZID","192134","ENTREZID","8693","directed","Process(indirect)"
"ENTREZID","192134","ENTREZID","9245","directed","Process(indirect)"
"ENTREZID","2589","ENTREZID","192134","directed","Process(indirect)"
"ENTREZID","2589","ENTREZID","2650","directed","Process(indirect)"
"ENTREZID","2589","ENTREZID","29071","directed","Process(indirect)"
"ENTREZID","2589","ENTREZID","55808","directed","Process(indirect)"
"ENTREZID","2589","ENTREZID","56913","directed","Process(indirect)"
"ENTREZID","2589","ENTREZID","728819","directed","Process(indirect)"
"ENTREZID","2590","ENTREZID","192134","directed","Process(indirect)"
"ENTREZID","2590","ENTREZID","2650","directed","Process(indirect)"
"ENTREZID","2590","ENTREZID","29071","directed","Process(indirect)"
"ENTREZID","2590","ENTREZID","55808","directed","Process(indirect)"
"ENTREZID","2590","ENTREZID","56913","directed","Process(indirect)"
"ENTREZID","2590","ENTREZID","728819","directed","Process(indirect)"
"ENTREZID","2591","ENTREZID","192134","directed","Process(indirect)"
"ENTREZID","2591","ENTREZID","2650","directed","Process(indirect)"
"ENTREZID","2591","ENTREZID","29071","directed","Process(indirect)"
"ENTREZID","2591","ENTREZID","55808","directed","Process(indirect)"
"ENTREZID","2591","ENTREZID","56913","directed","Process(indirect)"
"ENTREZID","2591","ENTREZID","728819","directed","Process(indirect)"
"ENTREZID","26290","ENTREZID","192134","directed","Process(indirect)"
"ENTREZID","26290","ENTREZID","2650","directed","Process(indirect)"
"ENTREZID","26290","ENTREZID","29071","directed","Process(indirect)"
"ENTREZID","26290","ENTREZID","55808","directed","Process(indirect)"
"ENTREZID","26290","ENTREZID","56913","directed","Process(indirect)"
"ENTREZID","26290","ENTREZID","728819","directed","Process(indirect)"
"ENTREZID","2650","ENTREZID","100528030","directed","Process(indirect)"
"ENTREZID","2650","ENTREZID","11226","directed","Process(indirect)"
"ENTREZID","2650","ENTREZID","11227","directed","Process(indirect)"
"ENTREZID","2650","ENTREZID","114805","directed","Process(indirect)"
"ENTREZID","2650","ENTREZID","117248","directed","Process(indirect)"
"ENTREZID","2650","ENTREZID","168391","directed","Process(indirect)"
"ENTREZID","2650","ENTREZID","192134","directed","Process(indirect)"
"ENTREZID","2650","ENTREZID","2589","directed","Process(indirect)"
"ENTREZID","2650","ENTREZID","2590","directed","Process(indirect)"
"ENTREZID","2650","ENTREZID","2591","directed","Process(indirect)"
"ENTREZID","2650","ENTREZID","26290","directed","Process(indirect)"
"ENTREZID","2650","ENTREZID","29071","directed","Process(indirect)"
"ENTREZID","2650","ENTREZID","374378","directed","Process(indirect)"
"ENTREZID","2650","ENTREZID","442117","directed","Process(indirect)"
"ENTREZID","2650","ENTREZID","50614","directed","Process(indirect)"
"ENTREZID","2650","ENTREZID","51809","directed","Process(indirect)"
"ENTREZID","2650","ENTREZID","55568","directed","Process(indirect)"
"ENTREZID","2650","ENTREZID","55808","directed","Process(indirect)"
"ENTREZID","2650","ENTREZID","56913","directed","Process(indirect)"
"ENTREZID","2650","ENTREZID","57452","directed","Process(indirect)"
"ENTREZID","2650","ENTREZID","63917","directed","Process(indirect)"
"ENTREZID","2650","ENTREZID","64409","directed","Process(indirect)"
"ENTREZID","2650","ENTREZID","728819","directed","Process(indirect)"
"ENTREZID","2650","ENTREZID","79623","directed","Process(indirect)"
"ENTREZID","2650","ENTREZID","79695","directed","Process(indirect)"
"ENTREZID","2650","ENTREZID","8693","directed","Process(indirect)"
"ENTREZID","2650","ENTREZID","9334","directed","Process(indirect)"
"ENTREZID","29071","ENTREZID","10331","directed","Process(indirect)"
"ENTREZID","29071","ENTREZID","10610","directed","Process(indirect)"
"ENTREZID","29071","ENTREZID","2650","directed","Process(indirect)"
"ENTREZID","29071","ENTREZID","51301","directed","Process(indirect)"
"ENTREZID","29071","ENTREZID","55808","directed","Process(indirect)"
"ENTREZID","29071","ENTREZID","6482","directed","Process(indirect)"
"ENTREZID","29071","ENTREZID","6483","directed","Process(indirect)"
"ENTREZID","29071","ENTREZID","9245","directed","Process(indirect)"
"ENTREZID","374378","ENTREZID","192134","directed","Process(indirect)"
"ENTREZID","374378","ENTREZID","2650","directed","Process(indirect)"
"ENTREZID","374378","ENTREZID","29071","directed","Process(indirect)"
"ENTREZID","374378","ENTREZID","55808","directed","Process(indirect)"
"ENTREZID","374378","ENTREZID","56913","directed","Process(indirect)"
"ENTREZID","374378","ENTREZID","728819","directed","Process(indirect)"
"ENTREZID","442117","ENTREZID","192134","directed","Process(indirect)"
"ENTREZID","442117","ENTREZID","2650","directed","Process(indirect)"
"ENTREZID","442117","ENTREZID","29071","directed","Process(indirect)"
"ENTREZID","442117","ENTREZID","55808","directed","Process(indirect)"
"ENTREZID","442117","ENTREZID","56913","directed","Process(indirect)"
"ENTREZID","442117","ENTREZID","728819","directed","Process(indirect)"
"ENTREZID","50614","ENTREZID","192134","directed","Process(indirect)"
"ENTREZID","50614","ENTREZID","2650","directed","Process(indirect)"
"ENTREZID","50614","ENTREZID","29071","directed","Process(indirect)"
"ENTREZID","50614","ENTREZID","55808","directed","Process(indirect)"
"ENTREZID","50614","ENTREZID","56913","directed","Process(indirect)"
"ENTREZID","50614","ENTREZID","728819","directed","Process(indirect)"
"ENTREZID","51809","ENTREZID","192134","directed","Process(indirect)"
"ENTREZID","51809","ENTREZID","2650","directed","Process(indirect)"
"ENTREZID","51809","ENTREZID","29071","directed","Process(indirect)"
"ENTREZID","51809","ENTREZID","55808","directed","Process(indirect)"
"ENTREZID","51809","ENTREZID","56913","directed","Process(indirect)"
"ENTREZID","51809","ENTREZID","728819","directed","Process(indirect)"
"ENTREZID","55568","ENTREZID","192134","directed","Process(indirect)"
"ENTREZID","55568","ENTREZID","2650","directed","Process(indirect)"
"ENTREZID","55568","ENTREZID","29071","directed","Process(indirect)"
"ENTREZID","55568","ENTREZID","55808","directed","Process(indirect)"
"ENTREZID","55568","ENTREZID","56913","directed","Process(indirect)"
"ENTREZID","55568","ENTREZID","728819","directed","Process(indirect)"
"ENTREZID","55808","ENTREZID","100528030","directed","Process(indirect)"
"ENTREZID","55808","ENTREZID","10331","directed","Process(indirect)"
"ENTREZID","55808","ENTREZID","11226","directed","Process(indirect)"
"ENTREZID","55808","ENTREZID","11227","directed","Process(indirect)"
"ENTREZID","55808","ENTREZID","114805","directed","Process(indirect)"
"ENTREZID","55808","ENTREZID","117248","directed","Process(indirect)"
"ENTREZID","55808","ENTREZID","168391","directed","Process(indirect)"
"ENTREZID","55808","ENTREZID","192134","directed","Process(indirect)"
"ENTREZID","55808","ENTREZID","256435","directed","Process(indirect)"
"ENTREZID","55808","ENTREZID","2589","directed","Process(indirect)"
"ENTREZID","55808","ENTREZID","2590","directed","Process(indirect)"
"ENTREZID","55808","ENTREZID","2591","directed","Process(indirect)"
"ENTREZID","55808","ENTREZID","26290","directed","Process(indirect)"
"ENTREZID","55808","ENTREZID","2650","directed","Process(indirect)"
"ENTREZID","55808","ENTREZID","27090","directed","Process(indirect)"
"ENTREZID","55808","ENTREZID","29071","directed","Process(indirect)"
"ENTREZID","55808","ENTREZID","374378","directed","Process(indirect)"
"ENTREZID","55808","ENTREZID","442117","directed","Process(indirect)"
"ENTREZID","55808","ENTREZID","50614","directed","Process(indirect)"
"ENTREZID","55808","ENTREZID","51301","directed","Process(indirect)"
"ENTREZID","55808","ENTREZID","51809","directed","Process(indirect)"
"ENTREZID","55808","ENTREZID","55568","directed","Process(indirect)"
"ENTREZID","55808","ENTREZID","56913","directed","Process(indirect)"
"ENTREZID","55808","ENTREZID","57452","directed","Process(indirect)"
"ENTREZID","55808","ENTREZID","63917","directed","Process(indirect)"
"ENTREZID","55808","ENTREZID","64409","directed","Process(indirect)"
"ENTREZID","55808","ENTREZID","6482","directed","Process(indirect)"
"ENTREZID","55808","ENTREZID","6483","directed","Process(indirect)"
"ENTREZID","55808","ENTREZID","728819","directed","Process(indirect)"
"ENTREZID","55808","ENTREZID","79623","directed","Process(indirect)"
"ENTREZID","55808","ENTREZID","79695","directed","Process(indirect)"
"ENTREZID","55808","ENTREZID","8693","directed","Process(indirect)"
"ENTREZID","55808","ENTREZID","9245","directed","Process(indirect)"
"ENTREZID","56913","ENTREZID","10331","directed","Process(indirect)"
"ENTREZID","56913","ENTREZID","10610","directed","Process(indirect)"
"ENTREZID","56913","ENTREZID","2650","directed","Process(indirect)"
"ENTREZID","56913","ENTREZID","51301","directed","Process(indirect)"
"ENTREZID","56913","ENTREZID","55808","directed","Process(indirect)"
"ENTREZID","56913","ENTREZID","6482","directed","Process(indirect)"
"ENTREZID","56913","ENTREZID","6483","directed","Process(indirect)"
"ENTREZID","56913","ENTREZID","9245","directed","Process(indirect)"
"ENTREZID","57452","ENTREZID","192134","directed","Process(indirect)"
"ENTREZID","57452","ENTREZID","2650","directed","Process(indirect)"
"ENTREZID","57452","ENTREZID","29071","directed","Process(indirect)"
"ENTREZID","57452","ENTREZID","55808","directed","Process(indirect)"
"ENTREZID","57452","ENTREZID","56913","directed","Process(indirect)"
"ENTREZID","57452","ENTREZID","728819","directed","Process(indirect)"
"ENTREZID","63917","ENTREZID","192134","directed","Process(indirect)"
"ENTREZID","63917","ENTREZID","2650","directed","Process(indirect)"
"ENTREZID","63917","ENTREZID","29071","directed","Process(indirect)"
"ENTREZID","63917","ENTREZID","55808","directed","Process(indirect)"
"ENTREZID","63917","ENTREZID","56913","directed","Process(indirect)"
"ENTREZID","63917","ENTREZID","728819","directed","Process(indirect)"
"ENTREZID","64409","ENTREZID","192134","directed","Process(indirect)"
"ENTREZID","64409","ENTREZID","2650","directed","Process(indirect)"
"ENTREZID","64409","ENTREZID","29071","directed","Process(indirect)"
"ENTREZID","64409","ENTREZID","55808","directed","Process(indirect)"
"ENTREZID","64409","ENTREZID","56913","directed","Process(indirect)"
"ENTREZID","64409","ENTREZID","728819","directed","Process(indirect)"
"ENTREZID","6482","ENTREZID","10331","directed","Process(indirect)"
"ENTREZID","6482","ENTREZID","10610","directed","Process(indirect)"
"ENTREZID","6482","ENTREZID","256435","directed","Process(indirect)"
"ENTREZID","6482","ENTREZID","2650","directed","Process(indirect)"
"ENTREZID","6482","ENTREZID","27090","directed","Process(indirect)"
"ENTREZID","6482","ENTREZID","29071","directed","Process(indirect)"
"ENTREZID","6482","ENTREZID","51301","directed","Process(indirect)"
"ENTREZID","6482","ENTREZID","55808","directed","Process(indirect)"
"ENTREZID","6482","ENTREZID","56913","directed","Process(indirect)"
"ENTREZID","6482","ENTREZID","728819","directed","Process(indirect)"
"ENTREZID","6482","ENTREZID","9245","directed","Process(indirect)"
"ENTREZID","6483","ENTREZID","10331","directed","Process(indirect)"
"ENTREZID","6483","ENTREZID","10610","directed","Process(indirect)"
"ENTREZID","6483","ENTREZID","256435","directed","Process(indirect)"
"ENTREZID","6483","ENTREZID","2650","directed","Process(indirect)"
"ENTREZID","6483","ENTREZID","27090","directed","Process(indirect)"
"ENTREZID","6483","ENTREZID","29071","directed","Process(indirect)"
"ENTREZID","6483","ENTREZID","51301","directed","Process(indirect)"
"ENTREZID","6483","ENTREZID","55808","directed","Process(indirect)"
"ENTREZID","6483","ENTREZID","56913","directed","Process(indirect)"
"ENTREZID","6483","ENTREZID","728819","directed","Process(indirect)"
"ENTREZID","6483","ENTREZID","9245","directed","Process(indirect)"
"ENTREZID","728819","ENTREZID","10331","directed","Process(indirect)"
"ENTREZID","728819","ENTREZID","10610","directed","Process(indirect)"
"ENTREZID","728819","ENTREZID","2650","directed","Process(indirect)"
"ENTREZID","728819","ENTREZID","51301","directed","Process(indirect)"
"ENTREZID","728819","ENTREZID","55808","directed","Process(indirect)"
"ENTREZID","728819","ENTREZID","6482","directed","Process(indirect)"
"ENTREZID","728819","ENTREZID","6483","directed","Process(indirect)"
"ENTREZID","728819","ENTREZID","9245","directed","Process(indirect)"
"ENTREZID","79623","ENTREZID","192134","directed","Process(indirect)"
"ENTREZID","79623","ENTREZID","2650","directed","Process(indirect)"
"ENTREZID","79623","ENTREZID","29071","directed","Process(indirect)"
"ENTREZID","79623","ENTREZID","55808","directed","Process(indirect)"
"ENTREZID","79623","ENTREZID","56913","directed","Process(indirect)"
"ENTREZID","79623","ENTREZID","728819","directed","Process(indirect)"
"ENTREZID","79695","ENTREZID","192134","directed","Process(indirect)"
"ENTREZID","79695","ENTREZID","2650","directed","Process(indirect)"
"ENTREZID","79695","ENTREZID","29071","directed","Process(indirect)"
"ENTREZID","79695","ENTREZID","55808","directed","Process(indirect)"
"ENTREZID","79695","ENTREZID","56913","directed","Process(indirect)"
"ENTREZID","79695","ENTREZID","728819","directed","Process(indirect)"
"ENTREZID","8693","ENTREZID","192134","directed","Process(indirect)"
"ENTREZID","8693","ENTREZID","2650","directed","Process(indirect)"
"ENTREZID","8693","ENTREZID","29071","directed","Process(indirect)"
"ENTREZID","8693","ENTREZID","55808","directed","Process(indirect)"
"ENTREZID","8693","ENTREZID","56913","directed","Process(indirect)"
"ENTREZID","8693","ENTREZID","728819","directed","Process(indirect)"
"ENTREZID","9245","ENTREZID","192134","directed","Process(indirect)"
