"src_type","src","dest_type","dest","direction","type"
"ENTREZID","2530","ENTREZID","2683","directed","Process(indirect)"
"ENTREZID","2530","ENTREZID","283358","directed","Process(indirect)"
"ENTREZID","2530","ENTREZID","338707","directed","Process(indirect)"
"ENTREZID","2530","ENTREZID","8703","directed","Process(indirect)"
"ENTREZID","2530","ENTREZID","8704","directed","Process(indirect)"
"ENTREZID","2683","ENTREZID","283358","directed","Process(indirect)"
"ENTREZID","2683","ENTREZID","338707","directed","Process(indirect)"
"ENTREZID","2683","ENTREZID","6487","directed","Process(indirect)"
"ENTREZID","283358","ENTREZID","64377","directed","Process(indirect)"
"ENTREZID","283358","ENTREZID","83539","directed","Process(indirect)"
"ENTREZID","338707","ENTREZID","64377","directed","Process(indirect)"
"ENTREZID","338707","ENTREZID","83539","directed","Process(indirect)"
"ENTREZID","4122","ENTREZID","2530","directed","Process(indirect)"
"ENTREZID","4124","ENTREZID","2530","directed","Process(indirect)"
"ENTREZID","4247","ENTREZID","2530","directed","Process(indirect)"
"ENTREZID","8703","ENTREZID","283358","directed","Process(indirect)"
"ENTREZID","8703","ENTREZID","338707","directed","Process(indirect)"
"ENTREZID","8703","ENTREZID","6487","directed","Process(indirect)"
"ENTREZID","8704","ENTREZID","283358","directed","Process(indirect)"
"ENTREZID","8704","ENTREZID","338707","directed","Process(indirect)"
"ENTREZID","8704","ENTREZID","6487","directed","Process(indirect)"
