"src_type","src","dest_type","dest","direction","type"
"ENTREZID","10855","ENTREZID","3423","directed","Process(indirect)"
"ENTREZID","138050","ENTREZID","4669","directed","Process(indirect)"
"ENTREZID","23553","ENTREZID","2990","directed","Process(indirect)"
"ENTREZID","2588","ENTREZID","2720","directed","Process(indirect)"
"ENTREZID","2720","ENTREZID","2799","directed","Process(indirect)"
"ENTREZID","2720","ENTREZID","3073","directed","Process(indirect)"
"ENTREZID","2720","ENTREZID","3074","directed","Process(indirect)"
"ENTREZID","2799","ENTREZID","2720","directed","Process(indirect)"
"ENTREZID","2799","ENTREZID","3073","directed","Process(indirect)"
"ENTREZID","2799","ENTREZID","3074","directed","Process(indirect)"
"ENTREZID","2990","ENTREZID","2799","directed","Process(indirect)"
"ENTREZID","3373","ENTREZID","2990","directed","Process(indirect)"
"ENTREZID","3423","ENTREZID","3425","directed","Process(indirect)"
"ENTREZID","3425","ENTREZID","23553","directed","Process(indirect)"
"ENTREZID","3425","ENTREZID","3373","directed","Process(indirect)"
"ENTREZID","3425","ENTREZID","411","directed","Process(indirect)"
"ENTREZID","3425","ENTREZID","6448","directed","Process(indirect)"
"ENTREZID","3425","ENTREZID","6677","directed","Process(indirect)"
"ENTREZID","3425","ENTREZID","8372","directed","Process(indirect)"
"ENTREZID","3425","ENTREZID","8692","directed","Process(indirect)"
"ENTREZID","411","ENTREZID","23553","directed","Process(indirect)"
"ENTREZID","411","ENTREZID","3373","directed","Process(indirect)"
"ENTREZID","411","ENTREZID","6677","directed","Process(indirect)"
"ENTREZID","411","ENTREZID","8372","directed","Process(indirect)"
"ENTREZID","411","ENTREZID","8692","directed","Process(indirect)"
"ENTREZID","60495","ENTREZID","3423","directed","Process(indirect)"
"ENTREZID","6448","ENTREZID","138050","directed","Process(indirect)"
"ENTREZID","6677","ENTREZID","2990","directed","Process(indirect)"
"ENTREZID","8372","ENTREZID","2990","directed","Process(indirect)"
"ENTREZID","8692","ENTREZID","2990","directed","Process(indirect)"
