"src_type","src","dest_type","dest","direction","type"
"ENTREZID","10327","ENTREZID","217","directed","Process(indirect)"
"ENTREZID","10327","ENTREZID","219","directed","Process(indirect)"
"ENTREZID","10327","ENTREZID","223","directed","Process(indirect)"
"ENTREZID","10327","ENTREZID","224","directed","Process(indirect)"
"ENTREZID","10327","ENTREZID","231","directed","Process(indirect)"
"ENTREZID","10327","ENTREZID","2710","directed","Process(indirect)"
"ENTREZID","10327","ENTREZID","2712","directed","Process(indirect)"
"ENTREZID","10327","ENTREZID","501","directed","Process(indirect)"
"ENTREZID","10327","ENTREZID","57016","directed","Process(indirect)"
"ENTREZID","10554","ENTREZID","137964","directed","Process(indirect)"
"ENTREZID","10554","ENTREZID","139189","directed","Process(indirect)"
"ENTREZID","10554","ENTREZID","150763","directed","Process(indirect)"
"ENTREZID","10554","ENTREZID","1606","directed","Process(indirect)"
"ENTREZID","10554","ENTREZID","1607","directed","Process(indirect)"
"ENTREZID","10554","ENTREZID","1608","directed","Process(indirect)"
"ENTREZID","10554","ENTREZID","160851","directed","Process(indirect)"
"ENTREZID","10554","ENTREZID","1609","directed","Process(indirect)"
"ENTREZID","10554","ENTREZID","196051","directed","Process(indirect)"
"ENTREZID","10554","ENTREZID","23175","directed","Process(indirect)"
"ENTREZID","10554","ENTREZID","55750","directed","Process(indirect)"
"ENTREZID","10554","ENTREZID","57678","directed","Process(indirect)"
"ENTREZID","10554","ENTREZID","64900","directed","Process(indirect)"
"ENTREZID","10554","ENTREZID","84513","directed","Process(indirect)"
"ENTREZID","10554","ENTREZID","84803","directed","Process(indirect)"
"ENTREZID","10554","ENTREZID","8525","directed","Process(indirect)"
"ENTREZID","10554","ENTREZID","8526","directed","Process(indirect)"
"ENTREZID","10554","ENTREZID","8527","directed","Process(indirect)"
"ENTREZID","10554","ENTREZID","8611","directed","Process(indirect)"
"ENTREZID","10554","ENTREZID","8612","directed","Process(indirect)"
"ENTREZID","10554","ENTREZID","8613","directed","Process(indirect)"
"ENTREZID","10554","ENTREZID","9162","directed","Process(indirect)"
"ENTREZID","10554","ENTREZID","9663","directed","Process(indirect)"
"ENTREZID","10555","ENTREZID","137964","directed","Process(indirect)"
"ENTREZID","10555","ENTREZID","139189","directed","Process(indirect)"
"ENTREZID","10555","ENTREZID","150763","directed","Process(indirect)"
"ENTREZID","10555","ENTREZID","1606","directed","Process(indirect)"
"ENTREZID","10555","ENTREZID","1607","directed","Process(indirect)"
"ENTREZID","10555","ENTREZID","1608","directed","Process(indirect)"
"ENTREZID","10555","ENTREZID","160851","directed","Process(indirect)"
"ENTREZID","10555","ENTREZID","1609","directed","Process(indirect)"
"ENTREZID","10555","ENTREZID","196051","directed","Process(indirect)"
"ENTREZID","10555","ENTREZID","23175","directed","Process(indirect)"
"ENTREZID","10555","ENTREZID","55750","directed","Process(indirect)"
"ENTREZID","10555","ENTREZID","57678","directed","Process(indirect)"
"ENTREZID","10555","ENTREZID","64900","directed","Process(indirect)"
"ENTREZID","10555","ENTREZID","84513","directed","Process(indirect)"
"ENTREZID","10555","ENTREZID","84803","directed","Process(indirect)"
"ENTREZID","10555","ENTREZID","8525","directed","Process(indirect)"
"ENTREZID","10555","ENTREZID","8526","directed","Process(indirect)"
"ENTREZID","10555","ENTREZID","8527","directed","Process(indirect)"
"ENTREZID","10555","ENTREZID","8611","directed","Process(indirect)"
"ENTREZID","10555","ENTREZID","8612","directed","Process(indirect)"
"ENTREZID","10555","ENTREZID","8613","directed","Process(indirect)"
"ENTREZID","10555","ENTREZID","9162","directed","Process(indirect)"
"ENTREZID","10555","ENTREZID","9663","directed","Process(indirect)"
"ENTREZID","1056","ENTREZID","11343","directed","Process(indirect)"
"ENTREZID","1056","ENTREZID","116255","directed","Process(indirect)"
"ENTREZID","1056","ENTREZID","139189","directed","Process(indirect)"
"ENTREZID","1056","ENTREZID","1606","directed","Process(indirect)"
"ENTREZID","1056","ENTREZID","1607","directed","Process(indirect)"
"ENTREZID","1056","ENTREZID","1608","directed","Process(indirect)"
"ENTREZID","1056","ENTREZID","160851","directed","Process(indirect)"
"ENTREZID","1056","ENTREZID","1609","directed","Process(indirect)"
"ENTREZID","1056","ENTREZID","196051","directed","Process(indirect)"
"ENTREZID","1056","ENTREZID","23175","directed","Process(indirect)"
"ENTREZID","1056","ENTREZID","346606","directed","Process(indirect)"
"ENTREZID","1056","ENTREZID","4023","directed","Process(indirect)"
"ENTREZID","1056","ENTREZID","55750","directed","Process(indirect)"
"ENTREZID","1056","ENTREZID","64900","directed","Process(indirect)"
"ENTREZID","1056","ENTREZID","80168","directed","Process(indirect)"
"ENTREZID","1056","ENTREZID","84513","directed","Process(indirect)"
"ENTREZID","1056","ENTREZID","84649","directed","Process(indirect)"
"ENTREZID","1056","ENTREZID","8525","directed","Process(indirect)"
"ENTREZID","1056","ENTREZID","8526","directed","Process(indirect)"
"ENTREZID","1056","ENTREZID","8527","directed","Process(indirect)"
"ENTREZID","1056","ENTREZID","8611","directed","Process(indirect)"
"ENTREZID","1056","ENTREZID","8612","directed","Process(indirect)"
"ENTREZID","1056","ENTREZID","8613","directed","Process(indirect)"
"ENTREZID","1056","ENTREZID","8694","directed","Process(indirect)"
"ENTREZID","1056","ENTREZID","9162","directed","Process(indirect)"
"ENTREZID","1056","ENTREZID","9663","directed","Process(indirect)"
"ENTREZID","11343","ENTREZID","10327","directed","Process(indirect)"
"ENTREZID","11343","ENTREZID","1056","directed","Process(indirect)"
"ENTREZID","11343","ENTREZID","119548","directed","Process(indirect)"
"ENTREZID","11343","ENTREZID","231","directed","Process(indirect)"
"ENTREZID","11343","ENTREZID","2710","directed","Process(indirect)"
"ENTREZID","11343","ENTREZID","2712","directed","Process(indirect)"
"ENTREZID","11343","ENTREZID","3990","directed","Process(indirect)"
"ENTREZID","11343","ENTREZID","4023","directed","Process(indirect)"
"ENTREZID","11343","ENTREZID","5406","directed","Process(indirect)"
"ENTREZID","11343","ENTREZID","5407","directed","Process(indirect)"
"ENTREZID","11343","ENTREZID","5408","directed","Process(indirect)"
"ENTREZID","11343","ENTREZID","57016","directed","Process(indirect)"
"ENTREZID","11343","ENTREZID","57104","directed","Process(indirect)"
"ENTREZID","11343","ENTREZID","80339","directed","Process(indirect)"
"ENTREZID","11343","ENTREZID","8513","directed","Process(indirect)"
"ENTREZID","11343","ENTREZID","9388","directed","Process(indirect)"
"ENTREZID","116255","ENTREZID","1056","directed","Process(indirect)"
"ENTREZID","116255","ENTREZID","11343","directed","Process(indirect)"
"ENTREZID","116255","ENTREZID","119548","directed","Process(indirect)"
"ENTREZID","116255","ENTREZID","139189","directed","Process(indirect)"
"ENTREZID","116255","ENTREZID","1606","directed","Process(indirect)"
"ENTREZID","116255","ENTREZID","1607","directed","Process(indirect)"
"ENTREZID","116255","ENTREZID","1608","directed","Process(indirect)"
"ENTREZID","116255","ENTREZID","160851","directed","Process(indirect)"
"ENTREZID","116255","ENTREZID","1609","directed","Process(indirect)"
"ENTREZID","116255","ENTREZID","196051","directed","Process(indirect)"
"ENTREZID","116255","ENTREZID","23175","directed","Process(indirect)"
"ENTREZID","116255","ENTREZID","3990","directed","Process(indirect)"
"ENTREZID","116255","ENTREZID","4023","directed","Process(indirect)"
"ENTREZID","116255","ENTREZID","5406","directed","Process(indirect)"
"ENTREZID","116255","ENTREZID","5407","directed","Process(indirect)"
"ENTREZID","116255","ENTREZID","5408","directed","Process(indirect)"
"ENTREZID","116255","ENTREZID","55750","directed","Process(indirect)"
"ENTREZID","116255","ENTREZID","57104","directed","Process(indirect)"
"ENTREZID","116255","ENTREZID","64900","directed","Process(indirect)"
"ENTREZID","116255","ENTREZID","80339","directed","Process(indirect)"
"ENTREZID","116255","ENTREZID","84513","directed","Process(indirect)"
"ENTREZID","116255","ENTREZID","8513","directed","Process(indirect)"
"ENTREZID","116255","ENTREZID","8525","directed","Process(indirect)"
"ENTREZID","116255","ENTREZID","8526","directed","Process(indirect)"
"ENTREZID","116255","ENTREZID","8527","directed","Process(indirect)"
"ENTREZID","116255","ENTREZID","8611","directed","Process(indirect)"
"ENTREZID","116255","ENTREZID","8612","directed","Process(indirect)"
"ENTREZID","116255","ENTREZID","8613","directed","Process(indirect)"
"ENTREZID","116255","ENTREZID","9162","directed","Process(indirect)"
"ENTREZID","116255","ENTREZID","9388","directed","Process(indirect)"
"ENTREZID","116255","ENTREZID","9663","directed","Process(indirect)"
"ENTREZID","119548","ENTREZID","11343","directed","Process(indirect)"
"ENTREZID","119548","ENTREZID","116255","directed","Process(indirect)"
"ENTREZID","119548","ENTREZID","139189","directed","Process(indirect)"
"ENTREZID","119548","ENTREZID","1606","directed","Process(indirect)"
"ENTREZID","119548","ENTREZID","1607","directed","Process(indirect)"
"ENTREZID","119548","ENTREZID","1608","directed","Process(indirect)"
"ENTREZID","119548","ENTREZID","160851","directed","Process(indirect)"
"ENTREZID","119548","ENTREZID","1609","directed","Process(indirect)"
"ENTREZID","119548","ENTREZID","196051","directed","Process(indirect)"
"ENTREZID","119548","ENTREZID","23175","directed","Process(indirect)"
"ENTREZID","119548","ENTREZID","346606","directed","Process(indirect)"
"ENTREZID","119548","ENTREZID","4023","directed","Process(indirect)"
"ENTREZID","119548","ENTREZID","55750","directed","Process(indirect)"
"ENTREZID","119548","ENTREZID","64900","directed","Process(indirect)"
"ENTREZID","119548","ENTREZID","80168","directed","Process(indirect)"
"ENTREZID","119548","ENTREZID","84513","directed","Process(indirect)"
"ENTREZID","119548","ENTREZID","84649","directed","Process(indirect)"
"ENTREZID","119548","ENTREZID","8525","directed","Process(indirect)"
"ENTREZID","119548","ENTREZID","8526","directed","Process(indirect)"
"ENTREZID","119548","ENTREZID","8527","directed","Process(indirect)"
"ENTREZID","119548","ENTREZID","8611","directed","Process(indirect)"
"ENTREZID","119548","ENTREZID","8612","directed","Process(indirect)"
"ENTREZID","119548","ENTREZID","8613","directed","Process(indirect)"
"ENTREZID","119548","ENTREZID","8694","directed","Process(indirect)"
"ENTREZID","119548","ENTREZID","9162","directed","Process(indirect)"
"ENTREZID","119548","ENTREZID","9663","directed","Process(indirect)"
"ENTREZID","129642","ENTREZID","137964","directed","Process(indirect)"
"ENTREZID","129642","ENTREZID","139189","directed","Process(indirect)"
"ENTREZID","129642","ENTREZID","150763","directed","Process(indirect)"
"ENTREZID","129642","ENTREZID","1606","directed","Process(indirect)"
"ENTREZID","129642","ENTREZID","1607","directed","Process(indirect)"
"ENTREZID","129642","ENTREZID","1608","directed","Process(indirect)"
"ENTREZID","129642","ENTREZID","160851","directed","Process(indirect)"
"ENTREZID","129642","ENTREZID","1609","directed","Process(indirect)"
"ENTREZID","129642","ENTREZID","196051","directed","Process(indirect)"
"ENTREZID","129642","ENTREZID","23175","directed","Process(indirect)"
"ENTREZID","129642","ENTREZID","55750","directed","Process(indirect)"
"ENTREZID","129642","ENTREZID","57678","directed","Process(indirect)"
"ENTREZID","129642","ENTREZID","64900","directed","Process(indirect)"
"ENTREZID","129642","ENTREZID","84513","directed","Process(indirect)"
"ENTREZID","129642","ENTREZID","84803","directed","Process(indirect)"
"ENTREZID","129642","ENTREZID","8525","directed","Process(indirect)"
"ENTREZID","129642","ENTREZID","8526","directed","Process(indirect)"
"ENTREZID","129642","ENTREZID","8527","directed","Process(indirect)"
"ENTREZID","129642","ENTREZID","8611","directed","Process(indirect)"
"ENTREZID","129642","ENTREZID","8612","directed","Process(indirect)"
"ENTREZID","129642","ENTREZID","8613","directed","Process(indirect)"
"ENTREZID","129642","ENTREZID","9162","directed","Process(indirect)"
"ENTREZID","129642","ENTREZID","9663","directed","Process(indirect)"
"ENTREZID","137964","ENTREZID","10554","directed","Process(indirect)"
"ENTREZID","137964","ENTREZID","10555","directed","Process(indirect)"
"ENTREZID","137964","ENTREZID","129642","directed","Process(indirect)"
"ENTREZID","137964","ENTREZID","154141","directed","Process(indirect)"
"ENTREZID","137964","ENTREZID","253558","directed","Process(indirect)"
"ENTREZID","137964","ENTREZID","2710","directed","Process(indirect)"
"ENTREZID","137964","ENTREZID","2712","directed","Process(indirect)"
"ENTREZID","137964","ENTREZID","55326","directed","Process(indirect)"
"ENTREZID","137964","ENTREZID","55750","directed","Process(indirect)"
"ENTREZID","137964","ENTREZID","56894","directed","Process(indirect)"
"ENTREZID","137964","ENTREZID","56895","directed","Process(indirect)"
"ENTREZID","139189","ENTREZID","10554","directed","Process(indirect)"
"ENTREZID","139189","ENTREZID","10555","directed","Process(indirect)"
"ENTREZID","139189","ENTREZID","129642","directed","Process(indirect)"
"ENTREZID","139189","ENTREZID","154141","directed","Process(indirect)"
"ENTREZID","139189","ENTREZID","196051","directed","Process(indirect)"
"ENTREZID","139189","ENTREZID","23175","directed","Process(indirect)"
"ENTREZID","139189","ENTREZID","253558","directed","Process(indirect)"
"ENTREZID","139189","ENTREZID","55326","directed","Process(indirect)"
"ENTREZID","139189","ENTREZID","56894","directed","Process(indirect)"
"ENTREZID","139189","ENTREZID","56895","directed","Process(indirect)"
"ENTREZID","139189","ENTREZID","64900","directed","Process(indirect)"
"ENTREZID","139189","ENTREZID","84513","directed","Process(indirect)"
"ENTREZID","139189","ENTREZID","8611","directed","Process(indirect)"
"ENTREZID","139189","ENTREZID","8612","directed","Process(indirect)"
"ENTREZID","139189","ENTREZID","8613","directed","Process(indirect)"
"ENTREZID","139189","ENTREZID","9663","directed","Process(indirect)"
"ENTREZID","150763","ENTREZID","10554","directed","Process(indirect)"
"ENTREZID","150763","ENTREZID","10555","directed","Process(indirect)"
"ENTREZID","150763","ENTREZID","129642","directed","Process(indirect)"
"ENTREZID","150763","ENTREZID","154141","directed","Process(indirect)"
"ENTREZID","150763","ENTREZID","253558","directed","Process(indirect)"
"ENTREZID","150763","ENTREZID","2710","directed","Process(indirect)"
"ENTREZID","150763","ENTREZID","2712","directed","Process(indirect)"
"ENTREZID","150763","ENTREZID","55326","directed","Process(indirect)"
"ENTREZID","150763","ENTREZID","55750","directed","Process(indirect)"
"ENTREZID","150763","ENTREZID","56894","directed","Process(indirect)"
"ENTREZID","150763","ENTREZID","56895","directed","Process(indirect)"
"ENTREZID","154141","ENTREZID","137964","directed","Process(indirect)"
"ENTREZID","154141","ENTREZID","139189","directed","Process(indirect)"
"ENTREZID","154141","ENTREZID","150763","directed","Process(indirect)"
"ENTREZID","154141","ENTREZID","1606","directed","Process(indirect)"
"ENTREZID","154141","ENTREZID","1607","directed","Process(indirect)"
"ENTREZID","154141","ENTREZID","1608","directed","Process(indirect)"
"ENTREZID","154141","ENTREZID","160851","directed","Process(indirect)"
"ENTREZID","154141","ENTREZID","1609","directed","Process(indirect)"
"ENTREZID","154141","ENTREZID","196051","directed","Process(indirect)"
"ENTREZID","154141","ENTREZID","23175","directed","Process(indirect)"
"ENTREZID","154141","ENTREZID","55750","directed","Process(indirect)"
"ENTREZID","154141","ENTREZID","57678","directed","Process(indirect)"
"ENTREZID","154141","ENTREZID","64900","directed","Process(indirect)"
"ENTREZID","154141","ENTREZID","84513","directed","Process(indirect)"
"ENTREZID","154141","ENTREZID","84803","directed","Process(indirect)"
"ENTREZID","154141","ENTREZID","8525","directed","Process(indirect)"
"ENTREZID","154141","ENTREZID","8526","directed","Process(indirect)"
"ENTREZID","154141","ENTREZID","8527","directed","Process(indirect)"
"ENTREZID","154141","ENTREZID","8611","directed","Process(indirect)"
"ENTREZID","154141","ENTREZID","8612","directed","Process(indirect)"
"ENTREZID","154141","ENTREZID","8613","directed","Process(indirect)"
"ENTREZID","154141","ENTREZID","9162","directed","Process(indirect)"
"ENTREZID","154141","ENTREZID","9663","directed","Process(indirect)"
"ENTREZID","1606","ENTREZID","10554","directed","Process(indirect)"
"ENTREZID","1606","ENTREZID","10555","directed","Process(indirect)"
"ENTREZID","1606","ENTREZID","129642","directed","Process(indirect)"
"ENTREZID","1606","ENTREZID","154141","directed","Process(indirect)"
"ENTREZID","1606","ENTREZID","196051","directed","Process(indirect)"
"ENTREZID","1606","ENTREZID","23175","directed","Process(indirect)"
"ENTREZID","1606","ENTREZID","253558","directed","Process(indirect)"
"ENTREZID","1606","ENTREZID","55326","directed","Process(indirect)"
"ENTREZID","1606","ENTREZID","56894","directed","Process(indirect)"
"ENTREZID","1606","ENTREZID","56895","directed","Process(indirect)"
"ENTREZID","1606","ENTREZID","64900","directed","Process(indirect)"
"ENTREZID","1606","ENTREZID","84513","directed","Process(indirect)"
"ENTREZID","1606","ENTREZID","8611","directed","Process(indirect)"
"ENTREZID","1606","ENTREZID","8612","directed","Process(indirect)"
"ENTREZID","1606","ENTREZID","8613","directed","Process(indirect)"
"ENTREZID","1606","ENTREZID","9663","directed","Process(indirect)"
"ENTREZID","1607","ENTREZID","10554","directed","Process(indirect)"
"ENTREZID","1607","ENTREZID","10555","directed","Process(indirect)"
"ENTREZID","1607","ENTREZID","129642","directed","Process(indirect)"
"ENTREZID","1607","ENTREZID","154141","directed","Process(indirect)"
"ENTREZID","1607","ENTREZID","196051","directed","Process(indirect)"
"ENTREZID","1607","ENTREZID","23175","directed","Process(indirect)"
"ENTREZID","1607","ENTREZID","253558","directed","Process(indirect)"
"ENTREZID","1607","ENTREZID","55326","directed","Process(indirect)"
"ENTREZID","1607","ENTREZID","56894","directed","Process(indirect)"
"ENTREZID","1607","ENTREZID","56895","directed","Process(indirect)"
"ENTREZID","1607","ENTREZID","64900","directed","Process(indirect)"
"ENTREZID","1607","ENTREZID","84513","directed","Process(indirect)"
"ENTREZID","1607","ENTREZID","8611","directed","Process(indirect)"
"ENTREZID","1607","ENTREZID","8612","directed","Process(indirect)"
"ENTREZID","1607","ENTREZID","8613","directed","Process(indirect)"
"ENTREZID","1607","ENTREZID","9663","directed","Process(indirect)"
"ENTREZID","1608","ENTREZID","10554","directed","Process(indirect)"
"ENTREZID","1608","ENTREZID","10555","directed","Process(indirect)"
"ENTREZID","1608","ENTREZID","129642","directed","Process(indirect)"
"ENTREZID","1608","ENTREZID","154141","directed","Process(indirect)"
"ENTREZID","1608","ENTREZID","196051","directed","Process(indirect)"
"ENTREZID","1608","ENTREZID","23175","directed","Process(indirect)"
"ENTREZID","1608","ENTREZID","253558","directed","Process(indirect)"
"ENTREZID","1608","ENTREZID","55326","directed","Process(indirect)"
"ENTREZID","1608","ENTREZID","56894","directed","Process(indirect)"
"ENTREZID","1608","ENTREZID","56895","directed","Process(indirect)"
"ENTREZID","1608","ENTREZID","64900","directed","Process(indirect)"
"ENTREZID","1608","ENTREZID","84513","directed","Process(indirect)"
"ENTREZID","1608","ENTREZID","8611","directed","Process(indirect)"
"ENTREZID","1608","ENTREZID","8612","directed","Process(indirect)"
"ENTREZID","1608","ENTREZID","8613","directed","Process(indirect)"
"ENTREZID","1608","ENTREZID","9663","directed","Process(indirect)"
"ENTREZID","160851","ENTREZID","10554","directed","Process(indirect)"
"ENTREZID","160851","ENTREZID","10555","directed","Process(indirect)"
"ENTREZID","160851","ENTREZID","129642","directed","Process(indirect)"
"ENTREZID","160851","ENTREZID","154141","directed","Process(indirect)"
"ENTREZID","160851","ENTREZID","196051","directed","Process(indirect)"
"ENTREZID","160851","ENTREZID","23175","directed","Process(indirect)"
"ENTREZID","160851","ENTREZID","253558","directed","Process(indirect)"
"ENTREZID","160851","ENTREZID","55326","directed","Process(indirect)"
"ENTREZID","160851","ENTREZID","56894","directed","Process(indirect)"
"ENTREZID","160851","ENTREZID","56895","directed","Process(indirect)"
"ENTREZID","160851","ENTREZID","64900","directed","Process(indirect)"
"ENTREZID","160851","ENTREZID","84513","directed","Process(indirect)"
"ENTREZID","160851","ENTREZID","8611","directed","Process(indirect)"
"ENTREZID","160851","ENTREZID","8612","directed","Process(indirect)"
"ENTREZID","160851","ENTREZID","8613","directed","Process(indirect)"
"ENTREZID","160851","ENTREZID","9663","directed","Process(indirect)"
"ENTREZID","1609","ENTREZID","10554","directed","Process(indirect)"
"ENTREZID","1609","ENTREZID","10555","directed","Process(indirect)"
"ENTREZID","1609","ENTREZID","129642","directed","Process(indirect)"
"ENTREZID","1609","ENTREZID","154141","directed","Process(indirect)"
"ENTREZID","1609","ENTREZID","196051","directed","Process(indirect)"
"ENTREZID","1609","ENTREZID","23175","directed","Process(indirect)"
"ENTREZID","1609","ENTREZID","253558","directed","Process(indirect)"
"ENTREZID","1609","ENTREZID","55326","directed","Process(indirect)"
"ENTREZID","1609","ENTREZID","56894","directed","Process(indirect)"
"ENTREZID","1609","ENTREZID","56895","directed","Process(indirect)"
"ENTREZID","1609","ENTREZID","64900","directed","Process(indirect)"
"ENTREZID","1609","ENTREZID","84513","directed","Process(indirect)"
"ENTREZID","1609","ENTREZID","8611","directed","Process(indirect)"
"ENTREZID","1609","ENTREZID","8612","directed","Process(indirect)"
"ENTREZID","1609","ENTREZID","8613","directed","Process(indirect)"
"ENTREZID","1609","ENTREZID","9663","directed","Process(indirect)"
"ENTREZID","196051","ENTREZID","10554","directed","Process(indirect)"
"ENTREZID","196051","ENTREZID","10555","directed","Process(indirect)"
"ENTREZID","196051","ENTREZID","1056","directed","Process(indirect)"
"ENTREZID","196051","ENTREZID","116255","directed","Process(indirect)"
"ENTREZID","196051","ENTREZID","119548","directed","Process(indirect)"
"ENTREZID","196051","ENTREZID","129642","directed","Process(indirect)"
"ENTREZID","196051","ENTREZID","139189","directed","Process(indirect)"
"ENTREZID","196051","ENTREZID","154141","directed","Process(indirect)"
"ENTREZID","196051","ENTREZID","1606","directed","Process(indirect)"
"ENTREZID","196051","ENTREZID","1607","directed","Process(indirect)"
"ENTREZID","196051","ENTREZID","1608","directed","Process(indirect)"
"ENTREZID","196051","ENTREZID","160851","directed","Process(indirect)"
"ENTREZID","196051","ENTREZID","1609","directed","Process(indirect)"
"ENTREZID","196051","ENTREZID","253558","directed","Process(indirect)"
"ENTREZID","196051","ENTREZID","346606","directed","Process(indirect)"
"ENTREZID","196051","ENTREZID","3990","directed","Process(indirect)"
"ENTREZID","196051","ENTREZID","4023","directed","Process(indirect)"
"ENTREZID","196051","ENTREZID","5406","directed","Process(indirect)"
"ENTREZID","196051","ENTREZID","5407","directed","Process(indirect)"
"ENTREZID","196051","ENTREZID","5408","directed","Process(indirect)"
"ENTREZID","196051","ENTREZID","55326","directed","Process(indirect)"
"ENTREZID","196051","ENTREZID","56894","directed","Process(indirect)"
"ENTREZID","196051","ENTREZID","56895","directed","Process(indirect)"
"ENTREZID","196051","ENTREZID","57104","directed","Process(indirect)"
"ENTREZID","196051","ENTREZID","80168","directed","Process(indirect)"
"ENTREZID","196051","ENTREZID","80339","directed","Process(indirect)"
"ENTREZID","196051","ENTREZID","84649","directed","Process(indirect)"
"ENTREZID","196051","ENTREZID","8513","directed","Process(indirect)"
"ENTREZID","196051","ENTREZID","8525","directed","Process(indirect)"
"ENTREZID","196051","ENTREZID","8526","directed","Process(indirect)"
"ENTREZID","196051","ENTREZID","8527","directed","Process(indirect)"
"ENTREZID","196051","ENTREZID","8694","directed","Process(indirect)"
"ENTREZID","196051","ENTREZID","9162","directed","Process(indirect)"
"ENTREZID","196051","ENTREZID","9388","directed","Process(indirect)"
"ENTREZID","217","ENTREZID","10327","directed","Process(indirect)"
"ENTREZID","217","ENTREZID","10327","undirected","Process(indirect)"
"ENTREZID","217","ENTREZID","132158","directed","Process(indirect)"
"ENTREZID","217","ENTREZID","219","directed","Process(indirect)"
"ENTREZID","217","ENTREZID","223","directed","Process(indirect)"
"ENTREZID","217","ENTREZID","224","directed","Process(indirect)"
"ENTREZID","217","ENTREZID","231","directed","Process(indirect)"
"ENTREZID","217","ENTREZID","231","undirected","Process(indirect)"
"ENTREZID","217","ENTREZID","501","directed","Process(indirect)"
"ENTREZID","217","ENTREZID","57016","directed","Process(indirect)"
"ENTREZID","217","ENTREZID","57016","undirected","Process(indirect)"
"ENTREZID","219","ENTREZID","10327","directed","Process(indirect)"
"ENTREZID","219","ENTREZID","10327","undirected","Process(indirect)"
"ENTREZID","219","ENTREZID","132158","directed","Process(indirect)"
"ENTREZID","219","ENTREZID","217","directed","Process(indirect)"
"ENTREZID","219","ENTREZID","223","directed","Process(indirect)"
"ENTREZID","219","ENTREZID","224","directed","Process(indirect)"
"ENTREZID","219","ENTREZID","231","directed","Process(indirect)"
"ENTREZID","219","ENTREZID","231","undirected","Process(indirect)"
"ENTREZID","219","ENTREZID","501","directed","Process(indirect)"
"ENTREZID","219","ENTREZID","57016","directed","Process(indirect)"
"ENTREZID","219","ENTREZID","57016","undirected","Process(indirect)"
"ENTREZID","223","ENTREZID","10327","directed","Process(indirect)"
"ENTREZID","223","ENTREZID","10327","undirected","Process(indirect)"
"ENTREZID","223","ENTREZID","132158","directed","Process(indirect)"
"ENTREZID","223","ENTREZID","217","directed","Process(indirect)"
"ENTREZID","223","ENTREZID","219","directed","Process(indirect)"
"ENTREZID","223","ENTREZID","224","directed","Process(indirect)"
"ENTREZID","223","ENTREZID","231","directed","Process(indirect)"
"ENTREZID","223","ENTREZID","231","undirected","Process(indirect)"
"ENTREZID","223","ENTREZID","501","directed","Process(indirect)"
"ENTREZID","223","ENTREZID","57016","directed","Process(indirect)"
"ENTREZID","223","ENTREZID","57016","undirected","Process(indirect)"
"ENTREZID","224","ENTREZID","10327","directed","Process(indirect)"
"ENTREZID","224","ENTREZID","10327","undirected","Process(indirect)"
"ENTREZID","224","ENTREZID","132158","directed","Process(indirect)"
"ENTREZID","224","ENTREZID","217","directed","Process(indirect)"
"ENTREZID","224","ENTREZID","219","directed","Process(indirect)"
"ENTREZID","224","ENTREZID","223","directed","Process(indirect)"
"ENTREZID","224","ENTREZID","231","directed","Process(indirect)"
"ENTREZID","224","ENTREZID","231","undirected","Process(indirect)"
"ENTREZID","224","ENTREZID","501","directed","Process(indirect)"
"ENTREZID","224","ENTREZID","57016","directed","Process(indirect)"
"ENTREZID","224","ENTREZID","57016","undirected","Process(indirect)"
"ENTREZID","231","ENTREZID","10327","directed","Process(indirect)"
"ENTREZID","231","ENTREZID","10327","undirected","Process(indirect)"
"ENTREZID","231","ENTREZID","217","directed","Process(indirect)"
"ENTREZID","231","ENTREZID","219","directed","Process(indirect)"
"ENTREZID","231","ENTREZID","223","directed","Process(indirect)"
"ENTREZID","231","ENTREZID","224","directed","Process(indirect)"
"ENTREZID","231","ENTREZID","2710","directed","Process(indirect)"
"ENTREZID","231","ENTREZID","2712","directed","Process(indirect)"
"ENTREZID","231","ENTREZID","501","directed","Process(indirect)"
"ENTREZID","231","ENTREZID","501","undirected","Process(indirect)"
"ENTREZID","231","ENTREZID","57016","directed","Process(indirect)"
"ENTREZID","23175","ENTREZID","10554","directed","Process(indirect)"
"ENTREZID","23175","ENTREZID","10555","directed","Process(indirect)"
"ENTREZID","23175","ENTREZID","1056","directed","Process(indirect)"
"ENTREZID","23175","ENTREZID","116255","directed","Process(indirect)"
"ENTREZID","23175","ENTREZID","119548","directed","Process(indirect)"
"ENTREZID","23175","ENTREZID","129642","directed","Process(indirect)"
"ENTREZID","23175","ENTREZID","139189","directed","Process(indirect)"
"ENTREZID","23175","ENTREZID","154141","directed","Process(indirect)"
"ENTREZID","23175","ENTREZID","1606","directed","Process(indirect)"
"ENTREZID","23175","ENTREZID","1607","directed","Process(indirect)"
"ENTREZID","23175","ENTREZID","1608","directed","Process(indirect)"
"ENTREZID","23175","ENTREZID","160851","directed","Process(indirect)"
"ENTREZID","23175","ENTREZID","1609","directed","Process(indirect)"
"ENTREZID","23175","ENTREZID","253558","directed","Process(indirect)"
"ENTREZID","23175","ENTREZID","346606","directed","Process(indirect)"
"ENTREZID","23175","ENTREZID","3990","directed","Process(indirect)"
"ENTREZID","23175","ENTREZID","4023","directed","Process(indirect)"
"ENTREZID","23175","ENTREZID","5406","directed","Process(indirect)"
"ENTREZID","23175","ENTREZID","5407","directed","Process(indirect)"
"ENTREZID","23175","ENTREZID","5408","directed","Process(indirect)"
"ENTREZID","23175","ENTREZID","55326","directed","Process(indirect)"
"ENTREZID","23175","ENTREZID","56894","directed","Process(indirect)"
"ENTREZID","23175","ENTREZID","56895","directed","Process(indirect)"
"ENTREZID","23175","ENTREZID","57104","directed","Process(indirect)"
"ENTREZID","23175","ENTREZID","80168","directed","Process(indirect)"
"ENTREZID","23175","ENTREZID","80339","directed","Process(indirect)"
"ENTREZID","23175","ENTREZID","84649","directed","Process(indirect)"
"ENTREZID","23175","ENTREZID","8513","directed","Process(indirect)"
"ENTREZID","23175","ENTREZID","8525","directed","Process(indirect)"
"ENTREZID","23175","ENTREZID","8526","directed","Process(indirect)"
"ENTREZID","23175","ENTREZID","8527","directed","Process(indirect)"
"ENTREZID","23175","ENTREZID","8694","directed","Process(indirect)"
"ENTREZID","23175","ENTREZID","9162","directed","Process(indirect)"
"ENTREZID","23175","ENTREZID","9388","directed","Process(indirect)"
"ENTREZID","253558","ENTREZID","137964","directed","Process(indirect)"
"ENTREZID","253558","ENTREZID","139189","directed","Process(indirect)"
"ENTREZID","253558","ENTREZID","150763","directed","Process(indirect)"
"ENTREZID","253558","ENTREZID","1606","directed","Process(indirect)"
"ENTREZID","253558","ENTREZID","1607","directed","Process(indirect)"
"ENTREZID","253558","ENTREZID","1608","directed","Process(indirect)"
"ENTREZID","253558","ENTREZID","160851","directed","Process(indirect)"
"ENTREZID","253558","ENTREZID","1609","directed","Process(indirect)"
"ENTREZID","253558","ENTREZID","196051","directed","Process(indirect)"
"ENTREZID","253558","ENTREZID","23175","directed","Process(indirect)"
"ENTREZID","253558","ENTREZID","55750","directed","Process(indirect)"
"ENTREZID","253558","ENTREZID","57678","directed","Process(indirect)"
"ENTREZID","253558","ENTREZID","64900","directed","Process(indirect)"
"ENTREZID","253558","ENTREZID","84513","directed","Process(indirect)"
"ENTREZID","253558","ENTREZID","84803","directed","Process(indirect)"
"ENTREZID","253558","ENTREZID","8525","directed","Process(indirect)"
"ENTREZID","253558","ENTREZID","8526","directed","Process(indirect)"
"ENTREZID","253558","ENTREZID","8527","directed","Process(indirect)"
"ENTREZID","253558","ENTREZID","8611","directed","Process(indirect)"
"ENTREZID","253558","ENTREZID","8612","directed","Process(indirect)"
"ENTREZID","253558","ENTREZID","8613","directed","Process(indirect)"
"ENTREZID","253558","ENTREZID","9162","directed","Process(indirect)"
"ENTREZID","253558","ENTREZID","9663","directed","Process(indirect)"
"ENTREZID","2710","ENTREZID","10327","directed","Process(indirect)"
"ENTREZID","2710","ENTREZID","137964","directed","Process(indirect)"
"ENTREZID","2710","ENTREZID","150763","directed","Process(indirect)"
"ENTREZID","2710","ENTREZID","231","directed","Process(indirect)"
"ENTREZID","2710","ENTREZID","57016","directed","Process(indirect)"
"ENTREZID","2710","ENTREZID","57678","directed","Process(indirect)"
"ENTREZID","2710","ENTREZID","84803","directed","Process(indirect)"
"ENTREZID","2712","ENTREZID","10327","directed","Process(indirect)"
"ENTREZID","2712","ENTREZID","137964","directed","Process(indirect)"
"ENTREZID","2712","ENTREZID","150763","directed","Process(indirect)"
"ENTREZID","2712","ENTREZID","231","directed","Process(indirect)"
"ENTREZID","2712","ENTREZID","57016","directed","Process(indirect)"
"ENTREZID","2712","ENTREZID","57678","directed","Process(indirect)"
"ENTREZID","2712","ENTREZID","84803","directed","Process(indirect)"
"ENTREZID","346606","ENTREZID","1056","directed","Process(indirect)"
"ENTREZID","346606","ENTREZID","11343","directed","Process(indirect)"
"ENTREZID","346606","ENTREZID","119548","directed","Process(indirect)"
"ENTREZID","346606","ENTREZID","139189","directed","Process(indirect)"
"ENTREZID","346606","ENTREZID","1606","directed","Process(indirect)"
"ENTREZID","346606","ENTREZID","1607","directed","Process(indirect)"
"ENTREZID","346606","ENTREZID","1608","directed","Process(indirect)"
"ENTREZID","346606","ENTREZID","160851","directed","Process(indirect)"
"ENTREZID","346606","ENTREZID","1609","directed","Process(indirect)"
"ENTREZID","346606","ENTREZID","196051","directed","Process(indirect)"
"ENTREZID","346606","ENTREZID","23175","directed","Process(indirect)"
"ENTREZID","346606","ENTREZID","3990","directed","Process(indirect)"
"ENTREZID","346606","ENTREZID","4023","directed","Process(indirect)"
"ENTREZID","346606","ENTREZID","5406","directed","Process(indirect)"
"ENTREZID","346606","ENTREZID","5407","directed","Process(indirect)"
"ENTREZID","346606","ENTREZID","5408","directed","Process(indirect)"
"ENTREZID","346606","ENTREZID","55750","directed","Process(indirect)"
"ENTREZID","346606","ENTREZID","57104","directed","Process(indirect)"
"ENTREZID","346606","ENTREZID","64900","directed","Process(indirect)"
"ENTREZID","346606","ENTREZID","80339","directed","Process(indirect)"
"ENTREZID","346606","ENTREZID","84513","directed","Process(indirect)"
"ENTREZID","346606","ENTREZID","8513","directed","Process(indirect)"
"ENTREZID","346606","ENTREZID","8525","directed","Process(indirect)"
"ENTREZID","346606","ENTREZID","8526","directed","Process(indirect)"
"ENTREZID","346606","ENTREZID","8527","directed","Process(indirect)"
"ENTREZID","346606","ENTREZID","8611","directed","Process(indirect)"
"ENTREZID","346606","ENTREZID","8612","directed","Process(indirect)"
"ENTREZID","346606","ENTREZID","8613","directed","Process(indirect)"
"ENTREZID","346606","ENTREZID","9162","directed","Process(indirect)"
"ENTREZID","346606","ENTREZID","9388","directed","Process(indirect)"
"ENTREZID","346606","ENTREZID","9663","directed","Process(indirect)"
"ENTREZID","3990","ENTREZID","11343","directed","Process(indirect)"
"ENTREZID","3990","ENTREZID","116255","directed","Process(indirect)"
"ENTREZID","3990","ENTREZID","139189","directed","Process(indirect)"
"ENTREZID","3990","ENTREZID","1606","directed","Process(indirect)"
"ENTREZID","3990","ENTREZID","1607","directed","Process(indirect)"
"ENTREZID","3990","ENTREZID","1608","directed","Process(indirect)"
"ENTREZID","3990","ENTREZID","160851","directed","Process(indirect)"
"ENTREZID","3990","ENTREZID","1609","directed","Process(indirect)"
"ENTREZID","3990","ENTREZID","196051","directed","Process(indirect)"
"ENTREZID","3990","ENTREZID","23175","directed","Process(indirect)"
"ENTREZID","3990","ENTREZID","346606","directed","Process(indirect)"
"ENTREZID","3990","ENTREZID","4023","directed","Process(indirect)"
"ENTREZID","3990","ENTREZID","55750","directed","Process(indirect)"
"ENTREZID","3990","ENTREZID","64900","directed","Process(indirect)"
"ENTREZID","3990","ENTREZID","80168","directed","Process(indirect)"
"ENTREZID","3990","ENTREZID","84513","directed","Process(indirect)"
"ENTREZID","3990","ENTREZID","84649","directed","Process(indirect)"
"ENTREZID","3990","ENTREZID","8525","directed","Process(indirect)"
"ENTREZID","3990","ENTREZID","8526","directed","Process(indirect)"
"ENTREZID","3990","ENTREZID","8527","directed","Process(indirect)"
"ENTREZID","3990","ENTREZID","8611","directed","Process(indirect)"
"ENTREZID","3990","ENTREZID","8612","directed","Process(indirect)"
"ENTREZID","3990","ENTREZID","8613","directed","Process(indirect)"
"ENTREZID","3990","ENTREZID","8694","directed","Process(indirect)"
"ENTREZID","3990","ENTREZID","9162","directed","Process(indirect)"
"ENTREZID","3990","ENTREZID","9663","directed","Process(indirect)"
"ENTREZID","4023","ENTREZID","1056","directed","Process(indirect)"
"ENTREZID","4023","ENTREZID","11343","directed","Process(indirect)"
"ENTREZID","4023","ENTREZID","116255","directed","Process(indirect)"
"ENTREZID","4023","ENTREZID","119548","directed","Process(indirect)"
"ENTREZID","4023","ENTREZID","139189","directed","Process(indirect)"
"ENTREZID","4023","ENTREZID","1606","directed","Process(indirect)"
"ENTREZID","4023","ENTREZID","1607","directed","Process(indirect)"
"ENTREZID","4023","ENTREZID","1608","directed","Process(indirect)"
"ENTREZID","4023","ENTREZID","160851","directed","Process(indirect)"
"ENTREZID","4023","ENTREZID","1609","directed","Process(indirect)"
"ENTREZID","4023","ENTREZID","196051","directed","Process(indirect)"
"ENTREZID","4023","ENTREZID","23175","directed","Process(indirect)"
"ENTREZID","4023","ENTREZID","346606","directed","Process(indirect)"
"ENTREZID","4023","ENTREZID","3990","directed","Process(indirect)"
"ENTREZID","4023","ENTREZID","5406","directed","Process(indirect)"
"ENTREZID","4023","ENTREZID","5407","directed","Process(indirect)"
"ENTREZID","4023","ENTREZID","5408","directed","Process(indirect)"
"ENTREZID","4023","ENTREZID","57104","directed","Process(indirect)"
"ENTREZID","4023","ENTREZID","64900","directed","Process(indirect)"
"ENTREZID","4023","ENTREZID","80168","directed","Process(indirect)"
"ENTREZID","4023","ENTREZID","80339","directed","Process(indirect)"
"ENTREZID","4023","ENTREZID","84513","directed","Process(indirect)"
"ENTREZID","4023","ENTREZID","84649","directed","Process(indirect)"
"ENTREZID","4023","ENTREZID","8513","directed","Process(indirect)"
"ENTREZID","4023","ENTREZID","8525","directed","Process(indirect)"
"ENTREZID","4023","ENTREZID","8526","directed","Process(indirect)"
"ENTREZID","4023","ENTREZID","8527","directed","Process(indirect)"
"ENTREZID","4023","ENTREZID","8611","directed","Process(indirect)"
"ENTREZID","4023","ENTREZID","8612","directed","Process(indirect)"
"ENTREZID","4023","ENTREZID","8613","directed","Process(indirect)"
"ENTREZID","4023","ENTREZID","8694","directed","Process(indirect)"
"ENTREZID","4023","ENTREZID","9162","directed","Process(indirect)"
"ENTREZID","4023","ENTREZID","9388","directed","Process(indirect)"
"ENTREZID","4023","ENTREZID","9663","directed","Process(indirect)"
"ENTREZID","501","ENTREZID","10327","directed","Process(indirect)"
"ENTREZID","501","ENTREZID","10327","undirected","Process(indirect)"
"ENTREZID","501","ENTREZID","132158","directed","Process(indirect)"
"ENTREZID","501","ENTREZID","217","directed","Process(indirect)"
"ENTREZID","501","ENTREZID","219","directed","Process(indirect)"
"ENTREZID","501","ENTREZID","223","directed","Process(indirect)"
"ENTREZID","501","ENTREZID","224","directed","Process(indirect)"
"ENTREZID","501","ENTREZID","231","directed","Process(indirect)"
"ENTREZID","501","ENTREZID","57016","directed","Process(indirect)"
"ENTREZID","501","ENTREZID","57016","undirected","Process(indirect)"
"ENTREZID","5406","ENTREZID","11343","directed","Process(indirect)"
"ENTREZID","5406","ENTREZID","116255","directed","Process(indirect)"
"ENTREZID","5406","ENTREZID","139189","directed","Process(indirect)"
"ENTREZID","5406","ENTREZID","1606","directed","Process(indirect)"
"ENTREZID","5406","ENTREZID","1607","directed","Process(indirect)"
"ENTREZID","5406","ENTREZID","1608","directed","Process(indirect)"
"ENTREZID","5406","ENTREZID","160851","directed","Process(indirect)"
"ENTREZID","5406","ENTREZID","1609","directed","Process(indirect)"
"ENTREZID","5406","ENTREZID","196051","directed","Process(indirect)"
"ENTREZID","5406","ENTREZID","23175","directed","Process(indirect)"
"ENTREZID","5406","ENTREZID","346606","directed","Process(indirect)"
"ENTREZID","5406","ENTREZID","4023","directed","Process(indirect)"
"ENTREZID","5406","ENTREZID","55750","directed","Process(indirect)"
"ENTREZID","5406","ENTREZID","64900","directed","Process(indirect)"
"ENTREZID","5406","ENTREZID","80168","directed","Process(indirect)"
"ENTREZID","5406","ENTREZID","84513","directed","Process(indirect)"
"ENTREZID","5406","ENTREZID","84649","directed","Process(indirect)"
"ENTREZID","5406","ENTREZID","8525","directed","Process(indirect)"
"ENTREZID","5406","ENTREZID","8526","directed","Process(indirect)"
"ENTREZID","5406","ENTREZID","8527","directed","Process(indirect)"
"ENTREZID","5406","ENTREZID","8611","directed","Process(indirect)"
"ENTREZID","5406","ENTREZID","8612","directed","Process(indirect)"
"ENTREZID","5406","ENTREZID","8613","directed","Process(indirect)"
"ENTREZID","5406","ENTREZID","8694","directed","Process(indirect)"
"ENTREZID","5406","ENTREZID","9162","directed","Process(indirect)"
"ENTREZID","5406","ENTREZID","9663","directed","Process(indirect)"
"ENTREZID","5407","ENTREZID","11343","directed","Process(indirect)"
"ENTREZID","5407","ENTREZID","116255","directed","Process(indirect)"
"ENTREZID","5407","ENTREZID","139189","directed","Process(indirect)"
"ENTREZID","5407","ENTREZID","1606","directed","Process(indirect)"
"ENTREZID","5407","ENTREZID","1607","directed","Process(indirect)"
"ENTREZID","5407","ENTREZID","1608","directed","Process(indirect)"
"ENTREZID","5407","ENTREZID","160851","directed","Process(indirect)"
"ENTREZID","5407","ENTREZID","1609","directed","Process(indirect)"
"ENTREZID","5407","ENTREZID","196051","directed","Process(indirect)"
"ENTREZID","5407","ENTREZID","23175","directed","Process(indirect)"
"ENTREZID","5407","ENTREZID","346606","directed","Process(indirect)"
"ENTREZID","5407","ENTREZID","4023","directed","Process(indirect)"
"ENTREZID","5407","ENTREZID","55750","directed","Process(indirect)"
"ENTREZID","5407","ENTREZID","64900","directed","Process(indirect)"
"ENTREZID","5407","ENTREZID","80168","directed","Process(indirect)"
"ENTREZID","5407","ENTREZID","84513","directed","Process(indirect)"
"ENTREZID","5407","ENTREZID","84649","directed","Process(indirect)"
"ENTREZID","5407","ENTREZID","8525","directed","Process(indirect)"
"ENTREZID","5407","ENTREZID","8526","directed","Process(indirect)"
"ENTREZID","5407","ENTREZID","8527","directed","Process(indirect)"
"ENTREZID","5407","ENTREZID","8611","directed","Process(indirect)"
"ENTREZID","5407","ENTREZID","8612","directed","Process(indirect)"
"ENTREZID","5407","ENTREZID","8613","directed","Process(indirect)"
"ENTREZID","5407","ENTREZID","8694","directed","Process(indirect)"
"ENTREZID","5407","ENTREZID","9162","directed","Process(indirect)"
"ENTREZID","5407","ENTREZID","9663","directed","Process(indirect)"
"ENTREZID","5408","ENTREZID","11343","directed","Process(indirect)"
"ENTREZID","5408","ENTREZID","116255","directed","Process(indirect)"
"ENTREZID","5408","ENTREZID","139189","directed","Process(indirect)"
"ENTREZID","5408","ENTREZID","1606","directed","Process(indirect)"
"ENTREZID","5408","ENTREZID","1607","directed","Process(indirect)"
"ENTREZID","5408","ENTREZID","1608","directed","Process(indirect)"
"ENTREZID","5408","ENTREZID","160851","directed","Process(indirect)"
"ENTREZID","5408","ENTREZID","1609","directed","Process(indirect)"
"ENTREZID","5408","ENTREZID","196051","directed","Process(indirect)"
"ENTREZID","5408","ENTREZID","23175","directed","Process(indirect)"
"ENTREZID","5408","ENTREZID","346606","directed","Process(indirect)"
"ENTREZID","5408","ENTREZID","4023","directed","Process(indirect)"
"ENTREZID","5408","ENTREZID","55750","directed","Process(indirect)"
"ENTREZID","5408","ENTREZID","64900","directed","Process(indirect)"
"ENTREZID","5408","ENTREZID","80168","directed","Process(indirect)"
"ENTREZID","5408","ENTREZID","84513","directed","Process(indirect)"
"ENTREZID","5408","ENTREZID","84649","directed","Process(indirect)"
"ENTREZID","5408","ENTREZID","8525","directed","Process(indirect)"
"ENTREZID","5408","ENTREZID","8526","directed","Process(indirect)"
"ENTREZID","5408","ENTREZID","8527","directed","Process(indirect)"
"ENTREZID","5408","ENTREZID","8611","directed","Process(indirect)"
"ENTREZID","5408","ENTREZID","8612","directed","Process(indirect)"
"ENTREZID","5408","ENTREZID","8613","directed","Process(indirect)"
"ENTREZID","5408","ENTREZID","8694","directed","Process(indirect)"
"ENTREZID","5408","ENTREZID","9162","directed","Process(indirect)"
"ENTREZID","5408","ENTREZID","9663","directed","Process(indirect)"
"ENTREZID","55326","ENTREZID","137964","directed","Process(indirect)"
"ENTREZID","55326","ENTREZID","139189","directed","Process(indirect)"
"ENTREZID","55326","ENTREZID","150763","directed","Process(indirect)"
"ENTREZID","55326","ENTREZID","1606","directed","Process(indirect)"
"ENTREZID","55326","ENTREZID","1607","directed","Process(indirect)"
"ENTREZID","55326","ENTREZID","1608","directed","Process(indirect)"
"ENTREZID","55326","ENTREZID","160851","directed","Process(indirect)"
"ENTREZID","55326","ENTREZID","1609","directed","Process(indirect)"
"ENTREZID","55326","ENTREZID","196051","directed","Process(indirect)"
"ENTREZID","55326","ENTREZID","23175","directed","Process(indirect)"
"ENTREZID","55326","ENTREZID","55750","directed","Process(indirect)"
"ENTREZID","55326","ENTREZID","57678","directed","Process(indirect)"
"ENTREZID","55326","ENTREZID","64900","directed","Process(indirect)"
"ENTREZID","55326","ENTREZID","84513","directed","Process(indirect)"
"ENTREZID","55326","ENTREZID","84803","directed","Process(indirect)"
"ENTREZID","55326","ENTREZID","8525","directed","Process(indirect)"
"ENTREZID","55326","ENTREZID","8526","directed","Process(indirect)"
"ENTREZID","55326","ENTREZID","8527","directed","Process(indirect)"
"ENTREZID","55326","ENTREZID","8611","directed","Process(indirect)"
"ENTREZID","55326","ENTREZID","8612","directed","Process(indirect)"
"ENTREZID","55326","ENTREZID","8613","directed","Process(indirect)"
"ENTREZID","55326","ENTREZID","9162","directed","Process(indirect)"
"ENTREZID","55326","ENTREZID","9663","directed","Process(indirect)"
"ENTREZID","55750","ENTREZID","10554","directed","Process(indirect)"
"ENTREZID","55750","ENTREZID","10555","directed","Process(indirect)"
"ENTREZID","55750","ENTREZID","1056","directed","Process(indirect)"
"ENTREZID","55750","ENTREZID","11343","directed","Process(indirect)"
"ENTREZID","55750","ENTREZID","116255","directed","Process(indirect)"
"ENTREZID","55750","ENTREZID","119548","directed","Process(indirect)"
"ENTREZID","55750","ENTREZID","129642","directed","Process(indirect)"
"ENTREZID","55750","ENTREZID","137964","directed","Process(indirect)"
"ENTREZID","55750","ENTREZID","150763","directed","Process(indirect)"
"ENTREZID","55750","ENTREZID","154141","directed","Process(indirect)"
"ENTREZID","55750","ENTREZID","253558","directed","Process(indirect)"
"ENTREZID","55750","ENTREZID","346606","directed","Process(indirect)"
"ENTREZID","55750","ENTREZID","3990","directed","Process(indirect)"
"ENTREZID","55750","ENTREZID","5406","directed","Process(indirect)"
"ENTREZID","55750","ENTREZID","5407","directed","Process(indirect)"
"ENTREZID","55750","ENTREZID","5408","directed","Process(indirect)"
"ENTREZID","55750","ENTREZID","55326","directed","Process(indirect)"
"ENTREZID","55750","ENTREZID","56894","directed","Process(indirect)"
"ENTREZID","55750","ENTREZID","56895","directed","Process(indirect)"
"ENTREZID","55750","ENTREZID","57104","directed","Process(indirect)"
"ENTREZID","55750","ENTREZID","57678","directed","Process(indirect)"
"ENTREZID","55750","ENTREZID","80168","directed","Process(indirect)"
"ENTREZID","55750","ENTREZID","80339","directed","Process(indirect)"
"ENTREZID","55750","ENTREZID","84803","directed","Process(indirect)"
"ENTREZID","55750","ENTREZID","8513","directed","Process(indirect)"
"ENTREZID","55750","ENTREZID","9388","directed","Process(indirect)"
"ENTREZID","56894","ENTREZID","137964","directed","Process(indirect)"
"ENTREZID","56894","ENTREZID","139189","directed","Process(indirect)"
"ENTREZID","56894","ENTREZID","150763","directed","Process(indirect)"
"ENTREZID","56894","ENTREZID","1606","directed","Process(indirect)"
"ENTREZID","56894","ENTREZID","1607","directed","Process(indirect)"
"ENTREZID","56894","ENTREZID","1608","directed","Process(indirect)"
"ENTREZID","56894","ENTREZID","160851","directed","Process(indirect)"
"ENTREZID","56894","ENTREZID","1609","directed","Process(indirect)"
"ENTREZID","56894","ENTREZID","196051","directed","Process(indirect)"
"ENTREZID","56894","ENTREZID","23175","directed","Process(indirect)"
"ENTREZID","56894","ENTREZID","55750","directed","Process(indirect)"
"ENTREZID","56894","ENTREZID","57678","directed","Process(indirect)"
"ENTREZID","56894","ENTREZID","64900","directed","Process(indirect)"
"ENTREZID","56894","ENTREZID","84513","directed","Process(indirect)"
"ENTREZID","56894","ENTREZID","84803","directed","Process(indirect)"
"ENTREZID","56894","ENTREZID","8525","directed","Process(indirect)"
"ENTREZID","56894","ENTREZID","8526","directed","Process(indirect)"
"ENTREZID","56894","ENTREZID","8527","directed","Process(indirect)"
"ENTREZID","56894","ENTREZID","8611","directed","Process(indirect)"
"ENTREZID","56894","ENTREZID","8612","directed","Process(indirect)"
"ENTREZID","56894","ENTREZID","8613","directed","Process(indirect)"
"ENTREZID","56894","ENTREZID","9162","directed","Process(indirect)"
"ENTREZID","56894","ENTREZID","9663","directed","Process(indirect)"
"ENTREZID","56895","ENTREZID","137964","directed","Process(indirect)"
"ENTREZID","56895","ENTREZID","139189","directed","Process(indirect)"
"ENTREZID","56895","ENTREZID","150763","directed","Process(indirect)"
"ENTREZID","56895","ENTREZID","1606","directed","Process(indirect)"
"ENTREZID","56895","ENTREZID","1607","directed","Process(indirect)"
"ENTREZID","56895","ENTREZID","1608","directed","Process(indirect)"
"ENTREZID","56895","ENTREZID","160851","directed","Process(indirect)"
"ENTREZID","56895","ENTREZID","1609","directed","Process(indirect)"
"ENTREZID","56895","ENTREZID","196051","directed","Process(indirect)"
"ENTREZID","56895","ENTREZID","23175","directed","Process(indirect)"
"ENTREZID","56895","ENTREZID","55750","directed","Process(indirect)"
"ENTREZID","56895","ENTREZID","57678","directed","Process(indirect)"
"ENTREZID","56895","ENTREZID","64900","directed","Process(indirect)"
"ENTREZID","56895","ENTREZID","84513","directed","Process(indirect)"
"ENTREZID","56895","ENTREZID","84803","directed","Process(indirect)"
"ENTREZID","56895","ENTREZID","8525","directed","Process(indirect)"
"ENTREZID","56895","ENTREZID","8526","directed","Process(indirect)"
"ENTREZID","56895","ENTREZID","8527","directed","Process(indirect)"
"ENTREZID","56895","ENTREZID","8611","directed","Process(indirect)"
"ENTREZID","56895","ENTREZID","8612","directed","Process(indirect)"
"ENTREZID","56895","ENTREZID","8613","directed","Process(indirect)"
"ENTREZID","56895","ENTREZID","9162","directed","Process(indirect)"
"ENTREZID","56895","ENTREZID","9663","directed","Process(indirect)"
"ENTREZID","57016","ENTREZID","10327","directed","Process(indirect)"
"ENTREZID","57016","ENTREZID","10327","undirected","Process(indirect)"
"ENTREZID","57016","ENTREZID","217","directed","Process(indirect)"
"ENTREZID","57016","ENTREZID","219","directed","Process(indirect)"
"ENTREZID","57016","ENTREZID","223","directed","Process(indirect)"
"ENTREZID","57016","ENTREZID","224","directed","Process(indirect)"
"ENTREZID","57016","ENTREZID","231","directed","Process(indirect)"
"ENTREZID","57016","ENTREZID","2710","directed","Process(indirect)"
"ENTREZID","57016","ENTREZID","2712","directed","Process(indirect)"
"ENTREZID","57016","ENTREZID","501","directed","Process(indirect)"
"ENTREZID","57104","ENTREZID","11343","directed","Process(indirect)"
"ENTREZID","57104","ENTREZID","116255","directed","Process(indirect)"
"ENTREZID","57104","ENTREZID","139189","directed","Process(indirect)"
"ENTREZID","57104","ENTREZID","1606","directed","Process(indirect)"
"ENTREZID","57104","ENTREZID","1607","directed","Process(indirect)"
"ENTREZID","57104","ENTREZID","1608","directed","Process(indirect)"
"ENTREZID","57104","ENTREZID","160851","directed","Process(indirect)"
"ENTREZID","57104","ENTREZID","1609","directed","Process(indirect)"
"ENTREZID","57104","ENTREZID","196051","directed","Process(indirect)"
"ENTREZID","57104","ENTREZID","23175","directed","Process(indirect)"
"ENTREZID","57104","ENTREZID","346606","directed","Process(indirect)"
"ENTREZID","57104","ENTREZID","4023","directed","Process(indirect)"
"ENTREZID","57104","ENTREZID","55750","directed","Process(indirect)"
"ENTREZID","57104","ENTREZID","64900","directed","Process(indirect)"
"ENTREZID","57104","ENTREZID","80168","directed","Process(indirect)"
"ENTREZID","57104","ENTREZID","84513","directed","Process(indirect)"
"ENTREZID","57104","ENTREZID","84649","directed","Process(indirect)"
"ENTREZID","57104","ENTREZID","8525","directed","Process(indirect)"
"ENTREZID","57104","ENTREZID","8526","directed","Process(indirect)"
"ENTREZID","57104","ENTREZID","8527","directed","Process(indirect)"
"ENTREZID","57104","ENTREZID","8611","directed","Process(indirect)"
"ENTREZID","57104","ENTREZID","8612","directed","Process(indirect)"
"ENTREZID","57104","ENTREZID","8613","directed","Process(indirect)"
"ENTREZID","57104","ENTREZID","8694","directed","Process(indirect)"
"ENTREZID","57104","ENTREZID","9162","directed","Process(indirect)"
"ENTREZID","57104","ENTREZID","9663","directed","Process(indirect)"
"ENTREZID","57678","ENTREZID","10554","directed","Process(indirect)"
"ENTREZID","57678","ENTREZID","10555","directed","Process(indirect)"
"ENTREZID","57678","ENTREZID","129642","directed","Process(indirect)"
"ENTREZID","57678","ENTREZID","154141","directed","Process(indirect)"
"ENTREZID","57678","ENTREZID","253558","directed","Process(indirect)"
"ENTREZID","57678","ENTREZID","2710","directed","Process(indirect)"
"ENTREZID","57678","ENTREZID","2712","directed","Process(indirect)"
"ENTREZID","57678","ENTREZID","55326","directed","Process(indirect)"
"ENTREZID","57678","ENTREZID","55750","directed","Process(indirect)"
"ENTREZID","57678","ENTREZID","56894","directed","Process(indirect)"
"ENTREZID","57678","ENTREZID","56895","directed","Process(indirect)"
"ENTREZID","64900","ENTREZID","10554","directed","Process(indirect)"
"ENTREZID","64900","ENTREZID","10555","directed","Process(indirect)"
"ENTREZID","64900","ENTREZID","1056","directed","Process(indirect)"
"ENTREZID","64900","ENTREZID","116255","directed","Process(indirect)"
"ENTREZID","64900","ENTREZID","119548","directed","Process(indirect)"
"ENTREZID","64900","ENTREZID","129642","directed","Process(indirect)"
"ENTREZID","64900","ENTREZID","139189","directed","Process(indirect)"
"ENTREZID","64900","ENTREZID","154141","directed","Process(indirect)"
"ENTREZID","64900","ENTREZID","1606","directed","Process(indirect)"
"ENTREZID","64900","ENTREZID","1607","directed","Process(indirect)"
"ENTREZID","64900","ENTREZID","1608","directed","Process(indirect)"
"ENTREZID","64900","ENTREZID","160851","directed","Process(indirect)"
"ENTREZID","64900","ENTREZID","1609","directed","Process(indirect)"
"ENTREZID","64900","ENTREZID","253558","directed","Process(indirect)"
"ENTREZID","64900","ENTREZID","346606","directed","Process(indirect)"
"ENTREZID","64900","ENTREZID","3990","directed","Process(indirect)"
"ENTREZID","64900","ENTREZID","4023","directed","Process(indirect)"
"ENTREZID","64900","ENTREZID","5406","directed","Process(indirect)"
"ENTREZID","64900","ENTREZID","5407","directed","Process(indirect)"
"ENTREZID","64900","ENTREZID","5408","directed","Process(indirect)"
"ENTREZID","64900","ENTREZID","55326","directed","Process(indirect)"
"ENTREZID","64900","ENTREZID","56894","directed","Process(indirect)"
"ENTREZID","64900","ENTREZID","56895","directed","Process(indirect)"
"ENTREZID","64900","ENTREZID","57104","directed","Process(indirect)"
"ENTREZID","64900","ENTREZID","80168","directed","Process(indirect)"
"ENTREZID","64900","ENTREZID","80339","directed","Process(indirect)"
"ENTREZID","64900","ENTREZID","84649","directed","Process(indirect)"
"ENTREZID","64900","ENTREZID","8513","directed","Process(indirect)"
"ENTREZID","64900","ENTREZID","8525","directed","Process(indirect)"
"ENTREZID","64900","ENTREZID","8526","directed","Process(indirect)"
"ENTREZID","64900","ENTREZID","8527","directed","Process(indirect)"
"ENTREZID","64900","ENTREZID","8694","directed","Process(indirect)"
"ENTREZID","64900","ENTREZID","9162","directed","Process(indirect)"
"ENTREZID","64900","ENTREZID","9388","directed","Process(indirect)"
"ENTREZID","80168","ENTREZID","1056","directed","Process(indirect)"
"ENTREZID","80168","ENTREZID","11343","directed","Process(indirect)"
"ENTREZID","80168","ENTREZID","119548","directed","Process(indirect)"
"ENTREZID","80168","ENTREZID","139189","directed","Process(indirect)"
"ENTREZID","80168","ENTREZID","1606","directed","Process(indirect)"
"ENTREZID","80168","ENTREZID","1607","directed","Process(indirect)"
"ENTREZID","80168","ENTREZID","1608","directed","Process(indirect)"
"ENTREZID","80168","ENTREZID","160851","directed","Process(indirect)"
"ENTREZID","80168","ENTREZID","1609","directed","Process(indirect)"
"ENTREZID","80168","ENTREZID","196051","directed","Process(indirect)"
"ENTREZID","80168","ENTREZID","23175","directed","Process(indirect)"
"ENTREZID","80168","ENTREZID","3990","directed","Process(indirect)"
"ENTREZID","80168","ENTREZID","4023","directed","Process(indirect)"
"ENTREZID","80168","ENTREZID","5406","directed","Process(indirect)"
"ENTREZID","80168","ENTREZID","5407","directed","Process(indirect)"
"ENTREZID","80168","ENTREZID","5408","directed","Process(indirect)"
"ENTREZID","80168","ENTREZID","55750","directed","Process(indirect)"
"ENTREZID","80168","ENTREZID","57104","directed","Process(indirect)"
"ENTREZID","80168","ENTREZID","64900","directed","Process(indirect)"
"ENTREZID","80168","ENTREZID","80339","directed","Process(indirect)"
"ENTREZID","80168","ENTREZID","84513","directed","Process(indirect)"
"ENTREZID","80168","ENTREZID","8513","directed","Process(indirect)"
"ENTREZID","80168","ENTREZID","8525","directed","Process(indirect)"
"ENTREZID","80168","ENTREZID","8526","directed","Process(indirect)"
"ENTREZID","80168","ENTREZID","8527","directed","Process(indirect)"
"ENTREZID","80168","ENTREZID","8611","directed","Process(indirect)"
"ENTREZID","80168","ENTREZID","8612","directed","Process(indirect)"
"ENTREZID","80168","ENTREZID","8613","directed","Process(indirect)"
"ENTREZID","80168","ENTREZID","9162","directed","Process(indirect)"
"ENTREZID","80168","ENTREZID","9388","directed","Process(indirect)"
"ENTREZID","80168","ENTREZID","9663","directed","Process(indirect)"
"ENTREZID","80339","ENTREZID","11343","directed","Process(indirect)"
"ENTREZID","80339","ENTREZID","116255","directed","Process(indirect)"
"ENTREZID","80339","ENTREZID","139189","directed","Process(indirect)"
"ENTREZID","80339","ENTREZID","1606","directed","Process(indirect)"
"ENTREZID","80339","ENTREZID","1607","directed","Process(indirect)"
"ENTREZID","80339","ENTREZID","1608","directed","Process(indirect)"
"ENTREZID","80339","ENTREZID","160851","directed","Process(indirect)"
"ENTREZID","80339","ENTREZID","1609","directed","Process(indirect)"
"ENTREZID","80339","ENTREZID","196051","directed","Process(indirect)"
"ENTREZID","80339","ENTREZID","23175","directed","Process(indirect)"
"ENTREZID","80339","ENTREZID","346606","directed","Process(indirect)"
"ENTREZID","80339","ENTREZID","4023","directed","Process(indirect)"
"ENTREZID","80339","ENTREZID","55750","directed","Process(indirect)"
"ENTREZID","80339","ENTREZID","64900","directed","Process(indirect)"
"ENTREZID","80339","ENTREZID","80168","directed","Process(indirect)"
"ENTREZID","80339","ENTREZID","84513","directed","Process(indirect)"
"ENTREZID","80339","ENTREZID","84649","directed","Process(indirect)"
"ENTREZID","80339","ENTREZID","8525","directed","Process(indirect)"
"ENTREZID","80339","ENTREZID","8526","directed","Process(indirect)"
"ENTREZID","80339","ENTREZID","8527","directed","Process(indirect)"
"ENTREZID","80339","ENTREZID","8611","directed","Process(indirect)"
"ENTREZID","80339","ENTREZID","8612","directed","Process(indirect)"
"ENTREZID","80339","ENTREZID","8613","directed","Process(indirect)"
"ENTREZID","80339","ENTREZID","8694","directed","Process(indirect)"
"ENTREZID","80339","ENTREZID","9162","directed","Process(indirect)"
"ENTREZID","80339","ENTREZID","9663","directed","Process(indirect)"
"ENTREZID","84513","ENTREZID","10554","directed","Process(indirect)"
"ENTREZID","84513","ENTREZID","10555","directed","Process(indirect)"
"ENTREZID","84513","ENTREZID","1056","directed","Process(indirect)"
"ENTREZID","84513","ENTREZID","116255","directed","Process(indirect)"
"ENTREZID","84513","ENTREZID","119548","directed","Process(indirect)"
"ENTREZID","84513","ENTREZID","129642","directed","Process(indirect)"
"ENTREZID","84513","ENTREZID","139189","directed","Process(indirect)"
"ENTREZID","84513","ENTREZID","154141","directed","Process(indirect)"
"ENTREZID","84513","ENTREZID","1606","directed","Process(indirect)"
"ENTREZID","84513","ENTREZID","1607","directed","Process(indirect)"
"ENTREZID","84513","ENTREZID","1608","directed","Process(indirect)"
"ENTREZID","84513","ENTREZID","160851","directed","Process(indirect)"
"ENTREZID","84513","ENTREZID","1609","directed","Process(indirect)"
"ENTREZID","84513","ENTREZID","253558","directed","Process(indirect)"
"ENTREZID","84513","ENTREZID","346606","directed","Process(indirect)"
"ENTREZID","84513","ENTREZID","3990","directed","Process(indirect)"
"ENTREZID","84513","ENTREZID","4023","directed","Process(indirect)"
"ENTREZID","84513","ENTREZID","5406","directed","Process(indirect)"
"ENTREZID","84513","ENTREZID","5407","directed","Process(indirect)"
"ENTREZID","84513","ENTREZID","5408","directed","Process(indirect)"
"ENTREZID","84513","ENTREZID","55326","directed","Process(indirect)"
"ENTREZID","84513","ENTREZID","56894","directed","Process(indirect)"
"ENTREZID","84513","ENTREZID","56895","directed","Process(indirect)"
"ENTREZID","84513","ENTREZID","57104","directed","Process(indirect)"
"ENTREZID","84513","ENTREZID","80168","directed","Process(indirect)"
"ENTREZID","84513","ENTREZID","80339","directed","Process(indirect)"
"ENTREZID","84513","ENTREZID","84649","directed","Process(indirect)"
"ENTREZID","84513","ENTREZID","8513","directed","Process(indirect)"
"ENTREZID","84513","ENTREZID","8525","directed","Process(indirect)"
"ENTREZID","84513","ENTREZID","8526","directed","Process(indirect)"
"ENTREZID","84513","ENTREZID","8527","directed","Process(indirect)"
"ENTREZID","84513","ENTREZID","8694","directed","Process(indirect)"
"ENTREZID","84513","ENTREZID","9162","directed","Process(indirect)"
"ENTREZID","84513","ENTREZID","9388","directed","Process(indirect)"
"ENTREZID","84649","ENTREZID","1056","directed","Process(indirect)"
"ENTREZID","84649","ENTREZID","119548","directed","Process(indirect)"
"ENTREZID","84649","ENTREZID","139189","directed","Process(indirect)"
"ENTREZID","84649","ENTREZID","1606","directed","Process(indirect)"
"ENTREZID","84649","ENTREZID","1607","directed","Process(indirect)"
"ENTREZID","84649","ENTREZID","1608","directed","Process(indirect)"
"ENTREZID","84649","ENTREZID","160851","directed","Process(indirect)"
"ENTREZID","84649","ENTREZID","1609","directed","Process(indirect)"
"ENTREZID","84649","ENTREZID","196051","directed","Process(indirect)"
"ENTREZID","84649","ENTREZID","23175","directed","Process(indirect)"
"ENTREZID","84649","ENTREZID","3990","directed","Process(indirect)"
"ENTREZID","84649","ENTREZID","4023","directed","Process(indirect)"
"ENTREZID","84649","ENTREZID","5406","directed","Process(indirect)"
"ENTREZID","84649","ENTREZID","5407","directed","Process(indirect)"
"ENTREZID","84649","ENTREZID","5408","directed","Process(indirect)"
"ENTREZID","84649","ENTREZID","57104","directed","Process(indirect)"
"ENTREZID","84649","ENTREZID","64900","directed","Process(indirect)"
"ENTREZID","84649","ENTREZID","80339","directed","Process(indirect)"
"ENTREZID","84649","ENTREZID","84513","directed","Process(indirect)"
"ENTREZID","84649","ENTREZID","8513","directed","Process(indirect)"
"ENTREZID","84649","ENTREZID","8525","directed","Process(indirect)"
"ENTREZID","84649","ENTREZID","8526","directed","Process(indirect)"
"ENTREZID","84649","ENTREZID","8527","directed","Process(indirect)"
"ENTREZID","84649","ENTREZID","8611","directed","Process(indirect)"
"ENTREZID","84649","ENTREZID","8612","directed","Process(indirect)"
"ENTREZID","84649","ENTREZID","8613","directed","Process(indirect)"
"ENTREZID","84649","ENTREZID","9162","directed","Process(indirect)"
"ENTREZID","84649","ENTREZID","9388","directed","Process(indirect)"
"ENTREZID","84649","ENTREZID","9663","directed","Process(indirect)"
"ENTREZID","84803","ENTREZID","10554","directed","Process(indirect)"
"ENTREZID","84803","ENTREZID","10555","directed","Process(indirect)"
"ENTREZID","84803","ENTREZID","129642","directed","Process(indirect)"
"ENTREZID","84803","ENTREZID","154141","directed","Process(indirect)"
"ENTREZID","84803","ENTREZID","253558","directed","Process(indirect)"
"ENTREZID","84803","ENTREZID","2710","directed","Process(indirect)"
"ENTREZID","84803","ENTREZID","2712","directed","Process(indirect)"
"ENTREZID","84803","ENTREZID","55326","directed","Process(indirect)"
"ENTREZID","84803","ENTREZID","55750","directed","Process(indirect)"
"ENTREZID","84803","ENTREZID","56894","directed","Process(indirect)"
"ENTREZID","84803","ENTREZID","56895","directed","Process(indirect)"
"ENTREZID","8513","ENTREZID","11343","directed","Process(indirect)"
"ENTREZID","8513","ENTREZID","116255","directed","Process(indirect)"
"ENTREZID","8513","ENTREZID","139189","directed","Process(indirect)"
"ENTREZID","8513","ENTREZID","1606","directed","Process(indirect)"
"ENTREZID","8513","ENTREZID","1607","directed","Process(indirect)"
"ENTREZID","8513","ENTREZID","1608","directed","Process(indirect)"
"ENTREZID","8513","ENTREZID","160851","directed","Process(indirect)"
"ENTREZID","8513","ENTREZID","1609","directed","Process(indirect)"
"ENTREZID","8513","ENTREZID","196051","directed","Process(indirect)"
"ENTREZID","8513","ENTREZID","23175","directed","Process(indirect)"
"ENTREZID","8513","ENTREZID","346606","directed","Process(indirect)"
"ENTREZID","8513","ENTREZID","4023","directed","Process(indirect)"
"ENTREZID","8513","ENTREZID","55750","directed","Process(indirect)"
"ENTREZID","8513","ENTREZID","64900","directed","Process(indirect)"
"ENTREZID","8513","ENTREZID","80168","directed","Process(indirect)"
"ENTREZID","8513","ENTREZID","84513","directed","Process(indirect)"
"ENTREZID","8513","ENTREZID","84649","directed","Process(indirect)"
"ENTREZID","8513","ENTREZID","8525","directed","Process(indirect)"
"ENTREZID","8513","ENTREZID","8526","directed","Process(indirect)"
"ENTREZID","8513","ENTREZID","8527","directed","Process(indirect)"
"ENTREZID","8513","ENTREZID","8611","directed","Process(indirect)"
"ENTREZID","8513","ENTREZID","8612","directed","Process(indirect)"
"ENTREZID","8513","ENTREZID","8613","directed","Process(indirect)"
"ENTREZID","8513","ENTREZID","8694","directed","Process(indirect)"
"ENTREZID","8513","ENTREZID","9162","directed","Process(indirect)"
"ENTREZID","8513","ENTREZID","9663","directed","Process(indirect)"
"ENTREZID","8525","ENTREZID","10554","directed","Process(indirect)"
"ENTREZID","8525","ENTREZID","10555","directed","Process(indirect)"
"ENTREZID","8525","ENTREZID","129642","directed","Process(indirect)"
"ENTREZID","8525","ENTREZID","154141","directed","Process(indirect)"
"ENTREZID","8525","ENTREZID","196051","directed","Process(indirect)"
"ENTREZID","8525","ENTREZID","23175","directed","Process(indirect)"
"ENTREZID","8525","ENTREZID","253558","directed","Process(indirect)"
"ENTREZID","8525","ENTREZID","55326","directed","Process(indirect)"
"ENTREZID","8525","ENTREZID","56894","directed","Process(indirect)"
"ENTREZID","8525","ENTREZID","56895","directed","Process(indirect)"
"ENTREZID","8525","ENTREZID","64900","directed","Process(indirect)"
"ENTREZID","8525","ENTREZID","84513","directed","Process(indirect)"
"ENTREZID","8525","ENTREZID","8611","directed","Process(indirect)"
"ENTREZID","8525","ENTREZID","8612","directed","Process(indirect)"
"ENTREZID","8525","ENTREZID","8613","directed","Process(indirect)"
"ENTREZID","8525","ENTREZID","9663","directed","Process(indirect)"
"ENTREZID","8526","ENTREZID","10554","directed","Process(indirect)"
"ENTREZID","8526","ENTREZID","10555","directed","Process(indirect)"
"ENTREZID","8526","ENTREZID","129642","directed","Process(indirect)"
"ENTREZID","8526","ENTREZID","154141","directed","Process(indirect)"
"ENTREZID","8526","ENTREZID","196051","directed","Process(indirect)"
"ENTREZID","8526","ENTREZID","23175","directed","Process(indirect)"
"ENTREZID","8526","ENTREZID","253558","directed","Process(indirect)"
"ENTREZID","8526","ENTREZID","55326","directed","Process(indirect)"
"ENTREZID","8526","ENTREZID","56894","directed","Process(indirect)"
"ENTREZID","8526","ENTREZID","56895","directed","Process(indirect)"
"ENTREZID","8526","ENTREZID","64900","directed","Process(indirect)"
"ENTREZID","8526","ENTREZID","84513","directed","Process(indirect)"
"ENTREZID","8526","ENTREZID","8611","directed","Process(indirect)"
"ENTREZID","8526","ENTREZID","8612","directed","Process(indirect)"
"ENTREZID","8526","ENTREZID","8613","directed","Process(indirect)"
"ENTREZID","8526","ENTREZID","9663","directed","Process(indirect)"
"ENTREZID","8527","ENTREZID","10554","directed","Process(indirect)"
"ENTREZID","8527","ENTREZID","10555","directed","Process(indirect)"
"ENTREZID","8527","ENTREZID","129642","directed","Process(indirect)"
"ENTREZID","8527","ENTREZID","154141","directed","Process(indirect)"
"ENTREZID","8527","ENTREZID","196051","directed","Process(indirect)"
"ENTREZID","8527","ENTREZID","23175","directed","Process(indirect)"
"ENTREZID","8527","ENTREZID","253558","directed","Process(indirect)"
"ENTREZID","8527","ENTREZID","55326","directed","Process(indirect)"
"ENTREZID","8527","ENTREZID","56894","directed","Process(indirect)"
"ENTREZID","8527","ENTREZID","56895","directed","Process(indirect)"
"ENTREZID","8527","ENTREZID","64900","directed","Process(indirect)"
"ENTREZID","8527","ENTREZID","84513","directed","Process(indirect)"
"ENTREZID","8527","ENTREZID","8611","directed","Process(indirect)"
"ENTREZID","8527","ENTREZID","8612","directed","Process(indirect)"
"ENTREZID","8527","ENTREZID","8613","directed","Process(indirect)"
"ENTREZID","8527","ENTREZID","9663","directed","Process(indirect)"
"ENTREZID","8611","ENTREZID","10554","directed","Process(indirect)"
"ENTREZID","8611","ENTREZID","10555","directed","Process(indirect)"
"ENTREZID","8611","ENTREZID","1056","directed","Process(indirect)"
"ENTREZID","8611","ENTREZID","116255","directed","Process(indirect)"
"ENTREZID","8611","ENTREZID","119548","directed","Process(indirect)"
"ENTREZID","8611","ENTREZID","129642","directed","Process(indirect)"
"ENTREZID","8611","ENTREZID","139189","directed","Process(indirect)"
"ENTREZID","8611","ENTREZID","154141","directed","Process(indirect)"
"ENTREZID","8611","ENTREZID","1606","directed","Process(indirect)"
"ENTREZID","8611","ENTREZID","1607","directed","Process(indirect)"
"ENTREZID","8611","ENTREZID","1608","directed","Process(indirect)"
"ENTREZID","8611","ENTREZID","160851","directed","Process(indirect)"
"ENTREZID","8611","ENTREZID","1609","directed","Process(indirect)"
"ENTREZID","8611","ENTREZID","253558","directed","Process(indirect)"
"ENTREZID","8611","ENTREZID","346606","directed","Process(indirect)"
"ENTREZID","8611","ENTREZID","3990","directed","Process(indirect)"
"ENTREZID","8611","ENTREZID","4023","directed","Process(indirect)"
"ENTREZID","8611","ENTREZID","5406","directed","Process(indirect)"
"ENTREZID","8611","ENTREZID","5407","directed","Process(indirect)"
"ENTREZID","8611","ENTREZID","5408","directed","Process(indirect)"
"ENTREZID","8611","ENTREZID","55326","directed","Process(indirect)"
"ENTREZID","8611","ENTREZID","56894","directed","Process(indirect)"
"ENTREZID","8611","ENTREZID","56895","directed","Process(indirect)"
"ENTREZID","8611","ENTREZID","57104","directed","Process(indirect)"
"ENTREZID","8611","ENTREZID","80168","directed","Process(indirect)"
"ENTREZID","8611","ENTREZID","80339","directed","Process(indirect)"
"ENTREZID","8611","ENTREZID","84649","directed","Process(indirect)"
"ENTREZID","8611","ENTREZID","8513","directed","Process(indirect)"
"ENTREZID","8611","ENTREZID","8525","directed","Process(indirect)"
"ENTREZID","8611","ENTREZID","8526","directed","Process(indirect)"
"ENTREZID","8611","ENTREZID","8527","directed","Process(indirect)"
"ENTREZID","8611","ENTREZID","8694","directed","Process(indirect)"
"ENTREZID","8611","ENTREZID","9162","directed","Process(indirect)"
"ENTREZID","8611","ENTREZID","9388","directed","Process(indirect)"
"ENTREZID","8612","ENTREZID","10554","directed","Process(indirect)"
"ENTREZID","8612","ENTREZID","10555","directed","Process(indirect)"
"ENTREZID","8612","ENTREZID","1056","directed","Process(indirect)"
"ENTREZID","8612","ENTREZID","116255","directed","Process(indirect)"
"ENTREZID","8612","ENTREZID","119548","directed","Process(indirect)"
"ENTREZID","8612","ENTREZID","129642","directed","Process(indirect)"
"ENTREZID","8612","ENTREZID","139189","directed","Process(indirect)"
"ENTREZID","8612","ENTREZID","154141","directed","Process(indirect)"
"ENTREZID","8612","ENTREZID","1606","directed","Process(indirect)"
"ENTREZID","8612","ENTREZID","1607","directed","Process(indirect)"
"ENTREZID","8612","ENTREZID","1608","directed","Process(indirect)"
"ENTREZID","8612","ENTREZID","160851","directed","Process(indirect)"
"ENTREZID","8612","ENTREZID","1609","directed","Process(indirect)"
"ENTREZID","8612","ENTREZID","253558","directed","Process(indirect)"
"ENTREZID","8612","ENTREZID","346606","directed","Process(indirect)"
"ENTREZID","8612","ENTREZID","3990","directed","Process(indirect)"
"ENTREZID","8612","ENTREZID","4023","directed","Process(indirect)"
"ENTREZID","8612","ENTREZID","5406","directed","Process(indirect)"
"ENTREZID","8612","ENTREZID","5407","directed","Process(indirect)"
"ENTREZID","8612","ENTREZID","5408","directed","Process(indirect)"
"ENTREZID","8612","ENTREZID","55326","directed","Process(indirect)"
"ENTREZID","8612","ENTREZID","56894","directed","Process(indirect)"
"ENTREZID","8612","ENTREZID","56895","directed","Process(indirect)"
"ENTREZID","8612","ENTREZID","57104","directed","Process(indirect)"
"ENTREZID","8612","ENTREZID","80168","directed","Process(indirect)"
"ENTREZID","8612","ENTREZID","80339","directed","Process(indirect)"
"ENTREZID","8612","ENTREZID","84649","directed","Process(indirect)"
"ENTREZID","8612","ENTREZID","8513","directed","Process(indirect)"
"ENTREZID","8612","ENTREZID","8525","directed","Process(indirect)"
"ENTREZID","8612","ENTREZID","8526","directed","Process(indirect)"
"ENTREZID","8612","ENTREZID","8527","directed","Process(indirect)"
"ENTREZID","8612","ENTREZID","8694","directed","Process(indirect)"
"ENTREZID","8612","ENTREZID","9162","directed","Process(indirect)"
"ENTREZID","8612","ENTREZID","9388","directed","Process(indirect)"
"ENTREZID","8613","ENTREZID","10554","directed","Process(indirect)"
"ENTREZID","8613","ENTREZID","10555","directed","Process(indirect)"
"ENTREZID","8613","ENTREZID","1056","directed","Process(indirect)"
"ENTREZID","8613","ENTREZID","116255","directed","Process(indirect)"
"ENTREZID","8613","ENTREZID","119548","directed","Process(indirect)"
"ENTREZID","8613","ENTREZID","129642","directed","Process(indirect)"
"ENTREZID","8613","ENTREZID","139189","directed","Process(indirect)"
"ENTREZID","8613","ENTREZID","154141","directed","Process(indirect)"
"ENTREZID","8613","ENTREZID","1606","directed","Process(indirect)"
"ENTREZID","8613","ENTREZID","1607","directed","Process(indirect)"
"ENTREZID","8613","ENTREZID","1608","directed","Process(indirect)"
"ENTREZID","8613","ENTREZID","160851","directed","Process(indirect)"
"ENTREZID","8613","ENTREZID","1609","directed","Process(indirect)"
"ENTREZID","8613","ENTREZID","253558","directed","Process(indirect)"
"ENTREZID","8613","ENTREZID","346606","directed","Process(indirect)"
"ENTREZID","8613","ENTREZID","3990","directed","Process(indirect)"
"ENTREZID","8613","ENTREZID","4023","directed","Process(indirect)"
"ENTREZID","8613","ENTREZID","5406","directed","Process(indirect)"
"ENTREZID","8613","ENTREZID","5407","directed","Process(indirect)"
"ENTREZID","8613","ENTREZID","5408","directed","Process(indirect)"
"ENTREZID","8613","ENTREZID","55326","directed","Process(indirect)"
"ENTREZID","8613","ENTREZID","56894","directed","Process(indirect)"
"ENTREZID","8613","ENTREZID","56895","directed","Process(indirect)"
"ENTREZID","8613","ENTREZID","57104","directed","Process(indirect)"
"ENTREZID","8613","ENTREZID","80168","directed","Process(indirect)"
"ENTREZID","8613","ENTREZID","80339","directed","Process(indirect)"
"ENTREZID","8613","ENTREZID","84649","directed","Process(indirect)"
"ENTREZID","8613","ENTREZID","8513","directed","Process(indirect)"
"ENTREZID","8613","ENTREZID","8525","directed","Process(indirect)"
"ENTREZID","8613","ENTREZID","8526","directed","Process(indirect)"
"ENTREZID","8613","ENTREZID","8527","directed","Process(indirect)"
"ENTREZID","8613","ENTREZID","8694","directed","Process(indirect)"
"ENTREZID","8613","ENTREZID","9162","directed","Process(indirect)"
"ENTREZID","8613","ENTREZID","9388","directed","Process(indirect)"
"ENTREZID","8694","ENTREZID","1056","directed","Process(indirect)"
"ENTREZID","8694","ENTREZID","119548","directed","Process(indirect)"
"ENTREZID","8694","ENTREZID","139189","directed","Process(indirect)"
"ENTREZID","8694","ENTREZID","1606","directed","Process(indirect)"
"ENTREZID","8694","ENTREZID","1607","directed","Process(indirect)"
"ENTREZID","8694","ENTREZID","1608","directed","Process(indirect)"
"ENTREZID","8694","ENTREZID","160851","directed","Process(indirect)"
"ENTREZID","8694","ENTREZID","1609","directed","Process(indirect)"
"ENTREZID","8694","ENTREZID","196051","directed","Process(indirect)"
"ENTREZID","8694","ENTREZID","23175","directed","Process(indirect)"
"ENTREZID","8694","ENTREZID","3990","directed","Process(indirect)"
"ENTREZID","8694","ENTREZID","4023","directed","Process(indirect)"
"ENTREZID","8694","ENTREZID","5406","directed","Process(indirect)"
"ENTREZID","8694","ENTREZID","5407","directed","Process(indirect)"
"ENTREZID","8694","ENTREZID","5408","directed","Process(indirect)"
"ENTREZID","8694","ENTREZID","57104","directed","Process(indirect)"
"ENTREZID","8694","ENTREZID","64900","directed","Process(indirect)"
"ENTREZID","8694","ENTREZID","80339","directed","Process(indirect)"
"ENTREZID","8694","ENTREZID","84513","directed","Process(indirect)"
"ENTREZID","8694","ENTREZID","8513","directed","Process(indirect)"
"ENTREZID","8694","ENTREZID","8525","directed","Process(indirect)"
"ENTREZID","8694","ENTREZID","8526","directed","Process(indirect)"
"ENTREZID","8694","ENTREZID","8527","directed","Process(indirect)"
"ENTREZID","8694","ENTREZID","8611","directed","Process(indirect)"
"ENTREZID","8694","ENTREZID","8612","directed","Process(indirect)"
"ENTREZID","8694","ENTREZID","8613","directed","Process(indirect)"
"ENTREZID","8694","ENTREZID","9162","directed","Process(indirect)"
"ENTREZID","8694","ENTREZID","9388","directed","Process(indirect)"
"ENTREZID","8694","ENTREZID","9663","directed","Process(indirect)"
"ENTREZID","9162","ENTREZID","10554","directed","Process(indirect)"
"ENTREZID","9162","ENTREZID","10555","directed","Process(indirect)"
"ENTREZID","9162","ENTREZID","129642","directed","Process(indirect)"
"ENTREZID","9162","ENTREZID","154141","directed","Process(indirect)"
"ENTREZID","9162","ENTREZID","196051","directed","Process(indirect)"
"ENTREZID","9162","ENTREZID","23175","directed","Process(indirect)"
"ENTREZID","9162","ENTREZID","253558","directed","Process(indirect)"
"ENTREZID","9162","ENTREZID","55326","directed","Process(indirect)"
"ENTREZID","9162","ENTREZID","56894","directed","Process(indirect)"
"ENTREZID","9162","ENTREZID","56895","directed","Process(indirect)"
"ENTREZID","9162","ENTREZID","64900","directed","Process(indirect)"
"ENTREZID","9162","ENTREZID","84513","directed","Process(indirect)"
"ENTREZID","9162","ENTREZID","8611","directed","Process(indirect)"
"ENTREZID","9162","ENTREZID","8612","directed","Process(indirect)"
"ENTREZID","9162","ENTREZID","8613","directed","Process(indirect)"
"ENTREZID","9162","ENTREZID","9663","directed","Process(indirect)"
"ENTREZID","9388","ENTREZID","11343","directed","Process(indirect)"
"ENTREZID","9388","ENTREZID","116255","directed","Process(indirect)"
"ENTREZID","9388","ENTREZID","139189","directed","Process(indirect)"
"ENTREZID","9388","ENTREZID","1606","directed","Process(indirect)"
"ENTREZID","9388","ENTREZID","1607","directed","Process(indirect)"
"ENTREZID","9388","ENTREZID","1608","directed","Process(indirect)"
"ENTREZID","9388","ENTREZID","160851","directed","Process(indirect)"
"ENTREZID","9388","ENTREZID","1609","directed","Process(indirect)"
"ENTREZID","9388","ENTREZID","196051","directed","Process(indirect)"
"ENTREZID","9388","ENTREZID","23175","directed","Process(indirect)"
"ENTREZID","9388","ENTREZID","346606","directed","Process(indirect)"
"ENTREZID","9388","ENTREZID","4023","directed","Process(indirect)"
"ENTREZID","9388","ENTREZID","55750","directed","Process(indirect)"
"ENTREZID","9388","ENTREZID","64900","directed","Process(indirect)"
"ENTREZID","9388","ENTREZID","80168","directed","Process(indirect)"
"ENTREZID","9388","ENTREZID","84513","directed","Process(indirect)"
"ENTREZID","9388","ENTREZID","84649","directed","Process(indirect)"
"ENTREZID","9388","ENTREZID","8525","directed","Process(indirect)"
"ENTREZID","9388","ENTREZID","8526","directed","Process(indirect)"
"ENTREZID","9388","ENTREZID","8527","directed","Process(indirect)"
"ENTREZID","9388","ENTREZID","8611","directed","Process(indirect)"
"ENTREZID","9388","ENTREZID","8612","directed","Process(indirect)"
"ENTREZID","9388","ENTREZID","8613","directed","Process(indirect)"
"ENTREZID","9388","ENTREZID","8694","directed","Process(indirect)"
"ENTREZID","9388","ENTREZID","9162","directed","Process(indirect)"
"ENTREZID","9388","ENTREZID","9663","directed","Process(indirect)"
"ENTREZID","9663","ENTREZID","10554","directed","Process(indirect)"
"ENTREZID","9663","ENTREZID","10555","directed","Process(indirect)"
"ENTREZID","9663","ENTREZID","1056","directed","Process(indirect)"
"ENTREZID","9663","ENTREZID","116255","directed","Process(indirect)"
"ENTREZID","9663","ENTREZID","119548","directed","Process(indirect)"
"ENTREZID","9663","ENTREZID","129642","directed","Process(indirect)"
"ENTREZID","9663","ENTREZID","139189","directed","Process(indirect)"
"ENTREZID","9663","ENTREZID","154141","directed","Process(indirect)"
"ENTREZID","9663","ENTREZID","1606","directed","Process(indirect)"
"ENTREZID","9663","ENTREZID","1607","directed","Process(indirect)"
"ENTREZID","9663","ENTREZID","1608","directed","Process(indirect)"
"ENTREZID","9663","ENTREZID","160851","directed","Process(indirect)"
"ENTREZID","9663","ENTREZID","1609","directed","Process(indirect)"
"ENTREZID","9663","ENTREZID","253558","directed","Process(indirect)"
"ENTREZID","9663","ENTREZID","346606","directed","Process(indirect)"
"ENTREZID","9663","ENTREZID","3990","directed","Process(indirect)"
"ENTREZID","9663","ENTREZID","4023","directed","Process(indirect)"
"ENTREZID","9663","ENTREZID","5406","directed","Process(indirect)"
"ENTREZID","9663","ENTREZID","5407","directed","Process(indirect)"
"ENTREZID","9663","ENTREZID","5408","directed","Process(indirect)"
"ENTREZID","9663","ENTREZID","55326","directed","Process(indirect)"
"ENTREZID","9663","ENTREZID","56894","directed","Process(indirect)"
"ENTREZID","9663","ENTREZID","56895","directed","Process(indirect)"
"ENTREZID","9663","ENTREZID","57104","directed","Process(indirect)"
"ENTREZID","9663","ENTREZID","80168","directed","Process(indirect)"
"ENTREZID","9663","ENTREZID","80339","directed","Process(indirect)"
"ENTREZID","9663","ENTREZID","84649","directed","Process(indirect)"
"ENTREZID","9663","ENTREZID","8513","directed","Process(indirect)"
"ENTREZID","9663","ENTREZID","8525","directed","Process(indirect)"
"ENTREZID","9663","ENTREZID","8526","directed","Process(indirect)"
"ENTREZID","9663","ENTREZID","8527","directed","Process(indirect)"
"ENTREZID","9663","ENTREZID","8694","directed","Process(indirect)"
"ENTREZID","9663","ENTREZID","9162","directed","Process(indirect)"
"ENTREZID","9663","ENTREZID","9388","directed","Process(indirect)"
