"src_type","src","dest_type","dest","direction","type"
"ENTREZID","100137049","ENTREZID","10390","directed","Process(indirect)"
"ENTREZID","100137049","ENTREZID","133121","directed","Process(indirect)"
"ENTREZID","100137049","ENTREZID","254531","directed","Process(indirect)"
"ENTREZID","100137049","ENTREZID","255043","directed","Process(indirect)"
"ENTREZID","100137049","ENTREZID","284161","directed","Process(indirect)"
"ENTREZID","100137049","ENTREZID","5168","directed","Process(indirect)"
"ENTREZID","100137049","ENTREZID","54947","directed","Process(indirect)"
"ENTREZID","100137049","ENTREZID","56994","directed","Process(indirect)"
"ENTREZID","100137049","ENTREZID","79153","directed","Process(indirect)"
"ENTREZID","100137049","ENTREZID","79888","directed","Process(indirect)"
"ENTREZID","10390","ENTREZID","100137049","directed","Process(indirect)"
"ENTREZID","10390","ENTREZID","11145","directed","Process(indirect)"
"ENTREZID","10390","ENTREZID","122618","directed","Process(indirect)"
"ENTREZID","10390","ENTREZID","123745","directed","Process(indirect)"
"ENTREZID","10390","ENTREZID","151056","directed","Process(indirect)"
"ENTREZID","10390","ENTREZID","23646","directed","Process(indirect)"
"ENTREZID","10390","ENTREZID","254531","directed","Process(indirect)"
"ENTREZID","10390","ENTREZID","255189","directed","Process(indirect)"
"ENTREZID","10390","ENTREZID","26279","directed","Process(indirect)"
"ENTREZID","10390","ENTREZID","283748","directed","Process(indirect)"
"ENTREZID","10390","ENTREZID","30814","directed","Process(indirect)"
"ENTREZID","10390","ENTREZID","387521","directed","Process(indirect)"
"ENTREZID","10390","ENTREZID","387522","directed","Process(indirect)"
"ENTREZID","10390","ENTREZID","391013","directed","Process(indirect)"
"ENTREZID","10390","ENTREZID","5048","directed","Process(indirect)"
"ENTREZID","10390","ENTREZID","50487","directed","Process(indirect)"
"ENTREZID","10390","ENTREZID","5049","directed","Process(indirect)"
"ENTREZID","10390","ENTREZID","5050","directed","Process(indirect)"
"ENTREZID","10390","ENTREZID","5051","directed","Process(indirect)"
"ENTREZID","10390","ENTREZID","5319","directed","Process(indirect)"
"ENTREZID","10390","ENTREZID","5320","directed","Process(indirect)"
"ENTREZID","10390","ENTREZID","5321","directed","Process(indirect)"
"ENTREZID","10390","ENTREZID","5322","directed","Process(indirect)"
"ENTREZID","10390","ENTREZID","5337","directed","Process(indirect)"
"ENTREZID","10390","ENTREZID","5338","directed","Process(indirect)"
"ENTREZID","10390","ENTREZID","54947","directed","Process(indirect)"
"ENTREZID","10390","ENTREZID","64600","directed","Process(indirect)"
"ENTREZID","10390","ENTREZID","7368","directed","Process(indirect)"
"ENTREZID","10390","ENTREZID","7941","directed","Process(indirect)"
"ENTREZID","10390","ENTREZID","79888","directed","Process(indirect)"
"ENTREZID","10390","ENTREZID","81579","directed","Process(indirect)"
"ENTREZID","10390","ENTREZID","8398","directed","Process(indirect)"
"ENTREZID","10390","ENTREZID","8399","directed","Process(indirect)"
"ENTREZID","10390","ENTREZID","84647","directed","Process(indirect)"
"ENTREZID","10390","ENTREZID","8605","directed","Process(indirect)"
"ENTREZID","10390","ENTREZID","8611","directed","Process(indirect)"
"ENTREZID","10390","ENTREZID","8612","directed","Process(indirect)"
"ENTREZID","10390","ENTREZID","8613","directed","Process(indirect)"
"ENTREZID","10390","ENTREZID","8681","directed","Process(indirect)"
"ENTREZID","11145","ENTREZID","10390","directed","Process(indirect)"
"ENTREZID","11145","ENTREZID","133121","directed","Process(indirect)"
"ENTREZID","11145","ENTREZID","254531","directed","Process(indirect)"
"ENTREZID","11145","ENTREZID","255043","directed","Process(indirect)"
"ENTREZID","11145","ENTREZID","284161","directed","Process(indirect)"
"ENTREZID","11145","ENTREZID","5168","directed","Process(indirect)"
"ENTREZID","11145","ENTREZID","54947","directed","Process(indirect)"
"ENTREZID","11145","ENTREZID","56994","directed","Process(indirect)"
"ENTREZID","11145","ENTREZID","79153","directed","Process(indirect)"
"ENTREZID","11145","ENTREZID","79888","directed","Process(indirect)"
"ENTREZID","122618","ENTREZID","100137049","directed","Process(indirect)"
"ENTREZID","122618","ENTREZID","10390","directed","Process(indirect)"
"ENTREZID","122618","ENTREZID","11145","directed","Process(indirect)"
"ENTREZID","122618","ENTREZID","123745","directed","Process(indirect)"
"ENTREZID","122618","ENTREZID","151056","directed","Process(indirect)"
"ENTREZID","122618","ENTREZID","254531","directed","Process(indirect)"
"ENTREZID","122618","ENTREZID","255189","directed","Process(indirect)"
"ENTREZID","122618","ENTREZID","26279","directed","Process(indirect)"
"ENTREZID","122618","ENTREZID","283748","directed","Process(indirect)"
"ENTREZID","122618","ENTREZID","30814","directed","Process(indirect)"
"ENTREZID","122618","ENTREZID","391013","directed","Process(indirect)"
"ENTREZID","122618","ENTREZID","50487","directed","Process(indirect)"
"ENTREZID","122618","ENTREZID","5319","directed","Process(indirect)"
"ENTREZID","122618","ENTREZID","5320","directed","Process(indirect)"
"ENTREZID","122618","ENTREZID","5321","directed","Process(indirect)"
"ENTREZID","122618","ENTREZID","5322","directed","Process(indirect)"
"ENTREZID","122618","ENTREZID","64600","directed","Process(indirect)"
"ENTREZID","122618","ENTREZID","81579","directed","Process(indirect)"
"ENTREZID","122618","ENTREZID","8398","directed","Process(indirect)"
"ENTREZID","122618","ENTREZID","8399","directed","Process(indirect)"
"ENTREZID","122618","ENTREZID","84647","directed","Process(indirect)"
"ENTREZID","122618","ENTREZID","85465","directed","Process(indirect)"
"ENTREZID","122618","ENTREZID","8605","directed","Process(indirect)"
"ENTREZID","122618","ENTREZID","8681","directed","Process(indirect)"
"ENTREZID","123745","ENTREZID","10390","directed","Process(indirect)"
"ENTREZID","123745","ENTREZID","133121","directed","Process(indirect)"
"ENTREZID","123745","ENTREZID","254531","directed","Process(indirect)"
"ENTREZID","123745","ENTREZID","255043","directed","Process(indirect)"
"ENTREZID","123745","ENTREZID","284161","directed","Process(indirect)"
"ENTREZID","123745","ENTREZID","5168","directed","Process(indirect)"
"ENTREZID","123745","ENTREZID","54947","directed","Process(indirect)"
"ENTREZID","123745","ENTREZID","56994","directed","Process(indirect)"
"ENTREZID","123745","ENTREZID","79153","directed","Process(indirect)"
"ENTREZID","123745","ENTREZID","79888","directed","Process(indirect)"
"ENTREZID","133121","ENTREZID","100137049","directed","Process(indirect)"
"ENTREZID","133121","ENTREZID","11145","directed","Process(indirect)"
"ENTREZID","133121","ENTREZID","123745","directed","Process(indirect)"
"ENTREZID","133121","ENTREZID","151056","directed","Process(indirect)"
"ENTREZID","133121","ENTREZID","254531","directed","Process(indirect)"
"ENTREZID","133121","ENTREZID","255043","directed","Process(indirect)"
"ENTREZID","133121","ENTREZID","255189","directed","Process(indirect)"
"ENTREZID","133121","ENTREZID","26279","directed","Process(indirect)"
"ENTREZID","133121","ENTREZID","283748","directed","Process(indirect)"
"ENTREZID","133121","ENTREZID","284161","directed","Process(indirect)"
"ENTREZID","133121","ENTREZID","30814","directed","Process(indirect)"
"ENTREZID","133121","ENTREZID","391013","directed","Process(indirect)"
"ENTREZID","133121","ENTREZID","50487","directed","Process(indirect)"
"ENTREZID","133121","ENTREZID","5168","directed","Process(indirect)"
"ENTREZID","133121","ENTREZID","5319","directed","Process(indirect)"
"ENTREZID","133121","ENTREZID","5320","directed","Process(indirect)"
"ENTREZID","133121","ENTREZID","5321","directed","Process(indirect)"
"ENTREZID","133121","ENTREZID","5322","directed","Process(indirect)"
"ENTREZID","133121","ENTREZID","64600","directed","Process(indirect)"
"ENTREZID","133121","ENTREZID","79153","directed","Process(indirect)"
"ENTREZID","133121","ENTREZID","81579","directed","Process(indirect)"
"ENTREZID","133121","ENTREZID","8398","directed","Process(indirect)"
"ENTREZID","133121","ENTREZID","8399","directed","Process(indirect)"
"ENTREZID","133121","ENTREZID","84647","directed","Process(indirect)"
"ENTREZID","133121","ENTREZID","8605","directed","Process(indirect)"
"ENTREZID","133121","ENTREZID","8681","directed","Process(indirect)"
"ENTREZID","151056","ENTREZID","10390","directed","Process(indirect)"
"ENTREZID","151056","ENTREZID","133121","directed","Process(indirect)"
"ENTREZID","151056","ENTREZID","254531","directed","Process(indirect)"
"ENTREZID","151056","ENTREZID","255043","directed","Process(indirect)"
"ENTREZID","151056","ENTREZID","284161","directed","Process(indirect)"
"ENTREZID","151056","ENTREZID","5168","directed","Process(indirect)"
"ENTREZID","151056","ENTREZID","54947","directed","Process(indirect)"
"ENTREZID","151056","ENTREZID","56994","directed","Process(indirect)"
"ENTREZID","151056","ENTREZID","79153","directed","Process(indirect)"
"ENTREZID","151056","ENTREZID","79888","directed","Process(indirect)"
"ENTREZID","23646","ENTREZID","100137049","directed","Process(indirect)"
"ENTREZID","23646","ENTREZID","10390","directed","Process(indirect)"
"ENTREZID","23646","ENTREZID","11145","directed","Process(indirect)"
"ENTREZID","23646","ENTREZID","123745","directed","Process(indirect)"
"ENTREZID","23646","ENTREZID","151056","directed","Process(indirect)"
"ENTREZID","23646","ENTREZID","254531","directed","Process(indirect)"
"ENTREZID","23646","ENTREZID","255189","directed","Process(indirect)"
"ENTREZID","23646","ENTREZID","26279","directed","Process(indirect)"
"ENTREZID","23646","ENTREZID","283748","directed","Process(indirect)"
"ENTREZID","23646","ENTREZID","30814","directed","Process(indirect)"
"ENTREZID","23646","ENTREZID","391013","directed","Process(indirect)"
"ENTREZID","23646","ENTREZID","50487","directed","Process(indirect)"
"ENTREZID","23646","ENTREZID","5319","directed","Process(indirect)"
"ENTREZID","23646","ENTREZID","5320","directed","Process(indirect)"
"ENTREZID","23646","ENTREZID","5321","directed","Process(indirect)"
"ENTREZID","23646","ENTREZID","5322","directed","Process(indirect)"
"ENTREZID","23646","ENTREZID","64600","directed","Process(indirect)"
"ENTREZID","23646","ENTREZID","81579","directed","Process(indirect)"
"ENTREZID","23646","ENTREZID","8398","directed","Process(indirect)"
"ENTREZID","23646","ENTREZID","8399","directed","Process(indirect)"
"ENTREZID","23646","ENTREZID","84647","directed","Process(indirect)"
"ENTREZID","23646","ENTREZID","85465","directed","Process(indirect)"
"ENTREZID","23646","ENTREZID","8605","directed","Process(indirect)"
"ENTREZID","23646","ENTREZID","8681","directed","Process(indirect)"
"ENTREZID","254531","ENTREZID","100137049","directed","Process(indirect)"
"ENTREZID","254531","ENTREZID","10390","directed","Process(indirect)"
"ENTREZID","254531","ENTREZID","11145","directed","Process(indirect)"
"ENTREZID","254531","ENTREZID","122618","directed","Process(indirect)"
"ENTREZID","254531","ENTREZID","123745","directed","Process(indirect)"
"ENTREZID","254531","ENTREZID","151056","directed","Process(indirect)"
"ENTREZID","254531","ENTREZID","23646","directed","Process(indirect)"
"ENTREZID","254531","ENTREZID","255189","directed","Process(indirect)"
"ENTREZID","254531","ENTREZID","26279","directed","Process(indirect)"
"ENTREZID","254531","ENTREZID","283748","directed","Process(indirect)"
"ENTREZID","254531","ENTREZID","30814","directed","Process(indirect)"
"ENTREZID","254531","ENTREZID","391013","directed","Process(indirect)"
"ENTREZID","254531","ENTREZID","5048","directed","Process(indirect)"
"ENTREZID","254531","ENTREZID","50487","directed","Process(indirect)"
"ENTREZID","254531","ENTREZID","5049","directed","Process(indirect)"
"ENTREZID","254531","ENTREZID","5050","directed","Process(indirect)"
"ENTREZID","254531","ENTREZID","5051","directed","Process(indirect)"
"ENTREZID","254531","ENTREZID","5319","directed","Process(indirect)"
"ENTREZID","254531","ENTREZID","5320","directed","Process(indirect)"
"ENTREZID","254531","ENTREZID","5321","directed","Process(indirect)"
"ENTREZID","254531","ENTREZID","5322","directed","Process(indirect)"
"ENTREZID","254531","ENTREZID","5337","directed","Process(indirect)"
"ENTREZID","254531","ENTREZID","5338","directed","Process(indirect)"
"ENTREZID","254531","ENTREZID","56994","directed","Process(indirect)"
"ENTREZID","254531","ENTREZID","64600","directed","Process(indirect)"
"ENTREZID","254531","ENTREZID","7941","directed","Process(indirect)"
"ENTREZID","254531","ENTREZID","81579","directed","Process(indirect)"
"ENTREZID","254531","ENTREZID","8398","directed","Process(indirect)"
"ENTREZID","254531","ENTREZID","8399","directed","Process(indirect)"
"ENTREZID","254531","ENTREZID","84647","directed","Process(indirect)"
"ENTREZID","254531","ENTREZID","85465","directed","Process(indirect)"
"ENTREZID","254531","ENTREZID","8605","directed","Process(indirect)"
"ENTREZID","254531","ENTREZID","8681","directed","Process(indirect)"
"ENTREZID","255043","ENTREZID","100137049","directed","Process(indirect)"
"ENTREZID","255043","ENTREZID","11145","directed","Process(indirect)"
"ENTREZID","255043","ENTREZID","123745","directed","Process(indirect)"
"ENTREZID","255043","ENTREZID","133121","directed","Process(indirect)"
"ENTREZID","255043","ENTREZID","151056","directed","Process(indirect)"
"ENTREZID","255043","ENTREZID","254531","directed","Process(indirect)"
"ENTREZID","255043","ENTREZID","255189","directed","Process(indirect)"
"ENTREZID","255043","ENTREZID","26279","directed","Process(indirect)"
"ENTREZID","255043","ENTREZID","283748","directed","Process(indirect)"
"ENTREZID","255043","ENTREZID","284161","directed","Process(indirect)"
"ENTREZID","255043","ENTREZID","30814","directed","Process(indirect)"
"ENTREZID","255043","ENTREZID","391013","directed","Process(indirect)"
"ENTREZID","255043","ENTREZID","50487","directed","Process(indirect)"
"ENTREZID","255043","ENTREZID","5168","directed","Process(indirect)"
"ENTREZID","255043","ENTREZID","5319","directed","Process(indirect)"
"ENTREZID","255043","ENTREZID","5320","directed","Process(indirect)"
"ENTREZID","255043","ENTREZID","5321","directed","Process(indirect)"
"ENTREZID","255043","ENTREZID","5322","directed","Process(indirect)"
"ENTREZID","255043","ENTREZID","64600","directed","Process(indirect)"
"ENTREZID","255043","ENTREZID","79153","directed","Process(indirect)"
"ENTREZID","255043","ENTREZID","81579","directed","Process(indirect)"
"ENTREZID","255043","ENTREZID","8398","directed","Process(indirect)"
"ENTREZID","255043","ENTREZID","8399","directed","Process(indirect)"
"ENTREZID","255043","ENTREZID","84647","directed","Process(indirect)"
"ENTREZID","255043","ENTREZID","8605","directed","Process(indirect)"
"ENTREZID","255043","ENTREZID","8681","directed","Process(indirect)"
"ENTREZID","255189","ENTREZID","10390","directed","Process(indirect)"
"ENTREZID","255189","ENTREZID","133121","directed","Process(indirect)"
"ENTREZID","255189","ENTREZID","254531","directed","Process(indirect)"
"ENTREZID","255189","ENTREZID","255043","directed","Process(indirect)"
"ENTREZID","255189","ENTREZID","284161","directed","Process(indirect)"
"ENTREZID","255189","ENTREZID","5168","directed","Process(indirect)"
"ENTREZID","255189","ENTREZID","54947","directed","Process(indirect)"
"ENTREZID","255189","ENTREZID","56994","directed","Process(indirect)"
"ENTREZID","255189","ENTREZID","79153","directed","Process(indirect)"
"ENTREZID","255189","ENTREZID","79888","directed","Process(indirect)"
"ENTREZID","26279","ENTREZID","10390","directed","Process(indirect)"
"ENTREZID","26279","ENTREZID","133121","directed","Process(indirect)"
"ENTREZID","26279","ENTREZID","254531","directed","Process(indirect)"
"ENTREZID","26279","ENTREZID","255043","directed","Process(indirect)"
"ENTREZID","26279","ENTREZID","284161","directed","Process(indirect)"
"ENTREZID","26279","ENTREZID","5168","directed","Process(indirect)"
"ENTREZID","26279","ENTREZID","54947","directed","Process(indirect)"
"ENTREZID","26279","ENTREZID","56994","directed","Process(indirect)"
"ENTREZID","26279","ENTREZID","79153","directed","Process(indirect)"
"ENTREZID","26279","ENTREZID","79888","directed","Process(indirect)"
"ENTREZID","283748","ENTREZID","10390","directed","Process(indirect)"
"ENTREZID","283748","ENTREZID","133121","directed","Process(indirect)"
"ENTREZID","283748","ENTREZID","254531","directed","Process(indirect)"
"ENTREZID","283748","ENTREZID","255043","directed","Process(indirect)"
"ENTREZID","283748","ENTREZID","284161","directed","Process(indirect)"
"ENTREZID","283748","ENTREZID","5168","directed","Process(indirect)"
"ENTREZID","283748","ENTREZID","54947","directed","Process(indirect)"
"ENTREZID","283748","ENTREZID","56994","directed","Process(indirect)"
"ENTREZID","283748","ENTREZID","79153","directed","Process(indirect)"
"ENTREZID","283748","ENTREZID","79888","directed","Process(indirect)"
"ENTREZID","284161","ENTREZID","100137049","directed","Process(indirect)"
"ENTREZID","284161","ENTREZID","11145","directed","Process(indirect)"
"ENTREZID","284161","ENTREZID","123745","directed","Process(indirect)"
"ENTREZID","284161","ENTREZID","133121","directed","Process(indirect)"
"ENTREZID","284161","ENTREZID","151056","directed","Process(indirect)"
"ENTREZID","284161","ENTREZID","254531","directed","Process(indirect)"
"ENTREZID","284161","ENTREZID","255043","directed","Process(indirect)"
"ENTREZID","284161","ENTREZID","255189","directed","Process(indirect)"
"ENTREZID","284161","ENTREZID","26279","directed","Process(indirect)"
"ENTREZID","284161","ENTREZID","283748","directed","Process(indirect)"
"ENTREZID","284161","ENTREZID","30814","directed","Process(indirect)"
"ENTREZID","284161","ENTREZID","391013","directed","Process(indirect)"
"ENTREZID","284161","ENTREZID","50487","directed","Process(indirect)"
"ENTREZID","284161","ENTREZID","5319","directed","Process(indirect)"
"ENTREZID","284161","ENTREZID","5320","directed","Process(indirect)"
"ENTREZID","284161","ENTREZID","5321","directed","Process(indirect)"
"ENTREZID","284161","ENTREZID","5322","directed","Process(indirect)"
"ENTREZID","284161","ENTREZID","64600","directed","Process(indirect)"
"ENTREZID","284161","ENTREZID","81579","directed","Process(indirect)"
"ENTREZID","284161","ENTREZID","8398","directed","Process(indirect)"
"ENTREZID","284161","ENTREZID","8399","directed","Process(indirect)"
"ENTREZID","284161","ENTREZID","84647","directed","Process(indirect)"
"ENTREZID","284161","ENTREZID","8605","directed","Process(indirect)"
"ENTREZID","284161","ENTREZID","8681","directed","Process(indirect)"
"ENTREZID","30814","ENTREZID","10390","directed","Process(indirect)"
"ENTREZID","30814","ENTREZID","133121","directed","Process(indirect)"
"ENTREZID","30814","ENTREZID","254531","directed","Process(indirect)"
"ENTREZID","30814","ENTREZID","255043","directed","Process(indirect)"
"ENTREZID","30814","ENTREZID","284161","directed","Process(indirect)"
"ENTREZID","30814","ENTREZID","5168","directed","Process(indirect)"
"ENTREZID","30814","ENTREZID","54947","directed","Process(indirect)"
"ENTREZID","30814","ENTREZID","56994","directed","Process(indirect)"
"ENTREZID","30814","ENTREZID","79153","directed","Process(indirect)"
"ENTREZID","30814","ENTREZID","79888","directed","Process(indirect)"
"ENTREZID","387521","ENTREZID","100137049","directed","Process(indirect)"
"ENTREZID","387521","ENTREZID","10390","directed","Process(indirect)"
"ENTREZID","387521","ENTREZID","11145","directed","Process(indirect)"
"ENTREZID","387521","ENTREZID","122618","directed","Process(indirect)"
"ENTREZID","387521","ENTREZID","123745","directed","Process(indirect)"
"ENTREZID","387521","ENTREZID","151056","directed","Process(indirect)"
"ENTREZID","387521","ENTREZID","23646","directed","Process(indirect)"
"ENTREZID","387521","ENTREZID","254531","directed","Process(indirect)"
"ENTREZID","387521","ENTREZID","255189","directed","Process(indirect)"
"ENTREZID","387521","ENTREZID","26279","directed","Process(indirect)"
"ENTREZID","387521","ENTREZID","283748","directed","Process(indirect)"
"ENTREZID","387521","ENTREZID","30814","directed","Process(indirect)"
"ENTREZID","387521","ENTREZID","391013","directed","Process(indirect)"
"ENTREZID","387521","ENTREZID","50487","directed","Process(indirect)"
"ENTREZID","387521","ENTREZID","5319","directed","Process(indirect)"
"ENTREZID","387521","ENTREZID","5320","directed","Process(indirect)"
"ENTREZID","387521","ENTREZID","5321","directed","Process(indirect)"
"ENTREZID","387521","ENTREZID","5322","directed","Process(indirect)"
"ENTREZID","387521","ENTREZID","5337","directed","Process(indirect)"
"ENTREZID","387521","ENTREZID","5338","directed","Process(indirect)"
"ENTREZID","387521","ENTREZID","64600","directed","Process(indirect)"
"ENTREZID","387521","ENTREZID","81579","directed","Process(indirect)"
"ENTREZID","387521","ENTREZID","8398","directed","Process(indirect)"
"ENTREZID","387521","ENTREZID","8399","directed","Process(indirect)"
"ENTREZID","387521","ENTREZID","84647","directed","Process(indirect)"
"ENTREZID","387521","ENTREZID","85465","directed","Process(indirect)"
"ENTREZID","387521","ENTREZID","8605","directed","Process(indirect)"
"ENTREZID","387521","ENTREZID","8681","directed","Process(indirect)"
"ENTREZID","387522","ENTREZID","100137049","directed","Process(indirect)"
"ENTREZID","387522","ENTREZID","10390","directed","Process(indirect)"
"ENTREZID","387522","ENTREZID","11145","directed","Process(indirect)"
"ENTREZID","387522","ENTREZID","122618","directed","Process(indirect)"
"ENTREZID","387522","ENTREZID","123745","directed","Process(indirect)"
"ENTREZID","387522","ENTREZID","151056","directed","Process(indirect)"
"ENTREZID","387522","ENTREZID","23646","directed","Process(indirect)"
"ENTREZID","387522","ENTREZID","254531","directed","Process(indirect)"
"ENTREZID","387522","ENTREZID","255189","directed","Process(indirect)"
"ENTREZID","387522","ENTREZID","26279","directed","Process(indirect)"
"ENTREZID","387522","ENTREZID","283748","directed","Process(indirect)"
"ENTREZID","387522","ENTREZID","30814","directed","Process(indirect)"
"ENTREZID","387522","ENTREZID","391013","directed","Process(indirect)"
"ENTREZID","387522","ENTREZID","50487","directed","Process(indirect)"
"ENTREZID","387522","ENTREZID","5319","directed","Process(indirect)"
"ENTREZID","387522","ENTREZID","5320","directed","Process(indirect)"
"ENTREZID","387522","ENTREZID","5321","directed","Process(indirect)"
"ENTREZID","387522","ENTREZID","5322","directed","Process(indirect)"
"ENTREZID","387522","ENTREZID","5337","directed","Process(indirect)"
"ENTREZID","387522","ENTREZID","5338","directed","Process(indirect)"
"ENTREZID","387522","ENTREZID","64600","directed","Process(indirect)"
"ENTREZID","387522","ENTREZID","81579","directed","Process(indirect)"
"ENTREZID","387522","ENTREZID","8398","directed","Process(indirect)"
"ENTREZID","387522","ENTREZID","8399","directed","Process(indirect)"
"ENTREZID","387522","ENTREZID","84647","directed","Process(indirect)"
"ENTREZID","387522","ENTREZID","85465","directed","Process(indirect)"
"ENTREZID","387522","ENTREZID","8605","directed","Process(indirect)"
"ENTREZID","387522","ENTREZID","8681","directed","Process(indirect)"
"ENTREZID","391013","ENTREZID","10390","directed","Process(indirect)"
"ENTREZID","391013","ENTREZID","133121","directed","Process(indirect)"
"ENTREZID","391013","ENTREZID","254531","directed","Process(indirect)"
"ENTREZID","391013","ENTREZID","255043","directed","Process(indirect)"
"ENTREZID","391013","ENTREZID","284161","directed","Process(indirect)"
"ENTREZID","391013","ENTREZID","5168","directed","Process(indirect)"
"ENTREZID","391013","ENTREZID","54947","directed","Process(indirect)"
"ENTREZID","391013","ENTREZID","56994","directed","Process(indirect)"
"ENTREZID","391013","ENTREZID","79153","directed","Process(indirect)"
"ENTREZID","391013","ENTREZID","79888","directed","Process(indirect)"
"ENTREZID","5048","ENTREZID","100137049","directed","Process(indirect)"
"ENTREZID","5048","ENTREZID","10390","directed","Process(indirect)"
"ENTREZID","5048","ENTREZID","11145","directed","Process(indirect)"
"ENTREZID","5048","ENTREZID","123745","directed","Process(indirect)"
"ENTREZID","5048","ENTREZID","151056","directed","Process(indirect)"
"ENTREZID","5048","ENTREZID","254531","directed","Process(indirect)"
"ENTREZID","5048","ENTREZID","255189","directed","Process(indirect)"
"ENTREZID","5048","ENTREZID","26279","directed","Process(indirect)"
"ENTREZID","5048","ENTREZID","283748","directed","Process(indirect)"
"ENTREZID","5048","ENTREZID","30814","directed","Process(indirect)"
"ENTREZID","5048","ENTREZID","391013","directed","Process(indirect)"
"ENTREZID","5048","ENTREZID","50487","directed","Process(indirect)"
"ENTREZID","5048","ENTREZID","5319","directed","Process(indirect)"
"ENTREZID","5048","ENTREZID","5320","directed","Process(indirect)"
"ENTREZID","5048","ENTREZID","5321","directed","Process(indirect)"
"ENTREZID","5048","ENTREZID","5322","directed","Process(indirect)"
"ENTREZID","5048","ENTREZID","54947","directed","Process(indirect)"
"ENTREZID","5048","ENTREZID","56994","directed","Process(indirect)"
"ENTREZID","5048","ENTREZID","64600","directed","Process(indirect)"
"ENTREZID","5048","ENTREZID","79888","directed","Process(indirect)"
"ENTREZID","5048","ENTREZID","81579","directed","Process(indirect)"
"ENTREZID","5048","ENTREZID","8398","directed","Process(indirect)"
"ENTREZID","5048","ENTREZID","8399","directed","Process(indirect)"
"ENTREZID","5048","ENTREZID","84647","directed","Process(indirect)"
"ENTREZID","5048","ENTREZID","8605","directed","Process(indirect)"
"ENTREZID","5048","ENTREZID","8681","directed","Process(indirect)"
"ENTREZID","50487","ENTREZID","10390","directed","Process(indirect)"
"ENTREZID","50487","ENTREZID","133121","directed","Process(indirect)"
"ENTREZID","50487","ENTREZID","254531","directed","Process(indirect)"
"ENTREZID","50487","ENTREZID","255043","directed","Process(indirect)"
"ENTREZID","50487","ENTREZID","284161","directed","Process(indirect)"
"ENTREZID","50487","ENTREZID","5168","directed","Process(indirect)"
"ENTREZID","50487","ENTREZID","54947","directed","Process(indirect)"
"ENTREZID","50487","ENTREZID","56994","directed","Process(indirect)"
"ENTREZID","50487","ENTREZID","79153","directed","Process(indirect)"
"ENTREZID","50487","ENTREZID","79888","directed","Process(indirect)"
"ENTREZID","5049","ENTREZID","100137049","directed","Process(indirect)"
"ENTREZID","5049","ENTREZID","10390","directed","Process(indirect)"
"ENTREZID","5049","ENTREZID","11145","directed","Process(indirect)"
"ENTREZID","5049","ENTREZID","123745","directed","Process(indirect)"
"ENTREZID","5049","ENTREZID","151056","directed","Process(indirect)"
"ENTREZID","5049","ENTREZID","254531","directed","Process(indirect)"
"ENTREZID","5049","ENTREZID","255189","directed","Process(indirect)"
"ENTREZID","5049","ENTREZID","26279","directed","Process(indirect)"
"ENTREZID","5049","ENTREZID","283748","directed","Process(indirect)"
"ENTREZID","5049","ENTREZID","30814","directed","Process(indirect)"
"ENTREZID","5049","ENTREZID","391013","directed","Process(indirect)"
"ENTREZID","5049","ENTREZID","50487","directed","Process(indirect)"
"ENTREZID","5049","ENTREZID","5319","directed","Process(indirect)"
"ENTREZID","5049","ENTREZID","5320","directed","Process(indirect)"
"ENTREZID","5049","ENTREZID","5321","directed","Process(indirect)"
"ENTREZID","5049","ENTREZID","5322","directed","Process(indirect)"
"ENTREZID","5049","ENTREZID","54947","directed","Process(indirect)"
"ENTREZID","5049","ENTREZID","56994","directed","Process(indirect)"
"ENTREZID","5049","ENTREZID","64600","directed","Process(indirect)"
"ENTREZID","5049","ENTREZID","79888","directed","Process(indirect)"
"ENTREZID","5049","ENTREZID","81579","directed","Process(indirect)"
"ENTREZID","5049","ENTREZID","8398","directed","Process(indirect)"
"ENTREZID","5049","ENTREZID","8399","directed","Process(indirect)"
"ENTREZID","5049","ENTREZID","84647","directed","Process(indirect)"
"ENTREZID","5049","ENTREZID","8605","directed","Process(indirect)"
"ENTREZID","5049","ENTREZID","8681","directed","Process(indirect)"
"ENTREZID","5050","ENTREZID","100137049","directed","Process(indirect)"
"ENTREZID","5050","ENTREZID","10390","directed","Process(indirect)"
"ENTREZID","5050","ENTREZID","11145","directed","Process(indirect)"
"ENTREZID","5050","ENTREZID","123745","directed","Process(indirect)"
"ENTREZID","5050","ENTREZID","151056","directed","Process(indirect)"
"ENTREZID","5050","ENTREZID","254531","directed","Process(indirect)"
"ENTREZID","5050","ENTREZID","255189","directed","Process(indirect)"
"ENTREZID","5050","ENTREZID","26279","directed","Process(indirect)"
"ENTREZID","5050","ENTREZID","283748","directed","Process(indirect)"
"ENTREZID","5050","ENTREZID","30814","directed","Process(indirect)"
"ENTREZID","5050","ENTREZID","391013","directed","Process(indirect)"
"ENTREZID","5050","ENTREZID","50487","directed","Process(indirect)"
"ENTREZID","5050","ENTREZID","5319","directed","Process(indirect)"
"ENTREZID","5050","ENTREZID","5320","directed","Process(indirect)"
"ENTREZID","5050","ENTREZID","5321","directed","Process(indirect)"
"ENTREZID","5050","ENTREZID","5322","directed","Process(indirect)"
"ENTREZID","5050","ENTREZID","54947","directed","Process(indirect)"
"ENTREZID","5050","ENTREZID","56994","directed","Process(indirect)"
"ENTREZID","5050","ENTREZID","64600","directed","Process(indirect)"
"ENTREZID","5050","ENTREZID","79888","directed","Process(indirect)"
"ENTREZID","5050","ENTREZID","81579","directed","Process(indirect)"
"ENTREZID","5050","ENTREZID","8398","directed","Process(indirect)"
"ENTREZID","5050","ENTREZID","8399","directed","Process(indirect)"
"ENTREZID","5050","ENTREZID","84647","directed","Process(indirect)"
"ENTREZID","5050","ENTREZID","8605","directed","Process(indirect)"
"ENTREZID","5050","ENTREZID","8681","directed","Process(indirect)"
"ENTREZID","5051","ENTREZID","100137049","directed","Process(indirect)"
"ENTREZID","5051","ENTREZID","10390","directed","Process(indirect)"
"ENTREZID","5051","ENTREZID","11145","directed","Process(indirect)"
"ENTREZID","5051","ENTREZID","123745","directed","Process(indirect)"
"ENTREZID","5051","ENTREZID","151056","directed","Process(indirect)"
"ENTREZID","5051","ENTREZID","254531","directed","Process(indirect)"
"ENTREZID","5051","ENTREZID","255189","directed","Process(indirect)"
"ENTREZID","5051","ENTREZID","26279","directed","Process(indirect)"
"ENTREZID","5051","ENTREZID","283748","directed","Process(indirect)"
"ENTREZID","5051","ENTREZID","30814","directed","Process(indirect)"
"ENTREZID","5051","ENTREZID","391013","directed","Process(indirect)"
"ENTREZID","5051","ENTREZID","50487","directed","Process(indirect)"
"ENTREZID","5051","ENTREZID","5319","directed","Process(indirect)"
"ENTREZID","5051","ENTREZID","5320","directed","Process(indirect)"
"ENTREZID","5051","ENTREZID","5321","directed","Process(indirect)"
"ENTREZID","5051","ENTREZID","5322","directed","Process(indirect)"
"ENTREZID","5051","ENTREZID","54947","directed","Process(indirect)"
"ENTREZID","5051","ENTREZID","56994","directed","Process(indirect)"
"ENTREZID","5051","ENTREZID","64600","directed","Process(indirect)"
"ENTREZID","5051","ENTREZID","79888","directed","Process(indirect)"
"ENTREZID","5051","ENTREZID","81579","directed","Process(indirect)"
"ENTREZID","5051","ENTREZID","8398","directed","Process(indirect)"
"ENTREZID","5051","ENTREZID","8399","directed","Process(indirect)"
"ENTREZID","5051","ENTREZID","84647","directed","Process(indirect)"
"ENTREZID","5051","ENTREZID","8605","directed","Process(indirect)"
"ENTREZID","5051","ENTREZID","8681","directed","Process(indirect)"
"ENTREZID","5168","ENTREZID","100137049","directed","Process(indirect)"
"ENTREZID","5168","ENTREZID","11145","directed","Process(indirect)"
"ENTREZID","5168","ENTREZID","123745","directed","Process(indirect)"
"ENTREZID","5168","ENTREZID","133121","directed","Process(indirect)"
"ENTREZID","5168","ENTREZID","151056","directed","Process(indirect)"
"ENTREZID","5168","ENTREZID","254531","directed","Process(indirect)"
"ENTREZID","5168","ENTREZID","255043","directed","Process(indirect)"
"ENTREZID","5168","ENTREZID","255189","directed","Process(indirect)"
"ENTREZID","5168","ENTREZID","26279","directed","Process(indirect)"
"ENTREZID","5168","ENTREZID","283748","directed","Process(indirect)"
"ENTREZID","5168","ENTREZID","30814","directed","Process(indirect)"
"ENTREZID","5168","ENTREZID","391013","directed","Process(indirect)"
"ENTREZID","5168","ENTREZID","50487","directed","Process(indirect)"
"ENTREZID","5168","ENTREZID","5319","directed","Process(indirect)"
"ENTREZID","5168","ENTREZID","5320","directed","Process(indirect)"
"ENTREZID","5168","ENTREZID","5321","directed","Process(indirect)"
"ENTREZID","5168","ENTREZID","5322","directed","Process(indirect)"
"ENTREZID","5168","ENTREZID","64600","directed","Process(indirect)"
"ENTREZID","5168","ENTREZID","81579","directed","Process(indirect)"
"ENTREZID","5168","ENTREZID","8398","directed","Process(indirect)"
"ENTREZID","5168","ENTREZID","8399","directed","Process(indirect)"
"ENTREZID","5168","ENTREZID","84647","directed","Process(indirect)"
"ENTREZID","5168","ENTREZID","8605","directed","Process(indirect)"
"ENTREZID","5168","ENTREZID","8681","directed","Process(indirect)"
"ENTREZID","5319","ENTREZID","10390","directed","Process(indirect)"
"ENTREZID","5319","ENTREZID","133121","directed","Process(indirect)"
"ENTREZID","5319","ENTREZID","254531","directed","Process(indirect)"
"ENTREZID","5319","ENTREZID","255043","directed","Process(indirect)"
"ENTREZID","5319","ENTREZID","284161","directed","Process(indirect)"
"ENTREZID","5319","ENTREZID","5168","directed","Process(indirect)"
"ENTREZID","5319","ENTREZID","54947","directed","Process(indirect)"
"ENTREZID","5319","ENTREZID","56994","directed","Process(indirect)"
"ENTREZID","5319","ENTREZID","79153","directed","Process(indirect)"
"ENTREZID","5319","ENTREZID","79888","directed","Process(indirect)"
"ENTREZID","5320","ENTREZID","10390","directed","Process(indirect)"
"ENTREZID","5320","ENTREZID","133121","directed","Process(indirect)"
"ENTREZID","5320","ENTREZID","254531","directed","Process(indirect)"
"ENTREZID","5320","ENTREZID","255043","directed","Process(indirect)"
"ENTREZID","5320","ENTREZID","284161","directed","Process(indirect)"
"ENTREZID","5320","ENTREZID","5168","directed","Process(indirect)"
"ENTREZID","5320","ENTREZID","54947","directed","Process(indirect)"
"ENTREZID","5320","ENTREZID","56994","directed","Process(indirect)"
"ENTREZID","5320","ENTREZID","79153","directed","Process(indirect)"
"ENTREZID","5320","ENTREZID","79888","directed","Process(indirect)"
"ENTREZID","5321","ENTREZID","10390","directed","Process(indirect)"
"ENTREZID","5321","ENTREZID","133121","directed","Process(indirect)"
"ENTREZID","5321","ENTREZID","254531","directed","Process(indirect)"
"ENTREZID","5321","ENTREZID","255043","directed","Process(indirect)"
"ENTREZID","5321","ENTREZID","284161","directed","Process(indirect)"
"ENTREZID","5321","ENTREZID","5168","directed","Process(indirect)"
"ENTREZID","5321","ENTREZID","54947","directed","Process(indirect)"
"ENTREZID","5321","ENTREZID","56994","directed","Process(indirect)"
"ENTREZID","5321","ENTREZID","79153","directed","Process(indirect)"
"ENTREZID","5321","ENTREZID","79888","directed","Process(indirect)"
"ENTREZID","5322","ENTREZID","10390","directed","Process(indirect)"
"ENTREZID","5322","ENTREZID","133121","directed","Process(indirect)"
"ENTREZID","5322","ENTREZID","254531","directed","Process(indirect)"
"ENTREZID","5322","ENTREZID","255043","directed","Process(indirect)"
"ENTREZID","5322","ENTREZID","284161","directed","Process(indirect)"
"ENTREZID","5322","ENTREZID","5168","directed","Process(indirect)"
"ENTREZID","5322","ENTREZID","54947","directed","Process(indirect)"
"ENTREZID","5322","ENTREZID","56994","directed","Process(indirect)"
"ENTREZID","5322","ENTREZID","79153","directed","Process(indirect)"
"ENTREZID","5322","ENTREZID","79888","directed","Process(indirect)"
"ENTREZID","5337","ENTREZID","100137049","directed","Process(indirect)"
"ENTREZID","5337","ENTREZID","10390","directed","Process(indirect)"
"ENTREZID","5337","ENTREZID","11145","directed","Process(indirect)"
"ENTREZID","5337","ENTREZID","123745","directed","Process(indirect)"
"ENTREZID","5337","ENTREZID","151056","directed","Process(indirect)"
"ENTREZID","5337","ENTREZID","254531","directed","Process(indirect)"
"ENTREZID","5337","ENTREZID","255189","directed","Process(indirect)"
"ENTREZID","5337","ENTREZID","26279","directed","Process(indirect)"
"ENTREZID","5337","ENTREZID","283748","directed","Process(indirect)"
"ENTREZID","5337","ENTREZID","30814","directed","Process(indirect)"
"ENTREZID","5337","ENTREZID","391013","directed","Process(indirect)"
"ENTREZID","5337","ENTREZID","50487","directed","Process(indirect)"
"ENTREZID","5337","ENTREZID","5319","directed","Process(indirect)"
"ENTREZID","5337","ENTREZID","5320","directed","Process(indirect)"
"ENTREZID","5337","ENTREZID","5321","directed","Process(indirect)"
"ENTREZID","5337","ENTREZID","5322","directed","Process(indirect)"
"ENTREZID","5337","ENTREZID","64600","directed","Process(indirect)"
"ENTREZID","5337","ENTREZID","81579","directed","Process(indirect)"
"ENTREZID","5337","ENTREZID","8398","directed","Process(indirect)"
"ENTREZID","5337","ENTREZID","8399","directed","Process(indirect)"
"ENTREZID","5337","ENTREZID","84647","directed","Process(indirect)"
"ENTREZID","5337","ENTREZID","85465","directed","Process(indirect)"
"ENTREZID","5337","ENTREZID","8605","directed","Process(indirect)"
"ENTREZID","5337","ENTREZID","8681","directed","Process(indirect)"
"ENTREZID","5338","ENTREZID","100137049","directed","Process(indirect)"
"ENTREZID","5338","ENTREZID","10390","directed","Process(indirect)"
"ENTREZID","5338","ENTREZID","11145","directed","Process(indirect)"
"ENTREZID","5338","ENTREZID","123745","directed","Process(indirect)"
"ENTREZID","5338","ENTREZID","151056","directed","Process(indirect)"
"ENTREZID","5338","ENTREZID","254531","directed","Process(indirect)"
"ENTREZID","5338","ENTREZID","255189","directed","Process(indirect)"
"ENTREZID","5338","ENTREZID","26279","directed","Process(indirect)"
"ENTREZID","5338","ENTREZID","283748","directed","Process(indirect)"
"ENTREZID","5338","ENTREZID","30814","directed","Process(indirect)"
"ENTREZID","5338","ENTREZID","391013","directed","Process(indirect)"
"ENTREZID","5338","ENTREZID","50487","directed","Process(indirect)"
"ENTREZID","5338","ENTREZID","5319","directed","Process(indirect)"
"ENTREZID","5338","ENTREZID","5320","directed","Process(indirect)"
"ENTREZID","5338","ENTREZID","5321","directed","Process(indirect)"
"ENTREZID","5338","ENTREZID","5322","directed","Process(indirect)"
"ENTREZID","5338","ENTREZID","64600","directed","Process(indirect)"
"ENTREZID","5338","ENTREZID","81579","directed","Process(indirect)"
"ENTREZID","5338","ENTREZID","8398","directed","Process(indirect)"
"ENTREZID","5338","ENTREZID","8399","directed","Process(indirect)"
"ENTREZID","5338","ENTREZID","84647","directed","Process(indirect)"
"ENTREZID","5338","ENTREZID","85465","directed","Process(indirect)"
"ENTREZID","5338","ENTREZID","8605","directed","Process(indirect)"
"ENTREZID","5338","ENTREZID","8681","directed","Process(indirect)"
"ENTREZID","54947","ENTREZID","100137049","directed","Process(indirect)"
"ENTREZID","54947","ENTREZID","10390","directed","Process(indirect)"
"ENTREZID","54947","ENTREZID","11145","directed","Process(indirect)"
"ENTREZID","54947","ENTREZID","123745","directed","Process(indirect)"
"ENTREZID","54947","ENTREZID","151056","directed","Process(indirect)"
"ENTREZID","54947","ENTREZID","255189","directed","Process(indirect)"
"ENTREZID","54947","ENTREZID","26279","directed","Process(indirect)"
"ENTREZID","54947","ENTREZID","283748","directed","Process(indirect)"
"ENTREZID","54947","ENTREZID","30814","directed","Process(indirect)"
"ENTREZID","54947","ENTREZID","391013","directed","Process(indirect)"
"ENTREZID","54947","ENTREZID","5048","directed","Process(indirect)"
"ENTREZID","54947","ENTREZID","50487","directed","Process(indirect)"
"ENTREZID","54947","ENTREZID","5049","directed","Process(indirect)"
"ENTREZID","54947","ENTREZID","5050","directed","Process(indirect)"
"ENTREZID","54947","ENTREZID","5051","directed","Process(indirect)"
"ENTREZID","54947","ENTREZID","5319","directed","Process(indirect)"
"ENTREZID","54947","ENTREZID","5320","directed","Process(indirect)"
"ENTREZID","54947","ENTREZID","5321","directed","Process(indirect)"
"ENTREZID","54947","ENTREZID","5322","directed","Process(indirect)"
"ENTREZID","54947","ENTREZID","56994","directed","Process(indirect)"
"ENTREZID","54947","ENTREZID","64600","directed","Process(indirect)"
"ENTREZID","54947","ENTREZID","7941","directed","Process(indirect)"
"ENTREZID","54947","ENTREZID","81579","directed","Process(indirect)"
"ENTREZID","54947","ENTREZID","8398","directed","Process(indirect)"
"ENTREZID","54947","ENTREZID","8399","directed","Process(indirect)"
"ENTREZID","54947","ENTREZID","84647","directed","Process(indirect)"
"ENTREZID","54947","ENTREZID","8605","directed","Process(indirect)"
"ENTREZID","54947","ENTREZID","8681","directed","Process(indirect)"
"ENTREZID","56994","ENTREZID","100137049","directed","Process(indirect)"
"ENTREZID","56994","ENTREZID","11145","directed","Process(indirect)"
"ENTREZID","56994","ENTREZID","123745","directed","Process(indirect)"
"ENTREZID","56994","ENTREZID","151056","directed","Process(indirect)"
"ENTREZID","56994","ENTREZID","254531","directed","Process(indirect)"
"ENTREZID","56994","ENTREZID","255189","directed","Process(indirect)"
"ENTREZID","56994","ENTREZID","26279","directed","Process(indirect)"
"ENTREZID","56994","ENTREZID","283748","directed","Process(indirect)"
"ENTREZID","56994","ENTREZID","30814","directed","Process(indirect)"
"ENTREZID","56994","ENTREZID","391013","directed","Process(indirect)"
"ENTREZID","56994","ENTREZID","5048","directed","Process(indirect)"
"ENTREZID","56994","ENTREZID","50487","directed","Process(indirect)"
"ENTREZID","56994","ENTREZID","5049","directed","Process(indirect)"
"ENTREZID","56994","ENTREZID","5050","directed","Process(indirect)"
"ENTREZID","56994","ENTREZID","5051","directed","Process(indirect)"
"ENTREZID","56994","ENTREZID","5319","directed","Process(indirect)"
"ENTREZID","56994","ENTREZID","5320","directed","Process(indirect)"
"ENTREZID","56994","ENTREZID","5321","directed","Process(indirect)"
"ENTREZID","56994","ENTREZID","5322","directed","Process(indirect)"
"ENTREZID","56994","ENTREZID","54947","directed","Process(indirect)"
"ENTREZID","56994","ENTREZID","64600","directed","Process(indirect)"
"ENTREZID","56994","ENTREZID","7941","directed","Process(indirect)"
"ENTREZID","56994","ENTREZID","79888","directed","Process(indirect)"
"ENTREZID","56994","ENTREZID","81579","directed","Process(indirect)"
"ENTREZID","56994","ENTREZID","8398","directed","Process(indirect)"
"ENTREZID","56994","ENTREZID","8399","directed","Process(indirect)"
"ENTREZID","56994","ENTREZID","84647","directed","Process(indirect)"
"ENTREZID","56994","ENTREZID","8605","directed","Process(indirect)"
"ENTREZID","56994","ENTREZID","8681","directed","Process(indirect)"
"ENTREZID","64600","ENTREZID","10390","directed","Process(indirect)"
"ENTREZID","64600","ENTREZID","133121","directed","Process(indirect)"
"ENTREZID","64600","ENTREZID","254531","directed","Process(indirect)"
"ENTREZID","64600","ENTREZID","255043","directed","Process(indirect)"
"ENTREZID","64600","ENTREZID","284161","directed","Process(indirect)"
"ENTREZID","64600","ENTREZID","5168","directed","Process(indirect)"
"ENTREZID","64600","ENTREZID","54947","directed","Process(indirect)"
"ENTREZID","64600","ENTREZID","56994","directed","Process(indirect)"
"ENTREZID","64600","ENTREZID","79153","directed","Process(indirect)"
"ENTREZID","64600","ENTREZID","79888","directed","Process(indirect)"
"ENTREZID","7368","ENTREZID","10390","directed","Process(indirect)"
"ENTREZID","7368","ENTREZID","56994","directed","Process(indirect)"
"ENTREZID","7368","ENTREZID","85465","directed","Process(indirect)"
"ENTREZID","7368","ENTREZID","8611","directed","Process(indirect)"
"ENTREZID","7368","ENTREZID","8612","directed","Process(indirect)"
"ENTREZID","7368","ENTREZID","8613","directed","Process(indirect)"
"ENTREZID","7368","ENTREZID","9514","directed","Process(indirect)"
"ENTREZID","79153","ENTREZID","100137049","directed","Process(indirect)"
"ENTREZID","79153","ENTREZID","11145","directed","Process(indirect)"
"ENTREZID","79153","ENTREZID","123745","directed","Process(indirect)"
"ENTREZID","79153","ENTREZID","133121","directed","Process(indirect)"
"ENTREZID","79153","ENTREZID","151056","directed","Process(indirect)"
"ENTREZID","79153","ENTREZID","254531","directed","Process(indirect)"
"ENTREZID","79153","ENTREZID","255043","directed","Process(indirect)"
"ENTREZID","79153","ENTREZID","255189","directed","Process(indirect)"
"ENTREZID","79153","ENTREZID","26279","directed","Process(indirect)"
"ENTREZID","79153","ENTREZID","283748","directed","Process(indirect)"
"ENTREZID","79153","ENTREZID","30814","directed","Process(indirect)"
"ENTREZID","79153","ENTREZID","391013","directed","Process(indirect)"
"ENTREZID","79153","ENTREZID","50487","directed","Process(indirect)"
"ENTREZID","79153","ENTREZID","5319","directed","Process(indirect)"
"ENTREZID","79153","ENTREZID","5320","directed","Process(indirect)"
"ENTREZID","79153","ENTREZID","5321","directed","Process(indirect)"
"ENTREZID","79153","ENTREZID","5322","directed","Process(indirect)"
"ENTREZID","79153","ENTREZID","64600","directed","Process(indirect)"
"ENTREZID","79153","ENTREZID","81579","directed","Process(indirect)"
"ENTREZID","79153","ENTREZID","8398","directed","Process(indirect)"
"ENTREZID","79153","ENTREZID","8399","directed","Process(indirect)"
"ENTREZID","79153","ENTREZID","84647","directed","Process(indirect)"
"ENTREZID","79153","ENTREZID","8605","directed","Process(indirect)"
"ENTREZID","79153","ENTREZID","8681","directed","Process(indirect)"
"ENTREZID","7941","ENTREZID","100137049","directed","Process(indirect)"
"ENTREZID","7941","ENTREZID","10390","directed","Process(indirect)"
"ENTREZID","7941","ENTREZID","11145","directed","Process(indirect)"
"ENTREZID","7941","ENTREZID","123745","directed","Process(indirect)"
"ENTREZID","7941","ENTREZID","151056","directed","Process(indirect)"
"ENTREZID","7941","ENTREZID","254531","directed","Process(indirect)"
"ENTREZID","7941","ENTREZID","255189","directed","Process(indirect)"
"ENTREZID","7941","ENTREZID","26279","directed","Process(indirect)"
"ENTREZID","7941","ENTREZID","283748","directed","Process(indirect)"
"ENTREZID","7941","ENTREZID","30814","directed","Process(indirect)"
"ENTREZID","7941","ENTREZID","391013","directed","Process(indirect)"
"ENTREZID","7941","ENTREZID","50487","directed","Process(indirect)"
"ENTREZID","7941","ENTREZID","5319","directed","Process(indirect)"
"ENTREZID","7941","ENTREZID","5320","directed","Process(indirect)"
"ENTREZID","7941","ENTREZID","5321","directed","Process(indirect)"
"ENTREZID","7941","ENTREZID","5322","directed","Process(indirect)"
"ENTREZID","7941","ENTREZID","54947","directed","Process(indirect)"
"ENTREZID","7941","ENTREZID","56994","directed","Process(indirect)"
"ENTREZID","7941","ENTREZID","64600","directed","Process(indirect)"
"ENTREZID","7941","ENTREZID","79888","directed","Process(indirect)"
"ENTREZID","7941","ENTREZID","81579","directed","Process(indirect)"
"ENTREZID","7941","ENTREZID","8398","directed","Process(indirect)"
"ENTREZID","7941","ENTREZID","8399","directed","Process(indirect)"
"ENTREZID","7941","ENTREZID","84647","directed","Process(indirect)"
"ENTREZID","7941","ENTREZID","8605","directed","Process(indirect)"
"ENTREZID","7941","ENTREZID","8681","directed","Process(indirect)"
"ENTREZID","79888","ENTREZID","100137049","directed","Process(indirect)"
"ENTREZID","79888","ENTREZID","10390","directed","Process(indirect)"
"ENTREZID","79888","ENTREZID","11145","directed","Process(indirect)"
"ENTREZID","79888","ENTREZID","123745","directed","Process(indirect)"
"ENTREZID","79888","ENTREZID","151056","directed","Process(indirect)"
"ENTREZID","79888","ENTREZID","255189","directed","Process(indirect)"
"ENTREZID","79888","ENTREZID","26279","directed","Process(indirect)"
"ENTREZID","79888","ENTREZID","283748","directed","Process(indirect)"
"ENTREZID","79888","ENTREZID","30814","directed","Process(indirect)"
"ENTREZID","79888","ENTREZID","391013","directed","Process(indirect)"
"ENTREZID","79888","ENTREZID","5048","directed","Process(indirect)"
"ENTREZID","79888","ENTREZID","50487","directed","Process(indirect)"
"ENTREZID","79888","ENTREZID","5049","directed","Process(indirect)"
"ENTREZID","79888","ENTREZID","5050","directed","Process(indirect)"
"ENTREZID","79888","ENTREZID","5051","directed","Process(indirect)"
"ENTREZID","79888","ENTREZID","5319","directed","Process(indirect)"
"ENTREZID","79888","ENTREZID","5320","directed","Process(indirect)"
"ENTREZID","79888","ENTREZID","5321","directed","Process(indirect)"
"ENTREZID","79888","ENTREZID","5322","directed","Process(indirect)"
"ENTREZID","79888","ENTREZID","56994","directed","Process(indirect)"
"ENTREZID","79888","ENTREZID","64600","directed","Process(indirect)"
"ENTREZID","79888","ENTREZID","7941","directed","Process(indirect)"
"ENTREZID","79888","ENTREZID","81579","directed","Process(indirect)"
"ENTREZID","79888","ENTREZID","8398","directed","Process(indirect)"
"ENTREZID","79888","ENTREZID","8399","directed","Process(indirect)"
"ENTREZID","79888","ENTREZID","84647","directed","Process(indirect)"
"ENTREZID","79888","ENTREZID","8605","directed","Process(indirect)"
"ENTREZID","79888","ENTREZID","8681","directed","Process(indirect)"
"ENTREZID","81579","ENTREZID","10390","directed","Process(indirect)"
"ENTREZID","81579","ENTREZID","133121","directed","Process(indirect)"
"ENTREZID","81579","ENTREZID","254531","directed","Process(indirect)"
"ENTREZID","81579","ENTREZID","255043","directed","Process(indirect)"
"ENTREZID","81579","ENTREZID","284161","directed","Process(indirect)"
"ENTREZID","81579","ENTREZID","5168","directed","Process(indirect)"
"ENTREZID","81579","ENTREZID","54947","directed","Process(indirect)"
"ENTREZID","81579","ENTREZID","56994","directed","Process(indirect)"
"ENTREZID","81579","ENTREZID","79153","directed","Process(indirect)"
"ENTREZID","81579","ENTREZID","79888","directed","Process(indirect)"
"ENTREZID","8398","ENTREZID","10390","directed","Process(indirect)"
"ENTREZID","8398","ENTREZID","133121","directed","Process(indirect)"
"ENTREZID","8398","ENTREZID","254531","directed","Process(indirect)"
"ENTREZID","8398","ENTREZID","255043","directed","Process(indirect)"
"ENTREZID","8398","ENTREZID","284161","directed","Process(indirect)"
"ENTREZID","8398","ENTREZID","5168","directed","Process(indirect)"
"ENTREZID","8398","ENTREZID","54947","directed","Process(indirect)"
"ENTREZID","8398","ENTREZID","56994","directed","Process(indirect)"
"ENTREZID","8398","ENTREZID","79153","directed","Process(indirect)"
"ENTREZID","8398","ENTREZID","79888","directed","Process(indirect)"
"ENTREZID","8399","ENTREZID","10390","directed","Process(indirect)"
"ENTREZID","8399","ENTREZID","133121","directed","Process(indirect)"
"ENTREZID","8399","ENTREZID","254531","directed","Process(indirect)"
"ENTREZID","8399","ENTREZID","255043","directed","Process(indirect)"
"ENTREZID","8399","ENTREZID","284161","directed","Process(indirect)"
"ENTREZID","8399","ENTREZID","5168","directed","Process(indirect)"
"ENTREZID","8399","ENTREZID","54947","directed","Process(indirect)"
"ENTREZID","8399","ENTREZID","56994","directed","Process(indirect)"
"ENTREZID","8399","ENTREZID","79153","directed","Process(indirect)"
"ENTREZID","8399","ENTREZID","79888","directed","Process(indirect)"
"ENTREZID","84647","ENTREZID","10390","directed","Process(indirect)"
"ENTREZID","84647","ENTREZID","133121","directed","Process(indirect)"
"ENTREZID","84647","ENTREZID","254531","directed","Process(indirect)"
"ENTREZID","84647","ENTREZID","255043","directed","Process(indirect)"
"ENTREZID","84647","ENTREZID","284161","directed","Process(indirect)"
"ENTREZID","84647","ENTREZID","5168","directed","Process(indirect)"
"ENTREZID","84647","ENTREZID","54947","directed","Process(indirect)"
"ENTREZID","84647","ENTREZID","56994","directed","Process(indirect)"
"ENTREZID","84647","ENTREZID","79153","directed","Process(indirect)"
"ENTREZID","84647","ENTREZID","79888","directed","Process(indirect)"
"ENTREZID","85465","ENTREZID","100137049","directed","Process(indirect)"
"ENTREZID","85465","ENTREZID","11145","directed","Process(indirect)"
"ENTREZID","85465","ENTREZID","122618","directed","Process(indirect)"
"ENTREZID","85465","ENTREZID","123745","directed","Process(indirect)"
"ENTREZID","85465","ENTREZID","151056","directed","Process(indirect)"
"ENTREZID","85465","ENTREZID","23646","directed","Process(indirect)"
"ENTREZID","85465","ENTREZID","254531","directed","Process(indirect)"
"ENTREZID","85465","ENTREZID","255189","directed","Process(indirect)"
"ENTREZID","85465","ENTREZID","26279","directed","Process(indirect)"
"ENTREZID","85465","ENTREZID","283748","directed","Process(indirect)"
"ENTREZID","85465","ENTREZID","30814","directed","Process(indirect)"
"ENTREZID","85465","ENTREZID","387521","directed","Process(indirect)"
"ENTREZID","85465","ENTREZID","387522","directed","Process(indirect)"
"ENTREZID","85465","ENTREZID","391013","directed","Process(indirect)"
"ENTREZID","85465","ENTREZID","50487","directed","Process(indirect)"
"ENTREZID","85465","ENTREZID","5319","directed","Process(indirect)"
"ENTREZID","85465","ENTREZID","5320","directed","Process(indirect)"
"ENTREZID","85465","ENTREZID","5321","directed","Process(indirect)"
"ENTREZID","85465","ENTREZID","5322","directed","Process(indirect)"
"ENTREZID","85465","ENTREZID","5337","directed","Process(indirect)"
"ENTREZID","85465","ENTREZID","5338","directed","Process(indirect)"
"ENTREZID","85465","ENTREZID","64600","directed","Process(indirect)"
"ENTREZID","85465","ENTREZID","7368","directed","Process(indirect)"
"ENTREZID","85465","ENTREZID","81579","directed","Process(indirect)"
"ENTREZID","85465","ENTREZID","8398","directed","Process(indirect)"
"ENTREZID","85465","ENTREZID","8399","directed","Process(indirect)"
"ENTREZID","85465","ENTREZID","84647","directed","Process(indirect)"
"ENTREZID","85465","ENTREZID","8605","directed","Process(indirect)"
"ENTREZID","85465","ENTREZID","8611","directed","Process(indirect)"
"ENTREZID","85465","ENTREZID","8612","directed","Process(indirect)"
"ENTREZID","85465","ENTREZID","8613","directed","Process(indirect)"
"ENTREZID","85465","ENTREZID","8681","directed","Process(indirect)"
"ENTREZID","8605","ENTREZID","10390","directed","Process(indirect)"
"ENTREZID","8605","ENTREZID","133121","directed","Process(indirect)"
"ENTREZID","8605","ENTREZID","254531","directed","Process(indirect)"
"ENTREZID","8605","ENTREZID","255043","directed","Process(indirect)"
"ENTREZID","8605","ENTREZID","284161","directed","Process(indirect)"
"ENTREZID","8605","ENTREZID","5168","directed","Process(indirect)"
"ENTREZID","8605","ENTREZID","54947","directed","Process(indirect)"
"ENTREZID","8605","ENTREZID","56994","directed","Process(indirect)"
"ENTREZID","8605","ENTREZID","79153","directed","Process(indirect)"
"ENTREZID","8605","ENTREZID","79888","directed","Process(indirect)"
"ENTREZID","8611","ENTREZID","10390","directed","Process(indirect)"
"ENTREZID","8611","ENTREZID","56994","directed","Process(indirect)"
"ENTREZID","8611","ENTREZID","7368","directed","Process(indirect)"
"ENTREZID","8611","ENTREZID","85465","directed","Process(indirect)"
"ENTREZID","8612","ENTREZID","10390","directed","Process(indirect)"
"ENTREZID","8612","ENTREZID","56994","directed","Process(indirect)"
"ENTREZID","8612","ENTREZID","7368","directed","Process(indirect)"
"ENTREZID","8612","ENTREZID","85465","directed","Process(indirect)"
"ENTREZID","8613","ENTREZID","10390","directed","Process(indirect)"
"ENTREZID","8613","ENTREZID","56994","directed","Process(indirect)"
"ENTREZID","8613","ENTREZID","7368","directed","Process(indirect)"
"ENTREZID","8613","ENTREZID","85465","directed","Process(indirect)"
"ENTREZID","8681","ENTREZID","10390","directed","Process(indirect)"
"ENTREZID","8681","ENTREZID","133121","directed","Process(indirect)"
"ENTREZID","8681","ENTREZID","254531","directed","Process(indirect)"
"ENTREZID","8681","ENTREZID","255043","directed","Process(indirect)"
"ENTREZID","8681","ENTREZID","284161","directed","Process(indirect)"
"ENTREZID","8681","ENTREZID","5168","directed","Process(indirect)"
"ENTREZID","8681","ENTREZID","54947","directed","Process(indirect)"
"ENTREZID","8681","ENTREZID","56994","directed","Process(indirect)"
"ENTREZID","8681","ENTREZID","79153","directed","Process(indirect)"
"ENTREZID","8681","ENTREZID","79888","directed","Process(indirect)"
