"src_type","src","dest_type","dest","direction","type"
"ENTREZID","100137049","ENTREZID","9415","directed","Process(indirect)"
"ENTREZID","11145","ENTREZID","9415","directed","Process(indirect)"
"ENTREZID","123745","ENTREZID","9415","directed","Process(indirect)"
"ENTREZID","151056","ENTREZID","9415","directed","Process(indirect)"
"ENTREZID","255189","ENTREZID","9415","directed","Process(indirect)"
"ENTREZID","26279","ENTREZID","9415","directed","Process(indirect)"
"ENTREZID","283748","ENTREZID","9415","directed","Process(indirect)"
"ENTREZID","30","ENTREZID","51","directed","Process(indirect)"
"ENTREZID","30","ENTREZID","8310","directed","Process(indirect)"
"ENTREZID","30814","ENTREZID","9415","directed","Process(indirect)"
"ENTREZID","391013","ENTREZID","9415","directed","Process(indirect)"
"ENTREZID","50487","ENTREZID","9415","directed","Process(indirect)"
"ENTREZID","51","ENTREZID","30","directed","Process(indirect)"
"ENTREZID","5319","ENTREZID","9415","directed","Process(indirect)"
"ENTREZID","5320","ENTREZID","9415","directed","Process(indirect)"
"ENTREZID","5321","ENTREZID","9415","directed","Process(indirect)"
"ENTREZID","5322","ENTREZID","9415","directed","Process(indirect)"
"ENTREZID","64600","ENTREZID","9415","directed","Process(indirect)"
"ENTREZID","81579","ENTREZID","9415","directed","Process(indirect)"
"ENTREZID","8310","ENTREZID","30","directed","Process(indirect)"
"ENTREZID","8398","ENTREZID","9415","directed","Process(indirect)"
"ENTREZID","8399","ENTREZID","9415","directed","Process(indirect)"
"ENTREZID","84647","ENTREZID","9415","directed","Process(indirect)"
"ENTREZID","8605","ENTREZID","9415","directed","Process(indirect)"
"ENTREZID","8681","ENTREZID","9415","directed","Process(indirect)"
"ENTREZID","9415","ENTREZID","11145","directed","Process(indirect)"
