"src_type","src","dest_type","dest","direction","type"
"ENTREZID","10558","ENTREZID","2531","directed","Process(indirect)"
"ENTREZID","10715","ENTREZID","123099","directed","Process(indirect)"
"ENTREZID","10715","ENTREZID","125981","directed","Process(indirect)"
"ENTREZID","10715","ENTREZID","130367","directed","Process(indirect)"
"ENTREZID","10715","ENTREZID","166929","directed","Process(indirect)"
"ENTREZID","10715","ENTREZID","2531","directed","Process(indirect)"
"ENTREZID","10715","ENTREZID","2581","directed","Process(indirect)"
"ENTREZID","10715","ENTREZID","259230","directed","Process(indirect)"
"ENTREZID","10715","ENTREZID","2629","directed","Process(indirect)"
"ENTREZID","10715","ENTREZID","339221","directed","Process(indirect)"
"ENTREZID","10715","ENTREZID","340485","directed","Process(indirect)"
"ENTREZID","10715","ENTREZID","427","directed","Process(indirect)"
"ENTREZID","10715","ENTREZID","55331","directed","Process(indirect)"
"ENTREZID","10715","ENTREZID","55512","directed","Process(indirect)"
"ENTREZID","10715","ENTREZID","55627","directed","Process(indirect)"
"ENTREZID","10715","ENTREZID","56624","directed","Process(indirect)"
"ENTREZID","10715","ENTREZID","56848","directed","Process(indirect)"
"ENTREZID","10715","ENTREZID","57704","directed","Process(indirect)"
"ENTREZID","10715","ENTREZID","64781","directed","Process(indirect)"
"ENTREZID","10715","ENTREZID","6609","directed","Process(indirect)"
"ENTREZID","10715","ENTREZID","6610","directed","Process(indirect)"
"ENTREZID","10715","ENTREZID","7357","directed","Process(indirect)"
"ENTREZID","10715","ENTREZID","7368","directed","Process(indirect)"
"ENTREZID","10715","ENTREZID","81537","directed","Process(indirect)"
"ENTREZID","10715","ENTREZID","8560","directed","Process(indirect)"
"ENTREZID","10715","ENTREZID","8611","directed","Process(indirect)"
"ENTREZID","10715","ENTREZID","8612","directed","Process(indirect)"
"ENTREZID","10715","ENTREZID","8613","directed","Process(indirect)"
"ENTREZID","10715","ENTREZID","8877","directed","Process(indirect)"
"ENTREZID","10825","ENTREZID","2581","directed","Process(indirect)"
"ENTREZID","10825","ENTREZID","410","directed","Process(indirect)"
"ENTREZID","10825","ENTREZID","7368","directed","Process(indirect)"
"ENTREZID","10825","ENTREZID","9514","directed","Process(indirect)"
"ENTREZID","123099","ENTREZID","10715","directed","Process(indirect)"
"ENTREZID","123099","ENTREZID","125981","directed","Process(indirect)"
"ENTREZID","123099","ENTREZID","130367","directed","Process(indirect)"
"ENTREZID","123099","ENTREZID","166929","directed","Process(indirect)"
"ENTREZID","123099","ENTREZID","204219","directed","Process(indirect)"
"ENTREZID","123099","ENTREZID","2531","directed","Process(indirect)"
"ENTREZID","123099","ENTREZID","253782","directed","Process(indirect)"
"ENTREZID","123099","ENTREZID","2581","directed","Process(indirect)"
"ENTREZID","123099","ENTREZID","259230","directed","Process(indirect)"
"ENTREZID","123099","ENTREZID","2629","directed","Process(indirect)"
"ENTREZID","123099","ENTREZID","29956","directed","Process(indirect)"
"ENTREZID","123099","ENTREZID","339221","directed","Process(indirect)"
"ENTREZID","123099","ENTREZID","340485","directed","Process(indirect)"
"ENTREZID","123099","ENTREZID","427","directed","Process(indirect)"
"ENTREZID","123099","ENTREZID","55331","directed","Process(indirect)"
"ENTREZID","123099","ENTREZID","55512","directed","Process(indirect)"
"ENTREZID","123099","ENTREZID","55627","directed","Process(indirect)"
"ENTREZID","123099","ENTREZID","56624","directed","Process(indirect)"
"ENTREZID","123099","ENTREZID","56848","directed","Process(indirect)"
"ENTREZID","123099","ENTREZID","57704","directed","Process(indirect)"
"ENTREZID","123099","ENTREZID","64781","directed","Process(indirect)"
"ENTREZID","123099","ENTREZID","6609","directed","Process(indirect)"
"ENTREZID","123099","ENTREZID","6610","directed","Process(indirect)"
"ENTREZID","123099","ENTREZID","7357","directed","Process(indirect)"
"ENTREZID","123099","ENTREZID","7368","directed","Process(indirect)"
"ENTREZID","123099","ENTREZID","79603","directed","Process(indirect)"
"ENTREZID","123099","ENTREZID","81537","directed","Process(indirect)"
"ENTREZID","123099","ENTREZID","8611","directed","Process(indirect)"
"ENTREZID","123099","ENTREZID","8612","directed","Process(indirect)"
"ENTREZID","123099","ENTREZID","8613","directed","Process(indirect)"
"ENTREZID","123099","ENTREZID","8877","directed","Process(indirect)"
"ENTREZID","123099","ENTREZID","91012","directed","Process(indirect)"
"ENTREZID","125981","ENTREZID","10715","directed","Process(indirect)"
"ENTREZID","125981","ENTREZID","123099","directed","Process(indirect)"
"ENTREZID","125981","ENTREZID","130367","directed","Process(indirect)"
"ENTREZID","125981","ENTREZID","166929","directed","Process(indirect)"
"ENTREZID","125981","ENTREZID","204219","directed","Process(indirect)"
"ENTREZID","125981","ENTREZID","253782","directed","Process(indirect)"
"ENTREZID","125981","ENTREZID","2581","directed","Process(indirect)"
"ENTREZID","125981","ENTREZID","259230","directed","Process(indirect)"
"ENTREZID","125981","ENTREZID","2629","directed","Process(indirect)"
"ENTREZID","125981","ENTREZID","29956","directed","Process(indirect)"
"ENTREZID","125981","ENTREZID","339221","directed","Process(indirect)"
"ENTREZID","125981","ENTREZID","55512","directed","Process(indirect)"
"ENTREZID","125981","ENTREZID","55627","directed","Process(indirect)"
"ENTREZID","125981","ENTREZID","56848","directed","Process(indirect)"
"ENTREZID","125981","ENTREZID","57704","directed","Process(indirect)"
"ENTREZID","125981","ENTREZID","64781","directed","Process(indirect)"
"ENTREZID","125981","ENTREZID","6609","directed","Process(indirect)"
"ENTREZID","125981","ENTREZID","6610","directed","Process(indirect)"
"ENTREZID","125981","ENTREZID","7357","directed","Process(indirect)"
"ENTREZID","125981","ENTREZID","7368","directed","Process(indirect)"
"ENTREZID","125981","ENTREZID","79603","directed","Process(indirect)"
"ENTREZID","125981","ENTREZID","81537","directed","Process(indirect)"
"ENTREZID","125981","ENTREZID","8560","directed","Process(indirect)"
"ENTREZID","125981","ENTREZID","8611","directed","Process(indirect)"
"ENTREZID","125981","ENTREZID","8612","directed","Process(indirect)"
"ENTREZID","125981","ENTREZID","8613","directed","Process(indirect)"
"ENTREZID","125981","ENTREZID","8877","directed","Process(indirect)"
"ENTREZID","125981","ENTREZID","91012","directed","Process(indirect)"
"ENTREZID","129807","ENTREZID","2581","directed","Process(indirect)"
"ENTREZID","129807","ENTREZID","410","directed","Process(indirect)"
"ENTREZID","129807","ENTREZID","7368","directed","Process(indirect)"
"ENTREZID","129807","ENTREZID","9514","directed","Process(indirect)"
"ENTREZID","130367","ENTREZID","10715","directed","Process(indirect)"
"ENTREZID","130367","ENTREZID","123099","directed","Process(indirect)"
"ENTREZID","130367","ENTREZID","125981","directed","Process(indirect)"
"ENTREZID","130367","ENTREZID","166929","directed","Process(indirect)"
"ENTREZID","130367","ENTREZID","204219","directed","Process(indirect)"
"ENTREZID","130367","ENTREZID","2531","directed","Process(indirect)"
"ENTREZID","130367","ENTREZID","253782","directed","Process(indirect)"
"ENTREZID","130367","ENTREZID","2581","directed","Process(indirect)"
"ENTREZID","130367","ENTREZID","259230","directed","Process(indirect)"
"ENTREZID","130367","ENTREZID","2629","directed","Process(indirect)"
"ENTREZID","130367","ENTREZID","29956","directed","Process(indirect)"
"ENTREZID","130367","ENTREZID","339221","directed","Process(indirect)"
"ENTREZID","130367","ENTREZID","340485","directed","Process(indirect)"
"ENTREZID","130367","ENTREZID","427","directed","Process(indirect)"
"ENTREZID","130367","ENTREZID","55331","directed","Process(indirect)"
"ENTREZID","130367","ENTREZID","55512","directed","Process(indirect)"
"ENTREZID","130367","ENTREZID","55627","directed","Process(indirect)"
"ENTREZID","130367","ENTREZID","56624","directed","Process(indirect)"
"ENTREZID","130367","ENTREZID","56848","directed","Process(indirect)"
"ENTREZID","130367","ENTREZID","57704","directed","Process(indirect)"
"ENTREZID","130367","ENTREZID","64781","directed","Process(indirect)"
"ENTREZID","130367","ENTREZID","6609","directed","Process(indirect)"
"ENTREZID","130367","ENTREZID","6610","directed","Process(indirect)"
"ENTREZID","130367","ENTREZID","7357","directed","Process(indirect)"
"ENTREZID","130367","ENTREZID","7368","directed","Process(indirect)"
"ENTREZID","130367","ENTREZID","79603","directed","Process(indirect)"
"ENTREZID","130367","ENTREZID","8560","directed","Process(indirect)"
"ENTREZID","130367","ENTREZID","8611","directed","Process(indirect)"
"ENTREZID","130367","ENTREZID","8612","directed","Process(indirect)"
"ENTREZID","130367","ENTREZID","8613","directed","Process(indirect)"
"ENTREZID","130367","ENTREZID","8877","directed","Process(indirect)"
"ENTREZID","130367","ENTREZID","8879","directed","Process(indirect)"
"ENTREZID","130367","ENTREZID","91012","directed","Process(indirect)"
"ENTREZID","166929","ENTREZID","10715","directed","Process(indirect)"
"ENTREZID","166929","ENTREZID","123099","directed","Process(indirect)"
"ENTREZID","166929","ENTREZID","125981","directed","Process(indirect)"
"ENTREZID","166929","ENTREZID","130367","directed","Process(indirect)"
"ENTREZID","166929","ENTREZID","204219","directed","Process(indirect)"
"ENTREZID","166929","ENTREZID","253782","directed","Process(indirect)"
"ENTREZID","166929","ENTREZID","2581","directed","Process(indirect)"
"ENTREZID","166929","ENTREZID","2629","directed","Process(indirect)"
"ENTREZID","166929","ENTREZID","29956","directed","Process(indirect)"
"ENTREZID","166929","ENTREZID","339221","directed","Process(indirect)"
"ENTREZID","166929","ENTREZID","340485","directed","Process(indirect)"
"ENTREZID","166929","ENTREZID","427","directed","Process(indirect)"
"ENTREZID","166929","ENTREZID","55512","directed","Process(indirect)"
"ENTREZID","166929","ENTREZID","55627","directed","Process(indirect)"
"ENTREZID","166929","ENTREZID","56624","directed","Process(indirect)"
"ENTREZID","166929","ENTREZID","57704","directed","Process(indirect)"
"ENTREZID","166929","ENTREZID","64781","directed","Process(indirect)"
"ENTREZID","166929","ENTREZID","6609","directed","Process(indirect)"
"ENTREZID","166929","ENTREZID","6610","directed","Process(indirect)"
"ENTREZID","166929","ENTREZID","7357","directed","Process(indirect)"
"ENTREZID","166929","ENTREZID","7368","directed","Process(indirect)"
"ENTREZID","166929","ENTREZID","79603","directed","Process(indirect)"
"ENTREZID","166929","ENTREZID","81537","directed","Process(indirect)"
"ENTREZID","166929","ENTREZID","8560","directed","Process(indirect)"
"ENTREZID","166929","ENTREZID","8611","directed","Process(indirect)"
"ENTREZID","166929","ENTREZID","8612","directed","Process(indirect)"
"ENTREZID","166929","ENTREZID","8613","directed","Process(indirect)"
"ENTREZID","166929","ENTREZID","91012","directed","Process(indirect)"
"ENTREZID","204219","ENTREZID","123099","directed","Process(indirect)"
"ENTREZID","204219","ENTREZID","125981","directed","Process(indirect)"
"ENTREZID","204219","ENTREZID","130367","directed","Process(indirect)"
"ENTREZID","204219","ENTREZID","166929","directed","Process(indirect)"
"ENTREZID","204219","ENTREZID","2531","directed","Process(indirect)"
"ENTREZID","204219","ENTREZID","2581","directed","Process(indirect)"
"ENTREZID","204219","ENTREZID","259230","directed","Process(indirect)"
"ENTREZID","204219","ENTREZID","2629","directed","Process(indirect)"
"ENTREZID","204219","ENTREZID","339221","directed","Process(indirect)"
"ENTREZID","204219","ENTREZID","340485","directed","Process(indirect)"
"ENTREZID","204219","ENTREZID","427","directed","Process(indirect)"
"ENTREZID","204219","ENTREZID","55331","directed","Process(indirect)"
"ENTREZID","204219","ENTREZID","55512","directed","Process(indirect)"
"ENTREZID","204219","ENTREZID","55627","directed","Process(indirect)"
"ENTREZID","204219","ENTREZID","56624","directed","Process(indirect)"
"ENTREZID","204219","ENTREZID","56848","directed","Process(indirect)"
"ENTREZID","204219","ENTREZID","57704","directed","Process(indirect)"
"ENTREZID","204219","ENTREZID","64781","directed","Process(indirect)"
"ENTREZID","204219","ENTREZID","6609","directed","Process(indirect)"
"ENTREZID","204219","ENTREZID","6610","directed","Process(indirect)"
"ENTREZID","204219","ENTREZID","7357","directed","Process(indirect)"
"ENTREZID","204219","ENTREZID","7368","directed","Process(indirect)"
"ENTREZID","204219","ENTREZID","81537","directed","Process(indirect)"
"ENTREZID","204219","ENTREZID","8560","directed","Process(indirect)"
"ENTREZID","204219","ENTREZID","8611","directed","Process(indirect)"
"ENTREZID","204219","ENTREZID","8612","directed","Process(indirect)"
"ENTREZID","204219","ENTREZID","8613","directed","Process(indirect)"
"ENTREZID","204219","ENTREZID","8877","directed","Process(indirect)"
"ENTREZID","2531","ENTREZID","10715","directed","Process(indirect)"
"ENTREZID","2531","ENTREZID","123099","directed","Process(indirect)"
"ENTREZID","2531","ENTREZID","204219","directed","Process(indirect)"
"ENTREZID","2531","ENTREZID","253782","directed","Process(indirect)"
"ENTREZID","2531","ENTREZID","29956","directed","Process(indirect)"
"ENTREZID","2531","ENTREZID","427","directed","Process(indirect)"
"ENTREZID","2531","ENTREZID","55331","directed","Process(indirect)"
"ENTREZID","2531","ENTREZID","56624","directed","Process(indirect)"
"ENTREZID","2531","ENTREZID","56848","directed","Process(indirect)"
"ENTREZID","2531","ENTREZID","79603","directed","Process(indirect)"
"ENTREZID","2531","ENTREZID","8560","directed","Process(indirect)"
"ENTREZID","2531","ENTREZID","8611","directed","Process(indirect)"
"ENTREZID","2531","ENTREZID","8612","directed","Process(indirect)"
"ENTREZID","2531","ENTREZID","8613","directed","Process(indirect)"
"ENTREZID","2531","ENTREZID","8877","directed","Process(indirect)"
"ENTREZID","2531","ENTREZID","91012","directed","Process(indirect)"
"ENTREZID","253782","ENTREZID","123099","directed","Process(indirect)"
"ENTREZID","253782","ENTREZID","125981","directed","Process(indirect)"
"ENTREZID","253782","ENTREZID","130367","directed","Process(indirect)"
"ENTREZID","253782","ENTREZID","166929","directed","Process(indirect)"
"ENTREZID","253782","ENTREZID","2531","directed","Process(indirect)"
"ENTREZID","253782","ENTREZID","2581","directed","Process(indirect)"
"ENTREZID","253782","ENTREZID","259230","directed","Process(indirect)"
"ENTREZID","253782","ENTREZID","2629","directed","Process(indirect)"
"ENTREZID","253782","ENTREZID","339221","directed","Process(indirect)"
"ENTREZID","253782","ENTREZID","340485","directed","Process(indirect)"
"ENTREZID","253782","ENTREZID","427","directed","Process(indirect)"
"ENTREZID","253782","ENTREZID","55331","directed","Process(indirect)"
"ENTREZID","253782","ENTREZID","55512","directed","Process(indirect)"
"ENTREZID","253782","ENTREZID","55627","directed","Process(indirect)"
"ENTREZID","253782","ENTREZID","56624","directed","Process(indirect)"
"ENTREZID","253782","ENTREZID","56848","directed","Process(indirect)"
"ENTREZID","253782","ENTREZID","57704","directed","Process(indirect)"
"ENTREZID","253782","ENTREZID","64781","directed","Process(indirect)"
"ENTREZID","253782","ENTREZID","6609","directed","Process(indirect)"
"ENTREZID","253782","ENTREZID","6610","directed","Process(indirect)"
"ENTREZID","253782","ENTREZID","7357","directed","Process(indirect)"
"ENTREZID","253782","ENTREZID","7368","directed","Process(indirect)"
"ENTREZID","253782","ENTREZID","81537","directed","Process(indirect)"
"ENTREZID","253782","ENTREZID","8560","directed","Process(indirect)"
"ENTREZID","253782","ENTREZID","8611","directed","Process(indirect)"
"ENTREZID","253782","ENTREZID","8612","directed","Process(indirect)"
"ENTREZID","253782","ENTREZID","8613","directed","Process(indirect)"
"ENTREZID","253782","ENTREZID","8877","directed","Process(indirect)"
"ENTREZID","2581","ENTREZID","10715","directed","Process(indirect)"
"ENTREZID","2581","ENTREZID","10825","directed","Process(indirect)"
"ENTREZID","2581","ENTREZID","123099","directed","Process(indirect)"
"ENTREZID","2581","ENTREZID","125981","directed","Process(indirect)"
"ENTREZID","2581","ENTREZID","129807","directed","Process(indirect)"
"ENTREZID","2581","ENTREZID","130367","directed","Process(indirect)"
"ENTREZID","2581","ENTREZID","166929","directed","Process(indirect)"
"ENTREZID","2581","ENTREZID","204219","directed","Process(indirect)"
"ENTREZID","2581","ENTREZID","253782","directed","Process(indirect)"
"ENTREZID","2581","ENTREZID","259230","directed","Process(indirect)"
"ENTREZID","2581","ENTREZID","2629","directed","Process(indirect)"
"ENTREZID","2581","ENTREZID","29956","directed","Process(indirect)"
"ENTREZID","2581","ENTREZID","339221","directed","Process(indirect)"
"ENTREZID","2581","ENTREZID","340485","directed","Process(indirect)"
"ENTREZID","2581","ENTREZID","410","directed","Process(indirect)"
"ENTREZID","2581","ENTREZID","427","directed","Process(indirect)"
"ENTREZID","2581","ENTREZID","4758","directed","Process(indirect)"
"ENTREZID","2581","ENTREZID","4759","directed","Process(indirect)"
"ENTREZID","2581","ENTREZID","55512","directed","Process(indirect)"
"ENTREZID","2581","ENTREZID","55627","directed","Process(indirect)"
"ENTREZID","2581","ENTREZID","56624","directed","Process(indirect)"
"ENTREZID","2581","ENTREZID","57704","directed","Process(indirect)"
"ENTREZID","2581","ENTREZID","64781","directed","Process(indirect)"
"ENTREZID","2581","ENTREZID","6609","directed","Process(indirect)"
"ENTREZID","2581","ENTREZID","6610","directed","Process(indirect)"
"ENTREZID","2581","ENTREZID","7357","directed","Process(indirect)"
"ENTREZID","2581","ENTREZID","7368","directed","Process(indirect)"
"ENTREZID","2581","ENTREZID","79603","directed","Process(indirect)"
"ENTREZID","2581","ENTREZID","81537","directed","Process(indirect)"
"ENTREZID","2581","ENTREZID","8560","directed","Process(indirect)"
"ENTREZID","2581","ENTREZID","8611","directed","Process(indirect)"
"ENTREZID","2581","ENTREZID","8612","directed","Process(indirect)"
"ENTREZID","2581","ENTREZID","8613","directed","Process(indirect)"
"ENTREZID","2581","ENTREZID","91012","directed","Process(indirect)"
"ENTREZID","2581","ENTREZID","9514","directed","Process(indirect)"
"ENTREZID","2583","ENTREZID","3073","directed","Process(indirect)"
"ENTREZID","2583","ENTREZID","3074","directed","Process(indirect)"
"ENTREZID","259230","ENTREZID","10715","directed","Process(indirect)"
"ENTREZID","259230","ENTREZID","123099","directed","Process(indirect)"
"ENTREZID","259230","ENTREZID","125981","directed","Process(indirect)"
"ENTREZID","259230","ENTREZID","130367","directed","Process(indirect)"
"ENTREZID","259230","ENTREZID","204219","directed","Process(indirect)"
"ENTREZID","259230","ENTREZID","253782","directed","Process(indirect)"
"ENTREZID","259230","ENTREZID","2581","directed","Process(indirect)"
"ENTREZID","259230","ENTREZID","2629","directed","Process(indirect)"
"ENTREZID","259230","ENTREZID","29956","directed","Process(indirect)"
"ENTREZID","259230","ENTREZID","339221","directed","Process(indirect)"
"ENTREZID","259230","ENTREZID","340485","directed","Process(indirect)"
"ENTREZID","259230","ENTREZID","427","directed","Process(indirect)"
"ENTREZID","259230","ENTREZID","55512","directed","Process(indirect)"
"ENTREZID","259230","ENTREZID","55627","directed","Process(indirect)"
"ENTREZID","259230","ENTREZID","56624","directed","Process(indirect)"
"ENTREZID","259230","ENTREZID","57704","directed","Process(indirect)"
"ENTREZID","259230","ENTREZID","64781","directed","Process(indirect)"
"ENTREZID","259230","ENTREZID","6609","directed","Process(indirect)"
"ENTREZID","259230","ENTREZID","6610","directed","Process(indirect)"
"ENTREZID","259230","ENTREZID","7357","directed","Process(indirect)"
"ENTREZID","259230","ENTREZID","7368","directed","Process(indirect)"
"ENTREZID","259230","ENTREZID","79603","directed","Process(indirect)"
"ENTREZID","259230","ENTREZID","81537","directed","Process(indirect)"
"ENTREZID","259230","ENTREZID","8560","directed","Process(indirect)"
"ENTREZID","259230","ENTREZID","8611","directed","Process(indirect)"
"ENTREZID","259230","ENTREZID","8612","directed","Process(indirect)"
"ENTREZID","259230","ENTREZID","8613","directed","Process(indirect)"
"ENTREZID","259230","ENTREZID","91012","directed","Process(indirect)"
"ENTREZID","2629","ENTREZID","10715","directed","Process(indirect)"
"ENTREZID","2629","ENTREZID","123099","directed","Process(indirect)"
"ENTREZID","2629","ENTREZID","125981","directed","Process(indirect)"
"ENTREZID","2629","ENTREZID","130367","directed","Process(indirect)"
"ENTREZID","2629","ENTREZID","166929","directed","Process(indirect)"
"ENTREZID","2629","ENTREZID","204219","directed","Process(indirect)"
"ENTREZID","2629","ENTREZID","253782","directed","Process(indirect)"
"ENTREZID","2629","ENTREZID","2581","directed","Process(indirect)"
"ENTREZID","2629","ENTREZID","259230","directed","Process(indirect)"
"ENTREZID","2629","ENTREZID","29956","directed","Process(indirect)"
"ENTREZID","2629","ENTREZID","339221","directed","Process(indirect)"
"ENTREZID","2629","ENTREZID","340485","directed","Process(indirect)"
"ENTREZID","2629","ENTREZID","427","directed","Process(indirect)"
"ENTREZID","2629","ENTREZID","55512","directed","Process(indirect)"
"ENTREZID","2629","ENTREZID","55627","directed","Process(indirect)"
"ENTREZID","2629","ENTREZID","56624","directed","Process(indirect)"
"ENTREZID","2629","ENTREZID","64781","directed","Process(indirect)"
"ENTREZID","2629","ENTREZID","6609","directed","Process(indirect)"
"ENTREZID","2629","ENTREZID","6610","directed","Process(indirect)"
"ENTREZID","2629","ENTREZID","7357","directed","Process(indirect)"
"ENTREZID","2629","ENTREZID","7368","directed","Process(indirect)"
"ENTREZID","2629","ENTREZID","79603","directed","Process(indirect)"
"ENTREZID","2629","ENTREZID","81537","directed","Process(indirect)"
"ENTREZID","2629","ENTREZID","8560","directed","Process(indirect)"
"ENTREZID","2629","ENTREZID","8611","directed","Process(indirect)"
"ENTREZID","2629","ENTREZID","8612","directed","Process(indirect)"
"ENTREZID","2629","ENTREZID","8613","directed","Process(indirect)"
"ENTREZID","2629","ENTREZID","91012","directed","Process(indirect)"
"ENTREZID","2629","ENTREZID","9331","directed","Process(indirect)"
"ENTREZID","2629","ENTREZID","9334","directed","Process(indirect)"
"ENTREZID","2717","ENTREZID","10825","directed","Process(indirect)"
"ENTREZID","2717","ENTREZID","129807","directed","Process(indirect)"
"ENTREZID","2717","ENTREZID","2581","directed","Process(indirect)"
"ENTREZID","2717","ENTREZID","410","directed","Process(indirect)"
"ENTREZID","2717","ENTREZID","4758","directed","Process(indirect)"
"ENTREZID","2717","ENTREZID","4759","directed","Process(indirect)"
"ENTREZID","2717","ENTREZID","7368","directed","Process(indirect)"
"ENTREZID","2717","ENTREZID","9514","directed","Process(indirect)"
"ENTREZID","2720","ENTREZID","2629","directed","Process(indirect)"
"ENTREZID","2720","ENTREZID","57704","directed","Process(indirect)"
"ENTREZID","2720","ENTREZID","7357","directed","Process(indirect)"
"ENTREZID","2720","ENTREZID","9331","directed","Process(indirect)"
"ENTREZID","2720","ENTREZID","9334","directed","Process(indirect)"
"ENTREZID","29956","ENTREZID","123099","directed","Process(indirect)"
"ENTREZID","29956","ENTREZID","125981","directed","Process(indirect)"
"ENTREZID","29956","ENTREZID","130367","directed","Process(indirect)"
"ENTREZID","29956","ENTREZID","166929","directed","Process(indirect)"
"ENTREZID","29956","ENTREZID","2531","directed","Process(indirect)"
"ENTREZID","29956","ENTREZID","2581","directed","Process(indirect)"
"ENTREZID","29956","ENTREZID","259230","directed","Process(indirect)"
"ENTREZID","29956","ENTREZID","2629","directed","Process(indirect)"
"ENTREZID","29956","ENTREZID","339221","directed","Process(indirect)"
"ENTREZID","29956","ENTREZID","340485","directed","Process(indirect)"
"ENTREZID","29956","ENTREZID","427","directed","Process(indirect)"
"ENTREZID","29956","ENTREZID","55331","directed","Process(indirect)"
"ENTREZID","29956","ENTREZID","55512","directed","Process(indirect)"
"ENTREZID","29956","ENTREZID","55627","directed","Process(indirect)"
"ENTREZID","29956","ENTREZID","56624","directed","Process(indirect)"
"ENTREZID","29956","ENTREZID","56848","directed","Process(indirect)"
"ENTREZID","29956","ENTREZID","57704","directed","Process(indirect)"
"ENTREZID","29956","ENTREZID","64781","directed","Process(indirect)"
"ENTREZID","29956","ENTREZID","6609","directed","Process(indirect)"
"ENTREZID","29956","ENTREZID","6610","directed","Process(indirect)"
"ENTREZID","29956","ENTREZID","7357","directed","Process(indirect)"
"ENTREZID","29956","ENTREZID","7368","directed","Process(indirect)"
"ENTREZID","29956","ENTREZID","81537","directed","Process(indirect)"
"ENTREZID","29956","ENTREZID","8560","directed","Process(indirect)"
"ENTREZID","29956","ENTREZID","8611","directed","Process(indirect)"
"ENTREZID","29956","ENTREZID","8612","directed","Process(indirect)"
"ENTREZID","29956","ENTREZID","8613","directed","Process(indirect)"
"ENTREZID","29956","ENTREZID","8877","directed","Process(indirect)"
"ENTREZID","3073","ENTREZID","2583","directed","Process(indirect)"
"ENTREZID","3073","ENTREZID","410","directed","Process(indirect)"
"ENTREZID","3073","ENTREZID","9514","directed","Process(indirect)"
"ENTREZID","3074","ENTREZID","2583","directed","Process(indirect)"
"ENTREZID","3074","ENTREZID","410","directed","Process(indirect)"
"ENTREZID","3074","ENTREZID","9514","directed","Process(indirect)"
"ENTREZID","339221","ENTREZID","10715","directed","Process(indirect)"
"ENTREZID","339221","ENTREZID","123099","directed","Process(indirect)"
"ENTREZID","339221","ENTREZID","125981","directed","Process(indirect)"
"ENTREZID","339221","ENTREZID","130367","directed","Process(indirect)"
"ENTREZID","339221","ENTREZID","166929","directed","Process(indirect)"
"ENTREZID","339221","ENTREZID","204219","directed","Process(indirect)"
"ENTREZID","339221","ENTREZID","253782","directed","Process(indirect)"
"ENTREZID","339221","ENTREZID","2581","directed","Process(indirect)"
"ENTREZID","339221","ENTREZID","259230","directed","Process(indirect)"
"ENTREZID","339221","ENTREZID","2629","directed","Process(indirect)"
"ENTREZID","339221","ENTREZID","29956","directed","Process(indirect)"
"ENTREZID","339221","ENTREZID","340485","directed","Process(indirect)"
"ENTREZID","339221","ENTREZID","427","directed","Process(indirect)"
"ENTREZID","339221","ENTREZID","56624","directed","Process(indirect)"
"ENTREZID","339221","ENTREZID","57704","directed","Process(indirect)"
"ENTREZID","339221","ENTREZID","64781","directed","Process(indirect)"
"ENTREZID","339221","ENTREZID","7357","directed","Process(indirect)"
"ENTREZID","339221","ENTREZID","7368","directed","Process(indirect)"
"ENTREZID","339221","ENTREZID","79603","directed","Process(indirect)"
"ENTREZID","339221","ENTREZID","81537","directed","Process(indirect)"
"ENTREZID","339221","ENTREZID","8560","directed","Process(indirect)"
"ENTREZID","339221","ENTREZID","8611","directed","Process(indirect)"
"ENTREZID","339221","ENTREZID","8612","directed","Process(indirect)"
"ENTREZID","339221","ENTREZID","8613","directed","Process(indirect)"
"ENTREZID","339221","ENTREZID","91012","directed","Process(indirect)"
"ENTREZID","340485","ENTREZID","10715","directed","Process(indirect)"
"ENTREZID","340485","ENTREZID","123099","directed","Process(indirect)"
"ENTREZID","340485","ENTREZID","130367","directed","Process(indirect)"
"ENTREZID","340485","ENTREZID","166929","directed","Process(indirect)"
"ENTREZID","340485","ENTREZID","204219","directed","Process(indirect)"
"ENTREZID","340485","ENTREZID","253782","directed","Process(indirect)"
"ENTREZID","340485","ENTREZID","2581","directed","Process(indirect)"
"ENTREZID","340485","ENTREZID","259230","directed","Process(indirect)"
"ENTREZID","340485","ENTREZID","2629","directed","Process(indirect)"
"ENTREZID","340485","ENTREZID","29956","directed","Process(indirect)"
"ENTREZID","340485","ENTREZID","339221","directed","Process(indirect)"
"ENTREZID","340485","ENTREZID","55512","directed","Process(indirect)"
"ENTREZID","340485","ENTREZID","55627","directed","Process(indirect)"
"ENTREZID","340485","ENTREZID","56848","directed","Process(indirect)"
"ENTREZID","340485","ENTREZID","57704","directed","Process(indirect)"
"ENTREZID","340485","ENTREZID","64781","directed","Process(indirect)"
"ENTREZID","340485","ENTREZID","6609","directed","Process(indirect)"
"ENTREZID","340485","ENTREZID","6610","directed","Process(indirect)"
"ENTREZID","340485","ENTREZID","7357","directed","Process(indirect)"
"ENTREZID","340485","ENTREZID","7368","directed","Process(indirect)"
"ENTREZID","340485","ENTREZID","79603","directed","Process(indirect)"
"ENTREZID","340485","ENTREZID","81537","directed","Process(indirect)"
"ENTREZID","340485","ENTREZID","8560","directed","Process(indirect)"
"ENTREZID","340485","ENTREZID","8611","directed","Process(indirect)"
"ENTREZID","340485","ENTREZID","8612","directed","Process(indirect)"
"ENTREZID","340485","ENTREZID","8613","directed","Process(indirect)"
"ENTREZID","340485","ENTREZID","8877","directed","Process(indirect)"
"ENTREZID","340485","ENTREZID","91012","directed","Process(indirect)"
"ENTREZID","410","ENTREZID","10825","directed","Process(indirect)"
"ENTREZID","410","ENTREZID","129807","directed","Process(indirect)"
"ENTREZID","410","ENTREZID","2581","directed","Process(indirect)"
"ENTREZID","410","ENTREZID","2583","directed","Process(indirect)"
"ENTREZID","410","ENTREZID","2720","directed","Process(indirect)"
"ENTREZID","410","ENTREZID","4758","directed","Process(indirect)"
"ENTREZID","410","ENTREZID","4759","directed","Process(indirect)"
"ENTREZID","410","ENTREZID","7368","directed","Process(indirect)"
"ENTREZID","410","ENTREZID","9514","directed","Process(indirect)"
"ENTREZID","427","ENTREZID","10715","directed","Process(indirect)"
"ENTREZID","427","ENTREZID","123099","directed","Process(indirect)"
"ENTREZID","427","ENTREZID","130367","directed","Process(indirect)"
"ENTREZID","427","ENTREZID","166929","directed","Process(indirect)"
"ENTREZID","427","ENTREZID","204219","directed","Process(indirect)"
"ENTREZID","427","ENTREZID","2531","directed","Process(indirect)"
"ENTREZID","427","ENTREZID","253782","directed","Process(indirect)"
"ENTREZID","427","ENTREZID","2581","directed","Process(indirect)"
"ENTREZID","427","ENTREZID","259230","directed","Process(indirect)"
"ENTREZID","427","ENTREZID","2629","directed","Process(indirect)"
"ENTREZID","427","ENTREZID","29956","directed","Process(indirect)"
"ENTREZID","427","ENTREZID","339221","directed","Process(indirect)"
"ENTREZID","427","ENTREZID","55331","directed","Process(indirect)"
"ENTREZID","427","ENTREZID","55512","directed","Process(indirect)"
"ENTREZID","427","ENTREZID","55627","directed","Process(indirect)"
"ENTREZID","427","ENTREZID","56848","directed","Process(indirect)"
"ENTREZID","427","ENTREZID","57704","directed","Process(indirect)"
"ENTREZID","427","ENTREZID","64781","directed","Process(indirect)"
"ENTREZID","427","ENTREZID","6609","directed","Process(indirect)"
"ENTREZID","427","ENTREZID","6610","directed","Process(indirect)"
"ENTREZID","427","ENTREZID","7357","directed","Process(indirect)"
"ENTREZID","427","ENTREZID","7368","directed","Process(indirect)"
"ENTREZID","427","ENTREZID","79603","directed","Process(indirect)"
"ENTREZID","427","ENTREZID","81537","directed","Process(indirect)"
"ENTREZID","427","ENTREZID","8560","directed","Process(indirect)"
"ENTREZID","427","ENTREZID","8611","directed","Process(indirect)"
"ENTREZID","427","ENTREZID","8612","directed","Process(indirect)"
"ENTREZID","427","ENTREZID","8613","directed","Process(indirect)"
"ENTREZID","427","ENTREZID","8877","directed","Process(indirect)"
"ENTREZID","427","ENTREZID","91012","directed","Process(indirect)"
"ENTREZID","4758","ENTREZID","2581","directed","Process(indirect)"
"ENTREZID","4758","ENTREZID","410","directed","Process(indirect)"
"ENTREZID","4758","ENTREZID","7368","directed","Process(indirect)"
"ENTREZID","4758","ENTREZID","9514","directed","Process(indirect)"
"ENTREZID","4759","ENTREZID","2581","directed","Process(indirect)"
"ENTREZID","4759","ENTREZID","410","directed","Process(indirect)"
"ENTREZID","4759","ENTREZID","7368","directed","Process(indirect)"
"ENTREZID","4759","ENTREZID","9514","directed","Process(indirect)"
"ENTREZID","55304","ENTREZID","2531","directed","Process(indirect)"
"ENTREZID","55331","ENTREZID","10715","directed","Process(indirect)"
"ENTREZID","55331","ENTREZID","123099","directed","Process(indirect)"
"ENTREZID","55331","ENTREZID","204219","directed","Process(indirect)"
"ENTREZID","55331","ENTREZID","2531","directed","Process(indirect)"
"ENTREZID","55331","ENTREZID","253782","directed","Process(indirect)"
"ENTREZID","55331","ENTREZID","29956","directed","Process(indirect)"
"ENTREZID","55331","ENTREZID","56848","directed","Process(indirect)"
"ENTREZID","55331","ENTREZID","79603","directed","Process(indirect)"
"ENTREZID","55331","ENTREZID","8560","directed","Process(indirect)"
"ENTREZID","55331","ENTREZID","8611","directed","Process(indirect)"
"ENTREZID","55331","ENTREZID","8612","directed","Process(indirect)"
"ENTREZID","55331","ENTREZID","8613","directed","Process(indirect)"
"ENTREZID","55331","ENTREZID","8877","directed","Process(indirect)"
"ENTREZID","55331","ENTREZID","91012","directed","Process(indirect)"
"ENTREZID","55512","ENTREZID","10715","directed","Process(indirect)"
"ENTREZID","55512","ENTREZID","123099","directed","Process(indirect)"
"ENTREZID","55512","ENTREZID","125981","directed","Process(indirect)"
"ENTREZID","55512","ENTREZID","130367","directed","Process(indirect)"
"ENTREZID","55512","ENTREZID","166929","directed","Process(indirect)"
"ENTREZID","55512","ENTREZID","204219","directed","Process(indirect)"
"ENTREZID","55512","ENTREZID","253782","directed","Process(indirect)"
"ENTREZID","55512","ENTREZID","2581","directed","Process(indirect)"
"ENTREZID","55512","ENTREZID","259230","directed","Process(indirect)"
"ENTREZID","55512","ENTREZID","2629","directed","Process(indirect)"
"ENTREZID","55512","ENTREZID","29956","directed","Process(indirect)"
"ENTREZID","55512","ENTREZID","340485","directed","Process(indirect)"
"ENTREZID","55512","ENTREZID","427","directed","Process(indirect)"
"ENTREZID","55512","ENTREZID","56624","directed","Process(indirect)"
"ENTREZID","55512","ENTREZID","57704","directed","Process(indirect)"
"ENTREZID","55512","ENTREZID","64781","directed","Process(indirect)"
"ENTREZID","55512","ENTREZID","7357","directed","Process(indirect)"
"ENTREZID","55512","ENTREZID","7368","directed","Process(indirect)"
"ENTREZID","55512","ENTREZID","79603","directed","Process(indirect)"
"ENTREZID","55512","ENTREZID","81537","directed","Process(indirect)"
"ENTREZID","55512","ENTREZID","8560","directed","Process(indirect)"
"ENTREZID","55512","ENTREZID","8611","directed","Process(indirect)"
"ENTREZID","55512","ENTREZID","8612","directed","Process(indirect)"
"ENTREZID","55512","ENTREZID","8613","directed","Process(indirect)"
"ENTREZID","55512","ENTREZID","91012","directed","Process(indirect)"
"ENTREZID","55627","ENTREZID","10715","directed","Process(indirect)"
"ENTREZID","55627","ENTREZID","123099","directed","Process(indirect)"
"ENTREZID","55627","ENTREZID","125981","directed","Process(indirect)"
"ENTREZID","55627","ENTREZID","130367","directed","Process(indirect)"
"ENTREZID","55627","ENTREZID","166929","directed","Process(indirect)"
"ENTREZID","55627","ENTREZID","204219","directed","Process(indirect)"
"ENTREZID","55627","ENTREZID","253782","directed","Process(indirect)"
"ENTREZID","55627","ENTREZID","2581","directed","Process(indirect)"
"ENTREZID","55627","ENTREZID","259230","directed","Process(indirect)"
"ENTREZID","55627","ENTREZID","2629","directed","Process(indirect)"
"ENTREZID","55627","ENTREZID","29956","directed","Process(indirect)"
"ENTREZID","55627","ENTREZID","340485","directed","Process(indirect)"
"ENTREZID","55627","ENTREZID","427","directed","Process(indirect)"
"ENTREZID","55627","ENTREZID","56624","directed","Process(indirect)"
"ENTREZID","55627","ENTREZID","57704","directed","Process(indirect)"
"ENTREZID","55627","ENTREZID","64781","directed","Process(indirect)"
"ENTREZID","55627","ENTREZID","7357","directed","Process(indirect)"
"ENTREZID","55627","ENTREZID","7368","directed","Process(indirect)"
"ENTREZID","55627","ENTREZID","79603","directed","Process(indirect)"
"ENTREZID","55627","ENTREZID","81537","directed","Process(indirect)"
"ENTREZID","55627","ENTREZID","8560","directed","Process(indirect)"
"ENTREZID","55627","ENTREZID","8611","directed","Process(indirect)"
"ENTREZID","55627","ENTREZID","8612","directed","Process(indirect)"
"ENTREZID","55627","ENTREZID","8613","directed","Process(indirect)"
"ENTREZID","55627","ENTREZID","91012","directed","Process(indirect)"
"ENTREZID","56624","ENTREZID","10715","directed","Process(indirect)"
"ENTREZID","56624","ENTREZID","123099","directed","Process(indirect)"
"ENTREZID","56624","ENTREZID","130367","directed","Process(indirect)"
"ENTREZID","56624","ENTREZID","166929","directed","Process(indirect)"
"ENTREZID","56624","ENTREZID","204219","directed","Process(indirect)"
"ENTREZID","56624","ENTREZID","2531","directed","Process(indirect)"
"ENTREZID","56624","ENTREZID","253782","directed","Process(indirect)"
"ENTREZID","56624","ENTREZID","2581","directed","Process(indirect)"
"ENTREZID","56624","ENTREZID","259230","directed","Process(indirect)"
"ENTREZID","56624","ENTREZID","2629","directed","Process(indirect)"
"ENTREZID","56624","ENTREZID","29956","directed","Process(indirect)"
"ENTREZID","56624","ENTREZID","339221","directed","Process(indirect)"
"ENTREZID","56624","ENTREZID","55331","directed","Process(indirect)"
"ENTREZID","56624","ENTREZID","55512","directed","Process(indirect)"
"ENTREZID","56624","ENTREZID","55627","directed","Process(indirect)"
"ENTREZID","56624","ENTREZID","56848","directed","Process(indirect)"
"ENTREZID","56624","ENTREZID","57704","directed","Process(indirect)"
"ENTREZID","56624","ENTREZID","64781","directed","Process(indirect)"
"ENTREZID","56624","ENTREZID","6609","directed","Process(indirect)"
"ENTREZID","56624","ENTREZID","6610","directed","Process(indirect)"
"ENTREZID","56624","ENTREZID","7357","directed","Process(indirect)"
"ENTREZID","56624","ENTREZID","7368","directed","Process(indirect)"
"ENTREZID","56624","ENTREZID","79603","directed","Process(indirect)"
"ENTREZID","56624","ENTREZID","81537","directed","Process(indirect)"
"ENTREZID","56624","ENTREZID","8560","directed","Process(indirect)"
"ENTREZID","56624","ENTREZID","8611","directed","Process(indirect)"
"ENTREZID","56624","ENTREZID","8612","directed","Process(indirect)"
"ENTREZID","56624","ENTREZID","8613","directed","Process(indirect)"
"ENTREZID","56624","ENTREZID","8877","directed","Process(indirect)"
"ENTREZID","56624","ENTREZID","91012","directed","Process(indirect)"
"ENTREZID","56848","ENTREZID","10715","directed","Process(indirect)"
"ENTREZID","56848","ENTREZID","123099","directed","Process(indirect)"
"ENTREZID","56848","ENTREZID","130367","directed","Process(indirect)"
"ENTREZID","56848","ENTREZID","204219","directed","Process(indirect)"
"ENTREZID","56848","ENTREZID","2531","directed","Process(indirect)"
"ENTREZID","56848","ENTREZID","253782","directed","Process(indirect)"
"ENTREZID","56848","ENTREZID","29956","directed","Process(indirect)"
"ENTREZID","56848","ENTREZID","427","directed","Process(indirect)"
"ENTREZID","56848","ENTREZID","55331","directed","Process(indirect)"
"ENTREZID","56848","ENTREZID","56624","directed","Process(indirect)"
"ENTREZID","56848","ENTREZID","79603","directed","Process(indirect)"
"ENTREZID","56848","ENTREZID","81537","directed","Process(indirect)"
"ENTREZID","56848","ENTREZID","8560","directed","Process(indirect)"
"ENTREZID","56848","ENTREZID","8611","directed","Process(indirect)"
"ENTREZID","56848","ENTREZID","8612","directed","Process(indirect)"
"ENTREZID","56848","ENTREZID","8613","directed","Process(indirect)"
"ENTREZID","56848","ENTREZID","8879","directed","Process(indirect)"
"ENTREZID","56848","ENTREZID","91012","directed","Process(indirect)"
"ENTREZID","57704","ENTREZID","10715","directed","Process(indirect)"
"ENTREZID","57704","ENTREZID","123099","directed","Process(indirect)"
"ENTREZID","57704","ENTREZID","125981","directed","Process(indirect)"
"ENTREZID","57704","ENTREZID","130367","directed","Process(indirect)"
"ENTREZID","57704","ENTREZID","166929","directed","Process(indirect)"
"ENTREZID","57704","ENTREZID","204219","directed","Process(indirect)"
"ENTREZID","57704","ENTREZID","253782","directed","Process(indirect)"
"ENTREZID","57704","ENTREZID","2581","directed","Process(indirect)"
"ENTREZID","57704","ENTREZID","259230","directed","Process(indirect)"
"ENTREZID","57704","ENTREZID","29956","directed","Process(indirect)"
"ENTREZID","57704","ENTREZID","339221","directed","Process(indirect)"
"ENTREZID","57704","ENTREZID","340485","directed","Process(indirect)"
"ENTREZID","57704","ENTREZID","427","directed","Process(indirect)"
"ENTREZID","57704","ENTREZID","55512","directed","Process(indirect)"
"ENTREZID","57704","ENTREZID","55627","directed","Process(indirect)"
"ENTREZID","57704","ENTREZID","56624","directed","Process(indirect)"
"ENTREZID","57704","ENTREZID","64781","directed","Process(indirect)"
"ENTREZID","57704","ENTREZID","6609","directed","Process(indirect)"
"ENTREZID","57704","ENTREZID","6610","directed","Process(indirect)"
"ENTREZID","57704","ENTREZID","7357","directed","Process(indirect)"
"ENTREZID","57704","ENTREZID","7368","directed","Process(indirect)"
"ENTREZID","57704","ENTREZID","79603","directed","Process(indirect)"
"ENTREZID","57704","ENTREZID","81537","directed","Process(indirect)"
"ENTREZID","57704","ENTREZID","8560","directed","Process(indirect)"
"ENTREZID","57704","ENTREZID","8611","directed","Process(indirect)"
"ENTREZID","57704","ENTREZID","8612","directed","Process(indirect)"
"ENTREZID","57704","ENTREZID","8613","directed","Process(indirect)"
"ENTREZID","57704","ENTREZID","91012","directed","Process(indirect)"
"ENTREZID","57704","ENTREZID","9331","directed","Process(indirect)"
"ENTREZID","57704","ENTREZID","9334","directed","Process(indirect)"
"ENTREZID","64781","ENTREZID","10715","directed","Process(indirect)"
"ENTREZID","64781","ENTREZID","123099","directed","Process(indirect)"
"ENTREZID","64781","ENTREZID","125981","directed","Process(indirect)"
"ENTREZID","64781","ENTREZID","130367","directed","Process(indirect)"
"ENTREZID","64781","ENTREZID","166929","directed","Process(indirect)"
"ENTREZID","64781","ENTREZID","204219","directed","Process(indirect)"
"ENTREZID","64781","ENTREZID","253782","directed","Process(indirect)"
"ENTREZID","64781","ENTREZID","2581","directed","Process(indirect)"
"ENTREZID","64781","ENTREZID","259230","directed","Process(indirect)"
"ENTREZID","64781","ENTREZID","2629","directed","Process(indirect)"
"ENTREZID","64781","ENTREZID","29956","directed","Process(indirect)"
"ENTREZID","64781","ENTREZID","339221","directed","Process(indirect)"
"ENTREZID","64781","ENTREZID","340485","directed","Process(indirect)"
"ENTREZID","64781","ENTREZID","427","directed","Process(indirect)"
"ENTREZID","64781","ENTREZID","55512","directed","Process(indirect)"
"ENTREZID","64781","ENTREZID","55627","directed","Process(indirect)"
"ENTREZID","64781","ENTREZID","56624","directed","Process(indirect)"
"ENTREZID","64781","ENTREZID","57704","directed","Process(indirect)"
"ENTREZID","64781","ENTREZID","6609","directed","Process(indirect)"
"ENTREZID","64781","ENTREZID","6610","directed","Process(indirect)"
"ENTREZID","64781","ENTREZID","7357","directed","Process(indirect)"
"ENTREZID","64781","ENTREZID","7368","directed","Process(indirect)"
"ENTREZID","64781","ENTREZID","79603","directed","Process(indirect)"
"ENTREZID","64781","ENTREZID","81537","directed","Process(indirect)"
"ENTREZID","64781","ENTREZID","8560","directed","Process(indirect)"
"ENTREZID","64781","ENTREZID","8611","directed","Process(indirect)"
"ENTREZID","64781","ENTREZID","8612","directed","Process(indirect)"
"ENTREZID","64781","ENTREZID","8613","directed","Process(indirect)"
"ENTREZID","64781","ENTREZID","91012","directed","Process(indirect)"
"ENTREZID","6609","ENTREZID","10715","directed","Process(indirect)"
"ENTREZID","6609","ENTREZID","123099","directed","Process(indirect)"
"ENTREZID","6609","ENTREZID","125981","directed","Process(indirect)"
"ENTREZID","6609","ENTREZID","130367","directed","Process(indirect)"
"ENTREZID","6609","ENTREZID","166929","directed","Process(indirect)"
"ENTREZID","6609","ENTREZID","204219","directed","Process(indirect)"
"ENTREZID","6609","ENTREZID","253782","directed","Process(indirect)"
"ENTREZID","6609","ENTREZID","2581","directed","Process(indirect)"
"ENTREZID","6609","ENTREZID","259230","directed","Process(indirect)"
"ENTREZID","6609","ENTREZID","2629","directed","Process(indirect)"
"ENTREZID","6609","ENTREZID","29956","directed","Process(indirect)"
"ENTREZID","6609","ENTREZID","340485","directed","Process(indirect)"
"ENTREZID","6609","ENTREZID","427","directed","Process(indirect)"
"ENTREZID","6609","ENTREZID","56624","directed","Process(indirect)"
"ENTREZID","6609","ENTREZID","57704","directed","Process(indirect)"
"ENTREZID","6609","ENTREZID","64781","directed","Process(indirect)"
"ENTREZID","6609","ENTREZID","7357","directed","Process(indirect)"
"ENTREZID","6609","ENTREZID","7368","directed","Process(indirect)"
"ENTREZID","6609","ENTREZID","79603","directed","Process(indirect)"
"ENTREZID","6609","ENTREZID","81537","directed","Process(indirect)"
"ENTREZID","6609","ENTREZID","8560","directed","Process(indirect)"
"ENTREZID","6609","ENTREZID","8611","directed","Process(indirect)"
"ENTREZID","6609","ENTREZID","8612","directed","Process(indirect)"
"ENTREZID","6609","ENTREZID","8613","directed","Process(indirect)"
"ENTREZID","6609","ENTREZID","91012","directed","Process(indirect)"
"ENTREZID","6610","ENTREZID","10715","directed","Process(indirect)"
"ENTREZID","6610","ENTREZID","123099","directed","Process(indirect)"
"ENTREZID","6610","ENTREZID","125981","directed","Process(indirect)"
"ENTREZID","6610","ENTREZID","130367","directed","Process(indirect)"
"ENTREZID","6610","ENTREZID","166929","directed","Process(indirect)"
"ENTREZID","6610","ENTREZID","204219","directed","Process(indirect)"
"ENTREZID","6610","ENTREZID","253782","directed","Process(indirect)"
"ENTREZID","6610","ENTREZID","2581","directed","Process(indirect)"
"ENTREZID","6610","ENTREZID","259230","directed","Process(indirect)"
"ENTREZID","6610","ENTREZID","2629","directed","Process(indirect)"
"ENTREZID","6610","ENTREZID","29956","directed","Process(indirect)"
"ENTREZID","6610","ENTREZID","340485","directed","Process(indirect)"
"ENTREZID","6610","ENTREZID","427","directed","Process(indirect)"
"ENTREZID","6610","ENTREZID","56624","directed","Process(indirect)"
"ENTREZID","6610","ENTREZID","57704","directed","Process(indirect)"
"ENTREZID","6610","ENTREZID","64781","directed","Process(indirect)"
"ENTREZID","6610","ENTREZID","7357","directed","Process(indirect)"
"ENTREZID","6610","ENTREZID","7368","directed","Process(indirect)"
"ENTREZID","6610","ENTREZID","79603","directed","Process(indirect)"
"ENTREZID","6610","ENTREZID","81537","directed","Process(indirect)"
"ENTREZID","6610","ENTREZID","8560","directed","Process(indirect)"
"ENTREZID","6610","ENTREZID","8611","directed","Process(indirect)"
"ENTREZID","6610","ENTREZID","8612","directed","Process(indirect)"
"ENTREZID","6610","ENTREZID","8613","directed","Process(indirect)"
"ENTREZID","6610","ENTREZID","91012","directed","Process(indirect)"
"ENTREZID","7357","ENTREZID","10715","directed","Process(indirect)"
"ENTREZID","7357","ENTREZID","123099","directed","Process(indirect)"
"ENTREZID","7357","ENTREZID","125981","directed","Process(indirect)"
"ENTREZID","7357","ENTREZID","130367","directed","Process(indirect)"
"ENTREZID","7357","ENTREZID","166929","directed","Process(indirect)"
"ENTREZID","7357","ENTREZID","204219","directed","Process(indirect)"
"ENTREZID","7357","ENTREZID","253782","directed","Process(indirect)"
"ENTREZID","7357","ENTREZID","2581","directed","Process(indirect)"
"ENTREZID","7357","ENTREZID","259230","directed","Process(indirect)"
"ENTREZID","7357","ENTREZID","2629","directed","Process(indirect)"
"ENTREZID","7357","ENTREZID","29956","directed","Process(indirect)"
"ENTREZID","7357","ENTREZID","339221","directed","Process(indirect)"
"ENTREZID","7357","ENTREZID","340485","directed","Process(indirect)"
"ENTREZID","7357","ENTREZID","427","directed","Process(indirect)"
"ENTREZID","7357","ENTREZID","55512","directed","Process(indirect)"
"ENTREZID","7357","ENTREZID","55627","directed","Process(indirect)"
"ENTREZID","7357","ENTREZID","56624","directed","Process(indirect)"
"ENTREZID","7357","ENTREZID","57704","directed","Process(indirect)"
"ENTREZID","7357","ENTREZID","64781","directed","Process(indirect)"
"ENTREZID","7357","ENTREZID","6609","directed","Process(indirect)"
"ENTREZID","7357","ENTREZID","6610","directed","Process(indirect)"
"ENTREZID","7357","ENTREZID","7368","directed","Process(indirect)"
"ENTREZID","7357","ENTREZID","79603","directed","Process(indirect)"
"ENTREZID","7357","ENTREZID","81537","directed","Process(indirect)"
"ENTREZID","7357","ENTREZID","8560","directed","Process(indirect)"
"ENTREZID","7357","ENTREZID","8611","directed","Process(indirect)"
"ENTREZID","7357","ENTREZID","8612","directed","Process(indirect)"
"ENTREZID","7357","ENTREZID","8613","directed","Process(indirect)"
"ENTREZID","7357","ENTREZID","91012","directed","Process(indirect)"
"ENTREZID","7357","ENTREZID","9331","directed","Process(indirect)"
"ENTREZID","7357","ENTREZID","9334","directed","Process(indirect)"
"ENTREZID","7368","ENTREZID","10715","directed","Process(indirect)"
"ENTREZID","7368","ENTREZID","10825","directed","Process(indirect)"
"ENTREZID","7368","ENTREZID","123099","directed","Process(indirect)"
"ENTREZID","7368","ENTREZID","125981","directed","Process(indirect)"
"ENTREZID","7368","ENTREZID","129807","directed","Process(indirect)"
"ENTREZID","7368","ENTREZID","130367","directed","Process(indirect)"
"ENTREZID","7368","ENTREZID","166929","directed","Process(indirect)"
"ENTREZID","7368","ENTREZID","204219","directed","Process(indirect)"
"ENTREZID","7368","ENTREZID","253782","directed","Process(indirect)"
"ENTREZID","7368","ENTREZID","2581","directed","Process(indirect)"
"ENTREZID","7368","ENTREZID","259230","directed","Process(indirect)"
"ENTREZID","7368","ENTREZID","2629","directed","Process(indirect)"
"ENTREZID","7368","ENTREZID","29956","directed","Process(indirect)"
"ENTREZID","7368","ENTREZID","339221","directed","Process(indirect)"
"ENTREZID","7368","ENTREZID","340485","directed","Process(indirect)"
"ENTREZID","7368","ENTREZID","410","directed","Process(indirect)"
"ENTREZID","7368","ENTREZID","427","directed","Process(indirect)"
"ENTREZID","7368","ENTREZID","4758","directed","Process(indirect)"
"ENTREZID","7368","ENTREZID","4759","directed","Process(indirect)"
"ENTREZID","7368","ENTREZID","55512","directed","Process(indirect)"
"ENTREZID","7368","ENTREZID","55627","directed","Process(indirect)"
"ENTREZID","7368","ENTREZID","56624","directed","Process(indirect)"
"ENTREZID","7368","ENTREZID","57704","directed","Process(indirect)"
"ENTREZID","7368","ENTREZID","64781","directed","Process(indirect)"
"ENTREZID","7368","ENTREZID","6609","directed","Process(indirect)"
"ENTREZID","7368","ENTREZID","6610","directed","Process(indirect)"
"ENTREZID","7368","ENTREZID","7357","directed","Process(indirect)"
"ENTREZID","7368","ENTREZID","79603","directed","Process(indirect)"
"ENTREZID","7368","ENTREZID","81537","directed","Process(indirect)"
"ENTREZID","7368","ENTREZID","8560","directed","Process(indirect)"
"ENTREZID","7368","ENTREZID","8611","directed","Process(indirect)"
"ENTREZID","7368","ENTREZID","8612","directed","Process(indirect)"
"ENTREZID","7368","ENTREZID","8613","directed","Process(indirect)"
"ENTREZID","7368","ENTREZID","91012","directed","Process(indirect)"
"ENTREZID","7368","ENTREZID","9514","directed","Process(indirect)"
"ENTREZID","79603","ENTREZID","123099","directed","Process(indirect)"
"ENTREZID","79603","ENTREZID","125981","directed","Process(indirect)"
"ENTREZID","79603","ENTREZID","130367","directed","Process(indirect)"
"ENTREZID","79603","ENTREZID","166929","directed","Process(indirect)"
"ENTREZID","79603","ENTREZID","2531","directed","Process(indirect)"
"ENTREZID","79603","ENTREZID","2581","directed","Process(indirect)"
"ENTREZID","79603","ENTREZID","259230","directed","Process(indirect)"
"ENTREZID","79603","ENTREZID","2629","directed","Process(indirect)"
"ENTREZID","79603","ENTREZID","339221","directed","Process(indirect)"
"ENTREZID","79603","ENTREZID","340485","directed","Process(indirect)"
"ENTREZID","79603","ENTREZID","427","directed","Process(indirect)"
"ENTREZID","79603","ENTREZID","55331","directed","Process(indirect)"
"ENTREZID","79603","ENTREZID","55512","directed","Process(indirect)"
"ENTREZID","79603","ENTREZID","55627","directed","Process(indirect)"
"ENTREZID","79603","ENTREZID","56624","directed","Process(indirect)"
"ENTREZID","79603","ENTREZID","56848","directed","Process(indirect)"
"ENTREZID","79603","ENTREZID","57704","directed","Process(indirect)"
"ENTREZID","79603","ENTREZID","64781","directed","Process(indirect)"
"ENTREZID","79603","ENTREZID","6609","directed","Process(indirect)"
"ENTREZID","79603","ENTREZID","6610","directed","Process(indirect)"
"ENTREZID","79603","ENTREZID","7357","directed","Process(indirect)"
"ENTREZID","79603","ENTREZID","7368","directed","Process(indirect)"
"ENTREZID","79603","ENTREZID","81537","directed","Process(indirect)"
"ENTREZID","79603","ENTREZID","8560","directed","Process(indirect)"
"ENTREZID","79603","ENTREZID","8611","directed","Process(indirect)"
"ENTREZID","79603","ENTREZID","8612","directed","Process(indirect)"
"ENTREZID","79603","ENTREZID","8613","directed","Process(indirect)"
"ENTREZID","79603","ENTREZID","8877","directed","Process(indirect)"
"ENTREZID","81537","ENTREZID","10715","directed","Process(indirect)"
"ENTREZID","81537","ENTREZID","123099","directed","Process(indirect)"
"ENTREZID","81537","ENTREZID","125981","directed","Process(indirect)"
"ENTREZID","81537","ENTREZID","166929","directed","Process(indirect)"
"ENTREZID","81537","ENTREZID","204219","directed","Process(indirect)"
"ENTREZID","81537","ENTREZID","2531","directed","Process(indirect)"
"ENTREZID","81537","ENTREZID","253782","directed","Process(indirect)"
"ENTREZID","81537","ENTREZID","2581","directed","Process(indirect)"
"ENTREZID","81537","ENTREZID","259230","directed","Process(indirect)"
"ENTREZID","81537","ENTREZID","2629","directed","Process(indirect)"
"ENTREZID","81537","ENTREZID","29956","directed","Process(indirect)"
"ENTREZID","81537","ENTREZID","339221","directed","Process(indirect)"
"ENTREZID","81537","ENTREZID","340485","directed","Process(indirect)"
"ENTREZID","81537","ENTREZID","427","directed","Process(indirect)"
"ENTREZID","81537","ENTREZID","55331","directed","Process(indirect)"
"ENTREZID","81537","ENTREZID","55512","directed","Process(indirect)"
"ENTREZID","81537","ENTREZID","55627","directed","Process(indirect)"
"ENTREZID","81537","ENTREZID","56624","directed","Process(indirect)"
"ENTREZID","81537","ENTREZID","56848","directed","Process(indirect)"
"ENTREZID","81537","ENTREZID","57704","directed","Process(indirect)"
"ENTREZID","81537","ENTREZID","64781","directed","Process(indirect)"
"ENTREZID","81537","ENTREZID","6609","directed","Process(indirect)"
"ENTREZID","81537","ENTREZID","6610","directed","Process(indirect)"
"ENTREZID","81537","ENTREZID","7357","directed","Process(indirect)"
"ENTREZID","81537","ENTREZID","7368","directed","Process(indirect)"
"ENTREZID","81537","ENTREZID","79603","directed","Process(indirect)"
"ENTREZID","81537","ENTREZID","8560","directed","Process(indirect)"
"ENTREZID","81537","ENTREZID","8611","directed","Process(indirect)"
"ENTREZID","81537","ENTREZID","8612","directed","Process(indirect)"
"ENTREZID","81537","ENTREZID","8613","directed","Process(indirect)"
"ENTREZID","81537","ENTREZID","8877","directed","Process(indirect)"
"ENTREZID","81537","ENTREZID","8879","directed","Process(indirect)"
"ENTREZID","81537","ENTREZID","91012","directed","Process(indirect)"
"ENTREZID","8560","ENTREZID","10715","directed","Process(indirect)"
"ENTREZID","8560","ENTREZID","125981","directed","Process(indirect)"
"ENTREZID","8560","ENTREZID","130367","directed","Process(indirect)"
"ENTREZID","8560","ENTREZID","166929","directed","Process(indirect)"
"ENTREZID","8560","ENTREZID","204219","directed","Process(indirect)"
"ENTREZID","8560","ENTREZID","2531","directed","Process(indirect)"
"ENTREZID","8560","ENTREZID","253782","directed","Process(indirect)"
"ENTREZID","8560","ENTREZID","2581","directed","Process(indirect)"
"ENTREZID","8560","ENTREZID","259230","directed","Process(indirect)"
"ENTREZID","8560","ENTREZID","2629","directed","Process(indirect)"
"ENTREZID","8560","ENTREZID","29956","directed","Process(indirect)"
"ENTREZID","8560","ENTREZID","339221","directed","Process(indirect)"
"ENTREZID","8560","ENTREZID","340485","directed","Process(indirect)"
"ENTREZID","8560","ENTREZID","427","directed","Process(indirect)"
"ENTREZID","8560","ENTREZID","55331","directed","Process(indirect)"
"ENTREZID","8560","ENTREZID","55512","directed","Process(indirect)"
"ENTREZID","8560","ENTREZID","55627","directed","Process(indirect)"
"ENTREZID","8560","ENTREZID","56624","directed","Process(indirect)"
"ENTREZID","8560","ENTREZID","56848","directed","Process(indirect)"
"ENTREZID","8560","ENTREZID","57704","directed","Process(indirect)"
"ENTREZID","8560","ENTREZID","64781","directed","Process(indirect)"
"ENTREZID","8560","ENTREZID","6609","directed","Process(indirect)"
"ENTREZID","8560","ENTREZID","6610","directed","Process(indirect)"
"ENTREZID","8560","ENTREZID","7357","directed","Process(indirect)"
"ENTREZID","8560","ENTREZID","7368","directed","Process(indirect)"
"ENTREZID","8560","ENTREZID","79603","directed","Process(indirect)"
"ENTREZID","8560","ENTREZID","81537","directed","Process(indirect)"
"ENTREZID","8560","ENTREZID","8611","directed","Process(indirect)"
"ENTREZID","8560","ENTREZID","8612","directed","Process(indirect)"
"ENTREZID","8560","ENTREZID","8613","directed","Process(indirect)"
"ENTREZID","8560","ENTREZID","8877","directed","Process(indirect)"
"ENTREZID","8560","ENTREZID","91012","directed","Process(indirect)"
"ENTREZID","8611","ENTREZID","10715","directed","Process(indirect)"
"ENTREZID","8611","ENTREZID","123099","directed","Process(indirect)"
"ENTREZID","8611","ENTREZID","125981","directed","Process(indirect)"
"ENTREZID","8611","ENTREZID","130367","directed","Process(indirect)"
"ENTREZID","8611","ENTREZID","166929","directed","Process(indirect)"
"ENTREZID","8611","ENTREZID","204219","directed","Process(indirect)"
"ENTREZID","8611","ENTREZID","2531","directed","Process(indirect)"
"ENTREZID","8611","ENTREZID","253782","directed","Process(indirect)"
"ENTREZID","8611","ENTREZID","2581","directed","Process(indirect)"
"ENTREZID","8611","ENTREZID","259230","directed","Process(indirect)"
"ENTREZID","8611","ENTREZID","2629","directed","Process(indirect)"
"ENTREZID","8611","ENTREZID","29956","directed","Process(indirect)"
"ENTREZID","8611","ENTREZID","339221","directed","Process(indirect)"
"ENTREZID","8611","ENTREZID","340485","directed","Process(indirect)"
"ENTREZID","8611","ENTREZID","427","directed","Process(indirect)"
"ENTREZID","8611","ENTREZID","55331","directed","Process(indirect)"
"ENTREZID","8611","ENTREZID","55512","directed","Process(indirect)"
"ENTREZID","8611","ENTREZID","55627","directed","Process(indirect)"
"ENTREZID","8611","ENTREZID","56624","directed","Process(indirect)"
"ENTREZID","8611","ENTREZID","56848","directed","Process(indirect)"
"ENTREZID","8611","ENTREZID","57704","directed","Process(indirect)"
"ENTREZID","8611","ENTREZID","64781","directed","Process(indirect)"
"ENTREZID","8611","ENTREZID","6609","directed","Process(indirect)"
"ENTREZID","8611","ENTREZID","6610","directed","Process(indirect)"
"ENTREZID","8611","ENTREZID","7357","directed","Process(indirect)"
"ENTREZID","8611","ENTREZID","7368","directed","Process(indirect)"
"ENTREZID","8611","ENTREZID","79603","directed","Process(indirect)"
"ENTREZID","8611","ENTREZID","81537","directed","Process(indirect)"
"ENTREZID","8611","ENTREZID","8560","directed","Process(indirect)"
"ENTREZID","8611","ENTREZID","8877","directed","Process(indirect)"
"ENTREZID","8611","ENTREZID","8879","directed","Process(indirect)"
"ENTREZID","8611","ENTREZID","91012","directed","Process(indirect)"
"ENTREZID","8612","ENTREZID","10715","directed","Process(indirect)"
"ENTREZID","8612","ENTREZID","123099","directed","Process(indirect)"
"ENTREZID","8612","ENTREZID","125981","directed","Process(indirect)"
"ENTREZID","8612","ENTREZID","130367","directed","Process(indirect)"
"ENTREZID","8612","ENTREZID","166929","directed","Process(indirect)"
"ENTREZID","8612","ENTREZID","204219","directed","Process(indirect)"
"ENTREZID","8612","ENTREZID","2531","directed","Process(indirect)"
"ENTREZID","8612","ENTREZID","253782","directed","Process(indirect)"
"ENTREZID","8612","ENTREZID","2581","directed","Process(indirect)"
"ENTREZID","8612","ENTREZID","259230","directed","Process(indirect)"
"ENTREZID","8612","ENTREZID","2629","directed","Process(indirect)"
"ENTREZID","8612","ENTREZID","29956","directed","Process(indirect)"
"ENTREZID","8612","ENTREZID","339221","directed","Process(indirect)"
"ENTREZID","8612","ENTREZID","340485","directed","Process(indirect)"
"ENTREZID","8612","ENTREZID","427","directed","Process(indirect)"
"ENTREZID","8612","ENTREZID","55331","directed","Process(indirect)"
"ENTREZID","8612","ENTREZID","55512","directed","Process(indirect)"
"ENTREZID","8612","ENTREZID","55627","directed","Process(indirect)"
"ENTREZID","8612","ENTREZID","56624","directed","Process(indirect)"
"ENTREZID","8612","ENTREZID","56848","directed","Process(indirect)"
"ENTREZID","8612","ENTREZID","57704","directed","Process(indirect)"
"ENTREZID","8612","ENTREZID","64781","directed","Process(indirect)"
"ENTREZID","8612","ENTREZID","6609","directed","Process(indirect)"
"ENTREZID","8612","ENTREZID","6610","directed","Process(indirect)"
"ENTREZID","8612","ENTREZID","7357","directed","Process(indirect)"
"ENTREZID","8612","ENTREZID","7368","directed","Process(indirect)"
"ENTREZID","8612","ENTREZID","79603","directed","Process(indirect)"
"ENTREZID","8612","ENTREZID","81537","directed","Process(indirect)"
"ENTREZID","8612","ENTREZID","8560","directed","Process(indirect)"
"ENTREZID","8612","ENTREZID","8877","directed","Process(indirect)"
"ENTREZID","8612","ENTREZID","8879","directed","Process(indirect)"
"ENTREZID","8612","ENTREZID","91012","directed","Process(indirect)"
"ENTREZID","8613","ENTREZID","10715","directed","Process(indirect)"
"ENTREZID","8613","ENTREZID","123099","directed","Process(indirect)"
"ENTREZID","8613","ENTREZID","125981","directed","Process(indirect)"
"ENTREZID","8613","ENTREZID","130367","directed","Process(indirect)"
"ENTREZID","8613","ENTREZID","166929","directed","Process(indirect)"
"ENTREZID","8613","ENTREZID","204219","directed","Process(indirect)"
"ENTREZID","8613","ENTREZID","2531","directed","Process(indirect)"
"ENTREZID","8613","ENTREZID","253782","directed","Process(indirect)"
"ENTREZID","8613","ENTREZID","2581","directed","Process(indirect)"
"ENTREZID","8613","ENTREZID","259230","directed","Process(indirect)"
"ENTREZID","8613","ENTREZID","2629","directed","Process(indirect)"
"ENTREZID","8613","ENTREZID","29956","directed","Process(indirect)"
"ENTREZID","8613","ENTREZID","339221","directed","Process(indirect)"
"ENTREZID","8613","ENTREZID","340485","directed","Process(indirect)"
"ENTREZID","8613","ENTREZID","427","directed","Process(indirect)"
"ENTREZID","8613","ENTREZID","55331","directed","Process(indirect)"
"ENTREZID","8613","ENTREZID","55512","directed","Process(indirect)"
"ENTREZID","8613","ENTREZID","55627","directed","Process(indirect)"
"ENTREZID","8613","ENTREZID","56624","directed","Process(indirect)"
"ENTREZID","8613","ENTREZID","56848","directed","Process(indirect)"
"ENTREZID","8613","ENTREZID","57704","directed","Process(indirect)"
"ENTREZID","8613","ENTREZID","64781","directed","Process(indirect)"
"ENTREZID","8613","ENTREZID","6609","directed","Process(indirect)"
"ENTREZID","8613","ENTREZID","6610","directed","Process(indirect)"
"ENTREZID","8613","ENTREZID","7357","directed","Process(indirect)"
"ENTREZID","8613","ENTREZID","7368","directed","Process(indirect)"
"ENTREZID","8613","ENTREZID","79603","directed","Process(indirect)"
"ENTREZID","8613","ENTREZID","81537","directed","Process(indirect)"
"ENTREZID","8613","ENTREZID","8560","directed","Process(indirect)"
"ENTREZID","8613","ENTREZID","8877","directed","Process(indirect)"
"ENTREZID","8613","ENTREZID","8879","directed","Process(indirect)"
"ENTREZID","8613","ENTREZID","91012","directed","Process(indirect)"
"ENTREZID","8877","ENTREZID","10715","directed","Process(indirect)"
"ENTREZID","8877","ENTREZID","123099","directed","Process(indirect)"
"ENTREZID","8877","ENTREZID","130367","directed","Process(indirect)"
"ENTREZID","8877","ENTREZID","204219","directed","Process(indirect)"
"ENTREZID","8877","ENTREZID","2531","directed","Process(indirect)"
"ENTREZID","8877","ENTREZID","253782","directed","Process(indirect)"
"ENTREZID","8877","ENTREZID","29956","directed","Process(indirect)"
"ENTREZID","8877","ENTREZID","427","directed","Process(indirect)"
"ENTREZID","8877","ENTREZID","55331","directed","Process(indirect)"
"ENTREZID","8877","ENTREZID","56624","directed","Process(indirect)"
"ENTREZID","8877","ENTREZID","79603","directed","Process(indirect)"
"ENTREZID","8877","ENTREZID","81537","directed","Process(indirect)"
"ENTREZID","8877","ENTREZID","8560","directed","Process(indirect)"
"ENTREZID","8877","ENTREZID","8611","directed","Process(indirect)"
"ENTREZID","8877","ENTREZID","8612","directed","Process(indirect)"
"ENTREZID","8877","ENTREZID","8613","directed","Process(indirect)"
"ENTREZID","8877","ENTREZID","8879","directed","Process(indirect)"
"ENTREZID","8877","ENTREZID","91012","directed","Process(indirect)"
"ENTREZID","91012","ENTREZID","123099","directed","Process(indirect)"
"ENTREZID","91012","ENTREZID","125981","directed","Process(indirect)"
"ENTREZID","91012","ENTREZID","130367","directed","Process(indirect)"
"ENTREZID","91012","ENTREZID","166929","directed","Process(indirect)"
"ENTREZID","91012","ENTREZID","2531","directed","Process(indirect)"
"ENTREZID","91012","ENTREZID","2581","directed","Process(indirect)"
"ENTREZID","91012","ENTREZID","259230","directed","Process(indirect)"
"ENTREZID","91012","ENTREZID","2629","directed","Process(indirect)"
"ENTREZID","91012","ENTREZID","339221","directed","Process(indirect)"
"ENTREZID","91012","ENTREZID","340485","directed","Process(indirect)"
"ENTREZID","91012","ENTREZID","427","directed","Process(indirect)"
"ENTREZID","91012","ENTREZID","55331","directed","Process(indirect)"
"ENTREZID","91012","ENTREZID","55512","directed","Process(indirect)"
"ENTREZID","91012","ENTREZID","55627","directed","Process(indirect)"
"ENTREZID","91012","ENTREZID","56624","directed","Process(indirect)"
"ENTREZID","91012","ENTREZID","56848","directed","Process(indirect)"
"ENTREZID","91012","ENTREZID","57704","directed","Process(indirect)"
"ENTREZID","91012","ENTREZID","64781","directed","Process(indirect)"
"ENTREZID","91012","ENTREZID","6609","directed","Process(indirect)"
"ENTREZID","91012","ENTREZID","6610","directed","Process(indirect)"
"ENTREZID","91012","ENTREZID","7357","directed","Process(indirect)"
"ENTREZID","91012","ENTREZID","7368","directed","Process(indirect)"
"ENTREZID","91012","ENTREZID","81537","directed","Process(indirect)"
"ENTREZID","91012","ENTREZID","8560","directed","Process(indirect)"
"ENTREZID","91012","ENTREZID","8611","directed","Process(indirect)"
"ENTREZID","91012","ENTREZID","8612","directed","Process(indirect)"
"ENTREZID","91012","ENTREZID","8613","directed","Process(indirect)"
"ENTREZID","91012","ENTREZID","8877","directed","Process(indirect)"
"ENTREZID","9331","ENTREZID","2720","directed","Process(indirect)"
"ENTREZID","9331","ENTREZID","410","directed","Process(indirect)"
"ENTREZID","9331","ENTREZID","9514","directed","Process(indirect)"
"ENTREZID","9334","ENTREZID","2720","directed","Process(indirect)"
"ENTREZID","9334","ENTREZID","410","directed","Process(indirect)"
"ENTREZID","9334","ENTREZID","9514","directed","Process(indirect)"
"ENTREZID","9514","ENTREZID","10825","directed","Process(indirect)"
"ENTREZID","9514","ENTREZID","129807","directed","Process(indirect)"
"ENTREZID","9514","ENTREZID","2581","directed","Process(indirect)"
"ENTREZID","9514","ENTREZID","2583","directed","Process(indirect)"
"ENTREZID","9514","ENTREZID","2717","directed","Process(indirect)"
"ENTREZID","9514","ENTREZID","2720","directed","Process(indirect)"
"ENTREZID","9514","ENTREZID","410","directed","Process(indirect)"
"ENTREZID","9514","ENTREZID","4758","directed","Process(indirect)"
"ENTREZID","9514","ENTREZID","4759","directed","Process(indirect)"
"ENTREZID","9514","ENTREZID","7368","directed","Process(indirect)"
"ENTREZID","9517","ENTREZID","2531","directed","Process(indirect)"
