"src_type","src","dest_type","dest","direction","type"
"ENTREZID","10327","ENTREZID","124","directed","Process(indirect)"
"ENTREZID","10327","ENTREZID","125","directed","Process(indirect)"
"ENTREZID","10327","ENTREZID","126","directed","Process(indirect)"
"ENTREZID","10327","ENTREZID","127","directed","Process(indirect)"
"ENTREZID","10327","ENTREZID","128","directed","Process(indirect)"
"ENTREZID","10327","ENTREZID","130","directed","Process(indirect)"
"ENTREZID","10327","ENTREZID","131","directed","Process(indirect)"
"ENTREZID","10873","ENTREZID","160287","directed","Process(indirect)"
"ENTREZID","10873","ENTREZID","197257","directed","Process(indirect)"
"ENTREZID","10873","ENTREZID","2271","directed","Process(indirect)"
"ENTREZID","10873","ENTREZID","2271","undirected","Process(indirect)"
"ENTREZID","10873","ENTREZID","3939","directed","Process(indirect)"
"ENTREZID","10873","ENTREZID","3945","directed","Process(indirect)"
"ENTREZID","10873","ENTREZID","3948","directed","Process(indirect)"
"ENTREZID","10873","ENTREZID","4190","directed","Process(indirect)"
"ENTREZID","10873","ENTREZID","4190","undirected","Process(indirect)"
"ENTREZID","10873","ENTREZID","4191","directed","Process(indirect)"
"ENTREZID","10873","ENTREZID","4191","undirected","Process(indirect)"
"ENTREZID","10873","ENTREZID","4199","directed","Process(indirect)"
"ENTREZID","10873","ENTREZID","4200","directed","Process(indirect)"
"ENTREZID","10873","ENTREZID","4200","undirected","Process(indirect)"
"ENTREZID","10873","ENTREZID","5091","directed","Process(indirect)"
"ENTREZID","10873","ENTREZID","5160","directed","Process(indirect)"
"ENTREZID","10873","ENTREZID","5161","directed","Process(indirect)"
"ENTREZID","10873","ENTREZID","5162","directed","Process(indirect)"
"ENTREZID","10873","ENTREZID","92483","directed","Process(indirect)"
"ENTREZID","124","ENTREZID","10327","directed","Process(indirect)"
"ENTREZID","124","ENTREZID","10327","undirected","Process(indirect)"
"ENTREZID","124","ENTREZID","125","directed","Process(indirect)"
"ENTREZID","124","ENTREZID","126","directed","Process(indirect)"
"ENTREZID","124","ENTREZID","127","directed","Process(indirect)"
"ENTREZID","124","ENTREZID","128","directed","Process(indirect)"
"ENTREZID","124","ENTREZID","130","directed","Process(indirect)"
"ENTREZID","124","ENTREZID","131","directed","Process(indirect)"
"ENTREZID","124","ENTREZID","217","undirected","Process(indirect)"
"ENTREZID","124","ENTREZID","219","undirected","Process(indirect)"
"ENTREZID","124","ENTREZID","223","undirected","Process(indirect)"
"ENTREZID","124","ENTREZID","224","undirected","Process(indirect)"
"ENTREZID","124","ENTREZID","501","undirected","Process(indirect)"
"ENTREZID","125","ENTREZID","10327","directed","Process(indirect)"
"ENTREZID","125","ENTREZID","10327","undirected","Process(indirect)"
"ENTREZID","125","ENTREZID","124","directed","Process(indirect)"
"ENTREZID","125","ENTREZID","126","directed","Process(indirect)"
"ENTREZID","125","ENTREZID","127","directed","Process(indirect)"
"ENTREZID","125","ENTREZID","128","directed","Process(indirect)"
"ENTREZID","125","ENTREZID","130","directed","Process(indirect)"
"ENTREZID","125","ENTREZID","131","directed","Process(indirect)"
"ENTREZID","125","ENTREZID","217","undirected","Process(indirect)"
"ENTREZID","125","ENTREZID","219","undirected","Process(indirect)"
"ENTREZID","125","ENTREZID","223","undirected","Process(indirect)"
"ENTREZID","125","ENTREZID","224","undirected","Process(indirect)"
"ENTREZID","125","ENTREZID","501","undirected","Process(indirect)"
"ENTREZID","126","ENTREZID","10327","directed","Process(indirect)"
"ENTREZID","126","ENTREZID","10327","undirected","Process(indirect)"
"ENTREZID","126","ENTREZID","124","directed","Process(indirect)"
"ENTREZID","126","ENTREZID","125","directed","Process(indirect)"
"ENTREZID","126","ENTREZID","127","directed","Process(indirect)"
"ENTREZID","126","ENTREZID","128","directed","Process(indirect)"
"ENTREZID","126","ENTREZID","130","directed","Process(indirect)"
"ENTREZID","126","ENTREZID","131","directed","Process(indirect)"
"ENTREZID","126","ENTREZID","217","undirected","Process(indirect)"
"ENTREZID","126","ENTREZID","219","undirected","Process(indirect)"
"ENTREZID","126","ENTREZID","223","undirected","Process(indirect)"
"ENTREZID","126","ENTREZID","224","undirected","Process(indirect)"
"ENTREZID","126","ENTREZID","501","undirected","Process(indirect)"
"ENTREZID","127","ENTREZID","10327","directed","Process(indirect)"
"ENTREZID","127","ENTREZID","10327","undirected","Process(indirect)"
"ENTREZID","127","ENTREZID","124","directed","Process(indirect)"
"ENTREZID","127","ENTREZID","125","directed","Process(indirect)"
"ENTREZID","127","ENTREZID","126","directed","Process(indirect)"
"ENTREZID","127","ENTREZID","128","directed","Process(indirect)"
"ENTREZID","127","ENTREZID","130","directed","Process(indirect)"
"ENTREZID","127","ENTREZID","131","directed","Process(indirect)"
"ENTREZID","127","ENTREZID","217","undirected","Process(indirect)"
"ENTREZID","127","ENTREZID","219","undirected","Process(indirect)"
"ENTREZID","127","ENTREZID","223","undirected","Process(indirect)"
"ENTREZID","127","ENTREZID","224","undirected","Process(indirect)"
"ENTREZID","127","ENTREZID","501","undirected","Process(indirect)"
"ENTREZID","128","ENTREZID","10327","directed","Process(indirect)"
"ENTREZID","128","ENTREZID","10327","undirected","Process(indirect)"
"ENTREZID","128","ENTREZID","124","directed","Process(indirect)"
"ENTREZID","128","ENTREZID","125","directed","Process(indirect)"
"ENTREZID","128","ENTREZID","126","directed","Process(indirect)"
"ENTREZID","128","ENTREZID","127","directed","Process(indirect)"
"ENTREZID","128","ENTREZID","130","directed","Process(indirect)"
"ENTREZID","128","ENTREZID","131","directed","Process(indirect)"
"ENTREZID","128","ENTREZID","217","undirected","Process(indirect)"
"ENTREZID","128","ENTREZID","219","undirected","Process(indirect)"
"ENTREZID","128","ENTREZID","223","undirected","Process(indirect)"
"ENTREZID","128","ENTREZID","224","undirected","Process(indirect)"
"ENTREZID","128","ENTREZID","501","undirected","Process(indirect)"
"ENTREZID","130","ENTREZID","10327","directed","Process(indirect)"
"ENTREZID","130","ENTREZID","10327","undirected","Process(indirect)"
"ENTREZID","130","ENTREZID","124","directed","Process(indirect)"
"ENTREZID","130","ENTREZID","125","directed","Process(indirect)"
"ENTREZID","130","ENTREZID","126","directed","Process(indirect)"
"ENTREZID","130","ENTREZID","127","directed","Process(indirect)"
"ENTREZID","130","ENTREZID","128","directed","Process(indirect)"
"ENTREZID","130","ENTREZID","131","directed","Process(indirect)"
"ENTREZID","130","ENTREZID","217","undirected","Process(indirect)"
"ENTREZID","130","ENTREZID","219","undirected","Process(indirect)"
"ENTREZID","130","ENTREZID","223","undirected","Process(indirect)"
"ENTREZID","130","ENTREZID","224","undirected","Process(indirect)"
"ENTREZID","130","ENTREZID","501","undirected","Process(indirect)"
"ENTREZID","131","ENTREZID","10327","directed","Process(indirect)"
"ENTREZID","131","ENTREZID","10327","undirected","Process(indirect)"
"ENTREZID","131","ENTREZID","124","directed","Process(indirect)"
"ENTREZID","131","ENTREZID","125","directed","Process(indirect)"
"ENTREZID","131","ENTREZID","126","directed","Process(indirect)"
"ENTREZID","131","ENTREZID","127","directed","Process(indirect)"
"ENTREZID","131","ENTREZID","128","directed","Process(indirect)"
"ENTREZID","131","ENTREZID","130","directed","Process(indirect)"
"ENTREZID","131","ENTREZID","217","undirected","Process(indirect)"
"ENTREZID","131","ENTREZID","219","undirected","Process(indirect)"
"ENTREZID","131","ENTREZID","223","undirected","Process(indirect)"
"ENTREZID","131","ENTREZID","224","undirected","Process(indirect)"
"ENTREZID","131","ENTREZID","501","undirected","Process(indirect)"
"ENTREZID","134526","ENTREZID","1737","directed","Process(indirect)"
"ENTREZID","134526","ENTREZID","217","directed","Process(indirect)"
"ENTREZID","134526","ENTREZID","219","directed","Process(indirect)"
"ENTREZID","134526","ENTREZID","223","directed","Process(indirect)"
"ENTREZID","134526","ENTREZID","224","directed","Process(indirect)"
"ENTREZID","134526","ENTREZID","31","directed","Process(indirect)"
"ENTREZID","134526","ENTREZID","32","directed","Process(indirect)"
"ENTREZID","134526","ENTREZID","38","directed","Process(indirect)"
"ENTREZID","134526","ENTREZID","39","directed","Process(indirect)"
"ENTREZID","134526","ENTREZID","501","directed","Process(indirect)"
"ENTREZID","134526","ENTREZID","55902","directed","Process(indirect)"
"ENTREZID","134526","ENTREZID","84532","directed","Process(indirect)"
"ENTREZID","134526","ENTREZID","97","directed","Process(indirect)"
"ENTREZID","134526","ENTREZID","98","directed","Process(indirect)"
"ENTREZID","160287","ENTREZID","10873","directed","Process(indirect)"
"ENTREZID","160287","ENTREZID","197257","directed","Process(indirect)"
"ENTREZID","160287","ENTREZID","3939","directed","Process(indirect)"
"ENTREZID","160287","ENTREZID","3945","directed","Process(indirect)"
"ENTREZID","160287","ENTREZID","3948","directed","Process(indirect)"
"ENTREZID","160287","ENTREZID","4199","directed","Process(indirect)"
"ENTREZID","160287","ENTREZID","4200","directed","Process(indirect)"
"ENTREZID","160287","ENTREZID","5091","directed","Process(indirect)"
"ENTREZID","160287","ENTREZID","5160","directed","Process(indirect)"
"ENTREZID","160287","ENTREZID","5161","directed","Process(indirect)"
"ENTREZID","160287","ENTREZID","5162","directed","Process(indirect)"
"ENTREZID","160287","ENTREZID","92483","directed","Process(indirect)"
"ENTREZID","1737","ENTREZID","134526","directed","Process(indirect)"
"ENTREZID","1737","ENTREZID","1738","directed","Process(indirect)"
"ENTREZID","1737","ENTREZID","1738","undirected","Process(indirect)"
"ENTREZID","1737","ENTREZID","31","directed","Process(indirect)"
"ENTREZID","1737","ENTREZID","32","directed","Process(indirect)"
"ENTREZID","1737","ENTREZID","38","directed","Process(indirect)"
"ENTREZID","1737","ENTREZID","39","directed","Process(indirect)"
"ENTREZID","1737","ENTREZID","5160","directed","Process(indirect)"
"ENTREZID","1737","ENTREZID","5161","directed","Process(indirect)"
"ENTREZID","1737","ENTREZID","5162","directed","Process(indirect)"
"ENTREZID","1738","ENTREZID","5160","directed","Process(indirect)"
"ENTREZID","1738","ENTREZID","5161","directed","Process(indirect)"
"ENTREZID","1738","ENTREZID","5162","directed","Process(indirect)"
"ENTREZID","197257","ENTREZID","10873","directed","Process(indirect)"
"ENTREZID","197257","ENTREZID","160287","directed","Process(indirect)"
"ENTREZID","197257","ENTREZID","3029","directed","Process(indirect)"
"ENTREZID","197257","ENTREZID","3939","directed","Process(indirect)"
"ENTREZID","197257","ENTREZID","3945","directed","Process(indirect)"
"ENTREZID","197257","ENTREZID","3948","directed","Process(indirect)"
"ENTREZID","197257","ENTREZID","4199","directed","Process(indirect)"
"ENTREZID","197257","ENTREZID","4200","directed","Process(indirect)"
"ENTREZID","197257","ENTREZID","5091","directed","Process(indirect)"
"ENTREZID","197257","ENTREZID","5160","directed","Process(indirect)"
"ENTREZID","197257","ENTREZID","5161","directed","Process(indirect)"
"ENTREZID","197257","ENTREZID","5162","directed","Process(indirect)"
"ENTREZID","197257","ENTREZID","92483","directed","Process(indirect)"
"ENTREZID","217","ENTREZID","10327","directed","Process(indirect)"
"ENTREZID","217","ENTREZID","10327","undirected","Process(indirect)"
"ENTREZID","217","ENTREZID","124","directed","Process(indirect)"
"ENTREZID","217","ENTREZID","125","directed","Process(indirect)"
"ENTREZID","217","ENTREZID","126","directed","Process(indirect)"
"ENTREZID","217","ENTREZID","127","directed","Process(indirect)"
"ENTREZID","217","ENTREZID","128","directed","Process(indirect)"
"ENTREZID","217","ENTREZID","130","directed","Process(indirect)"
"ENTREZID","217","ENTREZID","131","directed","Process(indirect)"
"ENTREZID","217","ENTREZID","219","directed","Process(indirect)"
"ENTREZID","217","ENTREZID","223","directed","Process(indirect)"
"ENTREZID","217","ENTREZID","224","directed","Process(indirect)"
"ENTREZID","217","ENTREZID","501","directed","Process(indirect)"
"ENTREZID","217","ENTREZID","55902","directed","Process(indirect)"
"ENTREZID","217","ENTREZID","55902","undirected","Process(indirect)"
"ENTREZID","217","ENTREZID","84532","directed","Process(indirect)"
"ENTREZID","217","ENTREZID","84532","undirected","Process(indirect)"
"ENTREZID","217","ENTREZID","97","directed","Process(indirect)"
"ENTREZID","217","ENTREZID","98","directed","Process(indirect)"
"ENTREZID","219","ENTREZID","10327","directed","Process(indirect)"
"ENTREZID","219","ENTREZID","10327","undirected","Process(indirect)"
"ENTREZID","219","ENTREZID","124","directed","Process(indirect)"
"ENTREZID","219","ENTREZID","125","directed","Process(indirect)"
"ENTREZID","219","ENTREZID","126","directed","Process(indirect)"
"ENTREZID","219","ENTREZID","127","directed","Process(indirect)"
"ENTREZID","219","ENTREZID","128","directed","Process(indirect)"
"ENTREZID","219","ENTREZID","130","directed","Process(indirect)"
"ENTREZID","219","ENTREZID","131","directed","Process(indirect)"
"ENTREZID","219","ENTREZID","217","directed","Process(indirect)"
"ENTREZID","219","ENTREZID","223","directed","Process(indirect)"
"ENTREZID","219","ENTREZID","224","directed","Process(indirect)"
"ENTREZID","219","ENTREZID","501","directed","Process(indirect)"
"ENTREZID","219","ENTREZID","55902","directed","Process(indirect)"
"ENTREZID","219","ENTREZID","55902","undirected","Process(indirect)"
"ENTREZID","219","ENTREZID","84532","directed","Process(indirect)"
"ENTREZID","219","ENTREZID","84532","undirected","Process(indirect)"
"ENTREZID","219","ENTREZID","97","directed","Process(indirect)"
"ENTREZID","219","ENTREZID","98","directed","Process(indirect)"
"ENTREZID","223","ENTREZID","10327","directed","Process(indirect)"
"ENTREZID","223","ENTREZID","10327","undirected","Process(indirect)"
"ENTREZID","223","ENTREZID","124","directed","Process(indirect)"
"ENTREZID","223","ENTREZID","125","directed","Process(indirect)"
"ENTREZID","223","ENTREZID","126","directed","Process(indirect)"
"ENTREZID","223","ENTREZID","127","directed","Process(indirect)"
"ENTREZID","223","ENTREZID","128","directed","Process(indirect)"
"ENTREZID","223","ENTREZID","130","directed","Process(indirect)"
"ENTREZID","223","ENTREZID","131","directed","Process(indirect)"
"ENTREZID","223","ENTREZID","217","directed","Process(indirect)"
"ENTREZID","223","ENTREZID","219","directed","Process(indirect)"
"ENTREZID","223","ENTREZID","224","directed","Process(indirect)"
"ENTREZID","223","ENTREZID","501","directed","Process(indirect)"
"ENTREZID","223","ENTREZID","55902","directed","Process(indirect)"
"ENTREZID","223","ENTREZID","55902","undirected","Process(indirect)"
"ENTREZID","223","ENTREZID","84532","directed","Process(indirect)"
"ENTREZID","223","ENTREZID","84532","undirected","Process(indirect)"
"ENTREZID","223","ENTREZID","97","directed","Process(indirect)"
"ENTREZID","223","ENTREZID","98","directed","Process(indirect)"
"ENTREZID","224","ENTREZID","10327","directed","Process(indirect)"
"ENTREZID","224","ENTREZID","10327","undirected","Process(indirect)"
"ENTREZID","224","ENTREZID","124","directed","Process(indirect)"
"ENTREZID","224","ENTREZID","125","directed","Process(indirect)"
"ENTREZID","224","ENTREZID","126","directed","Process(indirect)"
"ENTREZID","224","ENTREZID","127","directed","Process(indirect)"
"ENTREZID","224","ENTREZID","128","directed","Process(indirect)"
"ENTREZID","224","ENTREZID","130","directed","Process(indirect)"
"ENTREZID","224","ENTREZID","131","directed","Process(indirect)"
"ENTREZID","224","ENTREZID","217","directed","Process(indirect)"
"ENTREZID","224","ENTREZID","219","directed","Process(indirect)"
"ENTREZID","224","ENTREZID","223","directed","Process(indirect)"
"ENTREZID","224","ENTREZID","501","directed","Process(indirect)"
"ENTREZID","224","ENTREZID","55902","directed","Process(indirect)"
"ENTREZID","224","ENTREZID","55902","undirected","Process(indirect)"
"ENTREZID","224","ENTREZID","84532","directed","Process(indirect)"
"ENTREZID","224","ENTREZID","84532","undirected","Process(indirect)"
"ENTREZID","224","ENTREZID","97","directed","Process(indirect)"
"ENTREZID","224","ENTREZID","98","directed","Process(indirect)"
"ENTREZID","2271","ENTREZID","10873","directed","Process(indirect)"
"ENTREZID","2271","ENTREZID","4190","directed","Process(indirect)"
"ENTREZID","2271","ENTREZID","4191","directed","Process(indirect)"
"ENTREZID","2271","ENTREZID","4199","directed","Process(indirect)"
"ENTREZID","2271","ENTREZID","4200","directed","Process(indirect)"
"ENTREZID","2271","ENTREZID","4200","undirected","Process(indirect)"
"ENTREZID","2739","ENTREZID","3029","directed","Process(indirect)"
"ENTREZID","2739","ENTREZID","9380","directed","Process(indirect)"
"ENTREZID","3029","ENTREZID","197257","directed","Process(indirect)"
"ENTREZID","31","ENTREZID","134526","directed","Process(indirect)"
"ENTREZID","31","ENTREZID","1737","directed","Process(indirect)"
"ENTREZID","31","ENTREZID","38","directed","Process(indirect)"
"ENTREZID","31","ENTREZID","39","directed","Process(indirect)"
"ENTREZID","31","ENTREZID","55902","directed","Process(indirect)"
"ENTREZID","31","ENTREZID","84532","directed","Process(indirect)"
"ENTREZID","32","ENTREZID","134526","directed","Process(indirect)"
"ENTREZID","32","ENTREZID","1737","directed","Process(indirect)"
"ENTREZID","32","ENTREZID","38","directed","Process(indirect)"
"ENTREZID","32","ENTREZID","39","directed","Process(indirect)"
"ENTREZID","32","ENTREZID","55902","directed","Process(indirect)"
"ENTREZID","32","ENTREZID","84532","directed","Process(indirect)"
"ENTREZID","38","ENTREZID","134526","directed","Process(indirect)"
"ENTREZID","38","ENTREZID","1737","directed","Process(indirect)"
"ENTREZID","38","ENTREZID","31","directed","Process(indirect)"
"ENTREZID","38","ENTREZID","32","directed","Process(indirect)"
"ENTREZID","38","ENTREZID","55902","directed","Process(indirect)"
"ENTREZID","38","ENTREZID","84532","directed","Process(indirect)"
"ENTREZID","39","ENTREZID","134526","directed","Process(indirect)"
"ENTREZID","39","ENTREZID","1737","directed","Process(indirect)"
"ENTREZID","39","ENTREZID","31","directed","Process(indirect)"
"ENTREZID","39","ENTREZID","32","directed","Process(indirect)"
"ENTREZID","39","ENTREZID","55902","directed","Process(indirect)"
"ENTREZID","39","ENTREZID","84532","directed","Process(indirect)"
"ENTREZID","3939","ENTREZID","10873","directed","Process(indirect)"
"ENTREZID","3939","ENTREZID","160287","directed","Process(indirect)"
"ENTREZID","3939","ENTREZID","197257","directed","Process(indirect)"
"ENTREZID","3939","ENTREZID","3945","directed","Process(indirect)"
"ENTREZID","3939","ENTREZID","3948","directed","Process(indirect)"
"ENTREZID","3939","ENTREZID","4199","directed","Process(indirect)"
"ENTREZID","3939","ENTREZID","4200","directed","Process(indirect)"
"ENTREZID","3939","ENTREZID","5091","directed","Process(indirect)"
"ENTREZID","3939","ENTREZID","5160","directed","Process(indirect)"
"ENTREZID","3939","ENTREZID","5161","directed","Process(indirect)"
"ENTREZID","3939","ENTREZID","5162","directed","Process(indirect)"
"ENTREZID","3939","ENTREZID","92483","directed","Process(indirect)"
"ENTREZID","3945","ENTREZID","10873","directed","Process(indirect)"
"ENTREZID","3945","ENTREZID","160287","directed","Process(indirect)"
"ENTREZID","3945","ENTREZID","197257","directed","Process(indirect)"
"ENTREZID","3945","ENTREZID","3939","directed","Process(indirect)"
"ENTREZID","3945","ENTREZID","3948","directed","Process(indirect)"
"ENTREZID","3945","ENTREZID","4199","directed","Process(indirect)"
"ENTREZID","3945","ENTREZID","4200","directed","Process(indirect)"
"ENTREZID","3945","ENTREZID","5091","directed","Process(indirect)"
"ENTREZID","3945","ENTREZID","5160","directed","Process(indirect)"
"ENTREZID","3945","ENTREZID","5161","directed","Process(indirect)"
"ENTREZID","3945","ENTREZID","5162","directed","Process(indirect)"
"ENTREZID","3945","ENTREZID","92483","directed","Process(indirect)"
"ENTREZID","3948","ENTREZID","10873","directed","Process(indirect)"
"ENTREZID","3948","ENTREZID","160287","directed","Process(indirect)"
"ENTREZID","3948","ENTREZID","197257","directed","Process(indirect)"
"ENTREZID","3948","ENTREZID","3939","directed","Process(indirect)"
"ENTREZID","3948","ENTREZID","3945","directed","Process(indirect)"
"ENTREZID","3948","ENTREZID","4199","directed","Process(indirect)"
"ENTREZID","3948","ENTREZID","4200","directed","Process(indirect)"
"ENTREZID","3948","ENTREZID","5091","directed","Process(indirect)"
"ENTREZID","3948","ENTREZID","5160","directed","Process(indirect)"
"ENTREZID","3948","ENTREZID","5161","directed","Process(indirect)"
"ENTREZID","3948","ENTREZID","5162","directed","Process(indirect)"
"ENTREZID","3948","ENTREZID","92483","directed","Process(indirect)"
"ENTREZID","4190","ENTREZID","10873","directed","Process(indirect)"
"ENTREZID","4190","ENTREZID","2271","undirected","Process(indirect)"
"ENTREZID","4190","ENTREZID","4191","directed","Process(indirect)"
"ENTREZID","4190","ENTREZID","4199","directed","Process(indirect)"
"ENTREZID","4190","ENTREZID","4199","undirected","Process(indirect)"
"ENTREZID","4190","ENTREZID","4200","directed","Process(indirect)"
"ENTREZID","4190","ENTREZID","4200","undirected","Process(indirect)"
"ENTREZID","4190","ENTREZID","5091","directed","Process(indirect)"
"ENTREZID","4190","ENTREZID","5105","undirected","Process(indirect)"
"ENTREZID","4190","ENTREZID","5106","undirected","Process(indirect)"
"ENTREZID","4191","ENTREZID","10873","directed","Process(indirect)"
"ENTREZID","4191","ENTREZID","2271","undirected","Process(indirect)"
"ENTREZID","4191","ENTREZID","4190","directed","Process(indirect)"
"ENTREZID","4191","ENTREZID","4199","directed","Process(indirect)"
"ENTREZID","4191","ENTREZID","4199","undirected","Process(indirect)"
"ENTREZID","4191","ENTREZID","4200","directed","Process(indirect)"
"ENTREZID","4191","ENTREZID","4200","undirected","Process(indirect)"
"ENTREZID","4191","ENTREZID","5091","directed","Process(indirect)"
"ENTREZID","4191","ENTREZID","5105","undirected","Process(indirect)"
"ENTREZID","4191","ENTREZID","5106","undirected","Process(indirect)"
"ENTREZID","4199","ENTREZID","10873","directed","Process(indirect)"
"ENTREZID","4199","ENTREZID","160287","directed","Process(indirect)"
"ENTREZID","4199","ENTREZID","197257","directed","Process(indirect)"
"ENTREZID","4199","ENTREZID","2271","directed","Process(indirect)"
"ENTREZID","4199","ENTREZID","2271","undirected","Process(indirect)"
"ENTREZID","4199","ENTREZID","3939","directed","Process(indirect)"
"ENTREZID","4199","ENTREZID","3945","directed","Process(indirect)"
"ENTREZID","4199","ENTREZID","3948","directed","Process(indirect)"
"ENTREZID","4199","ENTREZID","4190","directed","Process(indirect)"
"ENTREZID","4199","ENTREZID","4191","directed","Process(indirect)"
"ENTREZID","4199","ENTREZID","4200","directed","Process(indirect)"
"ENTREZID","4199","ENTREZID","4200","undirected","Process(indirect)"
"ENTREZID","4199","ENTREZID","5091","directed","Process(indirect)"
"ENTREZID","4199","ENTREZID","5160","directed","Process(indirect)"
"ENTREZID","4199","ENTREZID","5161","directed","Process(indirect)"
"ENTREZID","4199","ENTREZID","5162","directed","Process(indirect)"
"ENTREZID","4199","ENTREZID","92483","directed","Process(indirect)"
"ENTREZID","4200","ENTREZID","10873","directed","Process(indirect)"
"ENTREZID","4200","ENTREZID","160287","directed","Process(indirect)"
"ENTREZID","4200","ENTREZID","197257","directed","Process(indirect)"
"ENTREZID","4200","ENTREZID","2271","directed","Process(indirect)"
"ENTREZID","4200","ENTREZID","3939","directed","Process(indirect)"
"ENTREZID","4200","ENTREZID","3945","directed","Process(indirect)"
"ENTREZID","4200","ENTREZID","3948","directed","Process(indirect)"
"ENTREZID","4200","ENTREZID","4190","directed","Process(indirect)"
"ENTREZID","4200","ENTREZID","4191","directed","Process(indirect)"
"ENTREZID","4200","ENTREZID","4199","directed","Process(indirect)"
"ENTREZID","4200","ENTREZID","5091","directed","Process(indirect)"
"ENTREZID","4200","ENTREZID","5160","directed","Process(indirect)"
"ENTREZID","4200","ENTREZID","5161","directed","Process(indirect)"
"ENTREZID","4200","ENTREZID","5162","directed","Process(indirect)"
"ENTREZID","4200","ENTREZID","92483","directed","Process(indirect)"
"ENTREZID","501","ENTREZID","10327","directed","Process(indirect)"
"ENTREZID","501","ENTREZID","10327","undirected","Process(indirect)"
"ENTREZID","501","ENTREZID","124","directed","Process(indirect)"
"ENTREZID","501","ENTREZID","125","directed","Process(indirect)"
"ENTREZID","501","ENTREZID","126","directed","Process(indirect)"
"ENTREZID","501","ENTREZID","127","directed","Process(indirect)"
"ENTREZID","501","ENTREZID","128","directed","Process(indirect)"
"ENTREZID","501","ENTREZID","130","directed","Process(indirect)"
"ENTREZID","501","ENTREZID","131","directed","Process(indirect)"
"ENTREZID","501","ENTREZID","217","directed","Process(indirect)"
"ENTREZID","501","ENTREZID","219","directed","Process(indirect)"
"ENTREZID","501","ENTREZID","223","directed","Process(indirect)"
"ENTREZID","501","ENTREZID","224","directed","Process(indirect)"
"ENTREZID","501","ENTREZID","55902","directed","Process(indirect)"
"ENTREZID","501","ENTREZID","55902","undirected","Process(indirect)"
"ENTREZID","501","ENTREZID","84532","directed","Process(indirect)"
"ENTREZID","501","ENTREZID","84532","undirected","Process(indirect)"
"ENTREZID","501","ENTREZID","97","directed","Process(indirect)"
"ENTREZID","501","ENTREZID","98","directed","Process(indirect)"
"ENTREZID","5091","ENTREZID","10873","directed","Process(indirect)"
"ENTREZID","5091","ENTREZID","160287","directed","Process(indirect)"
"ENTREZID","5091","ENTREZID","197257","directed","Process(indirect)"
"ENTREZID","5091","ENTREZID","3939","directed","Process(indirect)"
"ENTREZID","5091","ENTREZID","3945","directed","Process(indirect)"
"ENTREZID","5091","ENTREZID","3948","directed","Process(indirect)"
"ENTREZID","5091","ENTREZID","4190","directed","Process(indirect)"
"ENTREZID","5091","ENTREZID","4191","directed","Process(indirect)"
"ENTREZID","5091","ENTREZID","4199","directed","Process(indirect)"
"ENTREZID","5091","ENTREZID","4200","directed","Process(indirect)"
"ENTREZID","5091","ENTREZID","5105","directed","Process(indirect)"
"ENTREZID","5091","ENTREZID","5106","directed","Process(indirect)"
"ENTREZID","5091","ENTREZID","5160","directed","Process(indirect)"
"ENTREZID","5091","ENTREZID","5161","directed","Process(indirect)"
"ENTREZID","5091","ENTREZID","5162","directed","Process(indirect)"
"ENTREZID","5091","ENTREZID","92483","directed","Process(indirect)"
"ENTREZID","5105","ENTREZID","4190","directed","Process(indirect)"
"ENTREZID","5105","ENTREZID","4191","directed","Process(indirect)"
"ENTREZID","5105","ENTREZID","5091","directed","Process(indirect)"
"ENTREZID","5105","ENTREZID","5106","directed","Process(indirect)"
"ENTREZID","5105","ENTREZID","5313","directed","Process(indirect)"
"ENTREZID","5105","ENTREZID","5315","directed","Process(indirect)"
"ENTREZID","5106","ENTREZID","4190","directed","Process(indirect)"
"ENTREZID","5106","ENTREZID","4191","directed","Process(indirect)"
"ENTREZID","5106","ENTREZID","5091","directed","Process(indirect)"
"ENTREZID","5106","ENTREZID","5105","directed","Process(indirect)"
"ENTREZID","5106","ENTREZID","5313","directed","Process(indirect)"
"ENTREZID","5106","ENTREZID","5315","directed","Process(indirect)"
"ENTREZID","5160","ENTREZID","1737","directed","Process(indirect)"
"ENTREZID","5161","ENTREZID","1737","directed","Process(indirect)"
"ENTREZID","5162","ENTREZID","1737","directed","Process(indirect)"
"ENTREZID","5313","ENTREZID","10873","directed","Process(indirect)"
"ENTREZID","5313","ENTREZID","160287","directed","Process(indirect)"
"ENTREZID","5313","ENTREZID","197257","directed","Process(indirect)"
"ENTREZID","5313","ENTREZID","3939","directed","Process(indirect)"
"ENTREZID","5313","ENTREZID","3945","directed","Process(indirect)"
"ENTREZID","5313","ENTREZID","3948","directed","Process(indirect)"
"ENTREZID","5313","ENTREZID","4199","directed","Process(indirect)"
"ENTREZID","5313","ENTREZID","4200","directed","Process(indirect)"
"ENTREZID","5313","ENTREZID","5091","directed","Process(indirect)"
"ENTREZID","5313","ENTREZID","5160","directed","Process(indirect)"
"ENTREZID","5313","ENTREZID","5161","directed","Process(indirect)"
"ENTREZID","5313","ENTREZID","5162","directed","Process(indirect)"
"ENTREZID","5313","ENTREZID","92483","directed","Process(indirect)"
"ENTREZID","5315","ENTREZID","10873","directed","Process(indirect)"
"ENTREZID","5315","ENTREZID","160287","directed","Process(indirect)"
"ENTREZID","5315","ENTREZID","197257","directed","Process(indirect)"
"ENTREZID","5315","ENTREZID","3939","directed","Process(indirect)"
"ENTREZID","5315","ENTREZID","3945","directed","Process(indirect)"
"ENTREZID","5315","ENTREZID","3948","directed","Process(indirect)"
"ENTREZID","5315","ENTREZID","4199","directed","Process(indirect)"
"ENTREZID","5315","ENTREZID","4200","directed","Process(indirect)"
"ENTREZID","5315","ENTREZID","5091","directed","Process(indirect)"
"ENTREZID","5315","ENTREZID","5160","directed","Process(indirect)"
"ENTREZID","5315","ENTREZID","5161","directed","Process(indirect)"
"ENTREZID","5315","ENTREZID","5162","directed","Process(indirect)"
"ENTREZID","5315","ENTREZID","92483","directed","Process(indirect)"
"ENTREZID","55902","ENTREZID","134526","directed","Process(indirect)"
"ENTREZID","55902","ENTREZID","1737","directed","Process(indirect)"
"ENTREZID","55902","ENTREZID","1737","undirected","Process(indirect)"
"ENTREZID","55902","ENTREZID","217","directed","Process(indirect)"
"ENTREZID","55902","ENTREZID","219","directed","Process(indirect)"
"ENTREZID","55902","ENTREZID","223","directed","Process(indirect)"
"ENTREZID","55902","ENTREZID","224","directed","Process(indirect)"
"ENTREZID","55902","ENTREZID","31","directed","Process(indirect)"
"ENTREZID","55902","ENTREZID","32","directed","Process(indirect)"
"ENTREZID","55902","ENTREZID","38","directed","Process(indirect)"
"ENTREZID","55902","ENTREZID","39","directed","Process(indirect)"
"ENTREZID","55902","ENTREZID","501","directed","Process(indirect)"
"ENTREZID","55902","ENTREZID","84532","directed","Process(indirect)"
"ENTREZID","55902","ENTREZID","84532","undirected","Process(indirect)"
"ENTREZID","55902","ENTREZID","97","directed","Process(indirect)"
"ENTREZID","55902","ENTREZID","98","directed","Process(indirect)"
"ENTREZID","84532","ENTREZID","134526","directed","Process(indirect)"
"ENTREZID","84532","ENTREZID","1737","directed","Process(indirect)"
"ENTREZID","84532","ENTREZID","1737","undirected","Process(indirect)"
"ENTREZID","84532","ENTREZID","217","directed","Process(indirect)"
"ENTREZID","84532","ENTREZID","219","directed","Process(indirect)"
"ENTREZID","84532","ENTREZID","223","directed","Process(indirect)"
"ENTREZID","84532","ENTREZID","224","directed","Process(indirect)"
"ENTREZID","84532","ENTREZID","31","directed","Process(indirect)"
"ENTREZID","84532","ENTREZID","32","directed","Process(indirect)"
"ENTREZID","84532","ENTREZID","38","directed","Process(indirect)"
"ENTREZID","84532","ENTREZID","39","directed","Process(indirect)"
"ENTREZID","84532","ENTREZID","501","directed","Process(indirect)"
"ENTREZID","84532","ENTREZID","55902","directed","Process(indirect)"
"ENTREZID","84532","ENTREZID","97","directed","Process(indirect)"
"ENTREZID","84532","ENTREZID","98","directed","Process(indirect)"
"ENTREZID","92483","ENTREZID","10873","directed","Process(indirect)"
"ENTREZID","92483","ENTREZID","160287","directed","Process(indirect)"
"ENTREZID","92483","ENTREZID","197257","directed","Process(indirect)"
"ENTREZID","92483","ENTREZID","3939","directed","Process(indirect)"
"ENTREZID","92483","ENTREZID","3945","directed","Process(indirect)"
"ENTREZID","92483","ENTREZID","3948","directed","Process(indirect)"
"ENTREZID","92483","ENTREZID","4199","directed","Process(indirect)"
"ENTREZID","92483","ENTREZID","4200","directed","Process(indirect)"
"ENTREZID","92483","ENTREZID","5091","directed","Process(indirect)"
"ENTREZID","92483","ENTREZID","5160","directed","Process(indirect)"
"ENTREZID","92483","ENTREZID","5161","directed","Process(indirect)"
"ENTREZID","92483","ENTREZID","5162","directed","Process(indirect)"
"ENTREZID","97","ENTREZID","217","directed","Process(indirect)"
"ENTREZID","97","ENTREZID","219","directed","Process(indirect)"
"ENTREZID","97","ENTREZID","223","directed","Process(indirect)"
"ENTREZID","97","ENTREZID","224","directed","Process(indirect)"
"ENTREZID","97","ENTREZID","501","directed","Process(indirect)"
"ENTREZID","97","ENTREZID","55902","directed","Process(indirect)"
"ENTREZID","97","ENTREZID","84532","directed","Process(indirect)"
"ENTREZID","98","ENTREZID","217","directed","Process(indirect)"
"ENTREZID","98","ENTREZID","219","directed","Process(indirect)"
"ENTREZID","98","ENTREZID","223","directed","Process(indirect)"
"ENTREZID","98","ENTREZID","224","directed","Process(indirect)"
"ENTREZID","98","ENTREZID","501","directed","Process(indirect)"
"ENTREZID","98","ENTREZID","55902","directed","Process(indirect)"
"ENTREZID","98","ENTREZID","84532","directed","Process(indirect)"
