"src_type","src","dest_type","dest","direction","type"
"ENTREZID","160287","ENTREZID","3939","directed","Process(indirect)"
"ENTREZID","160287","ENTREZID","3945","directed","Process(indirect)"
"ENTREZID","160287","ENTREZID","3948","directed","Process(indirect)"
"ENTREZID","160287","ENTREZID","593","directed","Process(indirect)"
"ENTREZID","160287","ENTREZID","594","directed","Process(indirect)"
"ENTREZID","160287","ENTREZID","92483","directed","Process(indirect)"
"ENTREZID","1629","ENTREZID","1738","directed","Process(indirect)"
"ENTREZID","1629","ENTREZID","35","directed","Process(indirect)"
"ENTREZID","1629","ENTREZID","4329","directed","Process(indirect)"
"ENTREZID","1629","ENTREZID","5095","directed","Process(indirect)"
"ENTREZID","1629","ENTREZID","5096","directed","Process(indirect)"
"ENTREZID","1629","ENTREZID","51","directed","Process(indirect)"
"ENTREZID","1629","ENTREZID","55862","directed","Process(indirect)"
"ENTREZID","1629","ENTREZID","55902","directed","Process(indirect)"
"ENTREZID","1629","ENTREZID","79611","directed","Process(indirect)"
"ENTREZID","1629","ENTREZID","8310","directed","Process(indirect)"
"ENTREZID","1629","ENTREZID","84532","directed","Process(indirect)"
"ENTREZID","1738","ENTREZID","1629","directed","Process(indirect)"
"ENTREZID","1738","ENTREZID","593","directed","Process(indirect)"
"ENTREZID","1738","ENTREZID","594","directed","Process(indirect)"
"ENTREZID","18","ENTREZID","4329","directed","Process(indirect)"
"ENTREZID","1892","ENTREZID","1962","directed","Process(indirect)"
"ENTREZID","1892","ENTREZID","26275","directed","Process(indirect)"
"ENTREZID","1892","ENTREZID","3030","directed","Process(indirect)"
"ENTREZID","1892","ENTREZID","35","directed","Process(indirect)"
"ENTREZID","1892","ENTREZID","35","undirected","Process(indirect)"
"ENTREZID","1892","ENTREZID","51","directed","Process(indirect)"
"ENTREZID","1892","ENTREZID","51","undirected","Process(indirect)"
"ENTREZID","1892","ENTREZID","8310","directed","Process(indirect)"
"ENTREZID","1892","ENTREZID","8310","undirected","Process(indirect)"
"ENTREZID","1962","ENTREZID","1892","directed","Process(indirect)"
"ENTREZID","1962","ENTREZID","26275","directed","Process(indirect)"
"ENTREZID","1962","ENTREZID","3030","directed","Process(indirect)"
"ENTREZID","1962","ENTREZID","35","directed","Process(indirect)"
"ENTREZID","1962","ENTREZID","35","undirected","Process(indirect)"
"ENTREZID","1962","ENTREZID","51","directed","Process(indirect)"
"ENTREZID","1962","ENTREZID","51","undirected","Process(indirect)"
"ENTREZID","1962","ENTREZID","8310","directed","Process(indirect)"
"ENTREZID","1962","ENTREZID","8310","undirected","Process(indirect)"
"ENTREZID","23417","ENTREZID","31","directed","Process(indirect)"
"ENTREZID","23417","ENTREZID","32","directed","Process(indirect)"
"ENTREZID","26275","ENTREZID","1892","directed","Process(indirect)"
"ENTREZID","26275","ENTREZID","1962","directed","Process(indirect)"
"ENTREZID","26275","ENTREZID","3030","directed","Process(indirect)"
"ENTREZID","3030","ENTREZID","1892","directed","Process(indirect)"
"ENTREZID","3030","ENTREZID","1962","directed","Process(indirect)"
"ENTREZID","3030","ENTREZID","26275","directed","Process(indirect)"
"ENTREZID","3030","ENTREZID","35","directed","Process(indirect)"
"ENTREZID","3030","ENTREZID","35","undirected","Process(indirect)"
"ENTREZID","3030","ENTREZID","51","directed","Process(indirect)"
"ENTREZID","3030","ENTREZID","51","undirected","Process(indirect)"
"ENTREZID","3030","ENTREZID","8310","directed","Process(indirect)"
"ENTREZID","3030","ENTREZID","8310","undirected","Process(indirect)"
"ENTREZID","31","ENTREZID","23417","directed","Process(indirect)"
"ENTREZID","32","ENTREZID","23417","directed","Process(indirect)"
"ENTREZID","35","ENTREZID","1629","directed","Process(indirect)"
"ENTREZID","35","ENTREZID","1892","directed","Process(indirect)"
"ENTREZID","35","ENTREZID","1962","directed","Process(indirect)"
"ENTREZID","35","ENTREZID","3030","directed","Process(indirect)"
"ENTREZID","35","ENTREZID","4329","directed","Process(indirect)"
"ENTREZID","35","ENTREZID","5095","directed","Process(indirect)"
"ENTREZID","35","ENTREZID","5096","directed","Process(indirect)"
"ENTREZID","35","ENTREZID","51","directed","Process(indirect)"
"ENTREZID","35","ENTREZID","55862","directed","Process(indirect)"
"ENTREZID","35","ENTREZID","55902","directed","Process(indirect)"
"ENTREZID","35","ENTREZID","79611","directed","Process(indirect)"
"ENTREZID","35","ENTREZID","79611","undirected","Process(indirect)"
"ENTREZID","35","ENTREZID","8310","directed","Process(indirect)"
"ENTREZID","35","ENTREZID","84532","directed","Process(indirect)"
"ENTREZID","3939","ENTREZID","160287","directed","Process(indirect)"
"ENTREZID","3939","ENTREZID","3945","directed","Process(indirect)"
"ENTREZID","3939","ENTREZID","3948","directed","Process(indirect)"
"ENTREZID","3939","ENTREZID","593","directed","Process(indirect)"
"ENTREZID","3939","ENTREZID","594","directed","Process(indirect)"
"ENTREZID","3939","ENTREZID","92483","directed","Process(indirect)"
"ENTREZID","3945","ENTREZID","160287","directed","Process(indirect)"
"ENTREZID","3945","ENTREZID","3939","directed","Process(indirect)"
"ENTREZID","3945","ENTREZID","3948","directed","Process(indirect)"
"ENTREZID","3945","ENTREZID","593","directed","Process(indirect)"
"ENTREZID","3945","ENTREZID","594","directed","Process(indirect)"
"ENTREZID","3945","ENTREZID","92483","directed","Process(indirect)"
"ENTREZID","3948","ENTREZID","160287","directed","Process(indirect)"
"ENTREZID","3948","ENTREZID","3939","directed","Process(indirect)"
"ENTREZID","3948","ENTREZID","3945","directed","Process(indirect)"
"ENTREZID","3948","ENTREZID","593","directed","Process(indirect)"
"ENTREZID","3948","ENTREZID","594","directed","Process(indirect)"
"ENTREZID","3948","ENTREZID","92483","directed","Process(indirect)"
"ENTREZID","4329","ENTREZID","1629","directed","Process(indirect)"
"ENTREZID","4329","ENTREZID","23417","directed","Process(indirect)"
"ENTREZID","4329","ENTREZID","31","directed","Process(indirect)"
"ENTREZID","4329","ENTREZID","32","directed","Process(indirect)"
"ENTREZID","4329","ENTREZID","35","directed","Process(indirect)"
"ENTREZID","4329","ENTREZID","5095","directed","Process(indirect)"
"ENTREZID","4329","ENTREZID","5096","directed","Process(indirect)"
"ENTREZID","4329","ENTREZID","51","directed","Process(indirect)"
"ENTREZID","4329","ENTREZID","55862","directed","Process(indirect)"
"ENTREZID","4329","ENTREZID","55902","directed","Process(indirect)"
"ENTREZID","4329","ENTREZID","79611","directed","Process(indirect)"
"ENTREZID","4329","ENTREZID","8310","directed","Process(indirect)"
"ENTREZID","4329","ENTREZID","84532","directed","Process(indirect)"
"ENTREZID","4594","ENTREZID","84693","undirected","Process(indirect)"
"ENTREZID","4594","ENTREZID","8801","directed","Process(indirect)"
"ENTREZID","4594","ENTREZID","8802","directed","Process(indirect)"
"ENTREZID","4594","ENTREZID","8803","directed","Process(indirect)"
"ENTREZID","5095","ENTREZID","1629","directed","Process(indirect)"
"ENTREZID","5095","ENTREZID","35","directed","Process(indirect)"
"ENTREZID","5095","ENTREZID","4329","directed","Process(indirect)"
"ENTREZID","5095","ENTREZID","51","directed","Process(indirect)"
"ENTREZID","5095","ENTREZID","55862","directed","Process(indirect)"
"ENTREZID","5095","ENTREZID","55902","directed","Process(indirect)"
"ENTREZID","5095","ENTREZID","79611","directed","Process(indirect)"
"ENTREZID","5095","ENTREZID","8310","directed","Process(indirect)"
"ENTREZID","5095","ENTREZID","84532","directed","Process(indirect)"
"ENTREZID","5095","ENTREZID","84693","directed","Process(indirect)"
"ENTREZID","5096","ENTREZID","1629","directed","Process(indirect)"
"ENTREZID","5096","ENTREZID","35","directed","Process(indirect)"
"ENTREZID","5096","ENTREZID","4329","directed","Process(indirect)"
"ENTREZID","5096","ENTREZID","51","directed","Process(indirect)"
"ENTREZID","5096","ENTREZID","55862","directed","Process(indirect)"
"ENTREZID","5096","ENTREZID","55902","directed","Process(indirect)"
"ENTREZID","5096","ENTREZID","79611","directed","Process(indirect)"
"ENTREZID","5096","ENTREZID","8310","directed","Process(indirect)"
"ENTREZID","5096","ENTREZID","84532","directed","Process(indirect)"
"ENTREZID","5096","ENTREZID","84693","directed","Process(indirect)"
"ENTREZID","51","ENTREZID","1629","directed","Process(indirect)"
"ENTREZID","51","ENTREZID","1892","directed","Process(indirect)"
"ENTREZID","51","ENTREZID","1962","directed","Process(indirect)"
"ENTREZID","51","ENTREZID","3030","directed","Process(indirect)"
"ENTREZID","51","ENTREZID","35","directed","Process(indirect)"
"ENTREZID","51","ENTREZID","35","undirected","Process(indirect)"
"ENTREZID","51","ENTREZID","4329","directed","Process(indirect)"
"ENTREZID","51","ENTREZID","5095","directed","Process(indirect)"
"ENTREZID","51","ENTREZID","5096","directed","Process(indirect)"
"ENTREZID","51","ENTREZID","55862","directed","Process(indirect)"
"ENTREZID","51","ENTREZID","55902","directed","Process(indirect)"
"ENTREZID","51","ENTREZID","55902","undirected","Process(indirect)"
"ENTREZID","51","ENTREZID","79611","directed","Process(indirect)"
"ENTREZID","51","ENTREZID","79611","undirected","Process(indirect)"
"ENTREZID","51","ENTREZID","8310","directed","Process(indirect)"
"ENTREZID","51","ENTREZID","84532","directed","Process(indirect)"
"ENTREZID","51","ENTREZID","84532","undirected","Process(indirect)"
"ENTREZID","55862","ENTREZID","1629","directed","Process(indirect)"
"ENTREZID","55862","ENTREZID","35","directed","Process(indirect)"
"ENTREZID","55862","ENTREZID","4329","directed","Process(indirect)"
"ENTREZID","55862","ENTREZID","5095","directed","Process(indirect)"
"ENTREZID","55862","ENTREZID","5096","directed","Process(indirect)"
"ENTREZID","55862","ENTREZID","51","directed","Process(indirect)"
"ENTREZID","55862","ENTREZID","55902","directed","Process(indirect)"
"ENTREZID","55862","ENTREZID","79611","directed","Process(indirect)"
"ENTREZID","55862","ENTREZID","8310","directed","Process(indirect)"
"ENTREZID","55862","ENTREZID","84532","directed","Process(indirect)"
"ENTREZID","55902","ENTREZID","1629","directed","Process(indirect)"
"ENTREZID","55902","ENTREZID","35","directed","Process(indirect)"
"ENTREZID","55902","ENTREZID","35","undirected","Process(indirect)"
"ENTREZID","55902","ENTREZID","4329","directed","Process(indirect)"
"ENTREZID","55902","ENTREZID","5095","directed","Process(indirect)"
"ENTREZID","55902","ENTREZID","5096","directed","Process(indirect)"
"ENTREZID","55902","ENTREZID","51","directed","Process(indirect)"
"ENTREZID","55902","ENTREZID","55862","directed","Process(indirect)"
"ENTREZID","55902","ENTREZID","79611","directed","Process(indirect)"
"ENTREZID","55902","ENTREZID","79611","undirected","Process(indirect)"
"ENTREZID","55902","ENTREZID","8310","directed","Process(indirect)"
"ENTREZID","55902","ENTREZID","8310","undirected","Process(indirect)"
"ENTREZID","55902","ENTREZID","84532","directed","Process(indirect)"
"ENTREZID","55902","ENTREZID","84532","undirected","Process(indirect)"
"ENTREZID","593","ENTREZID","160287","directed","Process(indirect)"
"ENTREZID","593","ENTREZID","1629","directed","Process(indirect)"
"ENTREZID","593","ENTREZID","1738","directed","Process(indirect)"
"ENTREZID","593","ENTREZID","3939","directed","Process(indirect)"
"ENTREZID","593","ENTREZID","3945","directed","Process(indirect)"
"ENTREZID","593","ENTREZID","3948","directed","Process(indirect)"
"ENTREZID","593","ENTREZID","92483","directed","Process(indirect)"
"ENTREZID","594","ENTREZID","160287","directed","Process(indirect)"
"ENTREZID","594","ENTREZID","1629","directed","Process(indirect)"
"ENTREZID","594","ENTREZID","1738","directed","Process(indirect)"
"ENTREZID","594","ENTREZID","3939","directed","Process(indirect)"
"ENTREZID","594","ENTREZID","3945","directed","Process(indirect)"
"ENTREZID","594","ENTREZID","3948","directed","Process(indirect)"
"ENTREZID","594","ENTREZID","92483","directed","Process(indirect)"
"ENTREZID","79611","ENTREZID","1629","directed","Process(indirect)"
"ENTREZID","79611","ENTREZID","35","directed","Process(indirect)"
"ENTREZID","79611","ENTREZID","4329","directed","Process(indirect)"
"ENTREZID","79611","ENTREZID","5095","directed","Process(indirect)"
"ENTREZID","79611","ENTREZID","5096","directed","Process(indirect)"
"ENTREZID","79611","ENTREZID","51","directed","Process(indirect)"
"ENTREZID","79611","ENTREZID","55862","directed","Process(indirect)"
"ENTREZID","79611","ENTREZID","55902","directed","Process(indirect)"
"ENTREZID","79611","ENTREZID","8310","directed","Process(indirect)"
"ENTREZID","79611","ENTREZID","8310","undirected","Process(indirect)"
"ENTREZID","79611","ENTREZID","84532","directed","Process(indirect)"
"ENTREZID","79611","ENTREZID","84532","undirected","Process(indirect)"
"ENTREZID","8310","ENTREZID","1629","directed","Process(indirect)"
"ENTREZID","8310","ENTREZID","1892","directed","Process(indirect)"
"ENTREZID","8310","ENTREZID","1962","directed","Process(indirect)"
"ENTREZID","8310","ENTREZID","3030","directed","Process(indirect)"
"ENTREZID","8310","ENTREZID","35","directed","Process(indirect)"
"ENTREZID","8310","ENTREZID","35","undirected","Process(indirect)"
"ENTREZID","8310","ENTREZID","4329","directed","Process(indirect)"
"ENTREZID","8310","ENTREZID","5095","directed","Process(indirect)"
"ENTREZID","8310","ENTREZID","5096","directed","Process(indirect)"
"ENTREZID","8310","ENTREZID","51","directed","Process(indirect)"
"ENTREZID","8310","ENTREZID","55862","directed","Process(indirect)"
"ENTREZID","8310","ENTREZID","55902","directed","Process(indirect)"
"ENTREZID","8310","ENTREZID","79611","directed","Process(indirect)"
"ENTREZID","8310","ENTREZID","84532","directed","Process(indirect)"
"ENTREZID","8310","ENTREZID","84532","undirected","Process(indirect)"
"ENTREZID","84532","ENTREZID","1629","directed","Process(indirect)"
"ENTREZID","84532","ENTREZID","35","directed","Process(indirect)"
"ENTREZID","84532","ENTREZID","35","undirected","Process(indirect)"
"ENTREZID","84532","ENTREZID","4329","directed","Process(indirect)"
"ENTREZID","84532","ENTREZID","5095","directed","Process(indirect)"
"ENTREZID","84532","ENTREZID","5096","directed","Process(indirect)"
"ENTREZID","84532","ENTREZID","51","directed","Process(indirect)"
"ENTREZID","84532","ENTREZID","55862","directed","Process(indirect)"
"ENTREZID","84532","ENTREZID","55902","directed","Process(indirect)"
"ENTREZID","84532","ENTREZID","79611","directed","Process(indirect)"
"ENTREZID","84532","ENTREZID","8310","directed","Process(indirect)"
"ENTREZID","84693","ENTREZID","4594","directed","Process(indirect)"
"ENTREZID","84693","ENTREZID","5095","directed","Process(indirect)"
"ENTREZID","84693","ENTREZID","5096","directed","Process(indirect)"
"ENTREZID","84693","ENTREZID","55862","directed","Process(indirect)"
"ENTREZID","8801","ENTREZID","8802","directed","Process(indirect)"
"ENTREZID","8801","ENTREZID","8803","directed","Process(indirect)"
"ENTREZID","8802","ENTREZID","8801","directed","Process(indirect)"
"ENTREZID","8802","ENTREZID","8803","directed","Process(indirect)"
"ENTREZID","8803","ENTREZID","8801","directed","Process(indirect)"
"ENTREZID","8803","ENTREZID","8802","directed","Process(indirect)"
"ENTREZID","92483","ENTREZID","160287","directed","Process(indirect)"
"ENTREZID","92483","ENTREZID","3939","directed","Process(indirect)"
"ENTREZID","92483","ENTREZID","3945","directed","Process(indirect)"
"ENTREZID","92483","ENTREZID","3948","directed","Process(indirect)"
"ENTREZID","92483","ENTREZID","593","directed","Process(indirect)"
"ENTREZID","92483","ENTREZID","594","directed","Process(indirect)"
