"src_type","src","dest_type","dest","direction","type"
"ENTREZID","100528021","ENTREZID","10797","directed","Process(indirect)"
"ENTREZID","100528021","ENTREZID","10841","directed","Process(indirect)"
"ENTREZID","100528021","ENTREZID","2618","directed","Process(indirect)"
"ENTREZID","100528021","ENTREZID","275","directed","Process(indirect)"
"ENTREZID","100528021","ENTREZID","441024","directed","Process(indirect)"
"ENTREZID","100528021","ENTREZID","4522","directed","Process(indirect)"
"ENTREZID","10588","ENTREZID","10797","directed","Process(indirect)"
"ENTREZID","10588","ENTREZID","10841","directed","Process(indirect)"
"ENTREZID","10588","ENTREZID","2618","directed","Process(indirect)"
"ENTREZID","10588","ENTREZID","275","directed","Process(indirect)"
"ENTREZID","10588","ENTREZID","441024","directed","Process(indirect)"
"ENTREZID","10588","ENTREZID","4522","directed","Process(indirect)"
"ENTREZID","10797","ENTREZID","100528021","directed","Process(indirect)"
"ENTREZID","10797","ENTREZID","10588","directed","Process(indirect)"
"ENTREZID","10797","ENTREZID","10840","directed","Process(indirect)"
"ENTREZID","10797","ENTREZID","10841","directed","Process(indirect)"
"ENTREZID","10797","ENTREZID","10841","undirected","Process(indirect)"
"ENTREZID","10797","ENTREZID","123263","directed","Process(indirect)"
"ENTREZID","10797","ENTREZID","160428","directed","Process(indirect)"
"ENTREZID","10797","ENTREZID","25902","directed","Process(indirect)"
"ENTREZID","10797","ENTREZID","2618","directed","Process(indirect)"
"ENTREZID","10797","ENTREZID","2618","undirected","Process(indirect)"
"ENTREZID","10797","ENTREZID","275","directed","Process(indirect)"
"ENTREZID","10797","ENTREZID","275","undirected","Process(indirect)"
"ENTREZID","10797","ENTREZID","441024","directed","Process(indirect)"
"ENTREZID","10797","ENTREZID","441024","undirected","Process(indirect)"
"ENTREZID","10797","ENTREZID","4522","directed","Process(indirect)"
"ENTREZID","10797","ENTREZID","4522","undirected","Process(indirect)"
"ENTREZID","10797","ENTREZID","4524","directed","Process(indirect)"
"ENTREZID","10797","ENTREZID","471","directed","Process(indirect)"
"ENTREZID","10797","ENTREZID","471","undirected","Process(indirect)"
"ENTREZID","10797","ENTREZID","6470","directed","Process(indirect)"
"ENTREZID","10797","ENTREZID","6470","undirected","Process(indirect)"
"ENTREZID","10797","ENTREZID","6472","directed","Process(indirect)"
"ENTREZID","10797","ENTREZID","6472","undirected","Process(indirect)"
"ENTREZID","10797","ENTREZID","7298","directed","Process(indirect)"
"ENTREZID","10797","ENTREZID","7298","undirected","Process(indirect)"
"ENTREZID","10840","ENTREZID","10841","directed","Process(indirect)"
"ENTREZID","10840","ENTREZID","123263","directed","Process(indirect)"
"ENTREZID","10840","ENTREZID","1719","directed","Process(indirect)"
"ENTREZID","10840","ENTREZID","200895","directed","Process(indirect)"
"ENTREZID","10840","ENTREZID","25902","directed","Process(indirect)"
"ENTREZID","10840","ENTREZID","2618","directed","Process(indirect)"
"ENTREZID","10840","ENTREZID","275","directed","Process(indirect)"
"ENTREZID","10840","ENTREZID","4522","directed","Process(indirect)"
"ENTREZID","10840","ENTREZID","4548","directed","Process(indirect)"
"ENTREZID","10840","ENTREZID","471","directed","Process(indirect)"
"ENTREZID","10840","ENTREZID","6470","directed","Process(indirect)"
"ENTREZID","10840","ENTREZID","6472","directed","Process(indirect)"
"ENTREZID","10841","ENTREZID","100528021","directed","Process(indirect)"
"ENTREZID","10841","ENTREZID","10588","directed","Process(indirect)"
"ENTREZID","10841","ENTREZID","10797","directed","Process(indirect)"
"ENTREZID","10841","ENTREZID","10840","directed","Process(indirect)"
"ENTREZID","10841","ENTREZID","123263","directed","Process(indirect)"
"ENTREZID","10841","ENTREZID","160428","directed","Process(indirect)"
"ENTREZID","10841","ENTREZID","1719","directed","Process(indirect)"
"ENTREZID","10841","ENTREZID","200895","directed","Process(indirect)"
"ENTREZID","10841","ENTREZID","25902","directed","Process(indirect)"
"ENTREZID","10841","ENTREZID","2618","directed","Process(indirect)"
"ENTREZID","10841","ENTREZID","275","directed","Process(indirect)"
"ENTREZID","10841","ENTREZID","275","undirected","Process(indirect)"
"ENTREZID","10841","ENTREZID","441024","directed","Process(indirect)"
"ENTREZID","10841","ENTREZID","441024","undirected","Process(indirect)"
"ENTREZID","10841","ENTREZID","4522","directed","Process(indirect)"
"ENTREZID","10841","ENTREZID","4522","undirected","Process(indirect)"
"ENTREZID","10841","ENTREZID","4548","directed","Process(indirect)"
"ENTREZID","10841","ENTREZID","471","directed","Process(indirect)"
"ENTREZID","10841","ENTREZID","6470","directed","Process(indirect)"
"ENTREZID","10841","ENTREZID","6472","directed","Process(indirect)"
"ENTREZID","123263","ENTREZID","10840","directed","Process(indirect)"
"ENTREZID","123263","ENTREZID","10841","directed","Process(indirect)"
"ENTREZID","123263","ENTREZID","160428","directed","Process(indirect)"
"ENTREZID","123263","ENTREZID","1719","directed","Process(indirect)"
"ENTREZID","123263","ENTREZID","200895","directed","Process(indirect)"
"ENTREZID","123263","ENTREZID","25902","directed","Process(indirect)"
"ENTREZID","123263","ENTREZID","2618","directed","Process(indirect)"
"ENTREZID","123263","ENTREZID","275","directed","Process(indirect)"
"ENTREZID","123263","ENTREZID","4522","directed","Process(indirect)"
"ENTREZID","123263","ENTREZID","4548","directed","Process(indirect)"
"ENTREZID","123263","ENTREZID","471","directed","Process(indirect)"
"ENTREZID","123263","ENTREZID","6470","directed","Process(indirect)"
"ENTREZID","123263","ENTREZID","6472","directed","Process(indirect)"
"ENTREZID","160428","ENTREZID","10841","directed","Process(indirect)"
"ENTREZID","160428","ENTREZID","123263","directed","Process(indirect)"
"ENTREZID","160428","ENTREZID","1719","directed","Process(indirect)"
"ENTREZID","160428","ENTREZID","200895","directed","Process(indirect)"
"ENTREZID","160428","ENTREZID","25902","directed","Process(indirect)"
"ENTREZID","160428","ENTREZID","2618","directed","Process(indirect)"
"ENTREZID","160428","ENTREZID","275","directed","Process(indirect)"
"ENTREZID","160428","ENTREZID","4522","directed","Process(indirect)"
"ENTREZID","160428","ENTREZID","4548","directed","Process(indirect)"
"ENTREZID","160428","ENTREZID","471","directed","Process(indirect)"
"ENTREZID","160428","ENTREZID","6470","directed","Process(indirect)"
"ENTREZID","160428","ENTREZID","6472","directed","Process(indirect)"
"ENTREZID","1719","ENTREZID","10840","directed","Process(indirect)"
"ENTREZID","1719","ENTREZID","10841","directed","Process(indirect)"
"ENTREZID","1719","ENTREZID","123263","directed","Process(indirect)"
"ENTREZID","1719","ENTREZID","160428","directed","Process(indirect)"
"ENTREZID","1719","ENTREZID","200895","directed","Process(indirect)"
"ENTREZID","1719","ENTREZID","200895","undirected","Process(indirect)"
"ENTREZID","1719","ENTREZID","25902","directed","Process(indirect)"
"ENTREZID","1719","ENTREZID","2618","directed","Process(indirect)"
"ENTREZID","1719","ENTREZID","275","directed","Process(indirect)"
"ENTREZID","1719","ENTREZID","275","undirected","Process(indirect)"
"ENTREZID","1719","ENTREZID","4522","directed","Process(indirect)"
"ENTREZID","1719","ENTREZID","4548","directed","Process(indirect)"
"ENTREZID","1719","ENTREZID","471","directed","Process(indirect)"
"ENTREZID","1719","ENTREZID","6470","directed","Process(indirect)"
"ENTREZID","1719","ENTREZID","6472","directed","Process(indirect)"
"ENTREZID","1719","ENTREZID","7298","undirected","Process(indirect)"
"ENTREZID","200895","ENTREZID","10840","directed","Process(indirect)"
"ENTREZID","200895","ENTREZID","10841","directed","Process(indirect)"
"ENTREZID","200895","ENTREZID","123263","directed","Process(indirect)"
"ENTREZID","200895","ENTREZID","160428","directed","Process(indirect)"
"ENTREZID","200895","ENTREZID","1719","directed","Process(indirect)"
"ENTREZID","200895","ENTREZID","25902","directed","Process(indirect)"
"ENTREZID","200895","ENTREZID","2618","directed","Process(indirect)"
"ENTREZID","200895","ENTREZID","275","directed","Process(indirect)"
"ENTREZID","200895","ENTREZID","275","undirected","Process(indirect)"
"ENTREZID","200895","ENTREZID","4522","directed","Process(indirect)"
"ENTREZID","200895","ENTREZID","4548","directed","Process(indirect)"
"ENTREZID","200895","ENTREZID","471","directed","Process(indirect)"
"ENTREZID","200895","ENTREZID","6470","directed","Process(indirect)"
"ENTREZID","200895","ENTREZID","6472","directed","Process(indirect)"
"ENTREZID","200895","ENTREZID","7298","undirected","Process(indirect)"
"ENTREZID","25902","ENTREZID","10797","directed","Process(indirect)"
"ENTREZID","25902","ENTREZID","10840","directed","Process(indirect)"
"ENTREZID","25902","ENTREZID","10841","directed","Process(indirect)"
"ENTREZID","25902","ENTREZID","123263","directed","Process(indirect)"
"ENTREZID","25902","ENTREZID","160428","directed","Process(indirect)"
"ENTREZID","25902","ENTREZID","1719","directed","Process(indirect)"
"ENTREZID","25902","ENTREZID","200895","directed","Process(indirect)"
"ENTREZID","25902","ENTREZID","2618","directed","Process(indirect)"
"ENTREZID","25902","ENTREZID","275","directed","Process(indirect)"
"ENTREZID","25902","ENTREZID","441024","directed","Process(indirect)"
"ENTREZID","25902","ENTREZID","4522","directed","Process(indirect)"
"ENTREZID","25902","ENTREZID","4548","directed","Process(indirect)"
"ENTREZID","25902","ENTREZID","471","directed","Process(indirect)"
"ENTREZID","25902","ENTREZID","6470","directed","Process(indirect)"
"ENTREZID","25902","ENTREZID","6472","directed","Process(indirect)"
"ENTREZID","2618","ENTREZID","10840","directed","Process(indirect)"
"ENTREZID","2618","ENTREZID","10841","directed","Process(indirect)"
"ENTREZID","2618","ENTREZID","123263","directed","Process(indirect)"
"ENTREZID","2618","ENTREZID","160428","directed","Process(indirect)"
"ENTREZID","2618","ENTREZID","1719","directed","Process(indirect)"
"ENTREZID","2618","ENTREZID","200895","directed","Process(indirect)"
"ENTREZID","2618","ENTREZID","25902","directed","Process(indirect)"
"ENTREZID","2618","ENTREZID","275","directed","Process(indirect)"
"ENTREZID","2618","ENTREZID","275","undirected","Process(indirect)"
"ENTREZID","2618","ENTREZID","441024","undirected","Process(indirect)"
"ENTREZID","2618","ENTREZID","4522","directed","Process(indirect)"
"ENTREZID","2618","ENTREZID","4522","undirected","Process(indirect)"
"ENTREZID","2618","ENTREZID","4548","directed","Process(indirect)"
"ENTREZID","2618","ENTREZID","471","directed","Process(indirect)"
"ENTREZID","2618","ENTREZID","471","undirected","Process(indirect)"
"ENTREZID","2618","ENTREZID","6470","directed","Process(indirect)"
"ENTREZID","2618","ENTREZID","6472","directed","Process(indirect)"
"ENTREZID","275","ENTREZID","100528021","directed","Process(indirect)"
"ENTREZID","275","ENTREZID","10588","directed","Process(indirect)"
"ENTREZID","275","ENTREZID","10797","directed","Process(indirect)"
"ENTREZID","275","ENTREZID","10840","directed","Process(indirect)"
"ENTREZID","275","ENTREZID","10841","directed","Process(indirect)"
"ENTREZID","275","ENTREZID","123263","directed","Process(indirect)"
"ENTREZID","275","ENTREZID","160428","directed","Process(indirect)"
"ENTREZID","275","ENTREZID","1719","directed","Process(indirect)"
"ENTREZID","275","ENTREZID","200895","directed","Process(indirect)"
"ENTREZID","275","ENTREZID","25902","directed","Process(indirect)"
"ENTREZID","275","ENTREZID","2618","directed","Process(indirect)"
"ENTREZID","275","ENTREZID","441024","directed","Process(indirect)"
"ENTREZID","275","ENTREZID","441024","undirected","Process(indirect)"
"ENTREZID","275","ENTREZID","4522","directed","Process(indirect)"
"ENTREZID","275","ENTREZID","4522","undirected","Process(indirect)"
"ENTREZID","275","ENTREZID","4524","directed","Process(indirect)"
"ENTREZID","275","ENTREZID","4548","directed","Process(indirect)"
"ENTREZID","275","ENTREZID","4548","undirected","Process(indirect)"
"ENTREZID","275","ENTREZID","471","directed","Process(indirect)"
"ENTREZID","275","ENTREZID","471","undirected","Process(indirect)"
"ENTREZID","275","ENTREZID","6470","directed","Process(indirect)"
"ENTREZID","275","ENTREZID","6470","undirected","Process(indirect)"
"ENTREZID","275","ENTREZID","6472","directed","Process(indirect)"
"ENTREZID","275","ENTREZID","6472","undirected","Process(indirect)"
"ENTREZID","275","ENTREZID","7298","directed","Process(indirect)"
"ENTREZID","275","ENTREZID","7298","undirected","Process(indirect)"
"ENTREZID","441024","ENTREZID","100528021","directed","Process(indirect)"
"ENTREZID","441024","ENTREZID","10588","directed","Process(indirect)"
"ENTREZID","441024","ENTREZID","10797","directed","Process(indirect)"
"ENTREZID","441024","ENTREZID","10840","directed","Process(indirect)"
"ENTREZID","441024","ENTREZID","10841","directed","Process(indirect)"
"ENTREZID","441024","ENTREZID","123263","directed","Process(indirect)"
"ENTREZID","441024","ENTREZID","160428","directed","Process(indirect)"
"ENTREZID","441024","ENTREZID","25902","directed","Process(indirect)"
"ENTREZID","441024","ENTREZID","2618","directed","Process(indirect)"
"ENTREZID","441024","ENTREZID","275","directed","Process(indirect)"
"ENTREZID","441024","ENTREZID","4522","directed","Process(indirect)"
"ENTREZID","441024","ENTREZID","4522","undirected","Process(indirect)"
"ENTREZID","441024","ENTREZID","4524","directed","Process(indirect)"
"ENTREZID","441024","ENTREZID","471","directed","Process(indirect)"
"ENTREZID","441024","ENTREZID","471","undirected","Process(indirect)"
"ENTREZID","441024","ENTREZID","6470","directed","Process(indirect)"
"ENTREZID","441024","ENTREZID","6470","undirected","Process(indirect)"
"ENTREZID","441024","ENTREZID","6472","directed","Process(indirect)"
"ENTREZID","441024","ENTREZID","6472","undirected","Process(indirect)"
"ENTREZID","441024","ENTREZID","7298","directed","Process(indirect)"
"ENTREZID","441024","ENTREZID","7298","undirected","Process(indirect)"
"ENTREZID","4522","ENTREZID","100528021","directed","Process(indirect)"
"ENTREZID","4522","ENTREZID","10588","directed","Process(indirect)"
"ENTREZID","4522","ENTREZID","10797","directed","Process(indirect)"
"ENTREZID","4522","ENTREZID","10840","directed","Process(indirect)"
"ENTREZID","4522","ENTREZID","10841","directed","Process(indirect)"
"ENTREZID","4522","ENTREZID","123263","directed","Process(indirect)"
"ENTREZID","4522","ENTREZID","160428","directed","Process(indirect)"
"ENTREZID","4522","ENTREZID","1719","directed","Process(indirect)"
"ENTREZID","4522","ENTREZID","200895","directed","Process(indirect)"
"ENTREZID","4522","ENTREZID","25902","directed","Process(indirect)"
"ENTREZID","4522","ENTREZID","2618","directed","Process(indirect)"
"ENTREZID","4522","ENTREZID","275","directed","Process(indirect)"
"ENTREZID","4522","ENTREZID","441024","directed","Process(indirect)"
"ENTREZID","4522","ENTREZID","4524","directed","Process(indirect)"
"ENTREZID","4522","ENTREZID","4548","directed","Process(indirect)"
"ENTREZID","4522","ENTREZID","471","directed","Process(indirect)"
"ENTREZID","4522","ENTREZID","471","undirected","Process(indirect)"
"ENTREZID","4522","ENTREZID","6470","directed","Process(indirect)"
"ENTREZID","4522","ENTREZID","6470","undirected","Process(indirect)"
"ENTREZID","4522","ENTREZID","6472","directed","Process(indirect)"
"ENTREZID","4522","ENTREZID","6472","undirected","Process(indirect)"
"ENTREZID","4522","ENTREZID","7298","directed","Process(indirect)"
"ENTREZID","4522","ENTREZID","7298","undirected","Process(indirect)"
"ENTREZID","4524","ENTREZID","4548","directed","Process(indirect)"
"ENTREZID","4548","ENTREZID","10840","directed","Process(indirect)"
"ENTREZID","4548","ENTREZID","10841","directed","Process(indirect)"
"ENTREZID","4548","ENTREZID","123263","directed","Process(indirect)"
"ENTREZID","4548","ENTREZID","160428","directed","Process(indirect)"
"ENTREZID","4548","ENTREZID","25902","directed","Process(indirect)"
"ENTREZID","4548","ENTREZID","2618","directed","Process(indirect)"
"ENTREZID","4548","ENTREZID","275","directed","Process(indirect)"
"ENTREZID","4548","ENTREZID","4522","directed","Process(indirect)"
"ENTREZID","4548","ENTREZID","4524","directed","Process(indirect)"
"ENTREZID","4548","ENTREZID","471","directed","Process(indirect)"
"ENTREZID","4548","ENTREZID","6470","directed","Process(indirect)"
"ENTREZID","4548","ENTREZID","6472","directed","Process(indirect)"
"ENTREZID","471","ENTREZID","10840","directed","Process(indirect)"
"ENTREZID","471","ENTREZID","10841","directed","Process(indirect)"
"ENTREZID","471","ENTREZID","123263","directed","Process(indirect)"
"ENTREZID","471","ENTREZID","160428","directed","Process(indirect)"
"ENTREZID","471","ENTREZID","1719","directed","Process(indirect)"
"ENTREZID","471","ENTREZID","200895","directed","Process(indirect)"
"ENTREZID","471","ENTREZID","25902","directed","Process(indirect)"
"ENTREZID","471","ENTREZID","2618","directed","Process(indirect)"
"ENTREZID","471","ENTREZID","275","directed","Process(indirect)"
"ENTREZID","471","ENTREZID","4522","directed","Process(indirect)"
"ENTREZID","471","ENTREZID","4548","directed","Process(indirect)"
"ENTREZID","471","ENTREZID","6470","directed","Process(indirect)"
"ENTREZID","471","ENTREZID","6472","directed","Process(indirect)"
"ENTREZID","6470","ENTREZID","10797","directed","Process(indirect)"
"ENTREZID","6470","ENTREZID","10840","directed","Process(indirect)"
"ENTREZID","6470","ENTREZID","10841","directed","Process(indirect)"
"ENTREZID","6470","ENTREZID","123263","directed","Process(indirect)"
"ENTREZID","6470","ENTREZID","160428","directed","Process(indirect)"
"ENTREZID","6470","ENTREZID","1719","directed","Process(indirect)"
"ENTREZID","6470","ENTREZID","200895","directed","Process(indirect)"
"ENTREZID","6470","ENTREZID","25902","directed","Process(indirect)"
"ENTREZID","6470","ENTREZID","2618","directed","Process(indirect)"
"ENTREZID","6470","ENTREZID","275","directed","Process(indirect)"
"ENTREZID","6470","ENTREZID","441024","directed","Process(indirect)"
"ENTREZID","6470","ENTREZID","4522","directed","Process(indirect)"
"ENTREZID","6470","ENTREZID","4524","directed","Process(indirect)"
"ENTREZID","6470","ENTREZID","4548","directed","Process(indirect)"
"ENTREZID","6470","ENTREZID","471","directed","Process(indirect)"
"ENTREZID","6470","ENTREZID","6472","directed","Process(indirect)"
"ENTREZID","6470","ENTREZID","7298","directed","Process(indirect)"
"ENTREZID","6470","ENTREZID","7298","undirected","Process(indirect)"
"ENTREZID","6472","ENTREZID","10797","directed","Process(indirect)"
"ENTREZID","6472","ENTREZID","10840","directed","Process(indirect)"
"ENTREZID","6472","ENTREZID","10841","directed","Process(indirect)"
"ENTREZID","6472","ENTREZID","123263","directed","Process(indirect)"
"ENTREZID","6472","ENTREZID","160428","directed","Process(indirect)"
"ENTREZID","6472","ENTREZID","1719","directed","Process(indirect)"
"ENTREZID","6472","ENTREZID","200895","directed","Process(indirect)"
"ENTREZID","6472","ENTREZID","25902","directed","Process(indirect)"
"ENTREZID","6472","ENTREZID","2618","directed","Process(indirect)"
"ENTREZID","6472","ENTREZID","275","directed","Process(indirect)"
"ENTREZID","6472","ENTREZID","441024","directed","Process(indirect)"
"ENTREZID","6472","ENTREZID","4522","directed","Process(indirect)"
"ENTREZID","6472","ENTREZID","4524","directed","Process(indirect)"
"ENTREZID","6472","ENTREZID","4548","directed","Process(indirect)"
"ENTREZID","6472","ENTREZID","471","directed","Process(indirect)"
"ENTREZID","6472","ENTREZID","6470","directed","Process(indirect)"
"ENTREZID","6472","ENTREZID","7298","directed","Process(indirect)"
"ENTREZID","6472","ENTREZID","7298","undirected","Process(indirect)"
"ENTREZID","7298","ENTREZID","10797","directed","Process(indirect)"
"ENTREZID","7298","ENTREZID","1719","directed","Process(indirect)"
"ENTREZID","7298","ENTREZID","200895","directed","Process(indirect)"
"ENTREZID","7298","ENTREZID","275","directed","Process(indirect)"
"ENTREZID","7298","ENTREZID","441024","directed","Process(indirect)"
"ENTREZID","7298","ENTREZID","4522","directed","Process(indirect)"
"ENTREZID","7298","ENTREZID","4524","directed","Process(indirect)"
"ENTREZID","7298","ENTREZID","6470","directed","Process(indirect)"
"ENTREZID","7298","ENTREZID","6472","directed","Process(indirect)"
