"src_type","src","dest_type","dest","direction","type"
"ENTREZID","1373","ENTREZID","2746","directed","Process(indirect)"
"ENTREZID","1373","ENTREZID","2747","directed","Process(indirect)"
"ENTREZID","1373","ENTREZID","2752","directed","Process(indirect)"
"ENTREZID","2746","ENTREZID","1373","directed","Process(indirect)"
"ENTREZID","2746","ENTREZID","2747","directed","Process(indirect)"
"ENTREZID","2746","ENTREZID","2752","directed","Process(indirect)"
"ENTREZID","2747","ENTREZID","1373","directed","Process(indirect)"
"ENTREZID","2747","ENTREZID","2746","directed","Process(indirect)"
"ENTREZID","2747","ENTREZID","2752","directed","Process(indirect)"
