"src_type","src","dest_type","dest","direction","type"
"ENTREZID","10720","ENTREZID","107987478","directed","Process(indirect)"
"ENTREZID","10720","ENTREZID","107987479","directed","Process(indirect)"
"ENTREZID","10720","ENTREZID","1564","directed","Process(indirect)"
"ENTREZID","10720","ENTREZID","1565","directed","Process(indirect)"
"ENTREZID","10720","ENTREZID","1576","directed","Process(indirect)"
"ENTREZID","107987478","ENTREZID","10720","directed","Process(indirect)"
"ENTREZID","107987478","ENTREZID","10941","directed","Process(indirect)"
"ENTREZID","107987478","ENTREZID","1557","directed","Process(indirect)"
"ENTREZID","107987478","ENTREZID","1559","directed","Process(indirect)"
"ENTREZID","107987478","ENTREZID","1576","directed","Process(indirect)"
"ENTREZID","107987478","ENTREZID","4128","directed","Process(indirect)"
"ENTREZID","107987478","ENTREZID","4129","directed","Process(indirect)"
"ENTREZID","107987478","ENTREZID","54490","directed","Process(indirect)"
"ENTREZID","107987478","ENTREZID","54575","directed","Process(indirect)"
"ENTREZID","107987478","ENTREZID","54576","directed","Process(indirect)"
"ENTREZID","107987478","ENTREZID","54577","directed","Process(indirect)"
"ENTREZID","107987478","ENTREZID","54578","directed","Process(indirect)"
"ENTREZID","107987478","ENTREZID","54579","directed","Process(indirect)"
"ENTREZID","107987478","ENTREZID","54600","directed","Process(indirect)"
"ENTREZID","107987478","ENTREZID","54657","directed","Process(indirect)"
"ENTREZID","107987478","ENTREZID","54658","directed","Process(indirect)"
"ENTREZID","107987478","ENTREZID","54659","directed","Process(indirect)"
"ENTREZID","107987478","ENTREZID","574537","directed","Process(indirect)"
"ENTREZID","107987478","ENTREZID","7363","directed","Process(indirect)"
"ENTREZID","107987478","ENTREZID","7364","directed","Process(indirect)"
"ENTREZID","107987478","ENTREZID","7365","directed","Process(indirect)"
"ENTREZID","107987478","ENTREZID","7366","directed","Process(indirect)"
"ENTREZID","107987478","ENTREZID","7367","directed","Process(indirect)"
"ENTREZID","107987478","ENTREZID","79799","directed","Process(indirect)"
"ENTREZID","107987479","ENTREZID","10720","directed","Process(indirect)"
"ENTREZID","107987479","ENTREZID","10941","directed","Process(indirect)"
"ENTREZID","107987479","ENTREZID","1557","directed","Process(indirect)"
"ENTREZID","107987479","ENTREZID","1559","directed","Process(indirect)"
"ENTREZID","107987479","ENTREZID","1576","directed","Process(indirect)"
"ENTREZID","107987479","ENTREZID","4128","directed","Process(indirect)"
"ENTREZID","107987479","ENTREZID","4129","directed","Process(indirect)"
"ENTREZID","107987479","ENTREZID","54490","directed","Process(indirect)"
"ENTREZID","107987479","ENTREZID","54575","directed","Process(indirect)"
"ENTREZID","107987479","ENTREZID","54576","directed","Process(indirect)"
"ENTREZID","107987479","ENTREZID","54577","directed","Process(indirect)"
"ENTREZID","107987479","ENTREZID","54578","directed","Process(indirect)"
"ENTREZID","107987479","ENTREZID","54579","directed","Process(indirect)"
"ENTREZID","107987479","ENTREZID","54600","directed","Process(indirect)"
"ENTREZID","107987479","ENTREZID","54657","directed","Process(indirect)"
"ENTREZID","107987479","ENTREZID","54658","directed","Process(indirect)"
"ENTREZID","107987479","ENTREZID","54659","directed","Process(indirect)"
"ENTREZID","107987479","ENTREZID","574537","directed","Process(indirect)"
"ENTREZID","107987479","ENTREZID","7363","directed","Process(indirect)"
"ENTREZID","107987479","ENTREZID","7364","directed","Process(indirect)"
"ENTREZID","107987479","ENTREZID","7365","directed","Process(indirect)"
"ENTREZID","107987479","ENTREZID","7366","directed","Process(indirect)"
"ENTREZID","107987479","ENTREZID","7367","directed","Process(indirect)"
"ENTREZID","107987479","ENTREZID","79799","directed","Process(indirect)"
"ENTREZID","10941","ENTREZID","107987478","directed","Process(indirect)"
"ENTREZID","10941","ENTREZID","107987479","directed","Process(indirect)"
"ENTREZID","10941","ENTREZID","1564","directed","Process(indirect)"
"ENTREZID","10941","ENTREZID","1565","directed","Process(indirect)"
"ENTREZID","10941","ENTREZID","1576","directed","Process(indirect)"
"ENTREZID","119391","ENTREZID","124","directed","Process(indirect)"
"ENTREZID","119391","ENTREZID","125","directed","Process(indirect)"
"ENTREZID","119391","ENTREZID","126","directed","Process(indirect)"
"ENTREZID","119391","ENTREZID","127","directed","Process(indirect)"
"ENTREZID","119391","ENTREZID","128","directed","Process(indirect)"
"ENTREZID","119391","ENTREZID","130","directed","Process(indirect)"
"ENTREZID","119391","ENTREZID","131","directed","Process(indirect)"
"ENTREZID","119391","ENTREZID","218","directed","Process(indirect)"
"ENTREZID","119391","ENTREZID","221","directed","Process(indirect)"
"ENTREZID","119391","ENTREZID","222","directed","Process(indirect)"
"ENTREZID","124","ENTREZID","119391","directed","Process(indirect)"
"ENTREZID","124","ENTREZID","218","directed","Process(indirect)"
"ENTREZID","124","ENTREZID","221","directed","Process(indirect)"
"ENTREZID","124","ENTREZID","221357","directed","Process(indirect)"
"ENTREZID","124","ENTREZID","222","directed","Process(indirect)"
"ENTREZID","124","ENTREZID","27306","directed","Process(indirect)"
"ENTREZID","124","ENTREZID","2938","directed","Process(indirect)"
"ENTREZID","124","ENTREZID","2939","directed","Process(indirect)"
"ENTREZID","124","ENTREZID","2940","directed","Process(indirect)"
"ENTREZID","124","ENTREZID","2941","directed","Process(indirect)"
"ENTREZID","124","ENTREZID","2944","directed","Process(indirect)"
"ENTREZID","124","ENTREZID","2946","directed","Process(indirect)"
"ENTREZID","124","ENTREZID","2947","directed","Process(indirect)"
"ENTREZID","124","ENTREZID","2948","directed","Process(indirect)"
"ENTREZID","124","ENTREZID","2949","directed","Process(indirect)"
"ENTREZID","124","ENTREZID","2950","directed","Process(indirect)"
"ENTREZID","124","ENTREZID","2952","directed","Process(indirect)"
"ENTREZID","124","ENTREZID","2953","directed","Process(indirect)"
"ENTREZID","124","ENTREZID","373156","directed","Process(indirect)"
"ENTREZID","124","ENTREZID","4257","directed","Process(indirect)"
"ENTREZID","124","ENTREZID","4258","directed","Process(indirect)"
"ENTREZID","124","ENTREZID","4259","directed","Process(indirect)"
"ENTREZID","124","ENTREZID","653689","directed","Process(indirect)"
"ENTREZID","124","ENTREZID","9446","directed","Process(indirect)"
"ENTREZID","125","ENTREZID","119391","directed","Process(indirect)"
"ENTREZID","125","ENTREZID","218","directed","Process(indirect)"
"ENTREZID","125","ENTREZID","221","directed","Process(indirect)"
"ENTREZID","125","ENTREZID","221357","directed","Process(indirect)"
"ENTREZID","125","ENTREZID","222","directed","Process(indirect)"
"ENTREZID","125","ENTREZID","27306","directed","Process(indirect)"
"ENTREZID","125","ENTREZID","2938","directed","Process(indirect)"
"ENTREZID","125","ENTREZID","2939","directed","Process(indirect)"
"ENTREZID","125","ENTREZID","2940","directed","Process(indirect)"
"ENTREZID","125","ENTREZID","2941","directed","Process(indirect)"
"ENTREZID","125","ENTREZID","2944","directed","Process(indirect)"
"ENTREZID","125","ENTREZID","2946","directed","Process(indirect)"
"ENTREZID","125","ENTREZID","2947","directed","Process(indirect)"
"ENTREZID","125","ENTREZID","2948","directed","Process(indirect)"
"ENTREZID","125","ENTREZID","2949","directed","Process(indirect)"
"ENTREZID","125","ENTREZID","2950","directed","Process(indirect)"
"ENTREZID","125","ENTREZID","2952","directed","Process(indirect)"
"ENTREZID","125","ENTREZID","2953","directed","Process(indirect)"
"ENTREZID","125","ENTREZID","373156","directed","Process(indirect)"
"ENTREZID","125","ENTREZID","4257","directed","Process(indirect)"
"ENTREZID","125","ENTREZID","4258","directed","Process(indirect)"
"ENTREZID","125","ENTREZID","4259","directed","Process(indirect)"
"ENTREZID","125","ENTREZID","653689","directed","Process(indirect)"
"ENTREZID","125","ENTREZID","9446","directed","Process(indirect)"
"ENTREZID","126","ENTREZID","119391","directed","Process(indirect)"
"ENTREZID","126","ENTREZID","218","directed","Process(indirect)"
"ENTREZID","126","ENTREZID","221","directed","Process(indirect)"
"ENTREZID","126","ENTREZID","221357","directed","Process(indirect)"
"ENTREZID","126","ENTREZID","222","directed","Process(indirect)"
"ENTREZID","126","ENTREZID","27306","directed","Process(indirect)"
"ENTREZID","126","ENTREZID","2938","directed","Process(indirect)"
"ENTREZID","126","ENTREZID","2939","directed","Process(indirect)"
"ENTREZID","126","ENTREZID","2940","directed","Process(indirect)"
"ENTREZID","126","ENTREZID","2941","directed","Process(indirect)"
"ENTREZID","126","ENTREZID","2944","directed","Process(indirect)"
"ENTREZID","126","ENTREZID","2946","directed","Process(indirect)"
"ENTREZID","126","ENTREZID","2947","directed","Process(indirect)"
"ENTREZID","126","ENTREZID","2948","directed","Process(indirect)"
"ENTREZID","126","ENTREZID","2949","directed","Process(indirect)"
"ENTREZID","126","ENTREZID","2950","directed","Process(indirect)"
"ENTREZID","126","ENTREZID","2952","directed","Process(indirect)"
"ENTREZID","126","ENTREZID","2953","directed","Process(indirect)"
"ENTREZID","126","ENTREZID","373156","directed","Process(indirect)"
"ENTREZID","126","ENTREZID","4257","directed","Process(indirect)"
"ENTREZID","126","ENTREZID","4258","directed","Process(indirect)"
"ENTREZID","126","ENTREZID","4259","directed","Process(indirect)"
"ENTREZID","126","ENTREZID","653689","directed","Process(indirect)"
"ENTREZID","126","ENTREZID","9446","directed","Process(indirect)"
"ENTREZID","127","ENTREZID","119391","directed","Process(indirect)"
"ENTREZID","127","ENTREZID","218","directed","Process(indirect)"
"ENTREZID","127","ENTREZID","221","directed","Process(indirect)"
"ENTREZID","127","ENTREZID","221357","directed","Process(indirect)"
"ENTREZID","127","ENTREZID","222","directed","Process(indirect)"
"ENTREZID","127","ENTREZID","27306","directed","Process(indirect)"
"ENTREZID","127","ENTREZID","2938","directed","Process(indirect)"
"ENTREZID","127","ENTREZID","2939","directed","Process(indirect)"
"ENTREZID","127","ENTREZID","2940","directed","Process(indirect)"
"ENTREZID","127","ENTREZID","2941","directed","Process(indirect)"
"ENTREZID","127","ENTREZID","2944","directed","Process(indirect)"
"ENTREZID","127","ENTREZID","2946","directed","Process(indirect)"
"ENTREZID","127","ENTREZID","2947","directed","Process(indirect)"
"ENTREZID","127","ENTREZID","2948","directed","Process(indirect)"
"ENTREZID","127","ENTREZID","2949","directed","Process(indirect)"
"ENTREZID","127","ENTREZID","2950","directed","Process(indirect)"
"ENTREZID","127","ENTREZID","2952","directed","Process(indirect)"
"ENTREZID","127","ENTREZID","2953","directed","Process(indirect)"
"ENTREZID","127","ENTREZID","373156","directed","Process(indirect)"
"ENTREZID","127","ENTREZID","4257","directed","Process(indirect)"
"ENTREZID","127","ENTREZID","4258","directed","Process(indirect)"
"ENTREZID","127","ENTREZID","4259","directed","Process(indirect)"
"ENTREZID","127","ENTREZID","653689","directed","Process(indirect)"
"ENTREZID","127","ENTREZID","9446","directed","Process(indirect)"
"ENTREZID","128","ENTREZID","119391","directed","Process(indirect)"
"ENTREZID","128","ENTREZID","218","directed","Process(indirect)"
"ENTREZID","128","ENTREZID","221","directed","Process(indirect)"
"ENTREZID","128","ENTREZID","221357","directed","Process(indirect)"
"ENTREZID","128","ENTREZID","222","directed","Process(indirect)"
"ENTREZID","128","ENTREZID","27306","directed","Process(indirect)"
"ENTREZID","128","ENTREZID","2938","directed","Process(indirect)"
"ENTREZID","128","ENTREZID","2939","directed","Process(indirect)"
"ENTREZID","128","ENTREZID","2940","directed","Process(indirect)"
"ENTREZID","128","ENTREZID","2941","directed","Process(indirect)"
"ENTREZID","128","ENTREZID","2944","directed","Process(indirect)"
"ENTREZID","128","ENTREZID","2946","directed","Process(indirect)"
"ENTREZID","128","ENTREZID","2947","directed","Process(indirect)"
"ENTREZID","128","ENTREZID","2948","directed","Process(indirect)"
"ENTREZID","128","ENTREZID","2949","directed","Process(indirect)"
"ENTREZID","128","ENTREZID","2950","directed","Process(indirect)"
"ENTREZID","128","ENTREZID","2952","directed","Process(indirect)"
"ENTREZID","128","ENTREZID","2953","directed","Process(indirect)"
"ENTREZID","128","ENTREZID","373156","directed","Process(indirect)"
"ENTREZID","128","ENTREZID","4257","directed","Process(indirect)"
"ENTREZID","128","ENTREZID","4258","directed","Process(indirect)"
"ENTREZID","128","ENTREZID","4259","directed","Process(indirect)"
"ENTREZID","128","ENTREZID","653689","directed","Process(indirect)"
"ENTREZID","128","ENTREZID","9446","directed","Process(indirect)"
"ENTREZID","130","ENTREZID","119391","directed","Process(indirect)"
"ENTREZID","130","ENTREZID","218","directed","Process(indirect)"
"ENTREZID","130","ENTREZID","221","directed","Process(indirect)"
"ENTREZID","130","ENTREZID","221357","directed","Process(indirect)"
"ENTREZID","130","ENTREZID","222","directed","Process(indirect)"
"ENTREZID","130","ENTREZID","27306","directed","Process(indirect)"
"ENTREZID","130","ENTREZID","2938","directed","Process(indirect)"
"ENTREZID","130","ENTREZID","2939","directed","Process(indirect)"
"ENTREZID","130","ENTREZID","2940","directed","Process(indirect)"
"ENTREZID","130","ENTREZID","2941","directed","Process(indirect)"
"ENTREZID","130","ENTREZID","2944","directed","Process(indirect)"
"ENTREZID","130","ENTREZID","2946","directed","Process(indirect)"
"ENTREZID","130","ENTREZID","2947","directed","Process(indirect)"
"ENTREZID","130","ENTREZID","2948","directed","Process(indirect)"
"ENTREZID","130","ENTREZID","2949","directed","Process(indirect)"
"ENTREZID","130","ENTREZID","2950","directed","Process(indirect)"
"ENTREZID","130","ENTREZID","2952","directed","Process(indirect)"
"ENTREZID","130","ENTREZID","2953","directed","Process(indirect)"
"ENTREZID","130","ENTREZID","373156","directed","Process(indirect)"
"ENTREZID","130","ENTREZID","4257","directed","Process(indirect)"
"ENTREZID","130","ENTREZID","4258","directed","Process(indirect)"
"ENTREZID","130","ENTREZID","4259","directed","Process(indirect)"
"ENTREZID","130","ENTREZID","653689","directed","Process(indirect)"
"ENTREZID","130","ENTREZID","9446","directed","Process(indirect)"
"ENTREZID","131","ENTREZID","119391","directed","Process(indirect)"
"ENTREZID","131","ENTREZID","218","directed","Process(indirect)"
"ENTREZID","131","ENTREZID","221","directed","Process(indirect)"
"ENTREZID","131","ENTREZID","221357","directed","Process(indirect)"
"ENTREZID","131","ENTREZID","222","directed","Process(indirect)"
"ENTREZID","131","ENTREZID","27306","directed","Process(indirect)"
"ENTREZID","131","ENTREZID","2938","directed","Process(indirect)"
"ENTREZID","131","ENTREZID","2939","directed","Process(indirect)"
"ENTREZID","131","ENTREZID","2940","directed","Process(indirect)"
"ENTREZID","131","ENTREZID","2941","directed","Process(indirect)"
"ENTREZID","131","ENTREZID","2944","directed","Process(indirect)"
"ENTREZID","131","ENTREZID","2946","directed","Process(indirect)"
"ENTREZID","131","ENTREZID","2947","directed","Process(indirect)"
"ENTREZID","131","ENTREZID","2948","directed","Process(indirect)"
"ENTREZID","131","ENTREZID","2949","directed","Process(indirect)"
"ENTREZID","131","ENTREZID","2950","directed","Process(indirect)"
"ENTREZID","131","ENTREZID","2952","directed","Process(indirect)"
"ENTREZID","131","ENTREZID","2953","directed","Process(indirect)"
"ENTREZID","131","ENTREZID","373156","directed","Process(indirect)"
"ENTREZID","131","ENTREZID","4257","directed","Process(indirect)"
"ENTREZID","131","ENTREZID","4258","directed","Process(indirect)"
"ENTREZID","131","ENTREZID","4259","directed","Process(indirect)"
"ENTREZID","131","ENTREZID","653689","directed","Process(indirect)"
"ENTREZID","131","ENTREZID","9446","directed","Process(indirect)"
"ENTREZID","1544","ENTREZID","1576","directed","Process(indirect)"
"ENTREZID","1555","ENTREZID","1548","directed","Process(indirect)"
"ENTREZID","1555","ENTREZID","1549","directed","Process(indirect)"
"ENTREZID","1555","ENTREZID","1557","directed","Process(indirect)"
"ENTREZID","1555","ENTREZID","1558","directed","Process(indirect)"
"ENTREZID","1555","ENTREZID","1559","directed","Process(indirect)"
"ENTREZID","1555","ENTREZID","1576","directed","Process(indirect)"
"ENTREZID","1557","ENTREZID","107987478","directed","Process(indirect)"
"ENTREZID","1557","ENTREZID","107987479","directed","Process(indirect)"
"ENTREZID","1557","ENTREZID","1564","directed","Process(indirect)"
"ENTREZID","1557","ENTREZID","1565","directed","Process(indirect)"
"ENTREZID","1557","ENTREZID","1576","directed","Process(indirect)"
"ENTREZID","1557","ENTREZID","4128","directed","Process(indirect)"
"ENTREZID","1557","ENTREZID","4129","directed","Process(indirect)"
"ENTREZID","1559","ENTREZID","107987478","directed","Process(indirect)"
"ENTREZID","1559","ENTREZID","107987479","directed","Process(indirect)"
"ENTREZID","1559","ENTREZID","1548","directed","Process(indirect)"
"ENTREZID","1559","ENTREZID","1549","directed","Process(indirect)"
"ENTREZID","1559","ENTREZID","1564","directed","Process(indirect)"
"ENTREZID","1559","ENTREZID","1565","directed","Process(indirect)"
"ENTREZID","1559","ENTREZID","1576","directed","Process(indirect)"
"ENTREZID","1559","ENTREZID","2326","directed","Process(indirect)"
"ENTREZID","1559","ENTREZID","2327","directed","Process(indirect)"
"ENTREZID","1559","ENTREZID","2328","directed","Process(indirect)"
"ENTREZID","1559","ENTREZID","2329","directed","Process(indirect)"
"ENTREZID","1559","ENTREZID","2330","directed","Process(indirect)"
"ENTREZID","1564","ENTREZID","10720","directed","Process(indirect)"
"ENTREZID","1564","ENTREZID","10941","directed","Process(indirect)"
"ENTREZID","1564","ENTREZID","1557","directed","Process(indirect)"
"ENTREZID","1564","ENTREZID","1559","directed","Process(indirect)"
"ENTREZID","1564","ENTREZID","1576","directed","Process(indirect)"
"ENTREZID","1564","ENTREZID","4128","directed","Process(indirect)"
"ENTREZID","1564","ENTREZID","4129","directed","Process(indirect)"
"ENTREZID","1564","ENTREZID","54490","directed","Process(indirect)"
"ENTREZID","1564","ENTREZID","54575","directed","Process(indirect)"
"ENTREZID","1564","ENTREZID","54576","directed","Process(indirect)"
"ENTREZID","1564","ENTREZID","54577","directed","Process(indirect)"
"ENTREZID","1564","ENTREZID","54578","directed","Process(indirect)"
"ENTREZID","1564","ENTREZID","54579","directed","Process(indirect)"
"ENTREZID","1564","ENTREZID","54600","directed","Process(indirect)"
"ENTREZID","1564","ENTREZID","54657","directed","Process(indirect)"
"ENTREZID","1564","ENTREZID","54658","directed","Process(indirect)"
"ENTREZID","1564","ENTREZID","54659","directed","Process(indirect)"
"ENTREZID","1564","ENTREZID","574537","directed","Process(indirect)"
"ENTREZID","1564","ENTREZID","7363","directed","Process(indirect)"
"ENTREZID","1564","ENTREZID","7364","directed","Process(indirect)"
"ENTREZID","1564","ENTREZID","7365","directed","Process(indirect)"
"ENTREZID","1564","ENTREZID","7366","directed","Process(indirect)"
"ENTREZID","1564","ENTREZID","7367","directed","Process(indirect)"
"ENTREZID","1564","ENTREZID","79799","directed","Process(indirect)"
"ENTREZID","1565","ENTREZID","10720","directed","Process(indirect)"
"ENTREZID","1565","ENTREZID","10941","directed","Process(indirect)"
"ENTREZID","1565","ENTREZID","1557","directed","Process(indirect)"
"ENTREZID","1565","ENTREZID","1559","directed","Process(indirect)"
"ENTREZID","1565","ENTREZID","1576","directed","Process(indirect)"
"ENTREZID","1565","ENTREZID","4128","directed","Process(indirect)"
"ENTREZID","1565","ENTREZID","4129","directed","Process(indirect)"
"ENTREZID","1565","ENTREZID","54490","directed","Process(indirect)"
"ENTREZID","1565","ENTREZID","54575","directed","Process(indirect)"
"ENTREZID","1565","ENTREZID","54576","directed","Process(indirect)"
"ENTREZID","1565","ENTREZID","54577","directed","Process(indirect)"
"ENTREZID","1565","ENTREZID","54578","directed","Process(indirect)"
"ENTREZID","1565","ENTREZID","54579","directed","Process(indirect)"
"ENTREZID","1565","ENTREZID","54600","directed","Process(indirect)"
"ENTREZID","1565","ENTREZID","54657","directed","Process(indirect)"
"ENTREZID","1565","ENTREZID","54658","directed","Process(indirect)"
"ENTREZID","1565","ENTREZID","54659","directed","Process(indirect)"
"ENTREZID","1565","ENTREZID","574537","directed","Process(indirect)"
"ENTREZID","1565","ENTREZID","7363","directed","Process(indirect)"
"ENTREZID","1565","ENTREZID","7364","directed","Process(indirect)"
"ENTREZID","1565","ENTREZID","7365","directed","Process(indirect)"
"ENTREZID","1565","ENTREZID","7366","directed","Process(indirect)"
"ENTREZID","1565","ENTREZID","7367","directed","Process(indirect)"
"ENTREZID","1565","ENTREZID","79799","directed","Process(indirect)"
"ENTREZID","1571","ENTREZID","1576","directed","Process(indirect)"
"ENTREZID","1576","ENTREZID","10720","directed","Process(indirect)"
"ENTREZID","1576","ENTREZID","107987478","directed","Process(indirect)"
"ENTREZID","1576","ENTREZID","107987479","directed","Process(indirect)"
"ENTREZID","1576","ENTREZID","10941","directed","Process(indirect)"
"ENTREZID","1576","ENTREZID","1544","directed","Process(indirect)"
"ENTREZID","1576","ENTREZID","1555","directed","Process(indirect)"
"ENTREZID","1576","ENTREZID","1557","directed","Process(indirect)"
"ENTREZID","1576","ENTREZID","1558","directed","Process(indirect)"
"ENTREZID","1576","ENTREZID","1559","directed","Process(indirect)"
"ENTREZID","1576","ENTREZID","1564","directed","Process(indirect)"
"ENTREZID","1576","ENTREZID","1565","directed","Process(indirect)"
"ENTREZID","1576","ENTREZID","1571","directed","Process(indirect)"
"ENTREZID","1576","ENTREZID","2326","directed","Process(indirect)"
"ENTREZID","1576","ENTREZID","2327","directed","Process(indirect)"
"ENTREZID","1576","ENTREZID","2328","directed","Process(indirect)"
"ENTREZID","1576","ENTREZID","2329","directed","Process(indirect)"
"ENTREZID","1576","ENTREZID","2330","directed","Process(indirect)"
"ENTREZID","1576","ENTREZID","4128","directed","Process(indirect)"
"ENTREZID","1576","ENTREZID","4129","directed","Process(indirect)"
"ENTREZID","1576","ENTREZID","54490","directed","Process(indirect)"
"ENTREZID","1576","ENTREZID","54575","directed","Process(indirect)"
"ENTREZID","1576","ENTREZID","54576","directed","Process(indirect)"
"ENTREZID","1576","ENTREZID","54577","directed","Process(indirect)"
"ENTREZID","1576","ENTREZID","54578","directed","Process(indirect)"
"ENTREZID","1576","ENTREZID","54579","directed","Process(indirect)"
"ENTREZID","1576","ENTREZID","54600","directed","Process(indirect)"
"ENTREZID","1576","ENTREZID","54657","directed","Process(indirect)"
"ENTREZID","1576","ENTREZID","54658","directed","Process(indirect)"
"ENTREZID","1576","ENTREZID","54659","directed","Process(indirect)"
"ENTREZID","1576","ENTREZID","574537","directed","Process(indirect)"
"ENTREZID","1576","ENTREZID","7363","directed","Process(indirect)"
"ENTREZID","1576","ENTREZID","7364","directed","Process(indirect)"
"ENTREZID","1576","ENTREZID","7365","directed","Process(indirect)"
"ENTREZID","1576","ENTREZID","7366","directed","Process(indirect)"
"ENTREZID","1576","ENTREZID","7367","directed","Process(indirect)"
"ENTREZID","1576","ENTREZID","79799","directed","Process(indirect)"
"ENTREZID","1577","ENTREZID","1555","directed","Process(indirect)"
"ENTREZID","1577","ENTREZID","1557","directed","Process(indirect)"
"ENTREZID","1577","ENTREZID","1559","directed","Process(indirect)"
"ENTREZID","1577","ENTREZID","1576","directed","Process(indirect)"
"ENTREZID","218","ENTREZID","124","directed","Process(indirect)"
"ENTREZID","218","ENTREZID","125","directed","Process(indirect)"
"ENTREZID","218","ENTREZID","126","directed","Process(indirect)"
"ENTREZID","218","ENTREZID","127","directed","Process(indirect)"
"ENTREZID","218","ENTREZID","128","directed","Process(indirect)"
"ENTREZID","218","ENTREZID","130","directed","Process(indirect)"
"ENTREZID","218","ENTREZID","131","directed","Process(indirect)"
"ENTREZID","221","ENTREZID","124","directed","Process(indirect)"
"ENTREZID","221","ENTREZID","125","directed","Process(indirect)"
"ENTREZID","221","ENTREZID","126","directed","Process(indirect)"
"ENTREZID","221","ENTREZID","127","directed","Process(indirect)"
"ENTREZID","221","ENTREZID","128","directed","Process(indirect)"
"ENTREZID","221","ENTREZID","130","directed","Process(indirect)"
"ENTREZID","221","ENTREZID","131","directed","Process(indirect)"
"ENTREZID","221357","ENTREZID","124","directed","Process(indirect)"
"ENTREZID","221357","ENTREZID","125","directed","Process(indirect)"
"ENTREZID","221357","ENTREZID","126","directed","Process(indirect)"
"ENTREZID","221357","ENTREZID","127","directed","Process(indirect)"
"ENTREZID","221357","ENTREZID","128","directed","Process(indirect)"
"ENTREZID","221357","ENTREZID","130","directed","Process(indirect)"
"ENTREZID","221357","ENTREZID","131","directed","Process(indirect)"
"ENTREZID","221357","ENTREZID","218","directed","Process(indirect)"
"ENTREZID","221357","ENTREZID","221","directed","Process(indirect)"
"ENTREZID","221357","ENTREZID","222","directed","Process(indirect)"
"ENTREZID","222","ENTREZID","124","directed","Process(indirect)"
"ENTREZID","222","ENTREZID","125","directed","Process(indirect)"
"ENTREZID","222","ENTREZID","126","directed","Process(indirect)"
"ENTREZID","222","ENTREZID","127","directed","Process(indirect)"
"ENTREZID","222","ENTREZID","128","directed","Process(indirect)"
"ENTREZID","222","ENTREZID","130","directed","Process(indirect)"
"ENTREZID","222","ENTREZID","131","directed","Process(indirect)"
"ENTREZID","2326","ENTREZID","107987478","directed","Process(indirect)"
"ENTREZID","2326","ENTREZID","107987479","directed","Process(indirect)"
"ENTREZID","2326","ENTREZID","1559","directed","Process(indirect)"
"ENTREZID","2326","ENTREZID","1564","directed","Process(indirect)"
"ENTREZID","2326","ENTREZID","1565","directed","Process(indirect)"
"ENTREZID","2326","ENTREZID","1576","directed","Process(indirect)"
"ENTREZID","2327","ENTREZID","107987478","directed","Process(indirect)"
"ENTREZID","2327","ENTREZID","107987479","directed","Process(indirect)"
"ENTREZID","2327","ENTREZID","1559","directed","Process(indirect)"
"ENTREZID","2327","ENTREZID","1564","directed","Process(indirect)"
"ENTREZID","2327","ENTREZID","1565","directed","Process(indirect)"
"ENTREZID","2327","ENTREZID","1576","directed","Process(indirect)"
"ENTREZID","2328","ENTREZID","107987478","directed","Process(indirect)"
"ENTREZID","2328","ENTREZID","107987479","directed","Process(indirect)"
"ENTREZID","2328","ENTREZID","1559","directed","Process(indirect)"
"ENTREZID","2328","ENTREZID","1564","directed","Process(indirect)"
"ENTREZID","2328","ENTREZID","1565","directed","Process(indirect)"
"ENTREZID","2328","ENTREZID","1576","directed","Process(indirect)"
"ENTREZID","2329","ENTREZID","107987478","directed","Process(indirect)"
"ENTREZID","2329","ENTREZID","107987479","directed","Process(indirect)"
"ENTREZID","2329","ENTREZID","1559","directed","Process(indirect)"
"ENTREZID","2329","ENTREZID","1564","directed","Process(indirect)"
"ENTREZID","2329","ENTREZID","1565","directed","Process(indirect)"
"ENTREZID","2329","ENTREZID","1576","directed","Process(indirect)"
"ENTREZID","2330","ENTREZID","107987478","directed","Process(indirect)"
"ENTREZID","2330","ENTREZID","107987479","directed","Process(indirect)"
"ENTREZID","2330","ENTREZID","1559","directed","Process(indirect)"
"ENTREZID","2330","ENTREZID","1564","directed","Process(indirect)"
"ENTREZID","2330","ENTREZID","1565","directed","Process(indirect)"
"ENTREZID","2330","ENTREZID","1576","directed","Process(indirect)"
"ENTREZID","27306","ENTREZID","124","directed","Process(indirect)"
"ENTREZID","27306","ENTREZID","125","directed","Process(indirect)"
"ENTREZID","27306","ENTREZID","126","directed","Process(indirect)"
"ENTREZID","27306","ENTREZID","127","directed","Process(indirect)"
"ENTREZID","27306","ENTREZID","128","directed","Process(indirect)"
"ENTREZID","27306","ENTREZID","130","directed","Process(indirect)"
"ENTREZID","27306","ENTREZID","131","directed","Process(indirect)"
"ENTREZID","27306","ENTREZID","218","directed","Process(indirect)"
"ENTREZID","27306","ENTREZID","221","directed","Process(indirect)"
"ENTREZID","27306","ENTREZID","222","directed","Process(indirect)"
"ENTREZID","2938","ENTREZID","124","directed","Process(indirect)"
"ENTREZID","2938","ENTREZID","125","directed","Process(indirect)"
"ENTREZID","2938","ENTREZID","126","directed","Process(indirect)"
"ENTREZID","2938","ENTREZID","127","directed","Process(indirect)"
"ENTREZID","2938","ENTREZID","128","directed","Process(indirect)"
"ENTREZID","2938","ENTREZID","130","directed","Process(indirect)"
"ENTREZID","2938","ENTREZID","131","directed","Process(indirect)"
"ENTREZID","2938","ENTREZID","218","directed","Process(indirect)"
"ENTREZID","2938","ENTREZID","221","directed","Process(indirect)"
"ENTREZID","2938","ENTREZID","222","directed","Process(indirect)"
"ENTREZID","2939","ENTREZID","124","directed","Process(indirect)"
"ENTREZID","2939","ENTREZID","125","directed","Process(indirect)"
"ENTREZID","2939","ENTREZID","126","directed","Process(indirect)"
"ENTREZID","2939","ENTREZID","127","directed","Process(indirect)"
"ENTREZID","2939","ENTREZID","128","directed","Process(indirect)"
"ENTREZID","2939","ENTREZID","130","directed","Process(indirect)"
"ENTREZID","2939","ENTREZID","131","directed","Process(indirect)"
"ENTREZID","2939","ENTREZID","218","directed","Process(indirect)"
"ENTREZID","2939","ENTREZID","221","directed","Process(indirect)"
"ENTREZID","2939","ENTREZID","222","directed","Process(indirect)"
"ENTREZID","2940","ENTREZID","124","directed","Process(indirect)"
"ENTREZID","2940","ENTREZID","125","directed","Process(indirect)"
"ENTREZID","2940","ENTREZID","126","directed","Process(indirect)"
"ENTREZID","2940","ENTREZID","127","directed","Process(indirect)"
"ENTREZID","2940","ENTREZID","128","directed","Process(indirect)"
"ENTREZID","2940","ENTREZID","130","directed","Process(indirect)"
"ENTREZID","2940","ENTREZID","131","directed","Process(indirect)"
"ENTREZID","2940","ENTREZID","218","directed","Process(indirect)"
"ENTREZID","2940","ENTREZID","221","directed","Process(indirect)"
"ENTREZID","2940","ENTREZID","222","directed","Process(indirect)"
"ENTREZID","2941","ENTREZID","124","directed","Process(indirect)"
"ENTREZID","2941","ENTREZID","125","directed","Process(indirect)"
"ENTREZID","2941","ENTREZID","126","directed","Process(indirect)"
"ENTREZID","2941","ENTREZID","127","directed","Process(indirect)"
"ENTREZID","2941","ENTREZID","128","directed","Process(indirect)"
"ENTREZID","2941","ENTREZID","130","directed","Process(indirect)"
"ENTREZID","2941","ENTREZID","131","directed","Process(indirect)"
"ENTREZID","2941","ENTREZID","218","directed","Process(indirect)"
"ENTREZID","2941","ENTREZID","221","directed","Process(indirect)"
"ENTREZID","2941","ENTREZID","222","directed","Process(indirect)"
"ENTREZID","2944","ENTREZID","124","directed","Process(indirect)"
"ENTREZID","2944","ENTREZID","125","directed","Process(indirect)"
"ENTREZID","2944","ENTREZID","126","directed","Process(indirect)"
"ENTREZID","2944","ENTREZID","127","directed","Process(indirect)"
"ENTREZID","2944","ENTREZID","128","directed","Process(indirect)"
"ENTREZID","2944","ENTREZID","130","directed","Process(indirect)"
"ENTREZID","2944","ENTREZID","131","directed","Process(indirect)"
"ENTREZID","2944","ENTREZID","218","directed","Process(indirect)"
"ENTREZID","2944","ENTREZID","221","directed","Process(indirect)"
"ENTREZID","2944","ENTREZID","222","directed","Process(indirect)"
"ENTREZID","2946","ENTREZID","124","directed","Process(indirect)"
"ENTREZID","2946","ENTREZID","125","directed","Process(indirect)"
"ENTREZID","2946","ENTREZID","126","directed","Process(indirect)"
"ENTREZID","2946","ENTREZID","127","directed","Process(indirect)"
"ENTREZID","2946","ENTREZID","128","directed","Process(indirect)"
"ENTREZID","2946","ENTREZID","130","directed","Process(indirect)"
"ENTREZID","2946","ENTREZID","131","directed","Process(indirect)"
"ENTREZID","2946","ENTREZID","218","directed","Process(indirect)"
"ENTREZID","2946","ENTREZID","221","directed","Process(indirect)"
"ENTREZID","2946","ENTREZID","222","directed","Process(indirect)"
"ENTREZID","2947","ENTREZID","124","directed","Process(indirect)"
"ENTREZID","2947","ENTREZID","125","directed","Process(indirect)"
"ENTREZID","2947","ENTREZID","126","directed","Process(indirect)"
"ENTREZID","2947","ENTREZID","127","directed","Process(indirect)"
"ENTREZID","2947","ENTREZID","128","directed","Process(indirect)"
"ENTREZID","2947","ENTREZID","130","directed","Process(indirect)"
"ENTREZID","2947","ENTREZID","131","directed","Process(indirect)"
"ENTREZID","2947","ENTREZID","218","directed","Process(indirect)"
"ENTREZID","2947","ENTREZID","221","directed","Process(indirect)"
"ENTREZID","2947","ENTREZID","222","directed","Process(indirect)"
"ENTREZID","2948","ENTREZID","124","directed","Process(indirect)"
"ENTREZID","2948","ENTREZID","125","directed","Process(indirect)"
"ENTREZID","2948","ENTREZID","126","directed","Process(indirect)"
"ENTREZID","2948","ENTREZID","127","directed","Process(indirect)"
"ENTREZID","2948","ENTREZID","128","directed","Process(indirect)"
"ENTREZID","2948","ENTREZID","130","directed","Process(indirect)"
"ENTREZID","2948","ENTREZID","131","directed","Process(indirect)"
"ENTREZID","2948","ENTREZID","218","directed","Process(indirect)"
"ENTREZID","2948","ENTREZID","221","directed","Process(indirect)"
"ENTREZID","2948","ENTREZID","222","directed","Process(indirect)"
"ENTREZID","2949","ENTREZID","124","directed","Process(indirect)"
"ENTREZID","2949","ENTREZID","125","directed","Process(indirect)"
"ENTREZID","2949","ENTREZID","126","directed","Process(indirect)"
"ENTREZID","2949","ENTREZID","127","directed","Process(indirect)"
"ENTREZID","2949","ENTREZID","128","directed","Process(indirect)"
"ENTREZID","2949","ENTREZID","130","directed","Process(indirect)"
"ENTREZID","2949","ENTREZID","131","directed","Process(indirect)"
"ENTREZID","2949","ENTREZID","218","directed","Process(indirect)"
"ENTREZID","2949","ENTREZID","221","directed","Process(indirect)"
"ENTREZID","2949","ENTREZID","222","directed","Process(indirect)"
"ENTREZID","2950","ENTREZID","124","directed","Process(indirect)"
"ENTREZID","2950","ENTREZID","125","directed","Process(indirect)"
"ENTREZID","2950","ENTREZID","126","directed","Process(indirect)"
"ENTREZID","2950","ENTREZID","127","directed","Process(indirect)"
"ENTREZID","2950","ENTREZID","128","directed","Process(indirect)"
"ENTREZID","2950","ENTREZID","130","directed","Process(indirect)"
"ENTREZID","2950","ENTREZID","131","directed","Process(indirect)"
"ENTREZID","2950","ENTREZID","218","directed","Process(indirect)"
"ENTREZID","2950","ENTREZID","221","directed","Process(indirect)"
"ENTREZID","2950","ENTREZID","222","directed","Process(indirect)"
"ENTREZID","2952","ENTREZID","124","directed","Process(indirect)"
"ENTREZID","2952","ENTREZID","125","directed","Process(indirect)"
"ENTREZID","2952","ENTREZID","126","directed","Process(indirect)"
"ENTREZID","2952","ENTREZID","127","directed","Process(indirect)"
"ENTREZID","2952","ENTREZID","128","directed","Process(indirect)"
"ENTREZID","2952","ENTREZID","130","directed","Process(indirect)"
"ENTREZID","2952","ENTREZID","131","directed","Process(indirect)"
"ENTREZID","2952","ENTREZID","218","directed","Process(indirect)"
"ENTREZID","2952","ENTREZID","221","directed","Process(indirect)"
"ENTREZID","2952","ENTREZID","222","directed","Process(indirect)"
"ENTREZID","2953","ENTREZID","124","directed","Process(indirect)"
"ENTREZID","2953","ENTREZID","125","directed","Process(indirect)"
"ENTREZID","2953","ENTREZID","126","directed","Process(indirect)"
"ENTREZID","2953","ENTREZID","127","directed","Process(indirect)"
"ENTREZID","2953","ENTREZID","128","directed","Process(indirect)"
"ENTREZID","2953","ENTREZID","130","directed","Process(indirect)"
"ENTREZID","2953","ENTREZID","131","directed","Process(indirect)"
"ENTREZID","2953","ENTREZID","218","directed","Process(indirect)"
"ENTREZID","2953","ENTREZID","221","directed","Process(indirect)"
"ENTREZID","2953","ENTREZID","222","directed","Process(indirect)"
"ENTREZID","373156","ENTREZID","124","directed","Process(indirect)"
"ENTREZID","373156","ENTREZID","125","directed","Process(indirect)"
"ENTREZID","373156","ENTREZID","126","directed","Process(indirect)"
"ENTREZID","373156","ENTREZID","127","directed","Process(indirect)"
"ENTREZID","373156","ENTREZID","128","directed","Process(indirect)"
"ENTREZID","373156","ENTREZID","130","directed","Process(indirect)"
"ENTREZID","373156","ENTREZID","131","directed","Process(indirect)"
"ENTREZID","373156","ENTREZID","218","directed","Process(indirect)"
"ENTREZID","373156","ENTREZID","221","directed","Process(indirect)"
"ENTREZID","373156","ENTREZID","222","directed","Process(indirect)"
"ENTREZID","4128","ENTREZID","107987478","directed","Process(indirect)"
"ENTREZID","4128","ENTREZID","107987479","directed","Process(indirect)"
"ENTREZID","4128","ENTREZID","1557","directed","Process(indirect)"
"ENTREZID","4128","ENTREZID","1564","directed","Process(indirect)"
"ENTREZID","4128","ENTREZID","1565","directed","Process(indirect)"
"ENTREZID","4128","ENTREZID","1576","directed","Process(indirect)"
"ENTREZID","4128","ENTREZID","316","directed","Process(indirect)"
"ENTREZID","4129","ENTREZID","107987478","directed","Process(indirect)"
"ENTREZID","4129","ENTREZID","107987479","directed","Process(indirect)"
"ENTREZID","4129","ENTREZID","1557","directed","Process(indirect)"
"ENTREZID","4129","ENTREZID","1564","directed","Process(indirect)"
"ENTREZID","4129","ENTREZID","1565","directed","Process(indirect)"
"ENTREZID","4129","ENTREZID","1576","directed","Process(indirect)"
"ENTREZID","4129","ENTREZID","316","directed","Process(indirect)"
"ENTREZID","4257","ENTREZID","124","directed","Process(indirect)"
"ENTREZID","4257","ENTREZID","125","directed","Process(indirect)"
"ENTREZID","4257","ENTREZID","126","directed","Process(indirect)"
"ENTREZID","4257","ENTREZID","127","directed","Process(indirect)"
"ENTREZID","4257","ENTREZID","128","directed","Process(indirect)"
"ENTREZID","4257","ENTREZID","130","directed","Process(indirect)"
"ENTREZID","4257","ENTREZID","131","directed","Process(indirect)"
"ENTREZID","4257","ENTREZID","218","directed","Process(indirect)"
"ENTREZID","4257","ENTREZID","221","directed","Process(indirect)"
"ENTREZID","4257","ENTREZID","222","directed","Process(indirect)"
"ENTREZID","4258","ENTREZID","124","directed","Process(indirect)"
"ENTREZID","4258","ENTREZID","125","directed","Process(indirect)"
"ENTREZID","4258","ENTREZID","126","directed","Process(indirect)"
"ENTREZID","4258","ENTREZID","127","directed","Process(indirect)"
"ENTREZID","4258","ENTREZID","128","directed","Process(indirect)"
"ENTREZID","4258","ENTREZID","130","directed","Process(indirect)"
"ENTREZID","4258","ENTREZID","131","directed","Process(indirect)"
"ENTREZID","4258","ENTREZID","218","directed","Process(indirect)"
"ENTREZID","4258","ENTREZID","221","directed","Process(indirect)"
"ENTREZID","4258","ENTREZID","222","directed","Process(indirect)"
"ENTREZID","4259","ENTREZID","124","directed","Process(indirect)"
"ENTREZID","4259","ENTREZID","125","directed","Process(indirect)"
"ENTREZID","4259","ENTREZID","126","directed","Process(indirect)"
"ENTREZID","4259","ENTREZID","127","directed","Process(indirect)"
"ENTREZID","4259","ENTREZID","128","directed","Process(indirect)"
"ENTREZID","4259","ENTREZID","130","directed","Process(indirect)"
"ENTREZID","4259","ENTREZID","131","directed","Process(indirect)"
"ENTREZID","4259","ENTREZID","218","directed","Process(indirect)"
"ENTREZID","4259","ENTREZID","221","directed","Process(indirect)"
"ENTREZID","4259","ENTREZID","222","directed","Process(indirect)"
"ENTREZID","54490","ENTREZID","107987478","directed","Process(indirect)"
"ENTREZID","54490","ENTREZID","107987479","directed","Process(indirect)"
"ENTREZID","54490","ENTREZID","1564","directed","Process(indirect)"
"ENTREZID","54490","ENTREZID","1565","directed","Process(indirect)"
"ENTREZID","54490","ENTREZID","1576","directed","Process(indirect)"
"ENTREZID","54575","ENTREZID","107987478","directed","Process(indirect)"
"ENTREZID","54575","ENTREZID","107987479","directed","Process(indirect)"
"ENTREZID","54575","ENTREZID","1564","directed","Process(indirect)"
"ENTREZID","54575","ENTREZID","1565","directed","Process(indirect)"
"ENTREZID","54575","ENTREZID","1576","directed","Process(indirect)"
"ENTREZID","54576","ENTREZID","107987478","directed","Process(indirect)"
"ENTREZID","54576","ENTREZID","107987479","directed","Process(indirect)"
"ENTREZID","54576","ENTREZID","1564","directed","Process(indirect)"
"ENTREZID","54576","ENTREZID","1565","directed","Process(indirect)"
"ENTREZID","54576","ENTREZID","1576","directed","Process(indirect)"
"ENTREZID","54577","ENTREZID","107987478","directed","Process(indirect)"
"ENTREZID","54577","ENTREZID","107987479","directed","Process(indirect)"
"ENTREZID","54577","ENTREZID","1564","directed","Process(indirect)"
"ENTREZID","54577","ENTREZID","1565","directed","Process(indirect)"
"ENTREZID","54577","ENTREZID","1576","directed","Process(indirect)"
"ENTREZID","54578","ENTREZID","107987478","directed","Process(indirect)"
"ENTREZID","54578","ENTREZID","107987479","directed","Process(indirect)"
"ENTREZID","54578","ENTREZID","1564","directed","Process(indirect)"
"ENTREZID","54578","ENTREZID","1565","directed","Process(indirect)"
"ENTREZID","54578","ENTREZID","1576","directed","Process(indirect)"
"ENTREZID","54579","ENTREZID","107987478","directed","Process(indirect)"
"ENTREZID","54579","ENTREZID","107987479","directed","Process(indirect)"
"ENTREZID","54579","ENTREZID","1564","directed","Process(indirect)"
"ENTREZID","54579","ENTREZID","1565","directed","Process(indirect)"
"ENTREZID","54579","ENTREZID","1576","directed","Process(indirect)"
"ENTREZID","54600","ENTREZID","107987478","directed","Process(indirect)"
"ENTREZID","54600","ENTREZID","107987479","directed","Process(indirect)"
"ENTREZID","54600","ENTREZID","1564","directed","Process(indirect)"
"ENTREZID","54600","ENTREZID","1565","directed","Process(indirect)"
"ENTREZID","54600","ENTREZID","1576","directed","Process(indirect)"
"ENTREZID","54657","ENTREZID","107987478","directed","Process(indirect)"
"ENTREZID","54657","ENTREZID","107987479","directed","Process(indirect)"
"ENTREZID","54657","ENTREZID","1564","directed","Process(indirect)"
"ENTREZID","54657","ENTREZID","1565","directed","Process(indirect)"
"ENTREZID","54657","ENTREZID","1576","directed","Process(indirect)"
"ENTREZID","54658","ENTREZID","107987478","directed","Process(indirect)"
"ENTREZID","54658","ENTREZID","107987479","directed","Process(indirect)"
"ENTREZID","54658","ENTREZID","1564","directed","Process(indirect)"
"ENTREZID","54658","ENTREZID","1565","directed","Process(indirect)"
"ENTREZID","54658","ENTREZID","1576","directed","Process(indirect)"
"ENTREZID","54659","ENTREZID","107987478","directed","Process(indirect)"
"ENTREZID","54659","ENTREZID","107987479","directed","Process(indirect)"
"ENTREZID","54659","ENTREZID","1564","directed","Process(indirect)"
"ENTREZID","54659","ENTREZID","1565","directed","Process(indirect)"
"ENTREZID","54659","ENTREZID","1576","directed","Process(indirect)"
"ENTREZID","574537","ENTREZID","107987478","directed","Process(indirect)"
"ENTREZID","574537","ENTREZID","107987479","directed","Process(indirect)"
"ENTREZID","574537","ENTREZID","1564","directed","Process(indirect)"
"ENTREZID","574537","ENTREZID","1565","directed","Process(indirect)"
"ENTREZID","574537","ENTREZID","1576","directed","Process(indirect)"
"ENTREZID","653689","ENTREZID","124","directed","Process(indirect)"
"ENTREZID","653689","ENTREZID","125","directed","Process(indirect)"
"ENTREZID","653689","ENTREZID","126","directed","Process(indirect)"
"ENTREZID","653689","ENTREZID","127","directed","Process(indirect)"
"ENTREZID","653689","ENTREZID","128","directed","Process(indirect)"
"ENTREZID","653689","ENTREZID","130","directed","Process(indirect)"
"ENTREZID","653689","ENTREZID","131","directed","Process(indirect)"
"ENTREZID","653689","ENTREZID","218","directed","Process(indirect)"
"ENTREZID","653689","ENTREZID","221","directed","Process(indirect)"
"ENTREZID","653689","ENTREZID","222","directed","Process(indirect)"
"ENTREZID","7363","ENTREZID","107987478","directed","Process(indirect)"
"ENTREZID","7363","ENTREZID","107987479","directed","Process(indirect)"
"ENTREZID","7363","ENTREZID","1564","directed","Process(indirect)"
"ENTREZID","7363","ENTREZID","1565","directed","Process(indirect)"
"ENTREZID","7363","ENTREZID","1576","directed","Process(indirect)"
"ENTREZID","7364","ENTREZID","107987478","directed","Process(indirect)"
"ENTREZID","7364","ENTREZID","107987479","directed","Process(indirect)"
"ENTREZID","7364","ENTREZID","1564","directed","Process(indirect)"
"ENTREZID","7364","ENTREZID","1565","directed","Process(indirect)"
"ENTREZID","7364","ENTREZID","1576","directed","Process(indirect)"
"ENTREZID","7365","ENTREZID","107987478","directed","Process(indirect)"
"ENTREZID","7365","ENTREZID","107987479","directed","Process(indirect)"
"ENTREZID","7365","ENTREZID","1564","directed","Process(indirect)"
"ENTREZID","7365","ENTREZID","1565","directed","Process(indirect)"
"ENTREZID","7365","ENTREZID","1576","directed","Process(indirect)"
"ENTREZID","7366","ENTREZID","107987478","directed","Process(indirect)"
"ENTREZID","7366","ENTREZID","107987479","directed","Process(indirect)"
"ENTREZID","7366","ENTREZID","1564","directed","Process(indirect)"
"ENTREZID","7366","ENTREZID","1565","directed","Process(indirect)"
"ENTREZID","7366","ENTREZID","1576","directed","Process(indirect)"
"ENTREZID","7367","ENTREZID","107987478","directed","Process(indirect)"
"ENTREZID","7367","ENTREZID","107987479","directed","Process(indirect)"
"ENTREZID","7367","ENTREZID","1564","directed","Process(indirect)"
"ENTREZID","7367","ENTREZID","1565","directed","Process(indirect)"
"ENTREZID","7367","ENTREZID","1576","directed","Process(indirect)"
"ENTREZID","79799","ENTREZID","107987478","directed","Process(indirect)"
"ENTREZID","79799","ENTREZID","107987479","directed","Process(indirect)"
"ENTREZID","79799","ENTREZID","1564","directed","Process(indirect)"
"ENTREZID","79799","ENTREZID","1565","directed","Process(indirect)"
"ENTREZID","79799","ENTREZID","1576","directed","Process(indirect)"
"ENTREZID","9446","ENTREZID","124","directed","Process(indirect)"
"ENTREZID","9446","ENTREZID","125","directed","Process(indirect)"
"ENTREZID","9446","ENTREZID","126","directed","Process(indirect)"
"ENTREZID","9446","ENTREZID","127","directed","Process(indirect)"
"ENTREZID","9446","ENTREZID","128","directed","Process(indirect)"
"ENTREZID","9446","ENTREZID","130","directed","Process(indirect)"
"ENTREZID","9446","ENTREZID","131","directed","Process(indirect)"
"ENTREZID","9446","ENTREZID","218","directed","Process(indirect)"
"ENTREZID","9446","ENTREZID","221","directed","Process(indirect)"
"ENTREZID","9446","ENTREZID","222","directed","Process(indirect)"
