"src_type","src","dest_type","dest","direction","type"
"ENTREZID","10873","ENTREZID","1737","directed","Process(indirect)"
"ENTREZID","10873","ENTREZID","1738","directed","Process(indirect)"
"ENTREZID","10873","ENTREZID","2271","undirected","Process(indirect)"
"ENTREZID","10873","ENTREZID","4190","undirected","Process(indirect)"
"ENTREZID","10873","ENTREZID","4191","undirected","Process(indirect)"
"ENTREZID","10873","ENTREZID","5091","directed","Process(indirect)"
"ENTREZID","10873","ENTREZID","5160","directed","Process(indirect)"
"ENTREZID","10873","ENTREZID","5161","directed","Process(indirect)"
"ENTREZID","10873","ENTREZID","5162","directed","Process(indirect)"
"ENTREZID","10993","ENTREZID","10873","directed","Process(indirect)"
"ENTREZID","10993","ENTREZID","1373","directed","Process(indirect)"
"ENTREZID","10993","ENTREZID","1737","directed","Process(indirect)"
"ENTREZID","10993","ENTREZID","1738","directed","Process(indirect)"
"ENTREZID","10993","ENTREZID","2875","directed","Process(indirect)"
"ENTREZID","10993","ENTREZID","4199","directed","Process(indirect)"
"ENTREZID","10993","ENTREZID","4200","directed","Process(indirect)"
"ENTREZID","10993","ENTREZID","5091","directed","Process(indirect)"
"ENTREZID","10993","ENTREZID","5160","directed","Process(indirect)"
"ENTREZID","10993","ENTREZID","5161","directed","Process(indirect)"
"ENTREZID","10993","ENTREZID","5162","directed","Process(indirect)"
"ENTREZID","10993","ENTREZID","84706","directed","Process(indirect)"
"ENTREZID","113675","ENTREZID","10873","directed","Process(indirect)"
"ENTREZID","113675","ENTREZID","1373","directed","Process(indirect)"
"ENTREZID","113675","ENTREZID","1737","directed","Process(indirect)"
"ENTREZID","113675","ENTREZID","1738","directed","Process(indirect)"
"ENTREZID","113675","ENTREZID","2875","directed","Process(indirect)"
"ENTREZID","113675","ENTREZID","4199","directed","Process(indirect)"
"ENTREZID","113675","ENTREZID","4200","directed","Process(indirect)"
"ENTREZID","113675","ENTREZID","5091","directed","Process(indirect)"
"ENTREZID","113675","ENTREZID","5160","directed","Process(indirect)"
"ENTREZID","113675","ENTREZID","5161","directed","Process(indirect)"
"ENTREZID","113675","ENTREZID","5162","directed","Process(indirect)"
"ENTREZID","113675","ENTREZID","84706","directed","Process(indirect)"
"ENTREZID","132158","ENTREZID","2023","directed","Process(indirect)"
"ENTREZID","132158","ENTREZID","2026","directed","Process(indirect)"
"ENTREZID","132158","ENTREZID","2027","directed","Process(indirect)"
"ENTREZID","132158","ENTREZID","387712","directed","Process(indirect)"
"ENTREZID","132158","ENTREZID","441531","directed","Process(indirect)"
"ENTREZID","132158","ENTREZID","5223","directed","Process(indirect)"
"ENTREZID","132158","ENTREZID","5224","directed","Process(indirect)"
"ENTREZID","1737","ENTREZID","1431","directed","Process(indirect)"
"ENTREZID","1737","ENTREZID","38","directed","Process(indirect)"
"ENTREZID","1737","ENTREZID","39","directed","Process(indirect)"
"ENTREZID","1738","ENTREZID","1373","directed","Process(indirect)"
"ENTREZID","1738","ENTREZID","1431","directed","Process(indirect)"
"ENTREZID","1738","ENTREZID","38","directed","Process(indirect)"
"ENTREZID","1738","ENTREZID","39","directed","Process(indirect)"
"ENTREZID","1738","ENTREZID","6470","directed","Process(indirect)"
"ENTREZID","1738","ENTREZID","6472","directed","Process(indirect)"
"ENTREZID","1738","ENTREZID","8801","directed","Process(indirect)"
"ENTREZID","1738","ENTREZID","8802","directed","Process(indirect)"
"ENTREZID","1738","ENTREZID","8803","directed","Process(indirect)"
"ENTREZID","1743","ENTREZID","8801","directed","Process(indirect)"
"ENTREZID","1743","ENTREZID","8802","directed","Process(indirect)"
"ENTREZID","1743","ENTREZID","8803","directed","Process(indirect)"
"ENTREZID","189","ENTREZID","1738","directed","Process(indirect)"
"ENTREZID","189","ENTREZID","2653","directed","Process(indirect)"
"ENTREZID","189","ENTREZID","2731","directed","Process(indirect)"
"ENTREZID","189","ENTREZID","275","directed","Process(indirect)"
"ENTREZID","189","ENTREZID","6470","directed","Process(indirect)"
"ENTREZID","189","ENTREZID","6472","directed","Process(indirect)"
"ENTREZID","1892","ENTREZID","26275","directed","Process(indirect)"
"ENTREZID","2023","ENTREZID","441531","undirected","Process(indirect)"
"ENTREZID","2023","ENTREZID","5223","undirected","Process(indirect)"
"ENTREZID","2023","ENTREZID","5224","undirected","Process(indirect)"
"ENTREZID","2023","ENTREZID","5313","directed","Process(indirect)"
"ENTREZID","2023","ENTREZID","5315","directed","Process(indirect)"
"ENTREZID","2026","ENTREZID","441531","undirected","Process(indirect)"
"ENTREZID","2026","ENTREZID","5223","undirected","Process(indirect)"
"ENTREZID","2026","ENTREZID","5224","undirected","Process(indirect)"
"ENTREZID","2026","ENTREZID","5313","directed","Process(indirect)"
"ENTREZID","2026","ENTREZID","5315","directed","Process(indirect)"
"ENTREZID","2027","ENTREZID","441531","undirected","Process(indirect)"
"ENTREZID","2027","ENTREZID","5223","undirected","Process(indirect)"
"ENTREZID","2027","ENTREZID","5224","undirected","Process(indirect)"
"ENTREZID","2027","ENTREZID","5313","directed","Process(indirect)"
"ENTREZID","2027","ENTREZID","5315","directed","Process(indirect)"
"ENTREZID","221823","ENTREZID","22934","undirected","Process(indirect)"
"ENTREZID","221823","ENTREZID","7086","undirected","Process(indirect)"
"ENTREZID","221823","ENTREZID","8277","undirected","Process(indirect)"
"ENTREZID","221823","ENTREZID","84076","undirected","Process(indirect)"
"ENTREZID","25796","ENTREZID","5226","directed","Process(indirect)"
"ENTREZID","2597","ENTREZID","226","directed","Process(indirect)"
"ENTREZID","2597","ENTREZID","229","directed","Process(indirect)"
"ENTREZID","2597","ENTREZID","230","directed","Process(indirect)"
"ENTREZID","2597","ENTREZID","6888","undirected","Process(indirect)"
"ENTREZID","2597","ENTREZID","7167","undirected","Process(indirect)"
"ENTREZID","26007","ENTREZID","226","directed","Process(indirect)"
"ENTREZID","26007","ENTREZID","229","directed","Process(indirect)"
"ENTREZID","26007","ENTREZID","230","directed","Process(indirect)"
"ENTREZID","26007","ENTREZID","7167","directed","Process(indirect)"
"ENTREZID","26227","ENTREZID","29968","directed","Process(indirect)"
"ENTREZID","2645","ENTREZID","2539","directed","Process(indirect)"
"ENTREZID","2645","ENTREZID","2821","directed","Process(indirect)"
"ENTREZID","2645","ENTREZID","9563","directed","Process(indirect)"
"ENTREZID","2653","ENTREZID","1373","directed","Process(indirect)"
"ENTREZID","2653","ENTREZID","6470","directed","Process(indirect)"
"ENTREZID","2653","ENTREZID","6472","directed","Process(indirect)"
"ENTREZID","2731","ENTREZID","1373","directed","Process(indirect)"
"ENTREZID","2731","ENTREZID","6470","directed","Process(indirect)"
"ENTREZID","2731","ENTREZID","6472","directed","Process(indirect)"
"ENTREZID","275","ENTREZID","1373","directed","Process(indirect)"
"ENTREZID","275","ENTREZID","6470","directed","Process(indirect)"
"ENTREZID","275","ENTREZID","6472","directed","Process(indirect)"
"ENTREZID","2821","ENTREZID","2539","directed","Process(indirect)"
"ENTREZID","2821","ENTREZID","7086","directed","Process(indirect)"
"ENTREZID","2821","ENTREZID","8277","directed","Process(indirect)"
"ENTREZID","2821","ENTREZID","84076","directed","Process(indirect)"
"ENTREZID","2821","ENTREZID","9563","directed","Process(indirect)"
"ENTREZID","2875","ENTREZID","1737","directed","Process(indirect)"
"ENTREZID","2875","ENTREZID","1738","directed","Process(indirect)"
"ENTREZID","2875","ENTREZID","5091","directed","Process(indirect)"
"ENTREZID","2875","ENTREZID","5160","directed","Process(indirect)"
"ENTREZID","2875","ENTREZID","5161","directed","Process(indirect)"
"ENTREZID","2875","ENTREZID","5162","directed","Process(indirect)"
"ENTREZID","29968","ENTREZID","5723","directed","Process(indirect)"
"ENTREZID","3098","ENTREZID","2539","directed","Process(indirect)"
"ENTREZID","3098","ENTREZID","2821","directed","Process(indirect)"
"ENTREZID","3098","ENTREZID","9563","directed","Process(indirect)"
"ENTREZID","3099","ENTREZID","2539","directed","Process(indirect)"
"ENTREZID","3099","ENTREZID","2821","directed","Process(indirect)"
"ENTREZID","3099","ENTREZID","9563","directed","Process(indirect)"
"ENTREZID","3101","ENTREZID","2539","directed","Process(indirect)"
"ENTREZID","3101","ENTREZID","2821","directed","Process(indirect)"
"ENTREZID","3101","ENTREZID","9563","directed","Process(indirect)"
"ENTREZID","3417","ENTREZID","1738","directed","Process(indirect)"
"ENTREZID","3417","ENTREZID","1743","directed","Process(indirect)"
"ENTREZID","3417","ENTREZID","2746","directed","Process(indirect)"
"ENTREZID","3417","ENTREZID","2747","directed","Process(indirect)"
"ENTREZID","3417","ENTREZID","48","undirected","Process(indirect)"
"ENTREZID","3417","ENTREZID","4967","directed","Process(indirect)"
"ENTREZID","3417","ENTREZID","50","undirected","Process(indirect)"
"ENTREZID","3417","ENTREZID","55753","directed","Process(indirect)"
"ENTREZID","3418","ENTREZID","1738","directed","Process(indirect)"
"ENTREZID","3418","ENTREZID","1743","directed","Process(indirect)"
"ENTREZID","3418","ENTREZID","2746","directed","Process(indirect)"
"ENTREZID","3418","ENTREZID","2747","directed","Process(indirect)"
"ENTREZID","3418","ENTREZID","48","undirected","Process(indirect)"
"ENTREZID","3418","ENTREZID","4967","directed","Process(indirect)"
"ENTREZID","3418","ENTREZID","50","undirected","Process(indirect)"
"ENTREZID","3418","ENTREZID","55753","directed","Process(indirect)"
"ENTREZID","3419","ENTREZID","1738","directed","Process(indirect)"
"ENTREZID","3419","ENTREZID","1743","directed","Process(indirect)"
"ENTREZID","3419","ENTREZID","2746","directed","Process(indirect)"
"ENTREZID","3419","ENTREZID","2747","directed","Process(indirect)"
"ENTREZID","3419","ENTREZID","48","undirected","Process(indirect)"
"ENTREZID","3419","ENTREZID","4967","directed","Process(indirect)"
"ENTREZID","3419","ENTREZID","50","undirected","Process(indirect)"
"ENTREZID","3419","ENTREZID","55753","directed","Process(indirect)"
"ENTREZID","3420","ENTREZID","1738","directed","Process(indirect)"
"ENTREZID","3420","ENTREZID","1743","directed","Process(indirect)"
"ENTREZID","3420","ENTREZID","2746","directed","Process(indirect)"
"ENTREZID","3420","ENTREZID","2747","directed","Process(indirect)"
"ENTREZID","3420","ENTREZID","48","undirected","Process(indirect)"
"ENTREZID","3420","ENTREZID","4967","directed","Process(indirect)"
"ENTREZID","3420","ENTREZID","50","undirected","Process(indirect)"
"ENTREZID","3420","ENTREZID","55753","directed","Process(indirect)"
"ENTREZID","3421","ENTREZID","1738","directed","Process(indirect)"
"ENTREZID","3421","ENTREZID","1743","directed","Process(indirect)"
"ENTREZID","3421","ENTREZID","2746","directed","Process(indirect)"
"ENTREZID","3421","ENTREZID","2747","directed","Process(indirect)"
"ENTREZID","3421","ENTREZID","48","undirected","Process(indirect)"
"ENTREZID","3421","ENTREZID","4967","directed","Process(indirect)"
"ENTREZID","3421","ENTREZID","50","undirected","Process(indirect)"
"ENTREZID","3421","ENTREZID","55753","directed","Process(indirect)"
"ENTREZID","35","ENTREZID","1892","directed","Process(indirect)"
"ENTREZID","387712","ENTREZID","441531","undirected","Process(indirect)"
"ENTREZID","387712","ENTREZID","5223","undirected","Process(indirect)"
"ENTREZID","387712","ENTREZID","5224","undirected","Process(indirect)"
"ENTREZID","387712","ENTREZID","5313","directed","Process(indirect)"
"ENTREZID","387712","ENTREZID","5315","directed","Process(indirect)"
"ENTREZID","414328","ENTREZID","5226","directed","Process(indirect)"
"ENTREZID","4190","ENTREZID","2271","undirected","Process(indirect)"
"ENTREZID","4190","ENTREZID","4199","undirected","Process(indirect)"
"ENTREZID","4190","ENTREZID","4200","undirected","Process(indirect)"
"ENTREZID","4191","ENTREZID","2271","undirected","Process(indirect)"
"ENTREZID","4191","ENTREZID","4199","undirected","Process(indirect)"
"ENTREZID","4191","ENTREZID","4200","undirected","Process(indirect)"
"ENTREZID","4199","ENTREZID","1737","directed","Process(indirect)"
"ENTREZID","4199","ENTREZID","1738","directed","Process(indirect)"
"ENTREZID","4199","ENTREZID","2271","undirected","Process(indirect)"
"ENTREZID","4199","ENTREZID","5091","directed","Process(indirect)"
"ENTREZID","4199","ENTREZID","5160","directed","Process(indirect)"
"ENTREZID","4199","ENTREZID","5161","directed","Process(indirect)"
"ENTREZID","4199","ENTREZID","5162","directed","Process(indirect)"
"ENTREZID","4200","ENTREZID","1737","directed","Process(indirect)"
"ENTREZID","4200","ENTREZID","1738","directed","Process(indirect)"
"ENTREZID","4200","ENTREZID","2271","undirected","Process(indirect)"
"ENTREZID","4200","ENTREZID","5091","directed","Process(indirect)"
"ENTREZID","4200","ENTREZID","5160","directed","Process(indirect)"
"ENTREZID","4200","ENTREZID","5161","directed","Process(indirect)"
"ENTREZID","4200","ENTREZID","5162","directed","Process(indirect)"
"ENTREZID","4329","ENTREZID","1431","directed","Process(indirect)"
"ENTREZID","4329","ENTREZID","38","directed","Process(indirect)"
"ENTREZID","4329","ENTREZID","39","directed","Process(indirect)"
"ENTREZID","441531","ENTREZID","26227","directed","Process(indirect)"
"ENTREZID","441531","ENTREZID","5230","undirected","Process(indirect)"
"ENTREZID","441531","ENTREZID","5232","undirected","Process(indirect)"
"ENTREZID","4594","ENTREZID","8801","directed","Process(indirect)"
"ENTREZID","4594","ENTREZID","8802","directed","Process(indirect)"
"ENTREZID","4594","ENTREZID","8803","directed","Process(indirect)"
"ENTREZID","48","ENTREZID","1431","undirected","Process(indirect)"
"ENTREZID","4967","ENTREZID","8801","directed","Process(indirect)"
"ENTREZID","4967","ENTREZID","8802","directed","Process(indirect)"
"ENTREZID","4967","ENTREZID","8803","directed","Process(indirect)"
"ENTREZID","50","ENTREZID","1431","undirected","Process(indirect)"
"ENTREZID","5091","ENTREZID","137362","directed","Process(indirect)"
"ENTREZID","5091","ENTREZID","1431","directed","Process(indirect)"
"ENTREZID","5091","ENTREZID","2805","directed","Process(indirect)"
"ENTREZID","5091","ENTREZID","2806","directed","Process(indirect)"
"ENTREZID","5091","ENTREZID","4190","directed","Process(indirect)"
"ENTREZID","5091","ENTREZID","4191","directed","Process(indirect)"
"ENTREZID","5095","ENTREZID","84693","directed","Process(indirect)"
"ENTREZID","5096","ENTREZID","84693","directed","Process(indirect)"
"ENTREZID","51","ENTREZID","1892","directed","Process(indirect)"
"ENTREZID","5160","ENTREZID","1431","directed","Process(indirect)"
"ENTREZID","5160","ENTREZID","38","directed","Process(indirect)"
"ENTREZID","5160","ENTREZID","39","directed","Process(indirect)"
"ENTREZID","5161","ENTREZID","1431","directed","Process(indirect)"
"ENTREZID","5161","ENTREZID","38","directed","Process(indirect)"
"ENTREZID","5161","ENTREZID","39","directed","Process(indirect)"
"ENTREZID","5162","ENTREZID","1431","directed","Process(indirect)"
"ENTREZID","5162","ENTREZID","38","directed","Process(indirect)"
"ENTREZID","5162","ENTREZID","39","directed","Process(indirect)"
"ENTREZID","5223","ENTREZID","26227","directed","Process(indirect)"
"ENTREZID","5223","ENTREZID","5230","undirected","Process(indirect)"
"ENTREZID","5223","ENTREZID","5232","undirected","Process(indirect)"
"ENTREZID","5224","ENTREZID","26227","directed","Process(indirect)"
"ENTREZID","5224","ENTREZID","5230","undirected","Process(indirect)"
"ENTREZID","5224","ENTREZID","5232","undirected","Process(indirect)"
"ENTREZID","5226","ENTREZID","22934","directed","Process(indirect)"
"ENTREZID","5226","ENTREZID","6120","directed","Process(indirect)"
"ENTREZID","5226","ENTREZID","729020","directed","Process(indirect)"
"ENTREZID","5230","ENTREZID","26227","directed","Process(indirect)"
"ENTREZID","5232","ENTREZID","26227","directed","Process(indirect)"
"ENTREZID","5313","ENTREZID","10873","directed","Process(indirect)"
"ENTREZID","5313","ENTREZID","1737","directed","Process(indirect)"
"ENTREZID","5313","ENTREZID","1738","directed","Process(indirect)"
"ENTREZID","5313","ENTREZID","2875","directed","Process(indirect)"
"ENTREZID","5313","ENTREZID","4199","directed","Process(indirect)"
"ENTREZID","5313","ENTREZID","4200","directed","Process(indirect)"
"ENTREZID","5313","ENTREZID","5091","directed","Process(indirect)"
"ENTREZID","5313","ENTREZID","5160","directed","Process(indirect)"
"ENTREZID","5313","ENTREZID","5161","directed","Process(indirect)"
"ENTREZID","5313","ENTREZID","5162","directed","Process(indirect)"
"ENTREZID","5313","ENTREZID","84706","directed","Process(indirect)"
"ENTREZID","5315","ENTREZID","10873","directed","Process(indirect)"
"ENTREZID","5315","ENTREZID","1737","directed","Process(indirect)"
"ENTREZID","5315","ENTREZID","1738","directed","Process(indirect)"
"ENTREZID","5315","ENTREZID","2875","directed","Process(indirect)"
"ENTREZID","5315","ENTREZID","4199","directed","Process(indirect)"
"ENTREZID","5315","ENTREZID","4200","directed","Process(indirect)"
"ENTREZID","5315","ENTREZID","5091","directed","Process(indirect)"
"ENTREZID","5315","ENTREZID","5160","directed","Process(indirect)"
"ENTREZID","5315","ENTREZID","5161","directed","Process(indirect)"
"ENTREZID","5315","ENTREZID","5162","directed","Process(indirect)"
"ENTREZID","5315","ENTREZID","84706","directed","Process(indirect)"
"ENTREZID","55753","ENTREZID","8801","directed","Process(indirect)"
"ENTREZID","55753","ENTREZID","8802","directed","Process(indirect)"
"ENTREZID","55753","ENTREZID","8803","directed","Process(indirect)"
"ENTREZID","55902","ENTREZID","1431","directed","Process(indirect)"
"ENTREZID","55902","ENTREZID","38","directed","Process(indirect)"
"ENTREZID","55902","ENTREZID","39","directed","Process(indirect)"
"ENTREZID","5631","ENTREZID","22934","undirected","Process(indirect)"
"ENTREZID","5631","ENTREZID","7086","undirected","Process(indirect)"
"ENTREZID","5631","ENTREZID","8277","undirected","Process(indirect)"
"ENTREZID","5631","ENTREZID","84076","undirected","Process(indirect)"
"ENTREZID","5634","ENTREZID","22934","undirected","Process(indirect)"
"ENTREZID","5634","ENTREZID","7086","undirected","Process(indirect)"
"ENTREZID","5634","ENTREZID","8277","undirected","Process(indirect)"
"ENTREZID","5634","ENTREZID","84076","undirected","Process(indirect)"
"ENTREZID","5723","ENTREZID","10993","directed","Process(indirect)"
"ENTREZID","5723","ENTREZID","113675","directed","Process(indirect)"
"ENTREZID","5723","ENTREZID","189","directed","Process(indirect)"
"ENTREZID","6120","ENTREZID","22934","undirected","Process(indirect)"
"ENTREZID","6389","ENTREZID","8801","undirected","Process(indirect)"
"ENTREZID","6389","ENTREZID","8802","undirected","Process(indirect)"
"ENTREZID","6389","ENTREZID","8803","undirected","Process(indirect)"
"ENTREZID","6390","ENTREZID","8801","undirected","Process(indirect)"
"ENTREZID","6390","ENTREZID","8802","undirected","Process(indirect)"
"ENTREZID","6390","ENTREZID","8803","undirected","Process(indirect)"
"ENTREZID","6391","ENTREZID","8801","undirected","Process(indirect)"
"ENTREZID","6391","ENTREZID","8802","undirected","Process(indirect)"
"ENTREZID","6391","ENTREZID","8803","undirected","Process(indirect)"
"ENTREZID","6392","ENTREZID","8801","undirected","Process(indirect)"
"ENTREZID","6392","ENTREZID","8802","undirected","Process(indirect)"
"ENTREZID","6392","ENTREZID","8803","undirected","Process(indirect)"
"ENTREZID","6470","ENTREZID","10993","directed","Process(indirect)"
"ENTREZID","6470","ENTREZID","113675","directed","Process(indirect)"
"ENTREZID","6470","ENTREZID","189","directed","Process(indirect)"
"ENTREZID","6472","ENTREZID","10993","directed","Process(indirect)"
"ENTREZID","6472","ENTREZID","113675","directed","Process(indirect)"
"ENTREZID","6472","ENTREZID","189","directed","Process(indirect)"
"ENTREZID","6888","ENTREZID","226","directed","Process(indirect)"
"ENTREZID","6888","ENTREZID","229","directed","Process(indirect)"
"ENTREZID","6888","ENTREZID","230","directed","Process(indirect)"
"ENTREZID","6888","ENTREZID","7086","directed","Process(indirect)"
"ENTREZID","6888","ENTREZID","8277","directed","Process(indirect)"
"ENTREZID","6888","ENTREZID","84076","directed","Process(indirect)"
"ENTREZID","7086","ENTREZID","226","directed","Process(indirect)"
"ENTREZID","7086","ENTREZID","229","directed","Process(indirect)"
"ENTREZID","7086","ENTREZID","22934","undirected","Process(indirect)"
"ENTREZID","7086","ENTREZID","230","directed","Process(indirect)"
"ENTREZID","7086","ENTREZID","2597","undirected","Process(indirect)"
"ENTREZID","7086","ENTREZID","2821","undirected","Process(indirect)"
"ENTREZID","7086","ENTREZID","6888","directed","Process(indirect)"
"ENTREZID","7086","ENTREZID","6888","undirected","Process(indirect)"
"ENTREZID","7086","ENTREZID","7167","undirected","Process(indirect)"
"ENTREZID","7086","ENTREZID","8277","directed","Process(indirect)"
"ENTREZID","7086","ENTREZID","84076","directed","Process(indirect)"
"ENTREZID","7167","ENTREZID","226","directed","Process(indirect)"
"ENTREZID","7167","ENTREZID","229","directed","Process(indirect)"
"ENTREZID","7167","ENTREZID","230","directed","Process(indirect)"
"ENTREZID","7167","ENTREZID","6888","undirected","Process(indirect)"
"ENTREZID","729020","ENTREZID","22934","undirected","Process(indirect)"
"ENTREZID","80201","ENTREZID","2539","directed","Process(indirect)"
"ENTREZID","80201","ENTREZID","2821","directed","Process(indirect)"
"ENTREZID","80201","ENTREZID","9563","directed","Process(indirect)"
"ENTREZID","8277","ENTREZID","226","directed","Process(indirect)"
"ENTREZID","8277","ENTREZID","229","directed","Process(indirect)"
"ENTREZID","8277","ENTREZID","22934","undirected","Process(indirect)"
"ENTREZID","8277","ENTREZID","230","directed","Process(indirect)"
"ENTREZID","8277","ENTREZID","2597","undirected","Process(indirect)"
"ENTREZID","8277","ENTREZID","2821","undirected","Process(indirect)"
"ENTREZID","8277","ENTREZID","6888","directed","Process(indirect)"
"ENTREZID","8277","ENTREZID","6888","undirected","Process(indirect)"
"ENTREZID","8277","ENTREZID","7086","directed","Process(indirect)"
"ENTREZID","8277","ENTREZID","7167","undirected","Process(indirect)"
"ENTREZID","8277","ENTREZID","84076","directed","Process(indirect)"
"ENTREZID","8310","ENTREZID","1892","directed","Process(indirect)"
"ENTREZID","83440","ENTREZID","2539","directed","Process(indirect)"
"ENTREZID","83440","ENTREZID","2821","directed","Process(indirect)"
"ENTREZID","83440","ENTREZID","9563","directed","Process(indirect)"
"ENTREZID","84076","ENTREZID","226","directed","Process(indirect)"
"ENTREZID","84076","ENTREZID","229","directed","Process(indirect)"
"ENTREZID","84076","ENTREZID","22934","undirected","Process(indirect)"
"ENTREZID","84076","ENTREZID","230","directed","Process(indirect)"
"ENTREZID","84076","ENTREZID","2597","undirected","Process(indirect)"
"ENTREZID","84076","ENTREZID","2821","undirected","Process(indirect)"
"ENTREZID","84076","ENTREZID","6888","directed","Process(indirect)"
"ENTREZID","84076","ENTREZID","6888","undirected","Process(indirect)"
"ENTREZID","84076","ENTREZID","7086","directed","Process(indirect)"
"ENTREZID","84076","ENTREZID","7167","undirected","Process(indirect)"
"ENTREZID","84076","ENTREZID","8277","directed","Process(indirect)"
"ENTREZID","84532","ENTREZID","1431","directed","Process(indirect)"
"ENTREZID","84532","ENTREZID","38","directed","Process(indirect)"
"ENTREZID","84532","ENTREZID","39","directed","Process(indirect)"
"ENTREZID","84693","ENTREZID","4594","directed","Process(indirect)"
"ENTREZID","84706","ENTREZID","1737","directed","Process(indirect)"
"ENTREZID","84706","ENTREZID","1738","directed","Process(indirect)"
"ENTREZID","84706","ENTREZID","5091","directed","Process(indirect)"
"ENTREZID","84706","ENTREZID","5160","directed","Process(indirect)"
"ENTREZID","84706","ENTREZID","5161","directed","Process(indirect)"
"ENTREZID","84706","ENTREZID","5162","directed","Process(indirect)"
"ENTREZID","9104","ENTREZID","414328","directed","Process(indirect)"
"ENTREZID","9563","ENTREZID","5226","directed","Process(indirect)"
