"src_type","src","dest_type","dest","direction","type"
"ENTREZID","10020","ENTREZID","54187","directed","Process(indirect)"
"ENTREZID","140838","ENTREZID","55907","directed","Process(indirect)"
"ENTREZID","197258","ENTREZID","8790","directed","Process(indirect)"
"ENTREZID","2582","ENTREZID","10020","directed","Process(indirect)"
"ENTREZID","2582","ENTREZID","7358","directed","Process(indirect)"
"ENTREZID","2584","ENTREZID","2592","directed","Process(indirect)"
"ENTREZID","2585","ENTREZID","6675","directed","Process(indirect)"
"ENTREZID","2585","ENTREZID","91373","directed","Process(indirect)"
"ENTREZID","2592","ENTREZID","2582","directed","Process(indirect)"
"ENTREZID","2645","ENTREZID","2821","directed","Process(indirect)"
"ENTREZID","2645","ENTREZID","5236","directed","Process(indirect)"
"ENTREZID","2645","ENTREZID","55276","directed","Process(indirect)"
"ENTREZID","2673","ENTREZID","64841","directed","Process(indirect)"
"ENTREZID","2762","ENTREZID","7264","directed","Process(indirect)"
"ENTREZID","2821","ENTREZID","2673","directed","Process(indirect)"
"ENTREZID","2821","ENTREZID","5236","directed","Process(indirect)"
"ENTREZID","2821","ENTREZID","55276","directed","Process(indirect)"
"ENTREZID","2821","ENTREZID","9945","directed","Process(indirect)"
"ENTREZID","29925","ENTREZID","2762","directed","Process(indirect)"
"ENTREZID","29926","ENTREZID","2762","directed","Process(indirect)"
"ENTREZID","3098","ENTREZID","2673","directed","Process(indirect)"
"ENTREZID","3098","ENTREZID","2821","directed","Process(indirect)"
"ENTREZID","3098","ENTREZID","4351","directed","Process(indirect)"
"ENTREZID","3098","ENTREZID","5236","directed","Process(indirect)"
"ENTREZID","3098","ENTREZID","5372","directed","Process(indirect)"
"ENTREZID","3098","ENTREZID","5373","directed","Process(indirect)"
"ENTREZID","3098","ENTREZID","54187","directed","Process(indirect)"
"ENTREZID","3098","ENTREZID","55276","directed","Process(indirect)"
"ENTREZID","3098","ENTREZID","64841","directed","Process(indirect)"
"ENTREZID","3098","ENTREZID","9945","directed","Process(indirect)"
"ENTREZID","3099","ENTREZID","2673","directed","Process(indirect)"
"ENTREZID","3099","ENTREZID","2821","directed","Process(indirect)"
"ENTREZID","3099","ENTREZID","4351","directed","Process(indirect)"
"ENTREZID","3099","ENTREZID","5236","directed","Process(indirect)"
"ENTREZID","3099","ENTREZID","5372","directed","Process(indirect)"
"ENTREZID","3099","ENTREZID","5373","directed","Process(indirect)"
"ENTREZID","3099","ENTREZID","54187","directed","Process(indirect)"
"ENTREZID","3099","ENTREZID","55276","directed","Process(indirect)"
"ENTREZID","3099","ENTREZID","64841","directed","Process(indirect)"
"ENTREZID","3099","ENTREZID","9945","directed","Process(indirect)"
"ENTREZID","3101","ENTREZID","2673","directed","Process(indirect)"
"ENTREZID","3101","ENTREZID","2821","directed","Process(indirect)"
"ENTREZID","3101","ENTREZID","4351","directed","Process(indirect)"
"ENTREZID","3101","ENTREZID","5236","directed","Process(indirect)"
"ENTREZID","3101","ENTREZID","5372","directed","Process(indirect)"
"ENTREZID","3101","ENTREZID","5373","directed","Process(indirect)"
"ENTREZID","3101","ENTREZID","54187","directed","Process(indirect)"
"ENTREZID","3101","ENTREZID","55276","directed","Process(indirect)"
"ENTREZID","3101","ENTREZID","64841","directed","Process(indirect)"
"ENTREZID","3101","ENTREZID","9945","directed","Process(indirect)"
"ENTREZID","4351","ENTREZID","2673","directed","Process(indirect)"
"ENTREZID","4351","ENTREZID","5372","directed","Process(indirect)"
"ENTREZID","4351","ENTREZID","5373","directed","Process(indirect)"
"ENTREZID","4351","ENTREZID","54187","directed","Process(indirect)"
"ENTREZID","4351","ENTREZID","9945","directed","Process(indirect)"
"ENTREZID","5236","ENTREZID","7360","directed","Process(indirect)"
"ENTREZID","5238","ENTREZID","6675","directed","Process(indirect)"
"ENTREZID","5238","ENTREZID","91373","directed","Process(indirect)"
"ENTREZID","5372","ENTREZID","29925","directed","Process(indirect)"
"ENTREZID","5372","ENTREZID","29926","directed","Process(indirect)"
"ENTREZID","5373","ENTREZID","29925","directed","Process(indirect)"
"ENTREZID","5373","ENTREZID","29926","directed","Process(indirect)"
"ENTREZID","54187","ENTREZID","140838","directed","Process(indirect)"
"ENTREZID","55276","ENTREZID","7360","directed","Process(indirect)"
"ENTREZID","55577","ENTREZID","5238","directed","Process(indirect)"
"ENTREZID","64841","ENTREZID","5238","directed","Process(indirect)"
"ENTREZID","6675","ENTREZID","10020","directed","Process(indirect)"
"ENTREZID","6675","ENTREZID","2582","directed","Process(indirect)"
"ENTREZID","7358","ENTREZID","80146","directed","Process(indirect)"
"ENTREZID","7360","ENTREZID","2582","directed","Process(indirect)"
"ENTREZID","7360","ENTREZID","7358","directed","Process(indirect)"
"ENTREZID","80201","ENTREZID","2673","directed","Process(indirect)"
"ENTREZID","80201","ENTREZID","2821","directed","Process(indirect)"
"ENTREZID","80201","ENTREZID","4351","directed","Process(indirect)"
"ENTREZID","80201","ENTREZID","5236","directed","Process(indirect)"
"ENTREZID","80201","ENTREZID","5372","directed","Process(indirect)"
"ENTREZID","80201","ENTREZID","5373","directed","Process(indirect)"
"ENTREZID","80201","ENTREZID","54187","directed","Process(indirect)"
"ENTREZID","80201","ENTREZID","55276","directed","Process(indirect)"
"ENTREZID","80201","ENTREZID","64841","directed","Process(indirect)"
"ENTREZID","80201","ENTREZID","9945","directed","Process(indirect)"
"ENTREZID","91373","ENTREZID","10020","directed","Process(indirect)"
"ENTREZID","91373","ENTREZID","2582","directed","Process(indirect)"
"ENTREZID","9945","ENTREZID","64841","directed","Process(indirect)"
